segment,model_seed,information,capacity,method,miss_rate,acceptance,mean_latency_ms,p95_latency_ms,p99_latency_ms,admitted_miss_rate,isolation,utilization,fragmentation,over_reservation,realized_reservation_ratio,under_reservation_share,p95_URLLC_ms,miss_URLLC,p95_eMBB_ms,miss_eMBB,p95_mMTC_ms,miss_mMTC
3,0,request_observed,1.0,Independent,36.25,98.125,3.2692969574643747,4.151954454642799,8.8,35.03184713375796,0.6603365384615383,22.45104265990414,0.8373754041840353,2.000000000000002,1.02,0.0,2.660837505570413,53.125,3.0810452050877135,1.875,4.340033179003697,53.75
3,0,request_observed,1.0,StaticReserve,67.29166666666667,71.66666666666667,6.215114712651255,14.96,14.96,54.360465116279066,1.0,29.08490868789405,0.7923275732062002,47.09642203638815,1.320410341480925,33.33333333333333,5.814791890770273,78.125,14.96,43.75,9.605750255655437,80.0
3,0,request_observed,1.0,JointHeuristic,57.70833333333333,75.0,5.34955213885287,14.96,14.96,43.611111111111114,0.5661057692307693,22.480441559864424,0.8344827800984195,2.7027580058099447,1.0217321144111728,0.0,5.720000000000001,85.0,14.96,27.500000000000004,8.8,60.62499999999999
3,0,request_observed,1.0,Persistence-JCSO,13.958333333333334,91.875,3.6357355898843036,8.8,14.96,6.349206349206349,0.8337740384615385,36.74516428602662,0.7202297986820808,73.69373210468402,1.672191938325015,0.0,5.720000000000001,15.625,14.96,8.75,8.8,17.5
3,0,request_observed,1.0,MovingAverage-JCSO,2.5,98.75,3.0034622395211423,4.587619537984095,5.846430300724435,1.2658227848101267,0.9042067307692309,35.58270393483214,0.7317271511379355,65.62898149600198,1.617433802172874,0.0,2.4346919658358592,2.5,5.168580019109673,1.25,3.5400407555335827,3.75
3,0,request_observed,1.0,QuantileMLP-JCSO,0.0,100.0,2.861100813086706,4.269418599869793,5.1424376943918055,0.0,1.0,42.792038941745915,0.6807816680028381,101.28669577179383,1.945928301174648,0.0,2.434615384615385,0.0,4.910854393311264,0.0,3.422033898305085,0.0
3,0,request_observed,1.0,GAN-JCSO,1.25,99.375,2.9441091958178074,4.425439340700447,5.623092801756579,0.628930817610063,0.994951923076923,43.36138338198944,0.6701214229014125,106.04612481792832,1.9709176870887997,0.0,2.4346153846153853,1.25,5.01972385663205,0.625,3.422036977808262,1.875
3,0,request_observed,1.0,Diffusion-JCSO,0.0,100.0,2.865361018143353,4.258295672976607,5.136009996166456,0.0,1.0,42.61716250947304,0.6783524856281472,100.68936504314696,1.9386706095126558,0.0,2.434615384615385,0.0,4.911686847770836,0.0,3.422033898305085,0.0
3,0,request_observed,0.82,Independent,36.45833333333333,98.125,3.3253215370601037,4.152769406176318,8.8,35.24416135881104,0.7252403846153845,27.294752347944822,0.8015616978803628,2.000000000000002,1.0170523900013415,0.0,2.658187799688061,44.375,3.789156853799058,1.875,4.340033179003697,63.125
3,0,request_observed,0.82,StaticReserve,67.29166666666667,71.66666666666667,6.215114712651255,14.96,14.96,54.360465116279066,1.0,35.46940083889517,0.7467409429343906,47.09642203638815,1.320410341480925,33.33333333333333,5.814791890770273,78.125,14.96,43.75,9.605750255655437,80.0
3,0,request_observed,0.82,JointHeuristic,54.37499999999999,77.5,5.431583793372058,14.96,14.96,41.12903225806452,0.6413461538461539,27.12133509974412,0.7973498355710589,3.2204263016851553,1.011551603868474,0.0,5.720000000000001,78.75,14.96,42.5,8.8,41.875
3,0,request_observed,0.82,Persistence-JCSO,13.541666666666666,91.875,3.97049012963226,14.96,14.96,5.895691609977324,0.8901442307692309,43.30953248592172,0.663539520972452,75.5754731083928,1.6185981821092763,0.0,2.7577964111086852,6.875000000000001,14.96,25.624999999999996,5.014807536220199,8.125
3,0,request_observed,0.82,MovingAverage-JCSO,8.541666666666666,95.41666666666667,3.6845803008128732,9.030272096092324,14.96,4.148471615720524,0.9502403846153846,42.58663058473326,0.6728986352279005,67.89215922910888,1.5897161849209138,0.0,2.43461547245825,0.625,14.96,22.5,3.422033898305085,2.5
3,0,request_observed,0.82,QuantileMLP-JCSO,7.916666666666666,95.83333333333334,3.6105705707825626,9.016700480309877,14.96,3.91304347826087,1.0,50.03918077052531,0.6063755705407443,104.13552542896127,1.8718523914773848,0.0,2.434615384615385,0.0,14.96,23.75,3.422033898305085,0.0
3,0,request_observed,0.82,GAN-JCSO,7.916666666666666,95.83333333333334,3.6336815954376176,9.016700480309877,14.96,3.91304347826087,1.0,50.64324828327316,0.5942024793129059,108.88352487583226,1.893606174474566,0.0,2.434615384615385,0.0,14.96,23.75,3.422033898305085,0.0
3,0,request_observed,0.82,Diffusion-JCSO,7.916666666666666,95.83333333333334,3.6144744706481484,9.016700480309877,14.96,3.91304347826087,1.0,49.885642054028935,0.6036995437572621,103.55782916660122,1.8666072047010558,0.0,2.434615384615385,0.0,14.96,23.75,3.422033898305085,0.0
3,0,proactive,1.0,Independent,91.25,53.125,7.863813015315971,14.96,14.96,83.52941176470588,0.6646634615384615,22.409452907278347,0.8376201921214678,35.59577820614142,1.0180183019715798,51.041666666666664,6.260703271952299,100.0,14.96,76.25,8.8,97.5
3,0,proactive,1.0,StaticReserve,67.29166666666667,71.66666666666667,6.215114712651255,14.96,14.96,54.360465116279066,1.0,29.08490868789405,0.7923275732062002,47.09642203638815,1.320410341480925,33.33333333333333,5.814791890770273,78.125,14.96,43.75,9.605750255655437,80.0
3,0,proactive,1.0,JointHeuristic,94.58333333333333,46.25,8.298237835987155,14.96,14.96,88.28828828828829,0.5926682692307692,24.177217407264543,0.8196963375170261,43.08224767807477,1.099257390214415,48.333333333333336,6.474210291542783,100.0,14.96,87.5,9.158327718256265,96.25
3,0,proactive,1.0,Persistence-JCSO,83.95833333333333,56.666666666666664,7.234947251858778,14.96,14.96,71.69117647058823,0.6533653846153846,29.462281120657313,0.7747370134974155,64.66672337808112,1.340486131663032,39.791666666666664,5.720000000000001,95.0,14.96,63.125,8.806822904766186,93.75
3,0,proactive,1.0,MovingAverage-JCSO,51.87500000000001,79.58333333333333,5.130187034411434,14.96,14.96,39.52879581151832,0.8693509615384615,35.20494145011529,0.7317821823838565,76.47130613770811,1.6009433525154342,24.791666666666668,5.720000000000001,64.375,14.96,25.624999999999996,8.8,65.625
3,0,proactive,1.0,QuantileMLP-JCSO,18.125,95.41666666666667,3.4967859788322264,5.720000000000001,8.8,14.192139737991265,1.0,42.33459031719077,0.6859191490201639,100.93662287246885,1.925037090303612,14.166666666666666,4.112595941392946,25.0,5.717281254995594,2.5,8.8,26.875
3,0,proactive,1.0,GAN-JCSO,16.25,96.25,3.387562923123924,5.58130135225206,8.8,12.987012987012985,0.9962740384615385,42.87745957347015,0.6757014591192747,105.35123847890654,1.9483456324227562,12.083333333333334,5.720000000000001,19.375,5.21606707996594,0.0,8.8,29.375
3,0,proactive,1.0,Diffusion-JCSO,20.625,94.375,3.544412409344116,5.720000000000001,8.8,15.894039735099339,1.0,42.002354918622835,0.6845892531985188,99.88786534935478,1.9105806734453814,14.583333333333334,5.720000000000001,36.25,5.543008487397,2.5,8.8,23.125
3,0,proactive,0.82,Independent,91.66666666666666,53.125,7.879078057552186,14.96,14.96,84.31372549019608,0.7295673076923077,27.24403313742556,0.8018602197552808,35.59577820614142,1.0150706919729215,51.041666666666664,6.260703271952299,100.0,14.96,76.25,8.8,98.75
3,0,proactive,0.82,StaticReserve,67.29166666666667,71.66666666666667,6.215114712651255,14.96,14.96,54.360465116279066,1.0,35.46940083889517,0.7467409429343906,47.09642203638815,1.320410341480925,33.33333333333333,5.814791890770273,78.125,14.96,43.75,9.605750255655437,80.0
3,0,proactive,0.82,JointHeuristic,96.45833333333333,47.291666666666664,8.302016963880323,14.96,14.96,92.51101321585902,0.6426682692307694,28.91197924610685,0.781768358783504,43.03811756101738,1.0790387473191045,48.333333333333336,6.008531603630203,100.0,14.96,92.5,8.836206091367504,96.875
3,0,proactive,0.82,Persistence-JCSO,85.20833333333333,57.08333333333333,7.313725950058891,14.96,14.96,74.08759124087592,0.6953125,34.501104085856724,0.730555306779222,65.05642911992102,1.2876847816490138,39.791666666666664,5.720000000000001,93.75,14.96,69.375,8.8,92.5
3,0,proactive,0.82,MovingAverage-JCSO,54.79166666666667,78.54166666666667,5.39103963298199,14.96,14.96,42.44031830238727,0.919110576923077,41.65556208981563,0.6786776495807236,77.58969554083858,1.5546999518366227,25.208333333333332,5.720000000000001,63.125,14.96,36.25,8.8,65.0
3,0,proactive,0.82,QuantileMLP-JCSO,25.624999999999996,91.66666666666666,4.150082234852621,9.016701048474197,14.96,18.863636363636363,1.0,49.276183440078924,0.6159114423791884,103.474095175089,1.8425534489858115,13.541666666666666,4.112595941392946,25.0,14.96,23.75,8.8,28.125
3,0,proactive,0.82,GAN-JCSO,24.166666666666668,92.08333333333333,4.115285887900292,9.016700480457741,14.96,17.647058823529413,1.0,49.95518232562928,0.6032718385225664,108.13839656265849,1.8670120467390756,11.875,5.720000000000001,18.75,14.96,23.75,8.8,30.0
3,0,proactive,0.82,Diffusion-JCSO,28.541666666666664,90.20833333333333,4.25666312992186,10.200598382115595,14.96,20.785219399538107,1.0,49.006072452346864,0.614130476659614,102.55750884494111,1.8329604597683997,14.374999999999998,5.720000000000001,36.25,14.96,26.25,8.8,23.125
3,1,request_observed,1.0,Independent,36.25,98.125,3.2692969574643747,4.151954454642799,8.8,35.03184713375796,0.6603365384615383,22.45104265990414,0.8373754041840353,2.000000000000002,1.02,0.0,2.660837505570413,53.125,3.0810452050877135,1.875,4.340033179003697,53.75
3,1,request_observed,1.0,StaticReserve,67.29166666666667,71.66666666666667,6.215114712651255,14.96,14.96,54.360465116279066,1.0,29.08490868789405,0.7923275732062002,47.09642203638815,1.320410341480925,33.33333333333333,5.814791890770273,78.125,14.96,43.75,9.605750255655437,80.0
3,1,request_observed,1.0,JointHeuristic,57.70833333333333,75.0,5.34955213885287,14.96,14.96,43.611111111111114,0.5661057692307693,22.480441559864424,0.8344827800984195,2.7027580058099447,1.0217321144111728,0.0,5.720000000000001,85.0,14.96,27.500000000000004,8.8,60.62499999999999
3,1,request_observed,1.0,Persistence-JCSO,13.958333333333334,91.875,3.6357355898843036,8.8,14.96,6.349206349206349,0.8337740384615385,36.74516428602662,0.7202297986820808,73.69373210468402,1.672191938325015,0.0,5.720000000000001,15.625,14.96,8.75,8.8,17.5
3,1,request_observed,1.0,MovingAverage-JCSO,2.5,98.75,3.0034622395211423,4.587619537984095,5.846430300724435,1.2658227848101267,0.9042067307692309,35.58270393483214,0.7317271511379355,65.62898149600198,1.617433802172874,0.0,2.4346919658358592,2.5,5.168580019109673,1.25,3.5400407555335827,3.75
3,1,request_observed,1.0,QuantileMLP-JCSO,0.0,100.0,2.8617731024469446,4.289048163523324,5.147666309180131,0.0,1.0,42.92288433415753,0.6788583989403326,101.72000892487742,1.951886630258889,0.0,2.434615384615385,0.0,4.912636477132843,0.0,3.422033898305085,0.0
3,1,request_observed,1.0,GAN-JCSO,0.0,100.0,2.855345972588294,4.253433740050129,5.143014572534436,0.0,0.9962740384615385,42.40321126151246,0.6851329246061331,100.10331822177857,1.9297339517283494,0.0,2.434615384615385,0.0,4.910829101691673,0.0,3.422033898305085,0.0
3,1,request_observed,1.0,Diffusion-JCSO,0.0,100.0,2.880473573286547,4.258295672976607,5.149062237328807,0.0,1.0,42.26187623128358,0.6813712797755622,99.4470731715751,1.9214132278110476,0.0,2.434615384615385,0.0,4.910350370449887,0.0,3.422033898305085,0.0
3,1,request_observed,0.82,Independent,36.45833333333333,98.125,3.3253215370601037,4.152769406176318,8.8,35.24416135881104,0.7252403846153845,27.294752347944822,0.8015616978803628,2.000000000000002,1.0170523900013415,0.0,2.658187799688061,44.375,3.789156853799058,1.875,4.340033179003697,63.125
3,1,request_observed,0.82,StaticReserve,67.29166666666667,71.66666666666667,6.215114712651255,14.96,14.96,54.360465116279066,1.0,35.46940083889517,0.7467409429343906,47.09642203638815,1.320410341480925,33.33333333333333,5.814791890770273,78.125,14.96,43.75,9.605750255655437,80.0
3,1,request_observed,0.82,JointHeuristic,54.37499999999999,77.5,5.431583793372058,14.96,14.96,41.12903225806452,0.6413461538461539,27.12133509974412,0.7973498355710589,3.2204263016851553,1.011551603868474,0.0,5.720000000000001,78.75,14.96,42.5,8.8,41.875
3,1,request_observed,0.82,Persistence-JCSO,13.541666666666666,91.875,3.97049012963226,14.96,14.96,5.895691609977324,0.8901442307692309,43.30953248592172,0.663539520972452,75.5754731083928,1.6185981821092763,0.0,2.7577964111086852,6.875000000000001,14.96,25.624999999999996,5.014807536220199,8.125
3,1,request_observed,0.82,MovingAverage-JCSO,8.541666666666666,95.41666666666667,3.6845803008128732,9.030272096092324,14.96,4.148471615720524,0.9502403846153846,42.58663058473326,0.6728986352279005,67.89215922910888,1.5897161849209138,0.0,2.43461547245825,0.625,14.96,22.5,3.422033898305085,2.5
3,1,request_observed,0.82,QuantileMLP-JCSO,7.916666666666666,95.83333333333334,3.6116211722073057,9.017373733532594,14.96,3.91304347826087,1.0,50.28039846499139,0.6041654565685957,104.49378676038043,1.8806142682769276,0.0,2.434615384615385,0.0,14.96,23.75,3.422033898305085,0.0
3,1,request_observed,0.82,GAN-JCSO,7.916666666666666,95.83333333333334,3.6060322951931556,9.018932292449488,14.96,3.91304347826087,1.0,49.6417854394786,0.6122232750406669,102.95235690327122,1.8581659577842689,0.0,2.434615384615385,0.0,14.96,23.75,3.422033898305085,0.0
3,1,request_observed,0.82,Diffusion-JCSO,7.916666666666666,95.83333333333334,3.629792491721697,9.016701756254658,14.96,3.91304347826087,1.0,49.49428287498023,0.607102991452382,102.35280224430461,1.8509381432304033,0.0,2.434615384615385,0.0,14.96,23.75,3.422033898305085,0.0
3,1,proactive,1.0,Independent,91.25,53.125,7.863813015315971,14.96,14.96,83.52941176470588,0.6646634615384615,22.409452907278347,0.8376201921214678,35.59577820614142,1.0180183019715798,51.041666666666664,6.260703271952299,100.0,14.96,76.25,8.8,97.5
3,1,proactive,1.0,StaticReserve,67.29166666666667,71.66666666666667,6.215114712651255,14.96,14.96,54.360465116279066,1.0,29.08490868789405,0.7923275732062002,47.09642203638815,1.320410341480925,33.33333333333333,5.814791890770273,78.125,14.96,43.75,9.605750255655437,80.0
3,1,proactive,1.0,JointHeuristic,94.58333333333333,46.25,8.298237835987155,14.96,14.96,88.28828828828829,0.5926682692307692,24.177217407264543,0.8196963375170261,43.08224767807477,1.099257390214415,48.333333333333336,6.474210291542783,100.0,14.96,87.5,9.158327718256265,96.25
3,1,proactive,1.0,Persistence-JCSO,83.95833333333333,56.666666666666664,7.234947251858778,14.96,14.96,71.69117647058823,0.6533653846153846,29.462281120657313,0.7747370134974155,64.66672337808112,1.340486131663032,39.791666666666664,5.720000000000001,95.0,14.96,63.125,8.806822904766186,93.75
3,1,proactive,1.0,MovingAverage-JCSO,51.87500000000001,79.58333333333333,5.130187034411434,14.96,14.96,39.52879581151832,0.8693509615384615,35.20494145011529,0.7317821823838565,76.47130613770811,1.6009433525154342,24.791666666666668,5.720000000000001,64.375,14.96,25.624999999999996,8.8,65.625
3,1,proactive,1.0,QuantileMLP-JCSO,18.333333333333332,94.58333333333333,3.556973200714702,5.7261505114041675,8.8,13.656387665198238,1.0,42.585279439332645,0.6825664897670516,102.3901231948139,1.9365288418482784,13.333333333333334,5.720000000000001,26.25,5.853119236617333,2.5,8.8,26.25
3,1,proactive,1.0,GAN-JCSO,24.375,92.70833333333334,3.735473647919242,8.8,8.8,18.426966292134832,0.9962740384615385,42.111539892340296,0.6873056661424525,101.27657086638038,1.9164260845258942,15.416666666666668,5.720000000000001,31.874999999999996,5.523725223457889,2.5,8.8,38.75
3,1,proactive,1.0,Diffusion-JCSO,23.333333333333332,93.54166666666667,3.6387160241328607,5.836683259045358,8.8,18.040089086859687,0.9962740384615385,41.54564303137748,0.6888122018872965,98.58055968207641,1.8886815167315296,14.791666666666666,5.720000000000001,36.25,5.817070015159345,1.875,8.8,31.874999999999996
3,1,proactive,0.82,Independent,91.66666666666666,53.125,7.879078057552186,14.96,14.96,84.31372549019608,0.7295673076923077,27.24403313742556,0.8018602197552808,35.59577820614142,1.0150706919729215,51.041666666666664,6.260703271952299,100.0,14.96,76.25,8.8,98.75
3,1,proactive,0.82,StaticReserve,67.29166666666667,71.66666666666667,6.215114712651255,14.96,14.96,54.360465116279066,1.0,35.46940083889517,0.7467409429343906,47.09642203638815,1.320410341480925,33.33333333333333,5.814791890770273,78.125,14.96,43.75,9.605750255655437,80.0
3,1,proactive,0.82,JointHeuristic,96.45833333333333,47.291666666666664,8.302016963880323,14.96,14.96,92.51101321585902,0.6426682692307694,28.91197924610685,0.781768358783504,43.03811756101738,1.0790387473191045,48.333333333333336,6.008531603630203,100.0,14.96,92.5,8.836206091367504,96.875
3,1,proactive,0.82,Persistence-JCSO,85.20833333333333,57.08333333333333,7.313725950058891,14.96,14.96,74.08759124087592,0.6953125,34.501104085856724,0.730555306779222,65.05642911992102,1.2876847816490138,39.791666666666664,5.720000000000001,93.75,14.96,69.375,8.8,92.5
3,1,proactive,0.82,MovingAverage-JCSO,54.79166666666667,78.54166666666667,5.39103963298199,14.96,14.96,42.44031830238727,0.919110576923077,41.65556208981563,0.6786776495807236,77.58969554083858,1.5546999518366227,25.208333333333332,5.720000000000001,63.125,14.96,36.25,8.8,65.0
3,1,proactive,0.82,QuantileMLP-JCSO,25.624999999999996,90.83333333333333,4.208436482033764,10.027499471477887,14.96,18.11926605504587,1.0,49.66905955016207,0.6118257963268465,104.86995936908127,1.8571676337154508,12.5,5.720000000000001,25.624999999999996,14.96,25.0,8.8,26.25
3,1,proactive,0.82,GAN-JCSO,32.29166666666667,88.75,4.403201586341035,10.024847000583339,14.96,23.708920187793428,1.0,49.05503827837757,0.6181911512592217,103.70844320145912,1.835308767180935,15.0,5.720000000000001,31.874999999999996,14.96,25.624999999999996,8.8,39.375
3,1,proactive,0.82,Diffusion-JCSO,30.625000000000004,89.79166666666667,4.293285094653017,9.01670051444351,14.96,22.73781902552204,1.0,48.48084857819351,0.6196873074080114,101.11474558330966,1.8121760168471701,14.374999999999998,5.720000000000001,36.25,14.96,23.75,8.8,31.874999999999996
3,2,request_observed,1.0,Independent,36.25,98.125,3.2692969574643747,4.151954454642799,8.8,35.03184713375796,0.6603365384615383,22.45104265990414,0.8373754041840353,2.000000000000002,1.02,0.0,2.660837505570413,53.125,3.0810452050877135,1.875,4.340033179003697,53.75
3,2,request_observed,1.0,StaticReserve,67.29166666666667,71.66666666666667,6.215114712651255,14.96,14.96,54.360465116279066,1.0,29.08490868789405,0.7923275732062002,47.09642203638815,1.320410341480925,33.33333333333333,5.814791890770273,78.125,14.96,43.75,9.605750255655437,80.0
3,2,request_observed,1.0,JointHeuristic,57.70833333333333,75.0,5.34955213885287,14.96,14.96,43.611111111111114,0.5661057692307693,22.480441559864424,0.8344827800984195,2.7027580058099447,1.0217321144111728,0.0,5.720000000000001,85.0,14.96,27.500000000000004,8.8,60.62499999999999
3,2,request_observed,1.0,Persistence-JCSO,13.958333333333334,91.875,3.6357355898843036,8.8,14.96,6.349206349206349,0.8337740384615385,36.74516428602662,0.7202297986820808,73.69373210468402,1.672191938325015,0.0,5.720000000000001,15.625,14.96,8.75,8.8,17.5
3,2,request_observed,1.0,MovingAverage-JCSO,2.5,98.75,3.0034622395211423,4.587619537984095,5.846430300724435,1.2658227848101267,0.9042067307692309,35.58270393483214,0.7317271511379355,65.62898149600198,1.617433802172874,0.0,2.4346919658358592,2.5,5.168580019109673,1.25,3.5400407555335827,3.75
3,2,request_observed,1.0,QuantileMLP-JCSO,0.0,100.0,2.8661225860187747,4.258295672976607,5.151689440204373,0.0,1.0,42.53638704017404,0.6800261112824371,99.81418161988977,1.934559207730153,0.0,2.434615384615385,0.0,4.910688775690578,0.0,3.422033898305085,0.0
3,2,request_observed,1.0,GAN-JCSO,15.416666666666668,89.375,3.8894773641748466,8.8,14.96,5.361305361305361,0.8322115384615385,33.98823029004184,0.7482593972763233,57.75550234924638,1.5396562532886702,0.0,5.720000000000001,15.625,14.96,10.625,8.8,20.0
3,2,request_observed,1.0,Diffusion-JCSO,0.0,100.0,2.8643551644810192,4.289048163523324,5.136695029449698,0.0,0.9962740384615385,42.42384411107967,0.6813379498718537,99.71262464939753,1.9297329374857275,0.0,2.434615384615385,0.0,4.909935826799901,0.0,3.422033898305085,0.0
3,2,request_observed,0.82,Independent,36.45833333333333,98.125,3.3253215370601037,4.152769406176318,8.8,35.24416135881104,0.7252403846153845,27.294752347944822,0.8015616978803628,2.000000000000002,1.0170523900013415,0.0,2.658187799688061,44.375,3.789156853799058,1.875,4.340033179003697,63.125
3,2,request_observed,0.82,StaticReserve,67.29166666666667,71.66666666666667,6.215114712651255,14.96,14.96,54.360465116279066,1.0,35.46940083889517,0.7467409429343906,47.09642203638815,1.320410341480925,33.33333333333333,5.814791890770273,78.125,14.96,43.75,9.605750255655437,80.0
3,2,request_observed,0.82,JointHeuristic,54.37499999999999,77.5,5.431583793372058,14.96,14.96,41.12903225806452,0.6413461538461539,27.12133509974412,0.7973498355710589,3.2204263016851553,1.011551603868474,0.0,5.720000000000001,78.75,14.96,42.5,8.8,41.875
3,2,request_observed,0.82,Persistence-JCSO,13.541666666666666,91.875,3.97049012963226,14.96,14.96,5.895691609977324,0.8901442307692309,43.30953248592172,0.663539520972452,75.5754731083928,1.6185981821092763,0.0,2.7577964111086852,6.875000000000001,14.96,25.624999999999996,5.014807536220199,8.125
3,2,request_observed,0.82,MovingAverage-JCSO,8.541666666666666,95.41666666666667,3.6845803008128732,9.030272096092324,14.96,4.148471615720524,0.9502403846153846,42.58663058473326,0.6728986352279005,67.89215922910888,1.5897161849209138,0.0,2.43461547245825,0.625,14.96,22.5,3.422033898305085,2.5
3,2,request_observed,0.82,QuantileMLP-JCSO,7.916666666666666,95.83333333333334,3.6146536570170054,9.017082609612528,14.96,3.91304347826087,1.0,49.75947391089811,0.605636263082019,102.6379782744648,1.8615876238965272,0.0,2.434615384615385,0.0,14.96,23.75,3.422033898305085,0.0
3,2,request_observed,0.82,GAN-JCSO,7.5,96.25,3.638179020606722,7.555353077909682,14.96,3.896103896103896,0.9441105769230769,40.264099541091326,0.6951851317188683,58.45768731300819,1.4977200860418822,0.0,2.434615384615385,0.0,14.96,22.5,3.422033898305085,0.0
3,2,request_observed,0.82,Diffusion-JCSO,7.916666666666666,95.83333333333334,3.615518317014883,9.016700480309877,14.96,3.91304347826087,1.0,49.76444665867979,0.6076794381929762,102.57585644280408,1.8617481164636773,0.0,2.434615384615385,0.0,14.96,23.75,3.422033898305085,0.0
3,2,proactive,1.0,Independent,91.25,53.125,7.863813015315971,14.96,14.96,83.52941176470588,0.6646634615384615,22.409452907278347,0.8376201921214678,35.59577820614142,1.0180183019715798,51.041666666666664,6.260703271952299,100.0,14.96,76.25,8.8,97.5
3,2,proactive,1.0,StaticReserve,67.29166666666667,71.66666666666667,6.215114712651255,14.96,14.96,54.360465116279066,1.0,29.08490868789405,0.7923275732062002,47.09642203638815,1.320410341480925,33.33333333333333,5.814791890770273,78.125,14.96,43.75,9.605750255655437,80.0
3,2,proactive,1.0,JointHeuristic,94.58333333333333,46.25,8.298237835987155,14.96,14.96,88.28828828828829,0.5926682692307692,24.177217407264543,0.8196963375170261,43.08224767807477,1.099257390214415,48.333333333333336,6.474210291542783,100.0,14.96,87.5,9.158327718256265,96.25
3,2,proactive,1.0,Persistence-JCSO,83.95833333333333,56.666666666666664,7.234947251858778,14.96,14.96,71.69117647058823,0.6533653846153846,29.462281120657313,0.7747370134974155,64.66672337808112,1.340486131663032,39.791666666666664,5.720000000000001,95.0,14.96,63.125,8.806822904766186,93.75
3,2,proactive,1.0,MovingAverage-JCSO,51.87500000000001,79.58333333333333,5.130187034411434,14.96,14.96,39.52879581151832,0.8693509615384615,35.20494145011529,0.7317821823838565,76.47130613770811,1.6009433525154342,24.791666666666668,5.720000000000001,64.375,14.96,25.624999999999996,8.8,65.625
3,2,proactive,1.0,QuantileMLP-JCSO,20.208333333333332,94.375,3.553642007788456,5.766044658623134,8.8,15.45253863134658,0.9962740384615385,42.09431899915443,0.6847234017518093,100.30854149020077,1.9145221244809034,15.0,5.720000000000001,30.0,5.5649658249733855,1.25,8.8,29.375
3,2,proactive,1.0,GAN-JCSO,71.04166666666667,64.79166666666667,6.491936794775946,14.96,14.96,55.30546623794213,0.762860576923077,34.6789139018637,0.7420467273667889,75.92002686442089,1.5721723692086131,27.708333333333336,5.720000000000001,78.75,14.96,43.125,9.093409612171037,91.25
3,2,proactive,1.0,Diffusion-JCSO,20.833333333333336,93.75,3.6496835524187476,6.410897612952945,10.093599999999874,15.555555555555555,0.9962740384615385,41.94902237476452,0.6867034481991678,99.78016803234306,1.9080503079897635,13.541666666666666,5.720000000000001,29.375,6.733784308216005,5.0,8.8,28.125
3,2,proactive,0.82,Independent,91.66666666666666,53.125,7.879078057552186,14.96,14.96,84.31372549019608,0.7295673076923077,27.24403313742556,0.8018602197552808,35.59577820614142,1.0150706919729215,51.041666666666664,6.260703271952299,100.0,14.96,76.25,8.8,98.75
3,2,proactive,0.82,StaticReserve,67.29166666666667,71.66666666666667,6.215114712651255,14.96,14.96,54.360465116279066,1.0,35.46940083889517,0.7467409429343906,47.09642203638815,1.320410341480925,33.33333333333333,5.814791890770273,78.125,14.96,43.75,9.605750255655437,80.0
3,2,proactive,0.82,JointHeuristic,96.45833333333333,47.291666666666664,8.302016963880323,14.96,14.96,92.51101321585902,0.6426682692307694,28.91197924610685,0.781768358783504,43.03811756101738,1.0790387473191045,48.333333333333336,6.008531603630203,100.0,14.96,92.5,8.836206091367504,96.875
3,2,proactive,0.82,Persistence-JCSO,85.20833333333333,57.08333333333333,7.313725950058891,14.96,14.96,74.08759124087592,0.6953125,34.501104085856724,0.730555306779222,65.05642911992102,1.2876847816490138,39.791666666666664,5.720000000000001,93.75,14.96,69.375,8.8,92.5
3,2,proactive,0.82,MovingAverage-JCSO,54.79166666666667,78.54166666666667,5.39103963298199,14.96,14.96,42.44031830238727,0.919110576923077,41.65556208981563,0.6786776495807236,77.58969554083858,1.5546999518366227,25.208333333333332,5.720000000000001,63.125,14.96,36.25,8.8,65.0
3,2,proactive,0.82,QuantileMLP-JCSO,28.125,90.41666666666667,4.2288219166167895,9.767002882595056,14.96,20.506912442396313,1.0,49.03684234689006,0.6148291898872327,102.7642505313688,1.8338376791555737,14.583333333333334,5.720000000000001,30.0,14.96,24.375,8.8,30.0
3,2,proactive,0.82,GAN-JCSO,63.33333333333333,74.58333333333333,5.743228015311709,14.96,14.96,50.83798882681564,0.9228365384615383,40.51567433628105,0.6934134601776458,74.55803833144718,1.5072946176615118,28.333333333333332,5.720000000000001,63.74999999999999,14.96,40.0,8.8,86.25
3,2,proactive,0.82,Diffusion-JCSO,28.125,90.20833333333333,4.266297482368345,10.27001523813334,14.96,20.323325635103924,1.0,49.03693252309405,0.6173998691150931,102.14575972928495,1.833668940687858,13.125,5.720000000000001,29.375,14.96,26.25,8.8,28.749999999999996
3,3,request_observed,1.0,Independent,36.25,98.125,3.2692969574643747,4.151954454642799,8.8,35.03184713375796,0.6603365384615383,22.45104265990414,0.8373754041840353,2.000000000000002,1.02,0.0,2.660837505570413,53.125,3.0810452050877135,1.875,4.340033179003697,53.75
3,3,request_observed,1.0,StaticReserve,67.29166666666667,71.66666666666667,6.215114712651255,14.96,14.96,54.360465116279066,1.0,29.08490868789405,0.7923275732062002,47.09642203638815,1.320410341480925,33.33333333333333,5.814791890770273,78.125,14.96,43.75,9.605750255655437,80.0
3,3,request_observed,1.0,JointHeuristic,57.70833333333333,75.0,5.34955213885287,14.96,14.96,43.611111111111114,0.5661057692307693,22.480441559864424,0.8344827800984195,2.7027580058099447,1.0217321144111728,0.0,5.720000000000001,85.0,14.96,27.500000000000004,8.8,60.62499999999999
3,3,request_observed,1.0,Persistence-JCSO,13.958333333333334,91.875,3.6357355898843036,8.8,14.96,6.349206349206349,0.8337740384615385,36.74516428602662,0.7202297986820808,73.69373210468402,1.672191938325015,0.0,5.720000000000001,15.625,14.96,8.75,8.8,17.5
3,3,request_observed,1.0,MovingAverage-JCSO,2.5,98.75,3.0034622395211423,4.587619537984095,5.846430300724435,1.2658227848101267,0.9042067307692309,35.58270393483214,0.7317271511379355,65.62898149600198,1.617433802172874,0.0,2.4346919658358592,2.5,5.168580019109673,1.25,3.5400407555335827,3.75
3,3,request_observed,1.0,QuantileMLP-JCSO,0.0,100.0,2.878779528610912,4.289048163523324,5.137209258802857,0.0,1.0,43.213910694592585,0.6727989492695967,104.32572438636119,1.965130724271476,0.0,2.434615384615385,0.0,4.91121637358103,0.0,3.422033898305085,0.0
3,3,request_observed,1.0,GAN-JCSO,0.0,100.0,2.8628176636775344,4.257913248397332,5.135189394421179,0.0,1.0,41.97056207048597,0.6857976372933312,97.26121547614396,1.911405255645058,0.0,2.434615384615385,0.0,4.936574782304491,0.0,3.422033898305085,0.0
3,3,request_observed,1.0,Diffusion-JCSO,0.0,100.0,2.8663205960930616,4.253433740050129,5.14783219091069,0.0,0.9962740384615385,42.67535530650094,0.6781279304215551,101.16156197023014,1.9405898085737934,0.0,2.434615384615385,0.0,4.922925990773946,0.0,3.422033898305085,0.0
3,3,request_observed,0.82,Independent,36.45833333333333,98.125,3.3253215370601037,4.152769406176318,8.8,35.24416135881104,0.7252403846153845,27.294752347944822,0.8015616978803628,2.000000000000002,1.0170523900013415,0.0,2.658187799688061,44.375,3.789156853799058,1.875,4.340033179003697,63.125
3,3,request_observed,0.82,StaticReserve,67.29166666666667,71.66666666666667,6.215114712651255,14.96,14.96,54.360465116279066,1.0,35.46940083889517,0.7467409429343906,47.09642203638815,1.320410341480925,33.33333333333333,5.814791890770273,78.125,14.96,43.75,9.605750255655437,80.0
3,3,request_observed,0.82,JointHeuristic,54.37499999999999,77.5,5.431583793372058,14.96,14.96,41.12903225806452,0.6413461538461539,27.12133509974412,0.7973498355710589,3.2204263016851553,1.011551603868474,0.0,5.720000000000001,78.75,14.96,42.5,8.8,41.875
3,3,request_observed,0.82,Persistence-JCSO,13.541666666666666,91.875,3.97049012963226,14.96,14.96,5.895691609977324,0.8901442307692309,43.30953248592172,0.663539520972452,75.5754731083928,1.6185981821092763,0.0,2.7577964111086852,6.875000000000001,14.96,25.624999999999996,5.014807536220199,8.125
3,3,request_observed,0.82,MovingAverage-JCSO,8.541666666666666,95.41666666666667,3.6845803008128732,9.030272096092324,14.96,4.148471615720524,0.9502403846153846,42.58663058473326,0.6728986352279005,67.89215922910888,1.5897161849209138,0.0,2.43461547245825,0.625,14.96,22.5,3.422033898305085,2.5
3,3,request_observed,0.82,QuantileMLP-JCSO,7.916666666666666,95.83333333333334,3.6281817182242757,9.016700480309877,14.96,3.91304347826087,1.0,50.53766794923538,0.596848690499097,107.20195294382471,1.8905496925499847,0.0,2.434615384615385,0.0,14.96,23.75,3.422033898305085,0.0
3,3,request_observed,0.82,GAN-JCSO,7.916666666666666,95.83333333333334,3.611034321615664,9.016700480309877,14.96,3.91304347826087,1.0,49.24408030643988,0.6130840707567133,100.0756328988997,1.8443958039249189,0.0,2.434615384615385,0.0,14.96,23.75,3.422033898305085,0.0
3,3,request_observed,0.82,Diffusion-JCSO,7.916666666666666,95.83333333333334,3.6114814037344916,9.01670048030987,14.96,3.91304347826087,0.9962740384615385,49.85570689159663,0.6038282400019302,104.02851139021527,1.8649796596148402,0.0,2.434615384615385,0.0,14.96,23.75,3.422033898305085,0.0
3,3,proactive,1.0,Independent,91.25,53.125,7.863813015315971,14.96,14.96,83.52941176470588,0.6646634615384615,22.409452907278347,0.8376201921214678,35.59577820614142,1.0180183019715798,51.041666666666664,6.260703271952299,100.0,14.96,76.25,8.8,97.5
3,3,proactive,1.0,StaticReserve,67.29166666666667,71.66666666666667,6.215114712651255,14.96,14.96,54.360465116279066,1.0,29.08490868789405,0.7923275732062002,47.09642203638815,1.320410341480925,33.33333333333333,5.814791890770273,78.125,14.96,43.75,9.605750255655437,80.0
3,3,proactive,1.0,JointHeuristic,94.58333333333333,46.25,8.298237835987155,14.96,14.96,88.28828828828829,0.5926682692307692,24.177217407264543,0.8196963375170261,43.08224767807477,1.099257390214415,48.333333333333336,6.474210291542783,100.0,14.96,87.5,9.158327718256265,96.25
3,3,proactive,1.0,Persistence-JCSO,83.95833333333333,56.666666666666664,7.234947251858778,14.96,14.96,71.69117647058823,0.6533653846153846,29.462281120657313,0.7747370134974155,64.66672337808112,1.340486131663032,39.791666666666664,5.720000000000001,95.0,14.96,63.125,8.806822904766186,93.75
3,3,proactive,1.0,MovingAverage-JCSO,51.87500000000001,79.58333333333333,5.130187034411434,14.96,14.96,39.52879581151832,0.8693509615384615,35.20494145011529,0.7317821823838565,76.47130613770811,1.6009433525154342,24.791666666666668,5.720000000000001,64.375,14.96,25.624999999999996,8.8,65.625
3,3,proactive,1.0,QuantileMLP-JCSO,19.375,95.0,3.5048443276340797,5.720000000000001,8.8,15.131578947368421,1.0,42.60391531165757,0.6789969211254727,103.50095940370785,1.9371280700231785,11.458333333333332,5.720000000000001,21.875,5.615077628226661,2.5,8.8,33.75
3,3,proactive,1.0,GAN-JCSO,31.458333333333332,90.20833333333333,3.97195907368534,8.8,10.093599999999874,24.018475750577366,1.0,41.70355510975014,0.688626875499472,99.41912615836965,1.899668428263238,17.5,5.720000000000001,42.5,6.737779220376761,5.0,8.8,46.875
3,3,proactive,1.0,Diffusion-JCSO,25.0,92.5,3.6740899648721483,6.605611070868602,8.8,18.91891891891892,0.992548076923077,42.077824117600144,0.6837410837760636,100.7836703455515,1.9132836379991707,13.750000000000002,5.720000000000001,39.375,5.715621455970473,1.875,8.8,33.75
3,3,proactive,0.82,Independent,91.66666666666666,53.125,7.879078057552186,14.96,14.96,84.31372549019608,0.7295673076923077,27.24403313742556,0.8018602197552808,35.59577820614142,1.0150706919729215,51.041666666666664,6.260703271952299,100.0,14.96,76.25,8.8,98.75
3,3,proactive,0.82,StaticReserve,67.29166666666667,71.66666666666667,6.215114712651255,14.96,14.96,54.360465116279066,1.0,35.46940083889517,0.7467409429343906,47.09642203638815,1.320410341480925,33.33333333333333,5.814791890770273,78.125,14.96,43.75,9.605750255655437,80.0
3,3,proactive,0.82,JointHeuristic,96.45833333333333,47.291666666666664,8.302016963880323,14.96,14.96,92.51101321585902,0.6426682692307694,28.91197924610685,0.781768358783504,43.03811756101738,1.0790387473191045,48.333333333333336,6.008531603630203,100.0,14.96,92.5,8.836206091367504,96.875
3,3,proactive,0.82,Persistence-JCSO,85.20833333333333,57.08333333333333,7.313725950058891,14.96,14.96,74.08759124087592,0.6953125,34.501104085856724,0.730555306779222,65.05642911992102,1.2876847816490138,39.791666666666664,5.720000000000001,93.75,14.96,69.375,8.8,92.5
3,3,proactive,0.82,MovingAverage-JCSO,54.79166666666667,78.54166666666667,5.39103963298199,14.96,14.96,42.44031830238727,0.919110576923077,41.65556208981563,0.6786776495807236,77.58969554083858,1.5546999518366227,25.208333333333332,5.720000000000001,63.125,14.96,36.25,8.8,65.0
3,3,proactive,0.82,QuantileMLP-JCSO,27.291666666666664,91.04166666666667,4.197030682585961,10.023843276445989,14.96,20.137299771167047,1.0,49.687504895579394,0.6069603074753264,106.2005446180067,1.8580625342511141,11.041666666666666,5.720000000000001,21.875,14.96,25.624999999999996,8.8,34.375
3,3,proactive,0.82,GAN-JCSO,37.916666666666664,86.875,4.570092382422869,10.032743448745794,14.96,28.53717026378897,1.0,48.706870237015835,0.619396074331797,101.79977612432074,1.8237427432279534,17.083333333333332,5.720000000000001,41.875,14.96,25.0,8.8,46.875
3,3,proactive,0.82,Diffusion-JCSO,32.916666666666664,88.54166666666666,4.3647549478112415,10.023843277321697,14.96,24.235294117647058,1.0,48.99962931107725,0.6137020744127477,103.41775656965592,1.8321945862566915,13.125,5.720000000000001,38.75,14.96,25.0,8.8,35.0
3,4,request_observed,1.0,Independent,36.25,98.125,3.2692969574643747,4.151954454642799,8.8,35.03184713375796,0.6603365384615383,22.45104265990414,0.8373754041840353,2.000000000000002,1.02,0.0,2.660837505570413,53.125,3.0810452050877135,1.875,4.340033179003697,53.75
3,4,request_observed,1.0,StaticReserve,67.29166666666667,71.66666666666667,6.215114712651255,14.96,14.96,54.360465116279066,1.0,29.08490868789405,0.7923275732062002,47.09642203638815,1.320410341480925,33.33333333333333,5.814791890770273,78.125,14.96,43.75,9.605750255655437,80.0
3,4,request_observed,1.0,JointHeuristic,57.70833333333333,75.0,5.34955213885287,14.96,14.96,43.611111111111114,0.5661057692307693,22.480441559864424,0.8344827800984195,2.7027580058099447,1.0217321144111728,0.0,5.720000000000001,85.0,14.96,27.500000000000004,8.8,60.62499999999999
3,4,request_observed,1.0,Persistence-JCSO,13.958333333333334,91.875,3.6357355898843036,8.8,14.96,6.349206349206349,0.8337740384615385,36.74516428602662,0.7202297986820808,73.69373210468402,1.672191938325015,0.0,5.720000000000001,15.625,14.96,8.75,8.8,17.5
3,4,request_observed,1.0,MovingAverage-JCSO,2.5,98.75,3.0034622395211423,4.587619537984095,5.846430300724435,1.2658227848101267,0.9042067307692309,35.58270393483214,0.7317271511379355,65.62898149600198,1.617433802172874,0.0,2.4346919658358592,2.5,5.168580019109673,1.25,3.5400407555335827,3.75
3,4,request_observed,1.0,QuantileMLP-JCSO,0.0,100.0,2.862092399535597,4.258295672976607,5.143526732992387,0.0,1.0,43.49847834141406,0.6711404332706402,104.47351686226538,1.9783095297080544,0.0,2.434615384615385,0.0,4.90968180549739,0.0,3.422033898305085,0.0
3,4,request_observed,1.0,GAN-JCSO,2.2916666666666665,98.75,3.0161497420946786,4.6502815689989925,5.841275256514412,1.0548523206751055,0.9563701923076924,38.669940223772535,0.7096031097595745,80.15334497387309,1.7563628884710054,0.0,2.4346161638912287,1.875,5.117190280707499,1.25,3.5247103271736697,3.75
3,4,request_observed,1.0,Diffusion-JCSO,0.625,99.375,2.9286539813728245,4.321611388937943,5.6230786070369065,0.0,0.9912259615384617,41.002676827225685,0.6930293499279546,92.62696994483395,1.864608600760798,0.0,2.434615384615385,0.625,5.098594652212056,0.625,3.422033898305085,0.625
3,4,request_observed,0.82,Independent,36.45833333333333,98.125,3.3253215370601037,4.152769406176318,8.8,35.24416135881104,0.7252403846153845,27.294752347944822,0.8015616978803628,2.000000000000002,1.0170523900013415,0.0,2.658187799688061,44.375,3.789156853799058,1.875,4.340033179003697,63.125
3,4,request_observed,0.82,StaticReserve,67.29166666666667,71.66666666666667,6.215114712651255,14.96,14.96,54.360465116279066,1.0,35.46940083889517,0.7467409429343906,47.09642203638815,1.320410341480925,33.33333333333333,5.814791890770273,78.125,14.96,43.75,9.605750255655437,80.0
3,4,request_observed,0.82,JointHeuristic,54.37499999999999,77.5,5.431583793372058,14.96,14.96,41.12903225806452,0.6413461538461539,27.12133509974412,0.7973498355710589,3.2204263016851553,1.011551603868474,0.0,5.720000000000001,78.75,14.96,42.5,8.8,41.875
3,4,request_observed,0.82,Persistence-JCSO,13.541666666666666,91.875,3.97049012963226,14.96,14.96,5.895691609977324,0.8901442307692309,43.30953248592172,0.663539520972452,75.5754731083928,1.6185981821092763,0.0,2.7577964111086852,6.875000000000001,14.96,25.624999999999996,5.014807536220199,8.125
3,4,request_observed,0.82,MovingAverage-JCSO,8.541666666666666,95.41666666666667,3.6845803008128732,9.030272096092324,14.96,4.148471615720524,0.9502403846153846,42.58663058473326,0.6728986352279005,67.89215922910888,1.5897161849209138,0.0,2.43461547245825,0.625,14.96,22.5,3.422033898305085,2.5
3,4,request_observed,0.82,QuantileMLP-JCSO,7.916666666666666,95.83333333333334,3.6114041276736333,9.016700480309877,14.96,3.91304347826087,1.0,50.845470078136024,0.5948669403535749,107.34930441492618,1.9022657375990082,0.0,2.434615384615385,0.0,14.96,23.75,3.422033898305085,0.0
3,4,request_observed,0.82,GAN-JCSO,10.0,94.58333333333333,3.7780402122793872,10.202362252142223,14.96,4.845814977973569,0.9787259615384617,45.74069503664091,0.6446362749094859,82.7901306355963,1.7076091870473304,0.0,2.4346161638912287,1.875,14.96,24.375,3.5247103271736697,3.75
3,4,request_observed,0.82,Diffusion-JCSO,8.75,95.20833333333333,3.6816575591511476,10.033496550762875,14.96,4.157549234135667,0.994951923076923,48.14463178800904,0.6216406674780004,95.42057717919349,1.800546587817756,0.0,2.434615384615385,0.625,14.96,25.0,3.422033898305085,0.625
3,4,proactive,1.0,Independent,91.25,53.125,7.863813015315971,14.96,14.96,83.52941176470588,0.6646634615384615,22.409452907278347,0.8376201921214678,35.59577820614142,1.0180183019715798,51.041666666666664,6.260703271952299,100.0,14.96,76.25,8.8,97.5
3,4,proactive,1.0,StaticReserve,67.29166666666667,71.66666666666667,6.215114712651255,14.96,14.96,54.360465116279066,1.0,29.08490868789405,0.7923275732062002,47.09642203638815,1.320410341480925,33.33333333333333,5.814791890770273,78.125,14.96,43.75,9.605750255655437,80.0
3,4,proactive,1.0,JointHeuristic,94.58333333333333,46.25,8.298237835987155,14.96,14.96,88.28828828828829,0.5926682692307692,24.177217407264543,0.8196963375170261,43.08224767807477,1.099257390214415,48.333333333333336,6.474210291542783,100.0,14.96,87.5,9.158327718256265,96.25
3,4,proactive,1.0,Persistence-JCSO,83.95833333333333,56.666666666666664,7.234947251858778,14.96,14.96,71.69117647058823,0.6533653846153846,29.462281120657313,0.7747370134974155,64.66672337808112,1.340486131663032,39.791666666666664,5.720000000000001,95.0,14.96,63.125,8.806822904766186,93.75
3,4,proactive,1.0,MovingAverage-JCSO,51.87500000000001,79.58333333333333,5.130187034411434,14.96,14.96,39.52879581151832,0.8693509615384615,35.20494145011529,0.7317821823838565,76.47130613770811,1.6009433525154342,24.791666666666668,5.720000000000001,64.375,14.96,25.624999999999996,8.8,65.625
3,4,proactive,1.0,QuantileMLP-JCSO,12.916666666666668,96.875,3.3292744413865076,5.379602065825738,8.8,10.10752688172043,1.0,43.06884064914942,0.6752560794806073,103.75050361399042,1.958560043580392,12.291666666666666,3.6934167391216595,19.375,5.607709148348094,2.5,5.379602065825739,16.875
3,4,proactive,1.0,GAN-JCSO,46.041666666666664,84.16666666666667,4.660023388066285,8.8,14.96,35.89108910891089,0.9425480769230768,38.2171520094453,0.7131952786384745,85.53078042059548,1.736059116431897,21.041666666666668,5.720000000000001,52.5,14.96,16.25,8.8,69.375
3,4,proactive,1.0,Diffusion-JCSO,31.25,90.625,3.936994854462486,8.8,14.96,24.137931034482758,0.9763221153846153,40.55278615561937,0.6963159096115005,94.83087668983961,1.844439263408354,18.125,5.720000000000001,53.125,7.171548693026622,5.625,8.8,35.0
3,4,proactive,0.82,Independent,91.66666666666666,53.125,7.879078057552186,14.96,14.96,84.31372549019608,0.7295673076923077,27.24403313742556,0.8018602197552808,35.59577820614142,1.0150706919729215,51.041666666666664,6.260703271952299,100.0,14.96,76.25,8.8,98.75
3,4,proactive,0.82,StaticReserve,67.29166666666667,71.66666666666667,6.215114712651255,14.96,14.96,54.360465116279066,1.0,35.46940083889517,0.7467409429343906,47.09642203638815,1.320410341480925,33.33333333333333,5.814791890770273,78.125,14.96,43.75,9.605750255655437,80.0
3,4,proactive,0.82,JointHeuristic,96.45833333333333,47.291666666666664,8.302016963880323,14.96,14.96,92.51101321585902,0.6426682692307694,28.91197924610685,0.781768358783504,43.03811756101738,1.0790387473191045,48.333333333333336,6.008531603630203,100.0,14.96,92.5,8.836206091367504,96.875
3,4,proactive,0.82,Persistence-JCSO,85.20833333333333,57.08333333333333,7.313725950058891,14.96,14.96,74.08759124087592,0.6953125,34.501104085856724,0.730555306779222,65.05642911992102,1.2876847816490138,39.791666666666664,5.720000000000001,93.75,14.96,69.375,8.8,92.5
3,4,proactive,0.82,MovingAverage-JCSO,54.79166666666667,78.54166666666667,5.39103963298199,14.96,14.96,42.44031830238727,0.919110576923077,41.65556208981563,0.6786776495807236,77.58969554083858,1.5546999518366227,25.208333333333332,5.720000000000001,63.125,14.96,36.25,8.8,65.0
3,4,proactive,0.82,QuantileMLP-JCSO,20.208333333333332,93.125,3.999895044833278,9.016700617952774,14.96,14.317673378076062,1.0,50.20218315510038,0.6024631590631868,106.46408212812038,1.8775019452577464,12.083333333333334,3.6934167391216595,19.375,14.96,23.75,5.379602065825739,17.5
3,4,proactive,0.82,GAN-JCSO,49.375,82.70833333333333,4.989282875402619,11.524467864142673,14.96,38.79093198992443,0.982451923076923,44.94345140018762,0.6549645862343464,86.8114885321184,1.6769183386471975,20.833333333333336,5.720000000000001,51.87500000000001,14.96,28.125,8.8,68.125
3,4,proactive,0.82,Diffusion-JCSO,38.333333333333336,87.29166666666667,4.512233572138856,10.203689509690912,14.96,29.355608591885442,0.9912259615384617,47.41511604237102,0.6310774811853014,96.85917157198105,1.7724692985078991,17.5,5.720000000000001,53.125,14.96,26.25,8.8,35.625
11,0,request_observed,1.0,Independent,41.875,95.0,3.5201024376147956,5.720000000000001,14.96,38.81578947368421,0.648076923076923,24.579638912703924,0.8212163451712161,2.000000000000002,1.0200000000000002,0.0,3.3446592385128646,61.25000000000001,4.147756882439976,5.0,6.576792848958152,59.375
11,0,request_observed,1.0,StaticReserve,75.0,64.58333333333334,7.129469714205629,14.96,15.426609539966003,61.29032258064516,1.0,28.749015057931388,0.7950730466489723,37.187594656182846,1.1921523808174754,41.041666666666664,6.688712958869145,81.875,14.96,60.62499999999999,12.987391084147427,82.5
11,0,request_observed,1.0,JointHeuristic,77.08333333333334,57.49999999999999,7.043698171061697,14.96,14.96,60.14492753623188,0.5543269230769232,25.257935684512844,0.8137924580362071,5.89466534420264,1.048890661789288,0.0,5.720000000000001,85.0,14.96,57.49999999999999,8.806585037623618,88.75
11,0,request_observed,1.0,Persistence-JCSO,27.916666666666668,83.125,4.538200428695506,14.96,14.96,13.283208020050125,0.8376201923076924,39.53375742586107,0.6921419064065001,72.9390194944065,1.6439075483202545,0.0,5.720000000000001,27.500000000000004,14.96,20.0,8.8,36.25
11,0,request_observed,1.0,MovingAverage-JCSO,20.833333333333336,87.5,4.1695864320197575,8.8,14.96,9.523809523809524,0.8953125000000002,38.305387326949244,0.7082919438764143,64.20487122434004,1.5908629314620266,0.0,5.720000000000001,21.875,14.96,15.625,8.8,25.0
11,0,request_observed,1.0,QuantileMLP-JCSO,0.0,100.0,2.945158546992705,4.456056631510848,5.244032176312087,0.0,1.0,43.8522571398367,0.66452061288271,89.46608222654025,1.8217705323141073,0.0,2.434615384615385,0.0,5.146944259724607,0.0,3.422033898305085,0.0
11,0,request_observed,1.0,GAN-JCSO,0.0,100.0,2.9802021788214654,4.494870704376962,5.324518980946627,0.0,0.9962740384615385,41.55533400011161,0.6861095794845651,77.17913825284582,1.7248512480987306,0.0,2.434615384615385,0.0,5.1626774207457276,0.0,3.422033898305085,0.0
11,0,request_observed,1.0,Diffusion-JCSO,0.625,99.375,3.019208261557294,4.612793236997454,5.604123893829208,0.0,0.994951923076923,43.1747151306565,0.6693360224313614,86.0059853680502,1.7931714187225183,0.0,2.4346153846172736,0.625,5.223861751734744,0.625,3.4220442352140243,0.625
11,0,request_observed,0.82,Independent,39.375,96.25,3.4726337470272823,4.561935038661033,14.96,37.01298701298701,0.7057692307692307,29.862362438902096,0.7818301878546274,2.000000000000002,1.0164095775618078,0.0,2.8308996391430985,51.24999999999999,3.995711690251434,3.75,5.472768392156952,63.125
11,0,request_observed,0.82,StaticReserve,75.0,64.58333333333334,7.129469714205629,14.96,15.426609539966003,61.29032258064516,1.0,35.05977446089194,0.7500890812792347,37.187594656182846,1.1921523808174754,41.041666666666664,6.688712958869145,81.875,14.96,60.62499999999999,12.987391084147427,82.5
11,0,request_observed,0.82,JointHeuristic,78.125,59.166666666666664,7.302097174434175,14.96,14.96,63.02816901408451,0.6296875000000001,30.389205336741576,0.770587047637737,7.065551313109863,1.036102227880757,0.0,5.720000000000001,76.875,14.96,78.75,8.8,78.75
11,0,request_observed,0.82,Persistence-JCSO,32.5,81.875,5.0994396308101555,14.96,14.96,17.557251908396946,0.8841346153846154,46.307641060337446,0.6302064525479907,75.84495413059949,1.5817069499665177,0.0,5.720000000000001,18.75,14.96,51.87500000000001,8.8,26.875
11,0,request_observed,0.82,MovingAverage-JCSO,13.125,93.54166666666667,4.0736660483763085,14.96,14.96,7.126948775055679,0.9912259615384617,45.06932996620407,0.6448626534480586,65.36289994311119,1.5377186670376457,0.0,2.434615384615385,0.625,14.96,37.5,3.423412039332817,1.25
11,0,request_observed,0.82,QuantileMLP-JCSO,12.083333333333334,94.16666666666667,3.9534919871013985,14.96,14.96,6.637168141592921,1.0,51.52359074695623,0.5868233442626012,93.13356728172155,1.7601831577403595,0.0,2.434615384615385,0.0,14.96,36.25,3.422033898305085,0.0
11,0,request_observed,0.82,GAN-JCSO,12.083333333333334,94.16666666666667,3.986406852079682,14.96,14.96,6.637168141592921,1.0,49.32497649266125,0.6138885631862647,80.42737711984562,1.6823639725182225,0.0,2.434615384615385,0.0,14.96,36.25,3.422033898305085,0.0
11,0,request_observed,0.82,Diffusion-JCSO,12.083333333333334,94.16666666666667,3.968659379812062,14.96,14.96,6.637168141592921,1.0,50.64717971345413,0.5927159611635359,89.51486164374478,1.7300666843352153,0.0,2.434615384615385,0.0,14.96,36.25,3.422033898305085,0.0
11,0,proactive,1.0,Independent,87.70833333333333,56.458333333333336,7.587323812805134,14.96,14.96,78.22878228782287,0.648076923076923,24.493547294544324,0.8217837083443369,33.437867159446924,1.01636265895039,50.208333333333336,6.446103973177465,100.0,14.96,66.25,8.8,96.875
11,0,proactive,1.0,StaticReserve,75.0,64.58333333333334,7.129469714205629,14.96,15.426609539966003,61.29032258064516,1.0,28.749015057931388,0.7950730466489723,37.187594656182846,1.1921523808174754,41.041666666666664,6.688712958869145,81.875,14.96,60.62499999999999,12.987391084147427,82.5
11,0,proactive,1.0,JointHeuristic,97.29166666666667,41.041666666666664,8.894973169557602,14.96,14.996336363333459,93.4010152284264,0.5707932692307693,26.67457063907016,0.8017986041682118,42.14213595239501,1.1081720830909996,46.458333333333336,6.618698505918087,100.0,14.96,91.875,11.93822918038547,100.0
11,0,proactive,1.0,Persistence-JCSO,93.125,50.416666666666664,7.953796169559488,14.96,14.96,86.36363636363636,0.6536057692307693,32.244411057298386,0.7509481134715087,64.39431567827114,1.341023875162689,38.54166666666667,5.720000000000001,99.375,14.96,81.875,10.00670912390507,98.125
11,0,proactive,1.0,MovingAverage-JCSO,65.20833333333333,72.91666666666666,5.878984174665565,14.96,14.96,52.28571428571429,0.8790865384615385,37.88972945571071,0.7094136640840963,73.85637221714505,1.57438932951847,24.583333333333332,5.720000000000001,73.75,14.96,41.875,8.8,80.0
11,0,proactive,1.0,QuantileMLP-JCSO,18.541666666666668,95.0,3.6321036936191513,6.617896098760911,14.96,14.25438596491228,1.0,43.429794622108275,0.6680157886701171,90.51020450236355,1.8044075732447273,15.625,4.216286881436428,23.125,6.878524540690332,6.25,8.8,26.25
11,0,proactive,1.0,GAN-JCSO,28.333333333333332,90.0,4.285374680852288,8.8,14.96,20.37037037037037,0.994951923076923,41.4551859078785,0.684779256911438,83.0178966110272,1.7209040920198253,17.708333333333336,5.720000000000001,26.875,14.96,19.375,8.8,38.75
11,0,proactive,1.0,Diffusion-JCSO,22.291666666666668,93.54166666666667,3.7813915061526946,6.62484232059927,14.96,16.926503340757236,0.9912259615384615,43.16776966712831,0.6685795544063151,89.33265830153654,1.793072208205953,15.416666666666668,5.720000000000001,34.375,9.583593442805437,8.75,8.8,23.75
11,0,proactive,0.82,Independent,87.5,56.666666666666664,7.578848989428684,14.96,14.96,77.94117647058823,0.7057692307692307,29.75737266065869,0.7825220941633113,33.437867159446924,1.0127722365121978,50.208333333333336,6.446103973177465,100.0,14.96,66.25,8.8,96.25
11,0,proactive,0.82,StaticReserve,75.0,64.58333333333334,7.129469714205629,14.96,15.426609539966003,61.29032258064516,1.0,35.05977446089194,0.7500890812792347,37.187594656182846,1.1921523808174754,41.041666666666664,6.688712958869145,81.875,14.96,60.62499999999999,12.987391084147427,82.5
11,0,proactive,0.82,JointHeuristic,97.91666666666666,42.916666666666664,8.838226183735946,14.96,14.965076170454168,95.14563106796116,0.6384615384615385,31.74694903297913,0.7591220849865574,42.109664416006794,1.0830206078740487,46.458333333333336,6.193359228086964,100.0,14.96,93.75,11.008203278952815,100.0
11,0,proactive,0.82,Persistence-JCSO,93.75,51.041666666666664,8.008859472932913,14.96,14.96,87.75510204081633,0.708173076923077,37.50809430572624,0.7053933215505894,64.55333887546264,1.2799694021118289,38.333333333333336,5.720000000000001,99.375,14.96,85.625,9.060147438639287,96.25
11,0,proactive,0.82,MovingAverage-JCSO,60.20833333333333,77.70833333333333,5.674654091195126,14.96,14.96,48.793565683646115,0.971033653846154,44.27520854865527,0.6532774427695672,74.30186045274229,1.510451646232528,24.583333333333332,5.720000000000001,62.5,14.96,47.5,8.8,70.625
11,0,proactive,0.82,QuantileMLP-JCSO,28.541666666666664,90.20833333333333,4.464052136322042,14.96,14.96,20.785219399538107,1.0,50.82091061549069,0.5948226710626656,93.89062863419392,1.7357674661598914,15.416666666666668,4.216286881436428,21.25,14.96,36.875,8.8,27.500000000000004
11,0,proactive,0.82,GAN-JCSO,34.791666666666664,87.08333333333333,4.780432938526169,14.96,14.96,25.11961722488038,1.0,48.79960221197141,0.6189184308542492,84.85060409784099,1.664008603444209,17.5,5.720000000000001,26.875,14.96,39.375,8.8,38.125
11,0,proactive,0.82,Diffusion-JCSO,31.041666666666668,89.79166666666667,4.484136683604729,14.96,14.96,23.201856148491878,1.0,50.39174691140654,0.5967103484181279,92.28450786892896,1.7210306231227772,15.416666666666668,5.720000000000001,33.75,14.96,36.25,5.7596178068663235,23.125
11,1,request_observed,1.0,Independent,41.875,95.0,3.5201024376147956,5.720000000000001,14.96,38.81578947368421,0.648076923076923,24.579638912703924,0.8212163451712161,2.000000000000002,1.0200000000000002,0.0,3.3446592385128646,61.25000000000001,4.147756882439976,5.0,6.576792848958152,59.375
11,1,request_observed,1.0,StaticReserve,75.0,64.58333333333334,7.129469714205629,14.96,15.426609539966003,61.29032258064516,1.0,28.749015057931388,0.7950730466489723,37.187594656182846,1.1921523808174754,41.041666666666664,6.688712958869145,81.875,14.96,60.62499999999999,12.987391084147427,82.5
11,1,request_observed,1.0,JointHeuristic,77.08333333333334,57.49999999999999,7.043698171061697,14.96,14.96,60.14492753623188,0.5543269230769232,25.257935684512844,0.8137924580362071,5.89466534420264,1.048890661789288,0.0,5.720000000000001,85.0,14.96,57.49999999999999,8.806585037623618,88.75
11,1,request_observed,1.0,Persistence-JCSO,27.916666666666668,83.125,4.538200428695506,14.96,14.96,13.283208020050125,0.8376201923076924,39.53375742586107,0.6921419064065001,72.9390194944065,1.6439075483202545,0.0,5.720000000000001,27.500000000000004,14.96,20.0,8.8,36.25
11,1,request_observed,1.0,MovingAverage-JCSO,20.833333333333336,87.5,4.1695864320197575,8.8,14.96,9.523809523809524,0.8953125000000002,38.305387326949244,0.7082919438764143,64.20487122434004,1.5908629314620266,0.0,5.720000000000001,21.875,14.96,15.625,8.8,25.0
11,1,request_observed,1.0,QuantileMLP-JCSO,0.0,100.0,2.9363913566617774,4.446821493751002,5.2561115902863484,0.0,1.0,43.9354970239793,0.6639125798838409,89.51425178256231,1.8258090592650882,0.0,2.434615384615385,0.0,5.154168482911249,0.0,3.422033898305085,0.0
11,1,request_observed,1.0,GAN-JCSO,0.8333333333333334,99.375,3.0178555485374843,4.615142262399962,5.550325100336626,0.20964360587002098,0.994951923076923,43.183458447953186,0.6719443815576929,86.28172664788637,1.7943947917041032,0.0,2.434615384615808,1.25,5.228257004148896,0.625,3.4220339060740264,0.625
11,1,request_observed,1.0,Diffusion-JCSO,0.0,100.0,2.9693618263669252,4.461387450677234,5.317328076620656,0.0,0.9962740384615385,42.41715632152978,0.6760382322345799,81.82868102375545,1.7615139378207199,0.0,2.434615384615385,0.0,5.148108828510737,0.0,3.422033898305085,0.0
11,1,request_observed,0.82,Independent,39.375,96.25,3.4726337470272823,4.561935038661033,14.96,37.01298701298701,0.7057692307692307,29.862362438902096,0.7818301878546274,2.000000000000002,1.0164095775618078,0.0,2.8308996391430985,51.24999999999999,3.995711690251434,3.75,5.472768392156952,63.125
11,1,request_observed,0.82,StaticReserve,75.0,64.58333333333334,7.129469714205629,14.96,15.426609539966003,61.29032258064516,1.0,35.05977446089194,0.7500890812792347,37.187594656182846,1.1921523808174754,41.041666666666664,6.688712958869145,81.875,14.96,60.62499999999999,12.987391084147427,82.5
11,1,request_observed,0.82,JointHeuristic,78.125,59.166666666666664,7.302097174434175,14.96,14.96,63.02816901408451,0.6296875000000001,30.389205336741576,0.770587047637737,7.065551313109863,1.036102227880757,0.0,5.720000000000001,76.875,14.96,78.75,8.8,78.75
11,1,request_observed,0.82,Persistence-JCSO,32.5,81.875,5.0994396308101555,14.96,14.96,17.557251908396946,0.8841346153846154,46.307641060337446,0.6302064525479907,75.84495413059949,1.5817069499665177,0.0,5.720000000000001,18.75,14.96,51.87500000000001,8.8,26.875
11,1,request_observed,0.82,MovingAverage-JCSO,13.125,93.54166666666667,4.0736660483763085,14.96,14.96,7.126948775055679,0.9912259615384617,45.06932996620407,0.6448626534480586,65.36289994311119,1.5377186670376457,0.0,2.434615384615385,0.625,14.96,37.5,3.423412039332817,1.25
11,1,request_observed,0.82,QuantileMLP-JCSO,12.083333333333334,94.16666666666667,3.9428816651169027,14.96,14.96,6.637168141592921,1.0,51.61321197725262,0.5872833854940338,93.13147781695335,1.7636124810045493,0.0,2.434615384615385,0.0,14.96,36.25,3.422033898305085,0.0
11,1,request_observed,0.82,GAN-JCSO,12.083333333333334,94.16666666666667,3.9661620299419456,14.96,14.96,6.637168141592921,1.0,50.794067736398404,0.5962329959559745,89.7299362791591,1.7355730930305298,0.0,2.434615384615385,0.0,14.96,36.25,3.422033898305085,0.0
11,1,request_observed,0.82,Diffusion-JCSO,12.083333333333334,94.16666666666667,3.9786246742840126,14.96,14.96,6.637168141592921,1.0,49.98147449559575,0.6010952878247544,85.29739321757376,1.7066549673537663,0.0,2.434615384615385,0.0,14.96,36.25,3.422033898305085,0.0
11,1,proactive,1.0,Independent,87.70833333333333,56.458333333333336,7.587323812805134,14.96,14.96,78.22878228782287,0.648076923076923,24.493547294544324,0.8217837083443369,33.437867159446924,1.01636265895039,50.208333333333336,6.446103973177465,100.0,14.96,66.25,8.8,96.875
11,1,proactive,1.0,StaticReserve,75.0,64.58333333333334,7.129469714205629,14.96,15.426609539966003,61.29032258064516,1.0,28.749015057931388,0.7950730466489723,37.187594656182846,1.1921523808174754,41.041666666666664,6.688712958869145,81.875,14.96,60.62499999999999,12.987391084147427,82.5
11,1,proactive,1.0,JointHeuristic,97.29166666666667,41.041666666666664,8.894973169557602,14.96,14.996336363333459,93.4010152284264,0.5707932692307693,26.67457063907016,0.8017986041682118,42.14213595239501,1.1081720830909996,46.458333333333336,6.618698505918087,100.0,14.96,91.875,11.93822918038547,100.0
11,1,proactive,1.0,Persistence-JCSO,93.125,50.416666666666664,7.953796169559488,14.96,14.96,86.36363636363636,0.6536057692307693,32.244411057298386,0.7509481134715087,64.39431567827114,1.341023875162689,38.54166666666667,5.720000000000001,99.375,14.96,81.875,10.00670912390507,98.125
11,1,proactive,1.0,MovingAverage-JCSO,65.20833333333333,72.91666666666666,5.878984174665565,14.96,14.96,52.28571428571429,0.8790865384615385,37.88972945571071,0.7094136640840963,73.85637221714505,1.57438932951847,24.583333333333332,5.720000000000001,73.75,14.96,41.875,8.8,80.0
11,1,proactive,1.0,QuantileMLP-JCSO,20.833333333333336,93.75,3.688043776877584,6.628884132247787,14.96,15.555555555555555,1.0,43.702212284157554,0.6641339427103967,91.62035269137719,1.8166965110940911,14.166666666666666,5.720000000000001,30.0,7.199391055972732,6.875000000000001,8.8,25.624999999999996
11,1,proactive,1.0,GAN-JCSO,27.500000000000004,91.45833333333333,4.0162323115750675,8.8,14.96,20.72892938496583,0.9962740384615385,43.28733508827063,0.6712969595316606,90.1551125131181,1.7987549642212843,17.5,3.3022174939262405,15.0,8.970773297248783,8.125,8.8,59.375
11,1,proactive,1.0,Diffusion-JCSO,23.125,92.70833333333334,3.8666936548977677,6.802639303282366,14.96,17.078651685393258,0.9962740384615385,42.379197326262265,0.6749360025789141,86.00753884973513,1.7603105911502268,16.875,5.720000000000001,30.625000000000004,14.96,9.375,8.8,29.375
11,1,proactive,0.82,Independent,87.5,56.666666666666664,7.578848989428684,14.96,14.96,77.94117647058823,0.7057692307692307,29.75737266065869,0.7825220941633113,33.437867159446924,1.0127722365121978,50.208333333333336,6.446103973177465,100.0,14.96,66.25,8.8,96.25
11,1,proactive,0.82,StaticReserve,75.0,64.58333333333334,7.129469714205629,14.96,15.426609539966003,61.29032258064516,1.0,35.05977446089194,0.7500890812792347,37.187594656182846,1.1921523808174754,41.041666666666664,6.688712958869145,81.875,14.96,60.62499999999999,12.987391084147427,82.5
11,1,proactive,0.82,JointHeuristic,97.91666666666666,42.916666666666664,8.838226183735946,14.96,14.965076170454168,95.14563106796116,0.6384615384615385,31.74694903297913,0.7591220849865574,42.109664416006794,1.0830206078740487,46.458333333333336,6.193359228086964,100.0,14.96,93.75,11.008203278952815,100.0
11,1,proactive,0.82,Persistence-JCSO,93.75,51.041666666666664,8.008859472932913,14.96,14.96,87.75510204081633,0.708173076923077,37.50809430572624,0.7053933215505894,64.55333887546264,1.2799694021118289,38.333333333333336,5.720000000000001,99.375,14.96,85.625,9.060147438639287,96.25
11,1,proactive,0.82,MovingAverage-JCSO,60.20833333333333,77.70833333333333,5.674654091195126,14.96,14.96,48.793565683646115,0.971033653846154,44.27520854865527,0.6532774427695672,74.30186045274229,1.510451646232528,24.583333333333332,5.720000000000001,62.5,14.96,47.5,8.8,70.625
11,1,proactive,0.82,QuantileMLP-JCSO,30.416666666666664,89.16666666666667,4.474750446649941,14.96,14.96,21.962616822429908,1.0,51.15329549507616,0.5919637290187751,94.78962915264606,1.747710529011979,13.750000000000002,5.720000000000001,29.375,14.96,36.25,8.8,25.624999999999996
11,1,proactive,0.82,GAN-JCSO,37.083333333333336,86.875,4.805942749320023,14.96,14.96,27.577937649880095,1.0,50.59923312820336,0.6001031441982876,93.18167732880731,1.7285413881091438,16.875,3.3022174939262405,15.0,14.96,36.875,8.8,59.375
11,1,proactive,0.82,Diffusion-JCSO,32.29166666666667,88.54166666666666,4.602435605449535,14.96,14.96,23.52941176470588,1.0,49.693733562058206,0.6043191593670435,88.99032101189721,1.6966743912883588,16.666666666666664,5.720000000000001,30.0,14.96,37.5,8.8,29.375
11,2,request_observed,1.0,Independent,41.875,95.0,3.5201024376147956,5.720000000000001,14.96,38.81578947368421,0.648076923076923,24.579638912703924,0.8212163451712161,2.000000000000002,1.0200000000000002,0.0,3.3446592385128646,61.25000000000001,4.147756882439976,5.0,6.576792848958152,59.375
11,2,request_observed,1.0,StaticReserve,75.0,64.58333333333334,7.129469714205629,14.96,15.426609539966003,61.29032258064516,1.0,28.749015057931388,0.7950730466489723,37.187594656182846,1.1921523808174754,41.041666666666664,6.688712958869145,81.875,14.96,60.62499999999999,12.987391084147427,82.5
11,2,request_observed,1.0,JointHeuristic,77.08333333333334,57.49999999999999,7.043698171061697,14.96,14.96,60.14492753623188,0.5543269230769232,25.257935684512844,0.8137924580362071,5.89466534420264,1.048890661789288,0.0,5.720000000000001,85.0,14.96,57.49999999999999,8.806585037623618,88.75
11,2,request_observed,1.0,Persistence-JCSO,27.916666666666668,83.125,4.538200428695506,14.96,14.96,13.283208020050125,0.8376201923076924,39.53375742586107,0.6921419064065001,72.9390194944065,1.6439075483202545,0.0,5.720000000000001,27.500000000000004,14.96,20.0,8.8,36.25
11,2,request_observed,1.0,MovingAverage-JCSO,20.833333333333336,87.5,4.1695864320197575,8.8,14.96,9.523809523809524,0.8953125000000002,38.305387326949244,0.7082919438764143,64.20487122434004,1.5908629314620266,0.0,5.720000000000001,21.875,14.96,15.625,8.8,25.0
11,2,request_observed,1.0,QuantileMLP-JCSO,0.0,100.0,2.93966040319514,4.45896395003458,5.246996528051083,0.0,1.0,44.386599478776375,0.6614326104110652,91.5344173840336,1.8439289760155546,0.0,2.434615384615385,0.0,5.1480312305531255,0.0,3.422033898305085,0.0
11,2,request_observed,1.0,GAN-JCSO,0.0,100.0,2.9585560589128503,4.459576679722775,5.297745026739883,0.0,1.0,44.590394388633825,0.652919043714195,91.52778449215933,1.851723253256997,0.0,2.341855757563492,0.0,5.147333564738422,0.0,3.422033898305085,0.0
11,2,request_observed,1.0,Diffusion-JCSO,0.0,100.0,2.9265091289563765,4.4643962279702745,5.304098558641449,0.0,0.9888221153846153,43.45053041293709,0.6692078017994554,87.19303973390004,1.8052853360818653,0.0,2.434615384615385,0.0,5.17572884460735,0.0,3.422033898305085,0.0
11,2,request_observed,0.82,Independent,39.375,96.25,3.4726337470272823,4.561935038661033,14.96,37.01298701298701,0.7057692307692307,29.862362438902096,0.7818301878546274,2.000000000000002,1.0164095775618078,0.0,2.8308996391430985,51.24999999999999,3.995711690251434,3.75,5.472768392156952,63.125
11,2,request_observed,0.82,StaticReserve,75.0,64.58333333333334,7.129469714205629,14.96,15.426609539966003,61.29032258064516,1.0,35.05977446089194,0.7500890812792347,37.187594656182846,1.1921523808174754,41.041666666666664,6.688712958869145,81.875,14.96,60.62499999999999,12.987391084147427,82.5
11,2,request_observed,0.82,JointHeuristic,78.125,59.166666666666664,7.302097174434175,14.96,14.96,63.02816901408451,0.6296875000000001,30.389205336741576,0.770587047637737,7.065551313109863,1.036102227880757,0.0,5.720000000000001,76.875,14.96,78.75,8.8,78.75
11,2,request_observed,0.82,Persistence-JCSO,32.5,81.875,5.0994396308101555,14.96,14.96,17.557251908396946,0.8841346153846154,46.307641060337446,0.6302064525479907,75.84495413059949,1.5817069499665177,0.0,5.720000000000001,18.75,14.96,51.87500000000001,8.8,26.875
11,2,request_observed,0.82,MovingAverage-JCSO,13.125,93.54166666666667,4.0736660483763085,14.96,14.96,7.126948775055679,0.9912259615384617,45.06932996620407,0.6448626534480586,65.36289994311119,1.5377186670376457,0.0,2.434615384615385,0.625,14.96,37.5,3.423412039332817,1.25
11,2,request_observed,0.82,QuantileMLP-JCSO,12.083333333333334,94.16666666666667,3.947110890279716,14.96,14.96,6.637168141592921,1.0,52.02865751797664,0.5829418521037983,95.22503035053226,1.7777254459843133,0.0,2.434615384615385,0.0,14.96,36.25,3.422033898305085,0.0
11,2,request_observed,0.82,GAN-JCSO,12.291666666666666,94.16666666666667,3.964435041060161,14.96,14.96,6.8584070796460175,1.0,52.452756691966165,0.5728151691610884,95.09039528340297,1.791204608229962,0.0,2.341855757563492,0.0,14.96,36.875,3.422033898305085,0.0
11,2,request_observed,0.82,Diffusion-JCSO,12.083333333333334,94.16666666666667,3.943066929444432,14.96,14.96,6.637168141592921,1.0,50.96162739132119,0.5930906678889185,90.77980244103199,1.7415177617414637,0.0,2.434615384615385,0.0,14.96,36.25,3.422033898305085,0.0
11,2,proactive,1.0,Independent,87.70833333333333,56.458333333333336,7.587323812805134,14.96,14.96,78.22878228782287,0.648076923076923,24.493547294544324,0.8217837083443369,33.437867159446924,1.01636265895039,50.208333333333336,6.446103973177465,100.0,14.96,66.25,8.8,96.875
11,2,proactive,1.0,StaticReserve,75.0,64.58333333333334,7.129469714205629,14.96,15.426609539966003,61.29032258064516,1.0,28.749015057931388,0.7950730466489723,37.187594656182846,1.1921523808174754,41.041666666666664,6.688712958869145,81.875,14.96,60.62499999999999,12.987391084147427,82.5
11,2,proactive,1.0,JointHeuristic,97.29166666666667,41.041666666666664,8.894973169557602,14.96,14.996336363333459,93.4010152284264,0.5707932692307693,26.67457063907016,0.8017986041682118,42.14213595239501,1.1081720830909996,46.458333333333336,6.618698505918087,100.0,14.96,91.875,11.93822918038547,100.0
11,2,proactive,1.0,Persistence-JCSO,93.125,50.416666666666664,7.953796169559488,14.96,14.96,86.36363636363636,0.6536057692307693,32.244411057298386,0.7509481134715087,64.39431567827114,1.341023875162689,38.54166666666667,5.720000000000001,99.375,14.96,81.875,10.00670912390507,98.125
11,2,proactive,1.0,MovingAverage-JCSO,65.20833333333333,72.91666666666666,5.878984174665565,14.96,14.96,52.28571428571429,0.8790865384615385,37.88972945571071,0.7094136640840963,73.85637221714505,1.57438932951847,24.583333333333332,5.720000000000001,73.75,14.96,41.875,8.8,80.0
11,2,proactive,1.0,QuantileMLP-JCSO,19.166666666666668,94.375,3.6210008875374213,6.3080629559824395,8.8,14.348785871964681,1.0,44.00927826305553,0.6651815280947693,91.94186503216461,1.8285160779026102,14.166666666666666,3.672263515740667,20.625,6.1732319020397135,3.125,8.8,33.75
11,2,proactive,1.0,GAN-JCSO,8.75,97.29166666666667,3.4462416460960124,5.72210312992153,14.96,6.209850107066381,1.0,44.530153607308236,0.6528299336443707,93.17076392586586,1.8492653262044951,11.041666666666666,2.736001581429884,6.875000000000001,14.96,9.375,4.2474120184858455,10.0
11,2,proactive,1.0,Diffusion-JCSO,21.666666666666668,93.54166666666667,3.6541078526731607,6.207228512805737,10.093599999999874,16.258351893095767,0.9962740384615385,43.34314947743352,0.669948877391932,89.78483347895465,1.8012228133744672,15.208333333333332,5.720000000000001,38.75,6.86199703914196,5.625,8.8,20.625
11,2,proactive,0.82,Independent,87.5,56.666666666666664,7.578848989428684,14.96,14.96,77.94117647058823,0.7057692307692307,29.75737266065869,0.7825220941633113,33.437867159446924,1.0127722365121978,50.208333333333336,6.446103973177465,100.0,14.96,66.25,8.8,96.25
11,2,proactive,0.82,StaticReserve,75.0,64.58333333333334,7.129469714205629,14.96,15.426609539966003,61.29032258064516,1.0,35.05977446089194,0.7500890812792347,37.187594656182846,1.1921523808174754,41.041666666666664,6.688712958869145,81.875,14.96,60.62499999999999,12.987391084147427,82.5
11,2,proactive,0.82,JointHeuristic,97.91666666666666,42.916666666666664,8.838226183735946,14.96,14.965076170454168,95.14563106796116,0.6384615384615385,31.74694903297913,0.7591220849865574,42.109664416006794,1.0830206078740487,46.458333333333336,6.193359228086964,100.0,14.96,93.75,11.008203278952815,100.0
11,2,proactive,0.82,Persistence-JCSO,93.75,51.041666666666664,8.008859472932913,14.96,14.96,87.75510204081633,0.708173076923077,37.50809430572624,0.7053933215505894,64.55333887546264,1.2799694021118289,38.333333333333336,5.720000000000001,99.375,14.96,85.625,9.060147438639287,96.25
11,2,proactive,0.82,MovingAverage-JCSO,60.20833333333333,77.70833333333333,5.674654091195126,14.96,14.96,48.793565683646115,0.971033653846154,44.27520854865527,0.6532774427695672,74.30186045274229,1.510451646232528,24.583333333333332,5.720000000000001,62.5,14.96,47.5,8.8,70.625
11,2,proactive,0.82,QuantileMLP-JCSO,30.0,89.16666666666667,4.504432368978981,14.96,14.96,21.49532710280374,1.0,51.34403676010757,0.5911826842485066,95.41675633485758,1.7539547103366466,13.958333333333334,3.672263515740667,20.0,14.96,36.25,8.8,33.75
11,2,proactive,0.82,GAN-JCSO,18.125,93.125,4.175954430856673,14.96,14.96,12.080536912751679,1.0,52.13704660058255,0.5772813290627135,96.02311813090722,1.7800738931650768,10.625,2.736001581429884,6.875000000000001,14.96,37.5,4.2474120184858455,10.0
11,2,proactive,0.82,Diffusion-JCSO,32.5,88.54166666666666,4.520253549538599,14.96,14.96,23.764705882352942,1.0,50.57299955136961,0.5972586024568824,93.24154367195534,1.7280204427879104,14.791666666666666,5.720000000000001,38.75,14.96,36.875,8.8,21.875
11,3,request_observed,1.0,Independent,41.875,95.0,3.5201024376147956,5.720000000000001,14.96,38.81578947368421,0.648076923076923,24.579638912703924,0.8212163451712161,2.000000000000002,1.0200000000000002,0.0,3.3446592385128646,61.25000000000001,4.147756882439976,5.0,6.576792848958152,59.375
11,3,request_observed,1.0,StaticReserve,75.0,64.58333333333334,7.129469714205629,14.96,15.426609539966003,61.29032258064516,1.0,28.749015057931388,0.7950730466489723,37.187594656182846,1.1921523808174754,41.041666666666664,6.688712958869145,81.875,14.96,60.62499999999999,12.987391084147427,82.5
11,3,request_observed,1.0,JointHeuristic,77.08333333333334,57.49999999999999,7.043698171061697,14.96,14.96,60.14492753623188,0.5543269230769232,25.257935684512844,0.8137924580362071,5.89466534420264,1.048890661789288,0.0,5.720000000000001,85.0,14.96,57.49999999999999,8.806585037623618,88.75
11,3,request_observed,1.0,Persistence-JCSO,27.916666666666668,83.125,4.538200428695506,14.96,14.96,13.283208020050125,0.8376201923076924,39.53375742586107,0.6921419064065001,72.9390194944065,1.6439075483202545,0.0,5.720000000000001,27.500000000000004,14.96,20.0,8.8,36.25
11,3,request_observed,1.0,MovingAverage-JCSO,20.833333333333336,87.5,4.1695864320197575,8.8,14.96,9.523809523809524,0.8953125000000002,38.305387326949244,0.7082919438764143,64.20487122434004,1.5908629314620266,0.0,5.720000000000001,21.875,14.96,15.625,8.8,25.0
11,3,request_observed,1.0,QuantileMLP-JCSO,0.0,100.0,2.9447029041307737,4.501115988603603,5.261251888103137,0.0,1.0,43.47459044297876,0.6670803294851595,87.95851157243581,1.8064845466424502,0.0,2.434615384615385,0.0,5.1681345957130596,0.0,3.422033898305085,0.0
11,3,request_observed,1.0,GAN-JCSO,0.0,100.0,2.928497709080071,4.465224263220943,5.260488366542266,0.0,1.0,43.93650162175084,0.667743374057739,89.64653427727046,1.8271315116748903,0.0,2.434615384615385,0.0,5.2193283501168874,0.0,3.422033898305085,0.0
11,3,request_observed,1.0,Diffusion-JCSO,0.0,100.0,2.9437781906195157,4.463372496138535,5.259718305999366,0.0,0.9962740384615385,42.52452357809787,0.6787941145871039,82.85061205092087,1.7669715208467989,0.0,2.434615384615385,0.0,5.1484611395762,0.0,3.422033898305085,0.0
11,3,request_observed,0.82,Independent,39.375,96.25,3.4726337470272823,4.561935038661033,14.96,37.01298701298701,0.7057692307692307,29.862362438902096,0.7818301878546274,2.000000000000002,1.0164095775618078,0.0,2.8308996391430985,51.24999999999999,3.995711690251434,3.75,5.472768392156952,63.125
11,3,request_observed,0.82,StaticReserve,75.0,64.58333333333334,7.129469714205629,14.96,15.426609539966003,61.29032258064516,1.0,35.05977446089194,0.7500890812792347,37.187594656182846,1.1921523808174754,41.041666666666664,6.688712958869145,81.875,14.96,60.62499999999999,12.987391084147427,82.5
11,3,request_observed,0.82,JointHeuristic,78.125,59.166666666666664,7.302097174434175,14.96,14.96,63.02816901408451,0.6296875000000001,30.389205336741576,0.770587047637737,7.065551313109863,1.036102227880757,0.0,5.720000000000001,76.875,14.96,78.75,8.8,78.75
11,3,request_observed,0.82,Persistence-JCSO,32.5,81.875,5.0994396308101555,14.96,14.96,17.557251908396946,0.8841346153846154,46.307641060337446,0.6302064525479907,75.84495413059949,1.5817069499665177,0.0,5.720000000000001,18.75,14.96,51.87500000000001,8.8,26.875
11,3,request_observed,0.82,MovingAverage-JCSO,13.125,93.54166666666667,4.0736660483763085,14.96,14.96,7.126948775055679,0.9912259615384617,45.06932996620407,0.6448626534480586,65.36289994311119,1.5377186670376457,0.0,2.434615384615385,0.625,14.96,37.5,3.423412039332817,1.25
11,3,request_observed,0.82,QuantileMLP-JCSO,12.083333333333334,94.16666666666667,3.9511527166976586,14.96,14.96,6.637168141592921,1.0,51.18080749215663,0.5906836108085166,91.54431760874691,1.7485180768215463,0.0,2.434615384615385,0.0,14.96,36.25,3.422033898305085,0.0
11,3,request_observed,0.82,GAN-JCSO,12.291666666666666,94.16666666666667,3.937491264976013,14.96,14.96,6.8584070796460175,1.0,51.547504924074936,0.5915566630524541,93.2325253967347,1.7625986533981775,0.0,2.434615384615385,0.0,14.96,36.875,3.422033898305085,0.0
11,3,request_observed,0.82,Diffusion-JCSO,12.083333333333334,94.16666666666667,3.954189973041241,14.96,14.96,6.637168141592921,1.0,50.08289197833869,0.6044131633796528,86.43430689073719,1.7110406435502268,0.0,2.434615384615385,0.0,14.96,36.25,3.422033898305085,0.0
11,3,proactive,1.0,Independent,87.70833333333333,56.458333333333336,7.587323812805134,14.96,14.96,78.22878228782287,0.648076923076923,24.493547294544324,0.8217837083443369,33.437867159446924,1.01636265895039,50.208333333333336,6.446103973177465,100.0,14.96,66.25,8.8,96.875
11,3,proactive,1.0,StaticReserve,75.0,64.58333333333334,7.129469714205629,14.96,15.426609539966003,61.29032258064516,1.0,28.749015057931388,0.7950730466489723,37.187594656182846,1.1921523808174754,41.041666666666664,6.688712958869145,81.875,14.96,60.62499999999999,12.987391084147427,82.5
11,3,proactive,1.0,JointHeuristic,97.29166666666667,41.041666666666664,8.894973169557602,14.96,14.996336363333459,93.4010152284264,0.5707932692307693,26.67457063907016,0.8017986041682118,42.14213595239501,1.1081720830909996,46.458333333333336,6.618698505918087,100.0,14.96,91.875,11.93822918038547,100.0
11,3,proactive,1.0,Persistence-JCSO,93.125,50.416666666666664,7.953796169559488,14.96,14.96,86.36363636363636,0.6536057692307693,32.244411057298386,0.7509481134715087,64.39431567827114,1.341023875162689,38.54166666666667,5.720000000000001,99.375,14.96,81.875,10.00670912390507,98.125
11,3,proactive,1.0,MovingAverage-JCSO,65.20833333333333,72.91666666666666,5.878984174665565,14.96,14.96,52.28571428571429,0.8790865384615385,37.88972945571071,0.7094136640840963,73.85637221714505,1.57438932951847,24.583333333333332,5.720000000000001,73.75,14.96,41.875,8.8,80.0
11,3,proactive,1.0,QuantileMLP-JCSO,22.291666666666668,92.29166666666667,3.8082786918687406,7.293473957933569,14.96,15.80135440180587,1.0,43.40488206323606,0.6663072002202547,91.05094130784204,1.8041563528426487,13.125,5.720000000000001,29.375,9.550136493418856,9.375,8.8,28.125
11,3,proactive,1.0,GAN-JCSO,21.041666666666668,93.54166666666667,3.754057866673611,8.8,14.96,15.590200445434299,1.0,44.496407747608465,0.6599528320033146,94.59521675037776,1.8501629408326026,13.750000000000002,3.4806678100300075,24.375,9.539355673832933,10.0,8.8,28.749999999999996
11,3,proactive,1.0,Diffusion-JCSO,26.666666666666668,93.33333333333333,3.788771372039015,6.95826695271809,14.96,21.428571428571427,0.9962740384615385,42.51378591402452,0.6780986596569794,86.03787171220492,1.766656746702337,17.916666666666668,5.720000000000001,41.25,7.9845751769109,9.375,8.8,29.375
11,3,proactive,0.82,Independent,87.5,56.666666666666664,7.578848989428684,14.96,14.96,77.94117647058823,0.7057692307692307,29.75737266065869,0.7825220941633113,33.437867159446924,1.0127722365121978,50.208333333333336,6.446103973177465,100.0,14.96,66.25,8.8,96.25
11,3,proactive,0.82,StaticReserve,75.0,64.58333333333334,7.129469714205629,14.96,15.426609539966003,61.29032258064516,1.0,35.05977446089194,0.7500890812792347,37.187594656182846,1.1921523808174754,41.041666666666664,6.688712958869145,81.875,14.96,60.62499999999999,12.987391084147427,82.5
11,3,proactive,0.82,JointHeuristic,97.91666666666666,42.916666666666664,8.838226183735946,14.96,14.965076170454168,95.14563106796116,0.6384615384615385,31.74694903297913,0.7591220849865574,42.109664416006794,1.0830206078740487,46.458333333333336,6.193359228086964,100.0,14.96,93.75,11.008203278952815,100.0
11,3,proactive,0.82,Persistence-JCSO,93.75,51.041666666666664,8.008859472932913,14.96,14.96,87.75510204081633,0.708173076923077,37.50809430572624,0.7053933215505894,64.55333887546264,1.2799694021118289,38.333333333333336,5.720000000000001,99.375,14.96,85.625,9.060147438639287,96.25
11,3,proactive,0.82,MovingAverage-JCSO,60.20833333333333,77.70833333333333,5.674654091195126,14.96,14.96,48.793565683646115,0.971033653846154,44.27520854865527,0.6532774427695672,74.30186045274229,1.510451646232528,24.583333333333332,5.720000000000001,62.5,14.96,47.5,8.8,70.625
11,3,proactive,0.82,QuantileMLP-JCSO,31.458333333333332,87.91666666666667,4.5643790859652045,14.96,14.96,22.03791469194313,1.0,50.84478082405515,0.5945734254950639,94.12605149725256,1.736960047053616,12.916666666666668,5.720000000000001,28.749999999999996,14.96,36.875,8.8,28.749999999999996
11,3,proactive,0.82,GAN-JCSO,30.208333333333332,89.16666666666667,4.509025467280353,14.96,14.96,21.72897196261682,1.0,51.85182026783857,0.5861824701273142,97.53134079615097,1.772214226166361,13.750000000000002,3.4806678100300075,23.75,14.96,36.875,8.8,30.0
11,3,proactive,0.82,Diffusion-JCSO,36.041666666666664,88.75,4.573936439211352,14.96,14.96,27.93427230046948,1.0,49.75204387239408,0.6080281954063398,89.08785507954683,1.6993059087158502,17.708333333333336,5.720000000000001,40.625,14.96,36.875,8.8,30.625000000000004
11,4,request_observed,1.0,Independent,41.875,95.0,3.5201024376147956,5.720000000000001,14.96,38.81578947368421,0.648076923076923,24.579638912703924,0.8212163451712161,2.000000000000002,1.0200000000000002,0.0,3.3446592385128646,61.25000000000001,4.147756882439976,5.0,6.576792848958152,59.375
11,4,request_observed,1.0,StaticReserve,75.0,64.58333333333334,7.129469714205629,14.96,15.426609539966003,61.29032258064516,1.0,28.749015057931388,0.7950730466489723,37.187594656182846,1.1921523808174754,41.041666666666664,6.688712958869145,81.875,14.96,60.62499999999999,12.987391084147427,82.5
11,4,request_observed,1.0,JointHeuristic,77.08333333333334,57.49999999999999,7.043698171061697,14.96,14.96,60.14492753623188,0.5543269230769232,25.257935684512844,0.8137924580362071,5.89466534420264,1.048890661789288,0.0,5.720000000000001,85.0,14.96,57.49999999999999,8.806585037623618,88.75
11,4,request_observed,1.0,Persistence-JCSO,27.916666666666668,83.125,4.538200428695506,14.96,14.96,13.283208020050125,0.8376201923076924,39.53375742586107,0.6921419064065001,72.9390194944065,1.6439075483202545,0.0,5.720000000000001,27.500000000000004,14.96,20.0,8.8,36.25
11,4,request_observed,1.0,MovingAverage-JCSO,20.833333333333336,87.5,4.1695864320197575,8.8,14.96,9.523809523809524,0.8953125000000002,38.305387326949244,0.7082919438764143,64.20487122434004,1.5908629314620266,0.0,5.720000000000001,21.875,14.96,15.625,8.8,25.0
11,4,request_observed,1.0,QuantileMLP-JCSO,0.0,100.0,2.9339009566022884,4.447973420521871,5.253788615450384,0.0,1.0,44.538880573603485,0.6598322671290852,93.44168056512008,1.8501453448100627,0.0,2.434615384615385,0.0,5.149699219527546,0.0,3.422033898305085,0.0
11,4,request_observed,1.0,GAN-JCSO,2.2916666666666665,98.125,3.1258398299751793,4.787340547718118,8.8,0.42462845010615713,0.9848557692307693,42.33466148368219,0.6741647780485349,81.13188233775742,1.758170849678661,0.0,2.4346167307666557,2.5,5.401881236662111,1.875,3.482916097777275,2.5
11,4,request_observed,1.0,Diffusion-JCSO,0.8333333333333334,99.375,3.023759939897116,4.608820623854744,5.564705610233156,0.20964360587002098,0.9875,41.35177006687979,0.6856257256757108,77.95596687799433,1.7174105218793174,0.0,2.434615385701566,1.25,5.227110864361413,0.625,3.422035167431112,0.625
11,4,request_observed,0.82,Independent,39.375,96.25,3.4726337470272823,4.561935038661033,14.96,37.01298701298701,0.7057692307692307,29.862362438902096,0.7818301878546274,2.000000000000002,1.0164095775618078,0.0,2.8308996391430985,51.24999999999999,3.995711690251434,3.75,5.472768392156952,63.125
11,4,request_observed,0.82,StaticReserve,75.0,64.58333333333334,7.129469714205629,14.96,15.426609539966003,61.29032258064516,1.0,35.05977446089194,0.7500890812792347,37.187594656182846,1.1921523808174754,41.041666666666664,6.688712958869145,81.875,14.96,60.62499999999999,12.987391084147427,82.5
11,4,request_observed,0.82,JointHeuristic,78.125,59.166666666666664,7.302097174434175,14.96,14.96,63.02816901408451,0.6296875000000001,30.389205336741576,0.770587047637737,7.065551313109863,1.036102227880757,0.0,5.720000000000001,76.875,14.96,78.75,8.8,78.75
11,4,request_observed,0.82,Persistence-JCSO,32.5,81.875,5.0994396308101555,14.96,14.96,17.557251908396946,0.8841346153846154,46.307641060337446,0.6302064525479907,75.84495413059949,1.5817069499665177,0.0,5.720000000000001,18.75,14.96,51.87500000000001,8.8,26.875
11,4,request_observed,0.82,MovingAverage-JCSO,13.125,93.54166666666667,4.0736660483763085,14.96,14.96,7.126948775055679,0.9912259615384617,45.06932996620407,0.6448626534480586,65.36289994311119,1.5377186670376457,0.0,2.434615384615385,0.625,14.96,37.5,3.423412039332817,1.25
11,4,request_observed,0.82,QuantileMLP-JCSO,12.083333333333334,94.16666666666667,3.943216686997909,14.96,14.96,6.637168141592921,1.0,52.06827739287151,0.5812777989853825,97.21915098382965,1.7792186086186106,0.0,2.434615384615385,0.0,14.96,36.25,3.422033898305085,0.0
11,4,request_observed,0.82,GAN-JCSO,12.291666666666666,94.16666666666667,3.970694907388696,14.96,14.96,6.8584070796460175,1.0,49.97426391579963,0.5991197485520751,84.3375667288162,1.706081322071601,0.0,2.434615384615385,0.0,14.96,36.875,3.422033898305085,0.0
11,4,request_observed,0.82,Diffusion-JCSO,12.083333333333334,94.16666666666667,3.9736597563119633,14.96,14.96,6.637168141592921,0.9962740384615385,48.812511222184604,0.6131440240481977,81.32523065757124,1.6666023967845058,0.0,2.434615384615385,0.0,14.96,36.25,3.422033898305085,0.0
11,4,proactive,1.0,Independent,87.70833333333333,56.458333333333336,7.587323812805134,14.96,14.96,78.22878228782287,0.648076923076923,24.493547294544324,0.8217837083443369,33.437867159446924,1.01636265895039,50.208333333333336,6.446103973177465,100.0,14.96,66.25,8.8,96.875
11,4,proactive,1.0,StaticReserve,75.0,64.58333333333334,7.129469714205629,14.96,15.426609539966003,61.29032258064516,1.0,28.749015057931388,0.7950730466489723,37.187594656182846,1.1921523808174754,41.041666666666664,6.688712958869145,81.875,14.96,60.62499999999999,12.987391084147427,82.5
11,4,proactive,1.0,JointHeuristic,97.29166666666667,41.041666666666664,8.894973169557602,14.96,14.996336363333459,93.4010152284264,0.5707932692307693,26.67457063907016,0.8017986041682118,42.14213595239501,1.1081720830909996,46.458333333333336,6.618698505918087,100.0,14.96,91.875,11.93822918038547,100.0
11,4,proactive,1.0,Persistence-JCSO,93.125,50.416666666666664,7.953796169559488,14.96,14.96,86.36363636363636,0.6536057692307693,32.244411057298386,0.7509481134715087,64.39431567827114,1.341023875162689,38.54166666666667,5.720000000000001,99.375,14.96,81.875,10.00670912390507,98.125
11,4,proactive,1.0,MovingAverage-JCSO,65.20833333333333,72.91666666666666,5.878984174665565,14.96,14.96,52.28571428571429,0.8790865384615385,37.88972945571071,0.7094136640840963,73.85637221714505,1.57438932951847,24.583333333333332,5.720000000000001,73.75,14.96,41.875,8.8,80.0
11,4,proactive,1.0,QuantileMLP-JCSO,15.208333333333332,96.04166666666667,3.499136135349748,6.008621065161193,8.8,11.713665943600867,1.0,44.19813624505127,0.6626163857089689,93.72920385953987,1.836111951333398,13.541666666666666,3.0128433011934264,18.125,6.401727598673468,3.125,8.8,24.375
11,4,proactive,1.0,GAN-JCSO,26.25,91.45833333333333,3.998212299406825,8.8,14.96,19.362186788154897,0.9912259615384617,42.63467393963386,0.6687092226089217,86.90659602637818,1.7712397239565487,17.291666666666668,5.720000000000001,32.5,14.96,11.25,8.8,35.0
11,4,proactive,1.0,Diffusion-JCSO,33.33333333333333,89.16666666666667,4.139668088153567,8.8,14.96,25.233644859813083,0.9875,41.34162226772736,0.6846705319418595,83.37526536828186,1.7174351781549784,18.958333333333332,5.720000000000001,51.24999999999999,9.59097050868845,8.75,8.8,40.0
11,4,proactive,0.82,Independent,87.5,56.666666666666664,7.578848989428684,14.96,14.96,77.94117647058823,0.7057692307692307,29.75737266065869,0.7825220941633113,33.437867159446924,1.0127722365121978,50.208333333333336,6.446103973177465,100.0,14.96,66.25,8.8,96.25
11,4,proactive,0.82,StaticReserve,75.0,64.58333333333334,7.129469714205629,14.96,15.426609539966003,61.29032258064516,1.0,35.05977446089194,0.7500890812792347,37.187594656182846,1.1921523808174754,41.041666666666664,6.688712958869145,81.875,14.96,60.62499999999999,12.987391084147427,82.5
11,4,proactive,0.82,JointHeuristic,97.91666666666666,42.916666666666664,8.838226183735946,14.96,14.965076170454168,95.14563106796116,0.6384615384615385,31.74694903297913,0.7591220849865574,42.109664416006794,1.0830206078740487,46.458333333333336,6.193359228086964,100.0,14.96,93.75,11.008203278952815,100.0
11,4,proactive,0.82,Persistence-JCSO,93.75,51.041666666666664,8.008859472932913,14.96,14.96,87.75510204081633,0.708173076923077,37.50809430572624,0.7053933215505894,64.55333887546264,1.2799694021118289,38.333333333333336,5.720000000000001,99.375,14.96,85.625,9.060147438639287,96.25
11,4,proactive,0.82,MovingAverage-JCSO,60.20833333333333,77.70833333333333,5.674654091195126,14.96,14.96,48.793565683646115,0.971033653846154,44.27520854865527,0.6532774427695672,74.30186045274229,1.510451646232528,24.583333333333332,5.720000000000001,62.5,14.96,47.5,8.8,70.625
11,4,proactive,0.82,QuantileMLP-JCSO,26.458333333333332,90.625,4.41574098373988,14.96,14.96,18.850574712643677,1.0,51.41494920226181,0.5883170513823813,97.36258142551995,1.7565122968741074,13.541666666666666,2.9595842542505584,18.125,14.96,36.875,8.8,24.375
11,4,proactive,0.82,GAN-JCSO,34.583333333333336,87.70833333333333,4.662356337818003,14.96,14.96,25.415676959619955,0.9962740384615385,50.0151836173082,0.5973382736924864,89.5279084511419,1.7074669557173536,17.083333333333332,5.720000000000001,32.5,14.96,37.5,8.8,33.75
11,4,proactive,0.82,Diffusion-JCSO,42.5,85.0,4.8698933763895464,14.96,14.96,32.35294117647059,0.9962740384615385,48.437806454349555,0.6167436760381788,86.20979143778433,1.6536257108478778,18.75,5.720000000000001,50.0,14.96,36.875,8.8,40.625
27,0,request_observed,1.0,Independent,38.54166666666667,96.875,3.3586066418525897,4.192239522227123,10.093599999999874,36.55913978494624,0.7064903846153846,22.043359151907723,0.8352704104654833,2.000000000000002,1.02,0.0,2.720066105621065,50.625,3.1898646336173093,3.125,4.28474520110729,61.875
27,0,request_observed,1.0,StaticReserve,70.41666666666667,66.45833333333333,6.745855778393284,14.96,15.085638373611571,55.4858934169279,1.0,27.261190482363816,0.7969554048780615,45.109639930093486,1.2610173249749579,38.75,7.5570871670580315,80.625,14.96,51.87500000000001,9.34626485166521,78.75
27,0,request_observed,1.0,JointHeuristic,45.83333333333333,80.0,4.758301405920963,14.96,14.96,32.29166666666667,0.5655048076923077,21.866486057126764,0.8350763104949899,1.2854229380961038,1.0118901712297947,0.0,5.720000000000001,76.875,14.96,20.0,8.8,40.625
27,0,request_observed,1.0,Persistence-JCSO,7.5,94.375,3.298678196155753,5.720000000000001,14.96,1.9867549668874174,0.8353365384615383,35.939537354206344,0.7190465273817302,71.96672835307955,1.6653828453896544,0.0,5.720000000000001,8.75,14.96,6.25,8.8,7.5
27,0,request_observed,1.0,MovingAverage-JCSO,7.5,95.0,3.248340022605707,5.720000000000001,14.96,2.631578947368421,0.8515625,35.38383648711307,0.7258385193079849,67.14178688932482,1.6388599387683287,0.0,3.452810746829568,8.125,6.570390669646187,5.0,5.58461108604328,9.375
27,0,request_observed,1.0,QuantileMLP-JCSO,0.0,100.0,2.805398507735466,3.99489259124393,4.054812272760885,0.0,1.0,43.24298665721482,0.6674439181935503,104.48270923752962,2.0032346517101844,0.0,2.434615384615385,0.0,4.023551829435441,0.0,3.422033898305085,0.0
27,0,request_observed,1.0,GAN-JCSO,0.0,100.0,2.8402285677279413,4.003813389353676,4.054812272760885,0.0,0.9701923076923077,37.410669229520245,0.7095727873779047,75.81634271422674,1.727046410020368,0.0,2.434615384615385,0.0,4.026654859204636,0.0,3.422033898305085,0.0
27,0,request_observed,1.0,Diffusion-JCSO,0.0,100.0,2.8073540515849174,3.998825387001387,4.054812272760885,0.0,1.0,41.24309458050865,0.6872213719751985,95.08421101772375,1.9106701533524362,0.0,2.434615384615385,0.0,4.023551829435441,0.0,3.422033898305085,0.0
27,0,request_observed,0.82,Independent,37.916666666666664,97.5,3.324626786309971,4.173141543184358,8.8,36.324786324786324,0.7461538461538462,26.875534693913156,0.7988002068096849,2.000000000000002,1.019765187455599,0.0,2.7008207153467763,44.375,3.1898429860513566,2.5,4.227237392156867,66.875
27,0,request_observed,0.82,StaticReserve,70.41666666666667,66.45833333333333,6.745855778393284,14.96,15.085638373611571,55.4858934169279,1.0,33.24535424678513,0.7523846400951968,45.109639930093486,1.2610173249749579,38.75,7.5570871670580315,80.625,14.96,51.87500000000001,9.34626485166521,78.75
27,0,request_observed,0.82,JointHeuristic,51.041666666666664,76.66666666666667,5.36933986912659,14.96,14.96,36.141304347826086,0.6193509615384616,26.588819822214067,0.7961015262666906,2.8175658344435486,1.009918597390398,0.0,5.720000000000001,73.125,14.96,38.75,8.8,41.25
27,0,request_observed,0.82,Persistence-JCSO,11.666666666666666,92.29166666666667,3.8239374224681923,8.8,14.96,4.288939051918736,0.8664663461538462,42.703046334409564,0.6561206761342893,74.38602139836016,1.6253962002031421,0.0,3.880616572900188,8.125,14.96,20.0,5.202384619420431,6.875000000000001
27,0,request_observed,0.82,MovingAverage-JCSO,8.125,95.41666666666667,3.5720608213002025,7.472241625265596,14.96,3.711790393013101,0.921514423076923,42.35086045619138,0.6652790837457296,68.96959106881748,1.6107887397600833,0.0,2.5583308664382463,4.375,14.96,16.875,3.478532374811309,3.125
27,0,request_observed,0.82,QuantileMLP-JCSO,4.791666666666667,97.29166666666667,3.376414342260375,6.583530987175503,14.96,2.141327623126338,1.0,51.0756440269015,0.5904633457224089,106.96765854219765,1.9451559858804097,0.0,2.434615384615385,0.0,14.96,14.374999999999998,3.422033898305085,0.0
27,0,request_observed,0.82,GAN-JCSO,4.791666666666667,97.29166666666667,3.421697306441496,6.661139117822826,14.96,2.141327623126338,0.9888221153846153,44.65897580957371,0.6440937476554778,77.99210707702153,1.6934508420098964,0.0,2.434615384615385,0.0,14.96,14.374999999999998,3.422033898305085,0.0
27,0,request_observed,0.82,Diffusion-JCSO,4.791666666666667,97.29166666666667,3.377955214788842,6.601524556316008,14.96,2.141327623126338,1.0,48.73687797492245,0.6146818291720269,97.52583627424198,1.8560716683258927,0.0,2.434615384615385,0.0,14.96,14.374999999999998,3.422033898305085,0.0
27,0,proactive,1.0,Independent,87.5,55.833333333333336,7.530604985343255,14.96,14.96,77.61194029850746,0.7021634615384615,21.928573991036828,0.8361639983227003,34.67793375843075,1.0147517527406782,49.166666666666664,6.3372334188768376,100.0,14.96,65.0,8.8,97.5
27,0,proactive,1.0,StaticReserve,70.41666666666667,66.45833333333333,6.745855778393284,14.96,15.085638373611571,55.4858934169279,1.0,27.261190482363816,0.7969554048780615,45.109639930093486,1.2610173249749579,38.75,7.5570871670580315,80.625,14.96,51.87500000000001,9.34626485166521,78.75
27,0,proactive,1.0,JointHeuristic,90.41666666666667,49.583333333333336,7.90239222383816,14.96,14.96,80.67226890756302,0.5804086538461538,23.45281756369058,0.8219731904208712,41.00990174647894,1.0857702961626665,47.5,5.874248766396659,98.75,14.96,78.75,8.8,93.75
27,0,proactive,1.0,Persistence-JCSO,80.83333333333333,56.666666666666664,7.049478866852138,14.96,14.96,66.17647058823529,0.6388221153846154,28.79962344067871,0.7740083046952554,63.35131904388391,1.3345253146207539,39.791666666666664,5.720000000000001,94.375,14.96,56.875,8.8,91.25
27,0,proactive,1.0,MovingAverage-JCSO,52.708333333333336,77.91666666666667,5.226470579151358,14.96,14.96,39.3048128342246,0.8177884615384615,34.77086755732037,0.7287339257800767,77.33166077757639,1.610948212037419,24.791666666666668,5.720000000000001,72.5,14.96,28.125,8.8,57.49999999999999
27,0,proactive,1.0,QuantileMLP-JCSO,17.916666666666668,95.83333333333334,3.485945174288236,5.895205744146359,14.96,14.347826086956522,1.0,43.088593213312514,0.6679441554894467,105.84729795578458,1.9959685610605182,13.750000000000002,3.563235172059307,18.75,6.543300136196269,4.375,8.8,30.625000000000004
27,0,proactive,1.0,GAN-JCSO,42.916666666666664,84.79166666666667,4.619952883873977,8.8,14.96,32.67813267813268,0.9813701923076923,37.455726848877404,0.7085804202372525,84.61824605127589,1.7295134246721087,22.916666666666664,5.720000000000001,53.125,14.96,15.625,8.8,60.0
27,0,proactive,1.0,Diffusion-JCSO,32.29166666666667,90.625,3.8707110361672403,8.8,10.093599999999874,25.287356321839084,0.9888221153846153,40.88872404172051,0.6892214092801867,98.11363646998288,1.894268052123833,17.708333333333336,5.720000000000001,52.5,6.457653669463918,3.75,8.8,40.625
27,0,proactive,0.82,Independent,87.5,55.833333333333336,7.537613139023706,14.96,14.96,77.61194029850746,0.741826923076923,26.735552790412054,0.7998899480989736,34.67793375843075,1.014516940196277,49.166666666666664,6.3372334188768376,100.0,14.96,65.0,8.8,97.5
27,0,proactive,0.82,StaticReserve,70.41666666666667,66.45833333333333,6.745855778393284,14.96,15.085638373611571,55.4858934169279,1.0,33.24535424678513,0.7523846400951968,45.109639930093486,1.2610173249749579,38.75,7.5570871670580315,80.625,14.96,51.87500000000001,9.34626485166521,78.75
27,0,proactive,0.82,JointHeuristic,91.45833333333333,49.583333333333336,7.9761511081502645,14.96,14.96,82.77310924369748,0.6236778846153846,28.135714953249703,0.7821245192655328,41.34393487810102,1.0694228570655195,47.083333333333336,5.8655929117063765,98.125,14.96,82.5,8.8,93.75
27,0,proactive,0.82,Persistence-JCSO,83.54166666666667,56.041666666666664,7.220029417473106,14.96,14.96,70.63197026022306,0.6455528846153846,33.98138349914857,0.7263680838393044,64.35342872420311,1.2921556830921495,39.791666666666664,5.720000000000001,94.375,14.96,65.625,8.8,90.625
27,0,proactive,0.82,MovingAverage-JCSO,52.29166666666667,80.20833333333334,5.191287314406067,14.96,14.96,40.519480519480524,0.881610576923077,41.20366214022774,0.6726137302380183,78.13371731517546,1.5670808961626779,25.0,5.720000000000001,68.75,14.96,34.375,8.8,53.75
27,0,proactive,0.82,QuantileMLP-JCSO,21.875,93.75,3.9157565679410906,8.8,14.96,16.666666666666664,1.0,50.82224826227677,0.593417102638929,107.89345205407226,1.9348798208963416,13.750000000000002,3.563235172059307,18.75,14.96,16.25,8.8,30.625000000000004
27,0,proactive,0.82,GAN-JCSO,45.0,84.16666666666667,4.814175974326336,8.8,14.96,34.65346534653465,0.9962740384615385,44.53117737953711,0.646481767049931,85.71169518340925,1.688395561430415,22.708333333333332,5.720000000000001,53.125,14.96,21.875,8.8,60.0
27,0,proactive,0.82,Diffusion-JCSO,35.833333333333336,88.75,4.274083251397168,8.8,14.96,27.699530516431924,1.0,48.137618589597984,0.6204212176518664,99.98124095786287,1.832636866314292,17.5,5.720000000000001,51.24999999999999,14.96,15.0,8.8,41.25
27,1,request_observed,1.0,Independent,38.54166666666667,96.875,3.3586066418525897,4.192239522227123,10.093599999999874,36.55913978494624,0.7064903846153846,22.043359151907723,0.8352704104654833,2.000000000000002,1.02,0.0,2.720066105621065,50.625,3.1898646336173093,3.125,4.28474520110729,61.875
27,1,request_observed,1.0,StaticReserve,70.41666666666667,66.45833333333333,6.745855778393284,14.96,15.085638373611571,55.4858934169279,1.0,27.261190482363816,0.7969554048780615,45.109639930093486,1.2610173249749579,38.75,7.5570871670580315,80.625,14.96,51.87500000000001,9.34626485166521,78.75
27,1,request_observed,1.0,JointHeuristic,45.83333333333333,80.0,4.758301405920963,14.96,14.96,32.29166666666667,0.5655048076923077,21.866486057126764,0.8350763104949899,1.2854229380961038,1.0118901712297947,0.0,5.720000000000001,76.875,14.96,20.0,8.8,40.625
27,1,request_observed,1.0,Persistence-JCSO,7.5,94.375,3.298678196155753,5.720000000000001,14.96,1.9867549668874174,0.8353365384615383,35.939537354206344,0.7190465273817302,71.96672835307955,1.6653828453896544,0.0,5.720000000000001,8.75,14.96,6.25,8.8,7.5
27,1,request_observed,1.0,MovingAverage-JCSO,7.5,95.0,3.248340022605707,5.720000000000001,14.96,2.631578947368421,0.8515625,35.38383648711307,0.7258385193079849,67.14178688932482,1.6388599387683287,0.0,3.452810746829568,8.125,6.570390669646187,5.0,5.58461108604328,9.375
27,1,request_observed,1.0,QuantileMLP-JCSO,0.0,100.0,2.810672447519672,3.994054553623693,4.054812272760885,0.0,1.0,43.28902951828072,0.6685952322259064,105.04698550334156,2.0048953795943008,0.0,2.434615384615385,0.0,4.023551829435441,0.0,3.422033898305085,0.0
27,1,request_observed,1.0,GAN-JCSO,0.0,100.0,2.8246462885136046,3.998825387001387,4.054812272760885,0.0,1.0,42.02203863517709,0.674679785959577,98.5317341444014,1.9447906253945373,0.0,2.434615384615385,0.0,4.023551829435441,0.0,3.422033898305085,0.0
27,1,request_observed,1.0,Diffusion-JCSO,0.0,100.0,2.8125303521419975,4.002134804439806,4.054812272760885,0.0,0.9962740384615385,40.39177492168484,0.6933319805270308,90.48599481800083,1.8713258080880861,0.0,2.434615384615385,0.0,4.023551829435441,0.0,3.422033898305085,0.0
27,1,request_observed,0.82,Independent,37.916666666666664,97.5,3.324626786309971,4.173141543184358,8.8,36.324786324786324,0.7461538461538462,26.875534693913156,0.7988002068096849,2.000000000000002,1.019765187455599,0.0,2.7008207153467763,44.375,3.1898429860513566,2.5,4.227237392156867,66.875
27,1,request_observed,0.82,StaticReserve,70.41666666666667,66.45833333333333,6.745855778393284,14.96,15.085638373611571,55.4858934169279,1.0,33.24535424678513,0.7523846400951968,45.109639930093486,1.2610173249749579,38.75,7.5570871670580315,80.625,14.96,51.87500000000001,9.34626485166521,78.75
27,1,request_observed,0.82,JointHeuristic,51.041666666666664,76.66666666666667,5.36933986912659,14.96,14.96,36.141304347826086,0.6193509615384616,26.588819822214067,0.7961015262666906,2.8175658344435486,1.009918597390398,0.0,5.720000000000001,73.125,14.96,38.75,8.8,41.25
27,1,request_observed,0.82,Persistence-JCSO,11.666666666666666,92.29166666666667,3.8239374224681923,8.8,14.96,4.288939051918736,0.8664663461538462,42.703046334409564,0.6561206761342893,74.38602139836016,1.6253962002031421,0.0,3.880616572900188,8.125,14.96,20.0,5.202384619420431,6.875000000000001
27,1,request_observed,0.82,MovingAverage-JCSO,8.125,95.41666666666667,3.5720608213002025,7.472241625265596,14.96,3.711790393013101,0.921514423076923,42.35086045619138,0.6652790837457296,68.96959106881748,1.6107887397600833,0.0,2.5583308664382463,4.375,14.96,16.875,3.478532374811309,3.125
27,1,request_observed,0.82,QuantileMLP-JCSO,4.791666666666667,97.29166666666667,3.3816522632745016,6.602589192591801,14.96,2.141327623126338,1.0,51.09869112031926,0.5920597355098846,107.55240698346921,1.9456152331501135,0.0,2.434615384615385,0.0,14.96,14.374999999999998,3.422033898305085,0.0
27,1,request_observed,0.82,GAN-JCSO,4.791666666666667,97.29166666666667,3.3943106248856947,6.618565994555427,14.96,2.141327623126338,1.0,49.85616162613635,0.5996143125944988,100.94775978193678,1.8962107868018456,0.0,2.434615384615385,0.0,14.96,14.374999999999998,3.422033898305085,0.0
27,1,request_observed,0.82,Diffusion-JCSO,5.0,97.29166666666667,3.383456734741812,6.592296436678391,14.96,2.355460385438972,0.9962740384615385,48.02035184084028,0.6221379282517409,92.82282395874515,1.828112369113142,0.0,2.434615384615385,0.0,14.96,15.0,3.422033898305085,0.0
27,1,proactive,1.0,Independent,87.5,55.833333333333336,7.530604985343255,14.96,14.96,77.61194029850746,0.7021634615384615,21.928573991036828,0.8361639983227003,34.67793375843075,1.0147517527406782,49.166666666666664,6.3372334188768376,100.0,14.96,65.0,8.8,97.5
27,1,proactive,1.0,StaticReserve,70.41666666666667,66.45833333333333,6.745855778393284,14.96,15.085638373611571,55.4858934169279,1.0,27.261190482363816,0.7969554048780615,45.109639930093486,1.2610173249749579,38.75,7.5570871670580315,80.625,14.96,51.87500000000001,9.34626485166521,78.75
27,1,proactive,1.0,JointHeuristic,90.41666666666667,49.583333333333336,7.90239222383816,14.96,14.96,80.67226890756302,0.5804086538461538,23.45281756369058,0.8219731904208712,41.00990174647894,1.0857702961626665,47.5,5.874248766396659,98.75,14.96,78.75,8.8,93.75
27,1,proactive,1.0,Persistence-JCSO,80.83333333333333,56.666666666666664,7.049478866852138,14.96,14.96,66.17647058823529,0.6388221153846154,28.79962344067871,0.7740083046952554,63.35131904388391,1.3345253146207539,39.791666666666664,5.720000000000001,94.375,14.96,56.875,8.8,91.25
27,1,proactive,1.0,MovingAverage-JCSO,52.708333333333336,77.91666666666667,5.226470579151358,14.96,14.96,39.3048128342246,0.8177884615384615,34.77086755732037,0.7287339257800767,77.33166077757639,1.610948212037419,24.791666666666668,5.720000000000001,72.5,14.96,28.125,8.8,57.49999999999999
27,1,proactive,1.0,QuantileMLP-JCSO,11.458333333333332,97.5,3.2832372188622077,5.174316122169417,8.8,9.18803418803419,1.0,42.929785944607524,0.6718875365771343,105.02334811947499,1.9881456482276618,12.708333333333332,2.6246551850096287,6.875000000000001,5.176993377961258,1.25,8.8,26.25
27,1,proactive,1.0,GAN-JCSO,20.833333333333336,93.125,3.736503951825713,8.8,14.96,14.988814317673377,0.992548076923077,41.462183717001146,0.6777206499311401,100.14080932136787,1.9186271127342056,13.958333333333334,3.692545656391424,16.25,9.380059807402704,6.25,8.8,40.0
27,1,proactive,1.0,Diffusion-JCSO,28.749999999999996,90.41666666666667,4.024365375791251,8.8,14.96,21.19815668202765,0.992548076923077,40.17852356246057,0.6943767280607446,94.49404599932012,1.8617036322192293,18.125,5.720000000000001,38.125,14.96,9.375,8.8,38.75
27,1,proactive,0.82,Independent,87.5,55.833333333333336,7.537613139023706,14.96,14.96,77.61194029850746,0.741826923076923,26.735552790412054,0.7998899480989736,34.67793375843075,1.014516940196277,49.166666666666664,6.3372334188768376,100.0,14.96,65.0,8.8,97.5
27,1,proactive,0.82,StaticReserve,70.41666666666667,66.45833333333333,6.745855778393284,14.96,15.085638373611571,55.4858934169279,1.0,33.24535424678513,0.7523846400951968,45.109639930093486,1.2610173249749579,38.75,7.5570871670580315,80.625,14.96,51.87500000000001,9.34626485166521,78.75
27,1,proactive,0.82,JointHeuristic,91.45833333333333,49.583333333333336,7.9761511081502645,14.96,14.96,82.77310924369748,0.6236778846153846,28.135714953249703,0.7821245192655328,41.34393487810102,1.0694228570655195,47.083333333333336,5.8655929117063765,98.125,14.96,82.5,8.8,93.75
27,1,proactive,0.82,Persistence-JCSO,83.54166666666667,56.041666666666664,7.220029417473106,14.96,14.96,70.63197026022306,0.6455528846153846,33.98138349914857,0.7263680838393044,64.35342872420311,1.2921556830921495,39.791666666666664,5.720000000000001,94.375,14.96,65.625,8.8,90.625
27,1,proactive,0.82,MovingAverage-JCSO,52.29166666666667,80.20833333333334,5.191287314406067,14.96,14.96,40.519480519480524,0.881610576923077,41.20366214022774,0.6726137302380183,78.13371731517546,1.5670808961626779,25.0,5.720000000000001,68.75,14.96,34.375,8.8,53.75
27,1,proactive,0.82,QuantileMLP-JCSO,16.25,94.79166666666666,3.7926751094134654,8.8,14.96,11.648351648351648,1.0,50.615121004356325,0.5980789803409476,107.18347387653789,1.9267521098553129,12.083333333333334,2.6246551850096287,6.875000000000001,14.96,15.625,8.8,26.25
27,1,proactive,0.82,GAN-JCSO,24.166666666666668,91.45833333333333,4.086325925424384,8.8,14.96,17.084282460136674,0.9962740384615385,49.09087699887712,0.6065713323490073,101.78300360850606,1.8664257570119516,13.958333333333334,3.692545656391424,16.25,14.96,16.25,8.8,40.0
27,1,proactive,0.82,Diffusion-JCSO,31.874999999999996,88.75,4.361182517914973,8.8,14.96,23.239436619718308,1.0,47.57071388528466,0.6269674529214596,95.96111979869617,1.8106117860232551,18.125,5.720000000000001,37.5,14.96,18.75,8.8,39.375
27,2,request_observed,1.0,Independent,38.54166666666667,96.875,3.3586066418525897,4.192239522227123,10.093599999999874,36.55913978494624,0.7064903846153846,22.043359151907723,0.8352704104654833,2.000000000000002,1.02,0.0,2.720066105621065,50.625,3.1898646336173093,3.125,4.28474520110729,61.875
27,2,request_observed,1.0,StaticReserve,70.41666666666667,66.45833333333333,6.745855778393284,14.96,15.085638373611571,55.4858934169279,1.0,27.261190482363816,0.7969554048780615,45.109639930093486,1.2610173249749579,38.75,7.5570871670580315,80.625,14.96,51.87500000000001,9.34626485166521,78.75
27,2,request_observed,1.0,JointHeuristic,45.83333333333333,80.0,4.758301405920963,14.96,14.96,32.29166666666667,0.5655048076923077,21.866486057126764,0.8350763104949899,1.2854229380961038,1.0118901712297947,0.0,5.720000000000001,76.875,14.96,20.0,8.8,40.625
27,2,request_observed,1.0,Persistence-JCSO,7.5,94.375,3.298678196155753,5.720000000000001,14.96,1.9867549668874174,0.8353365384615383,35.939537354206344,0.7190465273817302,71.96672835307955,1.6653828453896544,0.0,5.720000000000001,8.75,14.96,6.25,8.8,7.5
27,2,request_observed,1.0,MovingAverage-JCSO,7.5,95.0,3.248340022605707,5.720000000000001,14.96,2.631578947368421,0.8515625,35.38383648711307,0.7258385193079849,67.14178688932482,1.6388599387683287,0.0,3.452810746829568,8.125,6.570390669646187,5.0,5.58461108604328,9.375
27,2,request_observed,1.0,QuantileMLP-JCSO,0.0,100.0,2.813754477859531,3.998825387001387,4.054812272760885,0.0,1.0,43.10587505993993,0.6700486130162794,103.76343286292924,1.9961222174743236,0.0,2.434615384615385,0.0,4.023551829435441,0.0,3.422033898305085,0.0
27,2,request_observed,1.0,GAN-JCSO,2.7083333333333335,98.125,3.0330326143841213,4.031901756351533,8.8,0.8492569002123143,0.9475961538461538,35.46964142568939,0.7297895244193455,67.16652463634487,1.6404266549567152,0.0,2.4395884583517478,3.75,4.462515440572644,1.875,3.427372126958785,2.5
27,2,request_observed,1.0,Diffusion-JCSO,0.0,100.0,2.8015502007195296,3.998825387001387,4.054812272760885,0.0,1.0,41.87848863180476,0.6829040894360078,98.00192777438347,1.940718935750947,0.0,2.434615384615385,0.0,4.023551829435441,0.0,3.422033898305085,0.0
27,2,request_observed,0.82,Independent,37.916666666666664,97.5,3.324626786309971,4.173141543184358,8.8,36.324786324786324,0.7461538461538462,26.875534693913156,0.7988002068096849,2.000000000000002,1.019765187455599,0.0,2.7008207153467763,44.375,3.1898429860513566,2.5,4.227237392156867,66.875
27,2,request_observed,0.82,StaticReserve,70.41666666666667,66.45833333333333,6.745855778393284,14.96,15.085638373611571,55.4858934169279,1.0,33.24535424678513,0.7523846400951968,45.109639930093486,1.2610173249749579,38.75,7.5570871670580315,80.625,14.96,51.87500000000001,9.34626485166521,78.75
27,2,request_observed,0.82,JointHeuristic,51.041666666666664,76.66666666666667,5.36933986912659,14.96,14.96,36.141304347826086,0.6193509615384616,26.588819822214067,0.7961015262666906,2.8175658344435486,1.009918597390398,0.0,5.720000000000001,73.125,14.96,38.75,8.8,41.25
27,2,request_observed,0.82,Persistence-JCSO,11.666666666666666,92.29166666666667,3.8239374224681923,8.8,14.96,4.288939051918736,0.8664663461538462,42.703046334409564,0.6561206761342893,74.38602139836016,1.6253962002031421,0.0,3.880616572900188,8.125,14.96,20.0,5.202384619420431,6.875000000000001
27,2,request_observed,0.82,MovingAverage-JCSO,8.125,95.41666666666667,3.5720608213002025,7.472241625265596,14.96,3.711790393013101,0.921514423076923,42.35086045619138,0.6652790837457296,68.96959106881748,1.6107887397600833,0.0,2.5583308664382463,4.375,14.96,16.875,3.478532374811309,3.125
27,2,request_observed,0.82,QuantileMLP-JCSO,4.791666666666667,97.29166666666667,3.3851650801893225,6.593959273570779,14.96,2.141327623126338,1.0,50.88207552947486,0.5938646601560109,106.22802651548814,1.9370792006282735,0.0,2.434615384615385,0.0,14.96,14.374999999999998,3.422033898305085,0.0
27,2,request_observed,0.82,GAN-JCSO,4.791666666666667,97.29166666666667,3.445495106896681,6.661325739582833,14.96,2.141327623126338,0.9850961538461538,42.41616090204735,0.6692372311674725,69.1093989077095,1.6111113409748985,0.0,2.434615384615385,0.0,14.96,14.374999999999998,3.422033898305085,0.0
27,2,request_observed,0.82,Diffusion-JCSO,4.791666666666667,97.29166666666667,3.372653978246953,6.719957653018625,14.96,2.141327623126338,1.0,49.47495407877046,0.6094840871088525,100.41607880864632,1.8847700984992295,0.0,2.434615384615385,0.0,14.96,14.374999999999998,3.422033898305085,0.0
27,2,proactive,1.0,Independent,87.5,55.833333333333336,7.530604985343255,14.96,14.96,77.61194029850746,0.7021634615384615,21.928573991036828,0.8361639983227003,34.67793375843075,1.0147517527406782,49.166666666666664,6.3372334188768376,100.0,14.96,65.0,8.8,97.5
27,2,proactive,1.0,StaticReserve,70.41666666666667,66.45833333333333,6.745855778393284,14.96,15.085638373611571,55.4858934169279,1.0,27.261190482363816,0.7969554048780615,45.109639930093486,1.2610173249749579,38.75,7.5570871670580315,80.625,14.96,51.87500000000001,9.34626485166521,78.75
27,2,proactive,1.0,JointHeuristic,90.41666666666667,49.583333333333336,7.90239222383816,14.96,14.96,80.67226890756302,0.5804086538461538,23.45281756369058,0.8219731904208712,41.00990174647894,1.0857702961626665,47.5,5.874248766396659,98.75,14.96,78.75,8.8,93.75
27,2,proactive,1.0,Persistence-JCSO,80.83333333333333,56.666666666666664,7.049478866852138,14.96,14.96,66.17647058823529,0.6388221153846154,28.79962344067871,0.7740083046952554,63.35131904388391,1.3345253146207539,39.791666666666664,5.720000000000001,94.375,14.96,56.875,8.8,91.25
27,2,proactive,1.0,MovingAverage-JCSO,52.708333333333336,77.91666666666667,5.226470579151358,14.96,14.96,39.3048128342246,0.8177884615384615,34.77086755732037,0.7287339257800767,77.33166077757639,1.610948212037419,24.791666666666668,5.720000000000001,72.5,14.96,28.125,8.8,57.49999999999999
27,2,proactive,1.0,QuantileMLP-JCSO,16.875,95.83333333333334,3.4297495960450934,5.72385989766477,8.8,13.260869565217392,1.0,42.76518206566761,0.6731367890539527,104.25366973632023,1.98009711148296,14.374999999999998,3.5684704415436763,17.5,5.187308596646422,1.875,8.8,31.25
27,2,proactive,1.0,GAN-JCSO,49.375,80.625,4.978861309703984,8.8,14.96,37.2093023255814,0.9276442307692309,35.38688011048533,0.7286269471129799,78.09057587362042,1.6375370574024695,25.208333333333332,5.720000000000001,64.375,14.96,18.75,8.8,65.0
27,2,proactive,1.0,Diffusion-JCSO,24.166666666666668,91.875,3.8288387837463604,8.8,14.96,17.46031746031746,1.0,41.469421046394075,0.6855669300083942,100.3160448530138,1.9219689381771472,15.416666666666668,5.720000000000001,37.5,14.96,7.5,8.8,27.500000000000004
27,2,proactive,0.82,Independent,87.5,55.833333333333336,7.537613139023706,14.96,14.96,77.61194029850746,0.741826923076923,26.735552790412054,0.7998899480989736,34.67793375843075,1.014516940196277,49.166666666666664,6.3372334188768376,100.0,14.96,65.0,8.8,97.5
27,2,proactive,0.82,StaticReserve,70.41666666666667,66.45833333333333,6.745855778393284,14.96,15.085638373611571,55.4858934169279,1.0,33.24535424678513,0.7523846400951968,45.109639930093486,1.2610173249749579,38.75,7.5570871670580315,80.625,14.96,51.87500000000001,9.34626485166521,78.75
27,2,proactive,0.82,JointHeuristic,91.45833333333333,49.583333333333336,7.9761511081502645,14.96,14.96,82.77310924369748,0.6236778846153846,28.135714953249703,0.7821245192655328,41.34393487810102,1.0694228570655195,47.083333333333336,5.8655929117063765,98.125,14.96,82.5,8.8,93.75
27,2,proactive,0.82,Persistence-JCSO,83.54166666666667,56.041666666666664,7.220029417473106,14.96,14.96,70.63197026022306,0.6455528846153846,33.98138349914857,0.7263680838393044,64.35342872420311,1.2921556830921495,39.791666666666664,5.720000000000001,94.375,14.96,65.625,8.8,90.625
27,2,proactive,0.82,MovingAverage-JCSO,52.29166666666667,80.20833333333334,5.191287314406067,14.96,14.96,40.519480519480524,0.881610576923077,41.20366214022774,0.6726137302380183,78.13371731517546,1.5670808961626779,25.0,5.720000000000001,68.75,14.96,34.375,8.8,53.75
27,2,proactive,0.82,QuantileMLP-JCSO,21.458333333333332,93.33333333333333,3.8999762900220514,8.8,14.96,15.848214285714285,1.0,50.40839408669504,0.5999917480773028,106.23711220861448,1.9183525724158403,14.166666666666666,3.5684704415436763,17.5,14.96,15.0,8.8,31.874999999999996
27,2,proactive,0.82,GAN-JCSO,48.75,82.08333333333333,5.011639037388507,8.867052613742729,14.96,37.56345177664975,0.9850961538461538,42.113070391624404,0.6723205172540151,78.95964293147009,1.5999776890932673,25.208333333333332,5.720000000000001,60.0,14.96,22.5,8.8,63.74999999999999
27,2,proactive,0.82,Diffusion-JCSO,27.708333333333336,90.20833333333333,4.184700079227552,8.8,14.96,19.861431870669747,1.0,48.82983617759207,0.6155024696645786,102.02816617625396,1.859754911570628,15.416666666666668,5.720000000000001,37.5,14.96,17.5,8.8,28.125
27,3,request_observed,1.0,Independent,38.54166666666667,96.875,3.3586066418525897,4.192239522227123,10.093599999999874,36.55913978494624,0.7064903846153846,22.043359151907723,0.8352704104654833,2.000000000000002,1.02,0.0,2.720066105621065,50.625,3.1898646336173093,3.125,4.28474520110729,61.875
27,3,request_observed,1.0,StaticReserve,70.41666666666667,66.45833333333333,6.745855778393284,14.96,15.085638373611571,55.4858934169279,1.0,27.261190482363816,0.7969554048780615,45.109639930093486,1.2610173249749579,38.75,7.5570871670580315,80.625,14.96,51.87500000000001,9.34626485166521,78.75
27,3,request_observed,1.0,JointHeuristic,45.83333333333333,80.0,4.758301405920963,14.96,14.96,32.29166666666667,0.5655048076923077,21.866486057126764,0.8350763104949899,1.2854229380961038,1.0118901712297947,0.0,5.720000000000001,76.875,14.96,20.0,8.8,40.625
27,3,request_observed,1.0,Persistence-JCSO,7.5,94.375,3.298678196155753,5.720000000000001,14.96,1.9867549668874174,0.8353365384615383,35.939537354206344,0.7190465273817302,71.96672835307955,1.6653828453896544,0.0,5.720000000000001,8.75,14.96,6.25,8.8,7.5
27,3,request_observed,1.0,MovingAverage-JCSO,7.5,95.0,3.248340022605707,5.720000000000001,14.96,2.631578947368421,0.8515625,35.38383648711307,0.7258385193079849,67.14178688932482,1.6388599387683287,0.0,3.452810746829568,8.125,6.570390669646187,5.0,5.58461108604328,9.375
27,3,request_observed,1.0,QuantileMLP-JCSO,0.0,100.0,2.8040308232868285,3.998825387001387,4.054812272760885,0.0,1.0,43.69960867222204,0.6629160896252652,106.46402494335688,2.0241907894403584,0.0,2.434615384615385,0.0,4.023551829435441,0.0,3.422033898305085,0.0
27,3,request_observed,1.0,GAN-JCSO,0.0,100.0,2.817451108565975,4.002134804439806,4.064514675927362,0.0,1.0,42.37791936742051,0.6715045722103659,99.96228299964729,1.9616684716771893,0.0,2.429240886171426,0.0,4.026654859204636,0.0,3.422033898305085,0.0
27,3,request_observed,1.0,Diffusion-JCSO,0.0,100.0,2.808392409335087,3.992804596632115,4.054812272760885,0.0,1.0,42.16571934259551,0.6777927086053689,99.56530806223418,1.9528751134087095,0.0,2.434615384615385,0.0,4.023551829435441,0.0,3.422033898305085,0.0
27,3,request_observed,0.82,Independent,37.916666666666664,97.5,3.324626786309971,4.173141543184358,8.8,36.324786324786324,0.7461538461538462,26.875534693913156,0.7988002068096849,2.000000000000002,1.019765187455599,0.0,2.7008207153467763,44.375,3.1898429860513566,2.5,4.227237392156867,66.875
27,3,request_observed,0.82,StaticReserve,70.41666666666667,66.45833333333333,6.745855778393284,14.96,15.085638373611571,55.4858934169279,1.0,33.24535424678513,0.7523846400951968,45.109639930093486,1.2610173249749579,38.75,7.5570871670580315,80.625,14.96,51.87500000000001,9.34626485166521,78.75
27,3,request_observed,0.82,JointHeuristic,51.041666666666664,76.66666666666667,5.36933986912659,14.96,14.96,36.141304347826086,0.6193509615384616,26.588819822214067,0.7961015262666906,2.8175658344435486,1.009918597390398,0.0,5.720000000000001,73.125,14.96,38.75,8.8,41.25
27,3,request_observed,0.82,Persistence-JCSO,11.666666666666666,92.29166666666667,3.8239374224681923,8.8,14.96,4.288939051918736,0.8664663461538462,42.703046334409564,0.6561206761342893,74.38602139836016,1.6253962002031421,0.0,3.880616572900188,8.125,14.96,20.0,5.202384619420431,6.875000000000001
27,3,request_observed,0.82,MovingAverage-JCSO,8.125,95.41666666666667,3.5720608213002025,7.472241625265596,14.96,3.711790393013101,0.921514423076923,42.35086045619138,0.6652790837457296,68.96959106881748,1.6107887397600833,0.0,2.5583308664382463,4.375,14.96,16.875,3.478532374811309,3.125
27,3,request_observed,0.82,QuantileMLP-JCSO,4.791666666666667,97.29166666666667,3.375159637379826,6.599445872431279,14.96,2.141327623126338,1.0,51.6714690162722,0.5850708311406024,108.94018137087,1.9674481439844722,0.0,2.434615384615385,0.0,14.96,14.374999999999998,3.422033898305085,0.0
27,3,request_observed,0.82,GAN-JCSO,4.791666666666667,97.29166666666667,3.388307188032944,6.6006382464780335,14.96,2.141327623126338,1.0,50.11753544468884,0.5955563101401025,102.40355465968058,1.9070101461716251,0.0,2.429240886171426,0.0,14.96,14.374999999999998,3.422033898305085,0.0
27,3,request_observed,0.82,Diffusion-JCSO,4.791666666666667,97.29166666666667,3.381083510008652,6.598189415213028,14.96,2.141327623126338,1.0,49.67250388769326,0.6030428027184354,102.06223295177817,1.8915930291046479,0.0,2.434615384615385,0.0,14.96,14.374999999999998,3.422033898305085,0.0
27,3,proactive,1.0,Independent,87.5,55.833333333333336,7.530604985343255,14.96,14.96,77.61194029850746,0.7021634615384615,21.928573991036828,0.8361639983227003,34.67793375843075,1.0147517527406782,49.166666666666664,6.3372334188768376,100.0,14.96,65.0,8.8,97.5
27,3,proactive,1.0,StaticReserve,70.41666666666667,66.45833333333333,6.745855778393284,14.96,15.085638373611571,55.4858934169279,1.0,27.261190482363816,0.7969554048780615,45.109639930093486,1.2610173249749579,38.75,7.5570871670580315,80.625,14.96,51.87500000000001,9.34626485166521,78.75
27,3,proactive,1.0,JointHeuristic,90.41666666666667,49.583333333333336,7.90239222383816,14.96,14.96,80.67226890756302,0.5804086538461538,23.45281756369058,0.8219731904208712,41.00990174647894,1.0857702961626665,47.5,5.874248766396659,98.75,14.96,78.75,8.8,93.75
27,3,proactive,1.0,Persistence-JCSO,80.83333333333333,56.666666666666664,7.049478866852138,14.96,14.96,66.17647058823529,0.6388221153846154,28.79962344067871,0.7740083046952554,63.35131904388391,1.3345253146207539,39.791666666666664,5.720000000000001,94.375,14.96,56.875,8.8,91.25
27,3,proactive,1.0,MovingAverage-JCSO,52.708333333333336,77.91666666666667,5.226470579151358,14.96,14.96,39.3048128342246,0.8177884615384615,34.77086755732037,0.7287339257800767,77.33166077757639,1.610948212037419,24.791666666666668,5.720000000000001,72.5,14.96,28.125,8.8,57.49999999999999
27,3,proactive,1.0,QuantileMLP-JCSO,11.041666666666666,97.5,3.286790974741736,5.108760747203961,8.8,8.76068376068376,1.0,43.385656503963496,0.6649813331495864,107.08980889203983,2.009528354285859,11.25,2.690067778891868,8.75,6.076541453049616,3.125,5.665113394102439,21.25
27,3,proactive,1.0,GAN-JCSO,17.708333333333336,94.79166666666666,3.5089674311022936,6.3773947852739985,8.8,13.186813186813188,1.0,42.179074092698414,0.6726800407990755,101.52002998668269,1.9524470121813113,12.5,3.324713092073982,11.25,6.0578861665372,3.125,8.8,38.75
27,3,proactive,1.0,Diffusion-JCSO,23.958333333333336,92.91666666666667,3.666892640552164,7.082430838145641,8.8,18.161434977578477,1.0,41.82753252875006,0.6802735610802303,101.16345100608848,1.937330349200517,14.791666666666666,5.720000000000001,28.749999999999996,6.0777330564115,3.125,8.8,40.0
27,3,proactive,0.82,Independent,87.5,55.833333333333336,7.537613139023706,14.96,14.96,77.61194029850746,0.741826923076923,26.735552790412054,0.7998899480989736,34.67793375843075,1.014516940196277,49.166666666666664,6.3372334188768376,100.0,14.96,65.0,8.8,97.5
27,3,proactive,0.82,StaticReserve,70.41666666666667,66.45833333333333,6.745855778393284,14.96,15.085638373611571,55.4858934169279,1.0,33.24535424678513,0.7523846400951968,45.109639930093486,1.2610173249749579,38.75,7.5570871670580315,80.625,14.96,51.87500000000001,9.34626485166521,78.75
27,3,proactive,0.82,JointHeuristic,91.45833333333333,49.583333333333336,7.9761511081502645,14.96,14.96,82.77310924369748,0.6236778846153846,28.135714953249703,0.7821245192655328,41.34393487810102,1.0694228570655195,47.083333333333336,5.8655929117063765,98.125,14.96,82.5,8.8,93.75
27,3,proactive,0.82,Persistence-JCSO,83.54166666666667,56.041666666666664,7.220029417473106,14.96,14.96,70.63197026022306,0.6455528846153846,33.98138349914857,0.7263680838393044,64.35342872420311,1.2921556830921495,39.791666666666664,5.720000000000001,94.375,14.96,65.625,8.8,90.625
27,3,proactive,0.82,MovingAverage-JCSO,52.29166666666667,80.20833333333334,5.191287314406067,14.96,14.96,40.519480519480524,0.881610576923077,41.20366214022774,0.6726137302380183,78.13371731517546,1.5670808961626779,25.0,5.720000000000001,68.75,14.96,34.375,8.8,53.75
27,3,proactive,0.82,QuantileMLP-JCSO,15.0,95.20833333333333,3.743680190073049,7.624309695857533,14.96,10.722100656455142,1.0,51.21221375812137,0.5896919851490153,109.15909702125096,1.9495039038217563,11.041666666666666,2.690067778891868,8.125,14.96,15.625,5.665113394102439,21.25
27,3,proactive,0.82,GAN-JCSO,21.875,92.5,3.9746033092181485,8.8,14.96,15.54054054054054,1.0,49.820043772140345,0.5990536399430921,103.64467095280241,1.8952034569910592,12.5,3.324713092073982,11.25,14.96,15.625,8.8,38.75
27,3,proactive,0.82,Diffusion-JCSO,27.708333333333336,90.83333333333333,4.108017553455099,8.8,14.96,20.412844036697248,1.0,49.22824409422322,0.6081226608329103,103.29759325091423,1.874191741947312,14.791666666666666,5.720000000000001,28.125,14.96,15.0,8.8,40.0
27,4,request_observed,1.0,Independent,38.54166666666667,96.875,3.3586066418525897,4.192239522227123,10.093599999999874,36.55913978494624,0.7064903846153846,22.043359151907723,0.8352704104654833,2.000000000000002,1.02,0.0,2.720066105621065,50.625,3.1898646336173093,3.125,4.28474520110729,61.875
27,4,request_observed,1.0,StaticReserve,70.41666666666667,66.45833333333333,6.745855778393284,14.96,15.085638373611571,55.4858934169279,1.0,27.261190482363816,0.7969554048780615,45.109639930093486,1.2610173249749579,38.75,7.5570871670580315,80.625,14.96,51.87500000000001,9.34626485166521,78.75
27,4,request_observed,1.0,JointHeuristic,45.83333333333333,80.0,4.758301405920963,14.96,14.96,32.29166666666667,0.5655048076923077,21.866486057126764,0.8350763104949899,1.2854229380961038,1.0118901712297947,0.0,5.720000000000001,76.875,14.96,20.0,8.8,40.625
27,4,request_observed,1.0,Persistence-JCSO,7.5,94.375,3.298678196155753,5.720000000000001,14.96,1.9867549668874174,0.8353365384615383,35.939537354206344,0.7190465273817302,71.96672835307955,1.6653828453896544,0.0,5.720000000000001,8.75,14.96,6.25,8.8,7.5
27,4,request_observed,1.0,MovingAverage-JCSO,7.5,95.0,3.248340022605707,5.720000000000001,14.96,2.631578947368421,0.8515625,35.38383648711307,0.7258385193079849,67.14178688932482,1.6388599387683287,0.0,3.452810746829568,8.125,6.570390669646187,5.0,5.58461108604328,9.375
27,4,request_observed,1.0,QuantileMLP-JCSO,0.0,100.0,2.8037025659533943,3.992804596632115,4.054812272760885,0.0,1.0,43.62116793306708,0.6661007836713602,106.40537029146806,2.0206874134271877,0.0,2.434615384615385,0.0,4.023551829435441,0.0,3.422033898305085,0.0
27,4,request_observed,1.0,GAN-JCSO,0.0,100.0,2.8145124548150466,3.998825387001387,4.054812272760885,0.0,1.0,42.93481686196248,0.6704060111718996,102.98842718185186,1.9877586294260177,0.0,2.434615384615385,0.0,4.023551829435441,0.0,3.422033898305085,0.0
27,4,request_observed,1.0,Diffusion-JCSO,0.0,100.0,2.806509016351983,3.9963790846240093,4.054812272760885,0.0,0.9962740384615385,41.191599433566,0.6882598471895505,94.70619228642973,1.907887598182807,0.0,2.434615384615385,0.0,4.023551829435441,0.0,3.422033898305085,0.0
27,4,request_observed,0.82,Independent,37.916666666666664,97.5,3.324626786309971,4.173141543184358,8.8,36.324786324786324,0.7461538461538462,26.875534693913156,0.7988002068096849,2.000000000000002,1.019765187455599,0.0,2.7008207153467763,44.375,3.1898429860513566,2.5,4.227237392156867,66.875
27,4,request_observed,0.82,StaticReserve,70.41666666666667,66.45833333333333,6.745855778393284,14.96,15.085638373611571,55.4858934169279,1.0,33.24535424678513,0.7523846400951968,45.109639930093486,1.2610173249749579,38.75,7.5570871670580315,80.625,14.96,51.87500000000001,9.34626485166521,78.75
27,4,request_observed,0.82,JointHeuristic,51.041666666666664,76.66666666666667,5.36933986912659,14.96,14.96,36.141304347826086,0.6193509615384616,26.588819822214067,0.7961015262666906,2.8175658344435486,1.009918597390398,0.0,5.720000000000001,73.125,14.96,38.75,8.8,41.25
27,4,request_observed,0.82,Persistence-JCSO,11.666666666666666,92.29166666666667,3.8239374224681923,8.8,14.96,4.288939051918736,0.8664663461538462,42.703046334409564,0.6561206761342893,74.38602139836016,1.6253962002031421,0.0,3.880616572900188,8.125,14.96,20.0,5.202384619420431,6.875000000000001
27,4,request_observed,0.82,MovingAverage-JCSO,8.125,95.41666666666667,3.5720608213002025,7.472241625265596,14.96,3.711790393013101,0.921514423076923,42.35086045619138,0.6652790837457296,68.96959106881748,1.6107887397600833,0.0,2.5583308664382463,4.375,14.96,16.875,3.478532374811309,3.125
27,4,request_observed,0.82,QuantileMLP-JCSO,4.791666666666667,97.29166666666667,3.3761429656461597,6.589401233641754,14.96,2.141327623126338,1.0,51.213467854820536,0.5892390718021945,108.93787406832023,1.950997394849299,0.0,2.434615384615385,0.0,14.96,14.374999999999998,3.422033898305085,0.0
27,4,request_observed,0.82,GAN-JCSO,4.791666666666667,97.29166666666667,3.384821764322452,6.587798353741228,14.96,2.141327623126338,1.0,50.852800055450345,0.594651575408031,105.38180683701572,1.9349650056335772,0.0,2.434615384615385,0.0,14.96,14.374999999999998,3.422033898305085,0.0
27,4,request_observed,0.82,Diffusion-JCSO,4.791666666666667,97.29166666666667,3.3805430489781347,6.610537760946541,14.96,2.141327623126338,1.0,48.651298928887066,0.6162060308787141,97.13872673730974,1.8524425566577132,0.0,2.434615384615385,0.0,14.96,14.374999999999998,3.422033898305085,0.0
27,4,proactive,1.0,Independent,87.5,55.833333333333336,7.530604985343255,14.96,14.96,77.61194029850746,0.7021634615384615,21.928573991036828,0.8361639983227003,34.67793375843075,1.0147517527406782,49.166666666666664,6.3372334188768376,100.0,14.96,65.0,8.8,97.5
27,4,proactive,1.0,StaticReserve,70.41666666666667,66.45833333333333,6.745855778393284,14.96,15.085638373611571,55.4858934169279,1.0,27.261190482363816,0.7969554048780615,45.109639930093486,1.2610173249749579,38.75,7.5570871670580315,80.625,14.96,51.87500000000001,9.34626485166521,78.75
27,4,proactive,1.0,JointHeuristic,90.41666666666667,49.583333333333336,7.90239222383816,14.96,14.96,80.67226890756302,0.5804086538461538,23.45281756369058,0.8219731904208712,41.00990174647894,1.0857702961626665,47.5,5.874248766396659,98.75,14.96,78.75,8.8,93.75
27,4,proactive,1.0,Persistence-JCSO,80.83333333333333,56.666666666666664,7.049478866852138,14.96,14.96,66.17647058823529,0.6388221153846154,28.79962344067871,0.7740083046952554,63.35131904388391,1.3345253146207539,39.791666666666664,5.720000000000001,94.375,14.96,56.875,8.8,91.25
27,4,proactive,1.0,MovingAverage-JCSO,52.708333333333336,77.91666666666667,5.226470579151358,14.96,14.96,39.3048128342246,0.8177884615384615,34.77086755732037,0.7287339257800767,77.33166077757639,1.610948212037419,24.791666666666668,5.720000000000001,72.5,14.96,28.125,8.8,57.49999999999999
27,4,proactive,1.0,QuantileMLP-JCSO,16.25,96.04166666666667,3.360630127947465,5.684943111483745,8.8,12.79826464208243,1.0,43.34136420959903,0.6686086268689089,106.65229807025142,2.007463791760209,14.166666666666666,3.6089546043047402,16.25,4.548111001348103,0.0,8.8,32.5
27,4,proactive,1.0,GAN-JCSO,16.25,94.58333333333333,3.5634828563550043,6.4727523178236845,14.96,11.45374449339207,1.0,42.42815909622083,0.6738650168399726,103.63467871259121,1.9641125846279917,11.875,3.9929808716914006,16.875,9.373006215900904,6.875000000000001,8.8,25.0
27,4,proactive,1.0,Diffusion-JCSO,26.875,92.08333333333333,3.829731516973527,8.8,14.96,20.588235294117645,0.9962740384615385,40.74371091209477,0.6913513853371521,97.43706417988066,1.8872125742272372,16.875,5.720000000000001,35.625,8.008968058502013,6.875000000000001,8.8,38.125
27,4,proactive,0.82,Independent,87.5,55.833333333333336,7.537613139023706,14.96,14.96,77.61194029850746,0.741826923076923,26.735552790412054,0.7998899480989736,34.67793375843075,1.014516940196277,49.166666666666664,6.3372334188768376,100.0,14.96,65.0,8.8,97.5
27,4,proactive,0.82,StaticReserve,70.41666666666667,66.45833333333333,6.745855778393284,14.96,15.085638373611571,55.4858934169279,1.0,33.24535424678513,0.7523846400951968,45.109639930093486,1.2610173249749579,38.75,7.5570871670580315,80.625,14.96,51.87500000000001,9.34626485166521,78.75
27,4,proactive,0.82,JointHeuristic,91.45833333333333,49.583333333333336,7.9761511081502645,14.96,14.96,82.77310924369748,0.6236778846153846,28.135714953249703,0.7821245192655328,41.34393487810102,1.0694228570655195,47.083333333333336,5.8655929117063765,98.125,14.96,82.5,8.8,93.75
27,4,proactive,0.82,Persistence-JCSO,83.54166666666667,56.041666666666664,7.220029417473106,14.96,14.96,70.63197026022306,0.6455528846153846,33.98138349914857,0.7263680838393044,64.35342872420311,1.2921556830921495,39.791666666666664,5.720000000000001,94.375,14.96,65.625,8.8,90.625
27,4,proactive,0.82,MovingAverage-JCSO,52.29166666666667,80.20833333333334,5.191287314406067,14.96,14.96,40.519480519480524,0.881610576923077,41.20366214022774,0.6726137302380183,78.13371731517546,1.5670808961626779,25.0,5.720000000000001,68.75,14.96,34.375,8.8,53.75
27,4,proactive,0.82,QuantileMLP-JCSO,21.041666666666668,93.33333333333333,3.8948830527341785,8.8,14.96,15.401785714285715,1.0,50.84646117804391,0.5937629234776045,109.02096209714301,1.9364371803859806,13.541666666666666,3.6089546043047402,16.25,14.96,14.374999999999998,8.8,32.5
27,4,proactive,0.82,GAN-JCSO,19.375,92.91666666666667,3.9214062828442566,8.8,14.96,13.228699551569505,1.0,50.1841661000669,0.6015994925689583,105.28437288156549,1.9087299616578026,11.875,3.9929808716914006,16.875,14.96,16.25,8.8,25.0
27,4,proactive,0.82,Diffusion-JCSO,30.416666666666664,90.0,4.2349448405542836,8.8,14.96,22.685185185185187,1.0,48.00712589330621,0.6227953852512196,99.22131349639945,1.8273098283845348,16.666666666666664,5.720000000000001,35.0,14.96,18.125,8.8,38.125
