workload,seed,capacity,method,budget,miss_rate,acceptance,p95_latency_ms,p99_latency_ms,utilization,realized_reservation_ratio,segment
b5g,32001,0.82,Diffusion-JCSO,30,83.22835773191808,58.34746645194596,14.96,14.96,27.97014073834485,1.0405158056121928,3
b5g,32001,0.82,Diffusion-JCSO,40,76.70523977850921,65.53375615388974,14.96,14.96,32.149481595190665,1.1964544136226969,3
b5g,32001,0.82,Diffusion-JCSO,50,69.79088243606772,73.2926861664453,14.96,14.96,35.823060636288034,1.3337135691116464,3
b5g,32001,0.82,Diffusion-RB,30,82.88971772149654,60.40733873420414,14.96,14.96,27.75211242155726,1.0322009164749557,3
b5g,32001,0.82,Diffusion-RB,40,74.75902082219979,65.77843099306256,14.96,14.96,31.564310973434782,1.1742202094434329,3
b5g,32001,0.82,Diffusion-RB,50,71.86262297806178,68.55404368860489,14.96,14.96,33.99884514585734,1.2649502542664712,3
b5g,32001,0.82,GAN-JCSO,30,81.14156839901206,61.96371676444468,14.96,14.96,28.06147956090414,1.0438373254656947,3
b5g,32001,0.82,GAN-JCSO,40,74.20471610856258,67.2663003720694,14.96,14.96,32.309635054868636,1.2022294877805813,3
b5g,32001,0.82,GAN-JCSO,50,68.63170909423987,71.38830033410973,14.96,14.96,36.12203185321505,1.3445680783021021,3
b5g,32001,0.82,GAN-RB,30,,,,,,,3
b5g,32001,0.82,GAN-RB,40,,,,,,,3
b5g,32001,0.82,GAN-RB,50,66.37442252907456,73.21921919512691,14.96,14.96,36.528270345699134,1.360560295661619,3
b5g,32001,0.82,QuantileMLP-JCSO,30,86.78007774222026,55.84234320478867,14.96,14.96,27.94812274723748,1.039765414828643,3
b5g,32001,0.82,QuantileMLP-JCSO,40,76.58863837693093,66.3775493641836,14.96,14.96,32.13276175681929,1.1959631860979878,3
b5g,32001,0.82,QuantileMLP-JCSO,50,68.22695933090398,73.85717666997942,14.96,14.96,35.84252049526817,1.334608287741988,3
b5g,32001,0.82,QuantileMLP-RB,30,83.77527962761852,59.40285702353225,14.96,14.96,27.966981509230763,1.0436271690595005,3
b5g,32001,0.82,QuantileMLP-RB,40,76.52636183141956,66.16339855414245,14.96,14.96,32.349250295542696,1.2072877444747405,3
b5g,32001,0.82,QuantileMLP-RB,50,67.22171710603223,72.8629349410932,14.96,14.96,36.18663428259209,1.3508489402342463,3
b5g,32001,1.0,Diffusion-JCSO,30,84.39883903716918,55.3194100121915,14.96,14.96,22.96624493560052,1.0418152594293006,3
b5g,32001,1.0,Diffusion-JCSO,40,76.05545868382976,64.14597864092204,14.96,14.96,26.55393312111908,1.2047001145890626,3
b5g,32001,1.0,Diffusion-JCSO,50,69.5415973339397,72.96023234706155,14.96,14.96,29.73869474847535,1.3493651863615914,3
b5g,32001,1.0,Diffusion-RB,30,92.54425802463945,47.64152578888431,14.96,15.46551557695266,22.75290575516704,1.0320460701673355,3
b5g,32001,1.0,Diffusion-RB,40,76.4279871601702,63.49245300433097,14.96,14.96,26.304069129556364,1.1931909064238881,3
b5g,32001,1.0,Diffusion-RB,50,68.90587562506109,72.03866865270041,14.96,14.96,29.502526313075478,1.3382910121406197,3
b5g,32001,1.0,GAN-JCSO,30,79.93942433398685,61.31360444931381,14.96,14.96,23.012530807081532,1.043923359295987,3
b5g,32001,1.0,GAN-JCSO,40,73.3425959379847,67.40409813953474,14.96,14.96,26.590324455017296,1.2063489522667408,3
b5g,32001,1.0,GAN-JCSO,50,66.43590459676567,72.11874712791384,14.96,14.96,29.878535848244045,1.3556680122868687,3
b5g,32001,1.0,GAN-RB,30,,,,,,,3
b5g,32001,1.0,GAN-RB,40,,,,,,,3
b5g,32001,1.0,GAN-RB,50,66.18267490490432,73.22841181996868,14.96,14.96,30.09215830507631,1.366862899445976,3
b5g,32001,1.0,QuantileMLP-JCSO,30,88.07789000219341,49.899306208432264,14.96,14.96,22.963229422990466,1.0417504605525587,3
b5g,32001,1.0,QuantileMLP-JCSO,40,81.38106214505495,59.74246500472119,14.96,14.96,26.543090648883606,1.2042838373591294,3
b5g,32001,1.0,QuantileMLP-JCSO,50,68.4870641904519,72.69120798537601,14.96,14.96,29.752687671522864,1.3501546551622794,3
b5g,32001,1.0,QuantileMLP-RB,30,90.21887997432837,50.31360170624375,14.96,15.558963274065272,22.968400545967224,1.0452435848911215,3
b5g,32001,1.0,QuantileMLP-RB,40,79.33313358490675,63.48977059748326,14.96,14.96,26.5690051025537,1.209171596713,3
b5g,32001,1.0,QuantileMLP-RB,50,66.83898538686915,73.01730079987345,14.96,14.96,29.884989284578175,1.3600899031775073,3
b5g,32002,0.82,Diffusion-JCSO,30,84.2957420477001,57.759594177378645,14.96,14.96,27.9479973487665,1.0401558270601499,3
b5g,32002,0.82,Diffusion-JCSO,40,78.11203816273279,65.01296183726721,14.96,14.96,32.11907908245903,1.1958545686238937,3
b5g,32002,0.82,Diffusion-JCSO,50,70.37240820266607,72.58193788700059,14.96,14.96,35.80515685848277,1.3336704525578658,3
b5g,32002,0.82,Diffusion-RB,30,83.58120605505144,60.570879863278876,14.96,15.00602007878044,27.454686895279384,1.0229223825622744,3
b5g,32002,0.82,Diffusion-RB,40,76.66666666666667,65.625,14.96,14.96,31.34643176313497,1.1681865746186133,3
b5g,32002,0.82,Diffusion-RB,50,74.68248257317197,66.92959204674735,14.96,14.96,33.7426315655593,1.257733193871484,3
b5g,32002,0.82,GAN-JCSO,30,94.35001683708464,48.9072558878618,14.96,14.97032392181975,26.83532447507214,1.0001832876140972,3
b5g,32002,0.82,GAN-JCSO,40,86.30665262664385,60.7409430859538,14.96,14.96,30.80228162339267,1.1488494170843393,3
b5g,32002,0.82,GAN-JCSO,50,72.75146566588434,69.74184347447392,14.96,14.96,34.277182198245136,1.2793372156260305,3
b5g,32002,0.82,GAN-RB,30,83.82058143335148,59.60572348887679,14.96,15.59905831540926,28.00834353550925,1.0441034562263196,3
b5g,32002,0.82,GAN-RB,40,75.54100998694365,67.9519361219914,14.96,14.96,32.53059922432196,1.2128388479530403,3
b5g,32002,0.82,GAN-RB,50,65.8860538363518,73.76003436485557,14.96,14.96,36.59996499126652,1.3645478109824847,3
b5g,32002,0.82,QuantileMLP-JCSO,30,83.42494810849344,58.479231531049855,14.96,14.96,27.850452603575373,1.036102481644289,3
b5g,32002,0.82,QuantileMLP-JCSO,40,75.73894130831886,66.13605869168114,14.96,14.96,32.03072873904039,1.1920216003426762,3
b5g,32002,0.82,QuantileMLP-JCSO,50,70.23682481351173,72.81779747975362,14.96,14.96,35.718701182019494,1.3298416868140188,3
b5g,32002,0.82,QuantileMLP-RB,30,84.15527470799422,59.0966109707263,14.96,14.96,27.884820087582924,1.0396709015931693,3
b5g,32002,0.82,QuantileMLP-RB,40,76.07709166757084,66.29346611044805,14.96,14.96,32.28795170575944,1.2039248637343891,3
b5g,32002,0.82,QuantileMLP-RB,50,69.49756295175665,71.64214392574978,14.96,14.96,36.117828721087285,1.3469051056736394,3
b5g,32002,1.0,Diffusion-JCSO,30,86.41097311609823,51.931832260682114,14.96,15.376938517965344,22.927953560746452,1.0405423179725346,3
b5g,32002,1.0,Diffusion-JCSO,40,79.64923127144941,61.778181224650695,14.96,14.96,26.50713887662664,1.2030955300480426,3
b5g,32002,1.0,Diffusion-JCSO,50,70.18336916815512,72.07748833179978,14.96,14.96,29.72204748009925,1.3492038908773898,3
b5g,32002,1.0,Diffusion-RB,30,87.17874798522463,56.04706275962039,14.96,16.250797942211168,22.551793414630612,1.0247005713636559,3
b5g,32002,1.0,Diffusion-RB,40,75.98852841235967,66.05425905941664,14.96,14.96,26.168343999989382,1.1890420735423772,3
b5g,32002,1.0,Diffusion-RB,50,68.53812937116332,72.99336456850828,14.96,14.96,29.225215383526933,1.3280825064919668,3
b5g,32002,1.0,GAN-JCSO,30,93.94240371030155,47.93790616404237,14.96,15.043038361027108,22.211407761806917,1.009007945209399,3
b5g,32002,1.0,GAN-JCSO,40,87.98569437050493,57.4500253466301,14.96,14.96,25.68972508591591,1.1674613675911896,3
b5g,32002,1.0,GAN-JCSO,50,78.27792659592194,65.03603032411856,14.96,14.96,28.670275302179057,1.3036246388677837,3
b5g,32002,1.0,GAN-RB,30,82.59637746505855,59.37376763673484,14.96,15.66490502252074,22.966280522682478,1.0440773120983062,3
b5g,32002,1.0,GAN-RB,40,74.57914970807785,67.9519361219914,14.96,14.96,26.675091363944,1.2128388479530403,3
b5g,32002,1.0,GAN-RB,50,65.67772050299976,73.7600343648668,14.96,14.96,30.022301776694867,1.365012920645238,3
b5g,32002,1.0,QuantileMLP-JCSO,30,84.4989695888961,53.172861943547176,14.96,14.96,22.865989100933326,1.0373180164315448,3
b5g,32002,1.0,QuantileMLP-JCSO,40,78.94027548720727,61.94069176065393,14.96,14.96,26.413989605812255,1.1983546639778206,3
b5g,32002,1.0,QuantileMLP-JCSO,50,69.15489465738182,72.86985351615877,14.96,14.96,29.637368298771342,1.3447981694577762,3
b5g,32002,1.0,QuantileMLP-RB,30,91.81995757961903,47.21176564755558,14.96,16.788065773833953,22.887763128344208,1.0406586307507324,3
b5g,32002,1.0,QuantileMLP-RB,40,78.08428843525598,64.12421855297238,14.96,14.96,26.461572925809403,1.2032629757185194,3
b5g,32002,1.0,QuantileMLP-RB,50,70.14930615549137,71.20813979883317,14.96,14.96,29.787162131852728,1.354448935778863,3
b5g,32003,0.82,Diffusion-JCSO,30,85.18278887900088,57.10887778766579,14.96,14.96,27.989811015698947,1.0409597192288296,3
b5g,32003,0.82,Diffusion-JCSO,40,76.98162013063227,66.02854781898462,14.96,14.96,32.186072421102004,1.1974222474539258,3
b5g,32003,0.82,Diffusion-JCSO,50,69.06727058282239,72.80147665597656,14.96,14.96,35.87871009233329,1.335408754808697,3
b5g,32003,0.82,Diffusion-RB,30,79.04437481801857,62.83364098567104,14.96,14.96,27.668080443924694,1.0287426070889787,3
b5g,32003,0.82,Diffusion-RB,40,72.49212859317903,67.45033764256452,14.96,14.96,31.422082077213016,1.1685569545481298,3
b5g,32003,0.82,Diffusion-RB,50,66.32770397861539,71.78537536517065,14.96,14.96,34.437168346400995,1.2808998966741036,3
b5g,32003,0.82,GAN-JCSO,30,98.93206086162746,34.80826217076749,15.159700903616748,18.30591935347116,27.88890810360963,1.0363243796176431,3
b5g,32003,0.82,GAN-JCSO,40,88.45313492964024,53.90586828297023,14.96,14.96,31.957183965570167,1.1881524883780419,3
b5g,32003,0.82,GAN-JCSO,50,73.59076465545051,69.88368008813993,14.96,14.96,35.5683120413545,1.3230169665604856,3
b5g,32003,0.82,GAN-RB,30,93.29256431448589,48.77047456694368,14.96,15.045692254709394,28.18993826024912,1.0476345109943817,3
b5g,32003,0.82,GAN-RB,40,78.70989173309522,63.03098253937891,14.96,14.96,32.56239081505078,1.210270416777188,3
b5g,32003,0.82,GAN-RB,50,69.101450011694,70.30519277037158,14.96,14.96,36.301741411902896,1.3493174448551812,3
b5g,32003,0.82,QuantileMLP-JCSO,30,87.81491852484746,54.238377472874106,14.96,14.96,27.923237242299866,1.0388962390224175,3
b5g,32003,0.82,QuantileMLP-JCSO,40,76.66351611928145,65.27055761204447,14.96,14.96,32.09603326835964,1.1946120441625374,3
b5g,32003,0.82,QuantileMLP-JCSO,50,70.71357876232095,72.38210117789514,14.96,14.96,35.791678573121644,1.3327424777949475,3
b5g,32003,0.82,QuantileMLP-RB,30,83.1220606466212,60.683955893366395,14.96,14.96,28.071140442096386,1.0464593503853425,3
b5g,32003,0.82,QuantileMLP-RB,40,75.40130682649342,67.04825319809532,14.96,14.96,32.429716209573485,1.2089604091184851,3
b5g,32003,0.82,QuantileMLP-RB,50,69.06858701963058,72.38974631370276,14.96,14.96,36.05692584997247,1.344379122927466,3
b5g,32003,1.0,Diffusion-JCSO,30,87.84325895684707,50.58898530285258,14.96,14.960686109898045,22.98983763213642,1.0426140336493035,3
b5g,32003,1.0,Diffusion-JCSO,40,80.54979035716629,61.52626462363476,14.96,14.96,26.557743338445185,1.204554972652055,3
b5g,32003,1.0,Diffusion-JCSO,50,70.28373430810868,71.53862393383947,14.96,14.96,29.754379921550033,1.3497076945624238,3
b5g,32003,1.0,Diffusion-RB,30,79.76588343049089,60.70522095112913,14.96,14.96,22.71836858595048,1.0301235250566396,3
b5g,32003,1.0,Diffusion-RB,40,72.06246982930162,68.24260046975732,14.96,14.96,26.16844918021313,1.1866345055113035,3
b5g,32003,1.0,Diffusion-RB,50,62.44367860311994,74.64000728726626,14.96,14.96,29.292113532713373,1.3282977767454782,3
b5g,32003,1.0,GAN-JCSO,30,100.0,18.087607972394864,19.063015809033168,29.436898065380415,22.950074548286782,1.0398246140555651,3
b5g,32003,1.0,GAN-JCSO,40,99.12678095988399,32.02860629418409,14.96,18.41552082576518,26.50801527930973,1.2011123454133128,3
b5g,32003,1.0,GAN-JCSO,50,89.48766472481225,52.772707323051584,14.96,14.96,29.624329678432673,1.3427747510998216,3
b5g,32003,1.0,GAN-RB,30,99.80808729054549,22.244437380241745,17.044164750663864,28.36527959495876,23.17796761378973,1.0504120026591905,3
b5g,32003,1.0,GAN-RB,40,93.24800332026905,48.83533001306429,14.96,14.96,26.709098850747118,1.2105771640681742,3
b5g,32003,1.0,GAN-RB,50,78.49516037283561,62.236404257248154,14.96,14.96,30.03902538819422,1.3616164958504773,3
b5g,32003,1.0,QuantileMLP-JCSO,30,89.97431016529768,49.07963401341129,14.96,14.96,22.930000848811016,1.0402524831921414,3
b5g,32003,1.0,QuantileMLP-JCSO,40,84.19324355608352,57.31887354017758,14.96,14.96,26.518147847195152,1.2031642025345777,3
b5g,32003,1.0,QuantileMLP-JCSO,50,72.75948629613376,69.94752949606989,14.96,14.96,29.722556806016357,1.348803459383691,3
b5g,32003,1.0,QuantileMLP-RB,30,88.97386730904013,52.36570171831269,14.96,14.964012593827718,23.05063889965164,1.0478881286210224,3
b5g,32003,1.0,QuantileMLP-RB,40,77.31526191646122,64.67929959050034,14.96,14.96,26.60128868987485,1.2093494085559002,3
b5g,32003,1.0,QuantileMLP-RB,50,68.85940200372099,72.70856809646507,14.96,14.96,29.9084453919064,1.3596442362513828,3
b5g,32004,0.82,Diffusion-JCSO,30,82.84889338041799,58.142372208281685,14.96,14.96,28.040583912850423,1.0429111983143498,3
b5g,32004,0.82,Diffusion-JCSO,40,73.4607292805178,67.08288532938079,14.96,14.96,32.244166731816634,1.1996507248707255,3
b5g,32004,0.82,Diffusion-JCSO,50,66.7970994021788,73.56054818649216,14.96,14.96,35.95353048909765,1.3382177219159745,3
b5g,32004,0.82,Diffusion-RB,30,79.71980489341775,62.72386600580927,14.96,14.96,27.89341836978842,1.0375774747447652,3
b5g,32004,0.82,Diffusion-RB,40,73.13028005322005,67.70305328011328,14.96,14.96,32.029597610037406,1.1915822472684483,3
b5g,32004,0.82,Diffusion-RB,50,66.37542755618483,71.2244869325782,14.96,14.96,35.114219841593794,1.3067654490337361,3
b5g,32004,0.82,GAN-JCSO,30,95.72331579269591,40.9920385894023,14.96,15.766793573144225,27.797406087761033,1.0339500154057641,3
b5g,32004,0.82,GAN-JCSO,40,90.22473930097365,51.11056175044548,14.96,14.96,31.919627738789803,1.187687077602401,3
b5g,32004,0.82,GAN-JCSO,50,81.412781711778,62.85488394328861,14.96,14.96,35.584059475513975,1.324812378435924,3
b5g,32004,0.82,GAN-RB,30,89.76251597390436,51.45751054794925,14.96,14.96,28.111026353495877,1.045669862401843,3
b5g,32004,0.82,GAN-RB,40,80.5032158453024,61.49727890012874,14.96,14.96,32.30299510294094,1.2017078415168994,3
b5g,32004,0.82,GAN-RB,50,71.61277153204215,68.16607802970664,14.96,14.96,35.817490323756395,1.332821431826274,3
b5g,32004,0.82,QuantileMLP-JCSO,30,84.64833340652473,58.05999992680861,14.96,14.96,27.87921372350028,1.0372734199563003,3
b5g,32004,0.82,QuantileMLP-JCSO,40,76.54815522549582,65.89246394574752,14.96,14.96,32.067841479206194,1.1935997618420155,3
b5g,32004,0.82,QuantileMLP-JCSO,50,69.23327804634106,73.79800650802912,14.96,14.96,35.75934898421464,1.331581178471664,3
b5g,32004,0.82,QuantileMLP-RB,30,87.80103519694266,56.693499827063015,14.96,14.96,28.02840256160172,1.0444211886277852,3
b5g,32004,0.82,QuantileMLP-RB,40,81.1563372344843,62.054379813968055,14.96,14.96,32.39114514174653,1.2070620041286095,3
b5g,32004,0.82,QuantileMLP-RB,50,73.20382214817215,69.66396984294185,14.96,14.96,36.23205603093183,1.3503951425824847,3
b5g,32004,1.0,Diffusion-JCSO,30,85.2246078217946,52.751219123244475,14.96,15.757932747984873,23.013400078417874,1.0437522040568445,3
b5g,32004,1.0,Diffusion-JCSO,40,78.3307658185409,61.67009001972323,14.96,14.96,26.583466159705647,1.205788645879405,3
b5g,32004,1.0,Diffusion-JCSO,50,68.00508729416612,72.53769256204419,14.96,14.96,29.78675630286514,1.3512503154490658,3
b5g,32004,1.0,Diffusion-RB,30,88.50803998269917,52.20484822642153,14.96,15.72031696493589,22.919013691878877,1.0396557173539,3
b5g,32004,1.0,Diffusion-RB,40,73.52136893013767,67.10363106986233,14.96,14.96,26.4027598651554,1.197774870672249,3
b5g,32004,1.0,Diffusion-RB,50,65.02723255250372,73.33554651655925,14.96,14.96,29.663690035676925,1.3458005521078722,3
b5g,32004,1.0,GAN-JCSO,30,97.12976204620546,35.17482946722973,14.96,18.22366179429838,22.853408735823002,1.036567123126422,3
b5g,32004,1.0,GAN-JCSO,40,94.22054486699638,42.7564679592746,14.96,15.302442618278487,26.363237062863796,1.1958339963496305,3
b5g,32004,1.0,GAN-JCSO,50,89.39330264469864,52.575048822827924,14.96,14.96,29.541410249591237,1.3402717277150509,3
b5g,32004,1.0,GAN-RB,30,96.91707952148312,35.626948798241926,14.96,19.088527487158718,23.114694160210274,1.0484933651963835,3
b5g,32004,1.0,GAN-RB,40,88.88519920314522,52.84573876542828,14.96,15.065836286023432,26.614408065593217,1.2073309524121005,3
b5g,32004,1.0,GAN-RB,50,76.83447002216049,63.46188173805718,14.96,14.96,29.892203134031835,1.3561703136303858,3
b5g,32004,1.0,QuantileMLP-JCSO,30,84.14772591091429,55.08595728227838,14.96,14.96,22.917291172549405,1.039739144160138,3
b5g,32004,1.0,QuantileMLP-JCSO,40,78.33524607355025,63.069145756334336,14.96,14.96,26.474378320280376,1.2012412543678437,3
b5g,32004,1.0,QuantileMLP-JCSO,50,68.95291701489926,73.41431505333662,14.96,14.96,29.695935192442235,1.3476271468132894,3
b5g,32004,1.0,QuantileMLP-RB,30,92.93954284442887,46.702510766730924,14.96,15.736060801431565,23.021778889628116,1.0461572412130657,3
b5g,32004,1.0,QuantileMLP-RB,40,83.41083071023888,60.30166977551935,14.96,14.96,26.58666123879526,1.2082032413170622,3
b5g,32004,1.0,QuantileMLP-RB,50,74.23527085138963,68.36864373736059,14.96,14.96,29.880712992736004,1.357855421749042,3
b5g,32005,0.82,Diffusion-JCSO,30,82.82039192144418,58.50974408362392,14.96,14.96,27.88749624921611,1.037503289092845,3
b5g,32005,0.82,Diffusion-JCSO,40,75.01914870710617,66.77379454003425,14.96,14.96,32.075235878053306,1.1938335763211254,3
b5g,32005,0.82,Diffusion-JCSO,50,69.06591465119095,74.22438615499932,14.96,14.96,35.74506686639773,1.3310571485659735,3
b5g,32005,0.82,Diffusion-RB,30,82.99728121760336,56.482549329313095,14.96,14.96,26.61485886323719,0.9889164418842892,3
b5g,32005,0.82,Diffusion-RB,40,76.17748620985977,62.033552009271844,14.96,14.96,30.037307387194787,1.1167216556774124,3
b5g,32005,0.82,Diffusion-RB,50,72.69035987263814,66.59278677583397,14.96,14.96,32.88160981089214,1.2234164640359015,3
b5g,32005,0.82,GAN-JCSO,30,89.04407642945769,50.91917652934613,14.96,14.961072502643338,28.116881798534283,1.0448841866358507,3
b5g,32005,0.82,GAN-JCSO,40,78.84822202896693,63.041660961112086,14.96,14.96,32.27906379806054,1.1999269069646596,3
b5g,32005,0.82,GAN-JCSO,50,67.53562817683476,71.50738037646123,14.96,14.96,36.03447558534173,1.3400791119333892,3
b5g,32005,0.82,GAN-RB,30,82.94343868614482,57.56826365465281,14.96,14.973943451083668,28.245631492611547,1.0488455963252972,3
b5g,32005,0.82,GAN-RB,40,70.73989612231846,68.53386342619264,14.96,14.96,32.59489463700234,1.2104731089298735,3
b5g,32005,0.82,GAN-RB,50,64.59034004704948,72.14675482923734,14.96,14.96,36.34924188217803,1.3500536131827348,3
b5g,32005,0.82,QuantileMLP-JCSO,30,88.23044282565164,54.12669961863067,14.96,14.96,27.87292034975389,1.0368495335213086,3
b5g,32005,0.82,QuantileMLP-JCSO,40,78.05162948026211,65.11737940305571,14.96,14.96,32.09768761543707,1.1945207659874937,3
b5g,32005,0.82,QuantileMLP-JCSO,50,70.83099502369674,72.82975901954966,14.96,14.96,35.81290835940507,1.333368776553516,3
b5g,32005,0.82,QuantileMLP-RB,30,92.42366087065022,48.90267825869954,14.96,15.491869838531063,27.820245908920825,1.0363557748059937,3
b5g,32005,0.82,QuantileMLP-RB,40,83.66278027717065,59.88237517840917,14.96,14.96,32.26028980073832,1.2019433277839504,3
b5g,32005,0.82,QuantileMLP-RB,50,72.4354660095435,69.7407124994136,14.96,14.96,36.04377760509574,1.343480174614766,3
b5g,32005,1.0,Diffusion-JCSO,30,83.80745861164407,54.935359061900414,14.96,14.96,22.924477315854514,1.0399735306200468,3
b5g,32005,1.0,Diffusion-JCSO,40,76.03475575753215,64.19510200004797,14.96,14.96,26.504471242320676,1.2025170990238878,3
b5g,32005,1.0,Diffusion-JCSO,50,67.00565264521579,74.8382750795372,14.96,14.96,29.700114927338497,1.3477358863023459,3
b5g,32005,1.0,Diffusion-RB,30,81.8322835094505,56.709383157216166,14.96,14.96,22.055369202946384,0.9992820808978486,3
b5g,32005,1.0,Diffusion-RB,40,77.61511113430632,60.604462937834825,14.96,14.96,25.32150243907498,1.1473609908053515,3
b5g,32005,1.0,Diffusion-RB,50,71.44543555800222,66.2873272200814,14.96,14.96,28.152475309765133,1.2760618311991316,3
b5g,32005,1.0,GAN-JCSO,30,91.80373914026306,45.552341773516176,14.96,14.976417959070295,23.018129165576656,1.0431186772115353,3
b5g,32005,1.0,GAN-JCSO,40,86.45359190175694,53.75474143157639,14.96,14.96,26.572409366069934,1.204295504248748,3
b5g,32005,1.0,GAN-JCSO,50,76.81017039948944,63.806629387206414,14.96,14.96,29.83452924458535,1.3523357298040035,3
b5g,32005,1.0,GAN-RB,30,95.58629692975883,37.59702435519073,14.96,19.37644956739166,23.155054201497553,1.0485160644939704,3
b5g,32005,1.0,GAN-RB,40,85.44836555224835,55.81290089697086,14.96,14.96,26.709746105394636,1.2095481937795594,3
b5g,32005,1.0,GAN-RB,50,65.22955726414817,71.43234529966882,14.96,14.96,30.007062284991495,1.35902967084673,3
b5g,32005,1.0,QuantileMLP-JCSO,30,90.39167235143185,46.44241494008122,14.96,15.251741264675735,22.918235317442686,1.039579649461605,3
b5g,32005,1.0,QuantileMLP-JCSO,40,82.89956589099785,57.81992678778017,14.96,14.96,26.528991972299472,1.2035376028310145,3
b5g,32005,1.0,QuantileMLP-JCSO,50,73.97995812546031,69.75706699926349,14.96,14.96,29.717289032141647,1.3483703667127556,3
b5g,32005,1.0,QuantileMLP-RB,30,97.33475438737977,36.53740350452737,14.96,19.41557474849225,22.827959357562918,1.0370431494198602,3
b5g,32005,1.0,QuantileMLP-RB,40,89.09954568521255,51.20353153635884,14.96,15.080489152370735,26.48227094752133,1.2031636206738372,3
b5g,32005,1.0,QuantileMLP-RB,50,78.92061034043519,64.20438965956481,14.96,14.96,29.84566992817872,1.3559659990712873,3
b5g,32006,0.82,Diffusion-JCSO,30,83.14205708569123,58.28326537417709,14.96,14.96,27.84092886682767,1.035880757411408,3
b5g,32006,0.82,Diffusion-JCSO,40,76.63083361737161,65.74518092477999,14.96,14.96,32.020765045659644,1.1918866359764508,3
b5g,32006,0.82,Diffusion-JCSO,50,70.45597096994177,73.27192035946598,14.96,14.96,35.700497140996674,1.3294516520661244,3
b5g,32006,0.82,Diffusion-RB,30,81.64808604924977,60.23832542398354,14.96,14.96,27.197961877635226,1.0109456475035954,3
b5g,32006,0.82,Diffusion-RB,40,74.17342941599186,65.25900356121952,14.96,14.96,30.72153918440685,1.1421423145859217,3
b5g,32006,0.82,Diffusion-RB,50,70.79411721699995,68.72303663533296,14.96,14.96,33.16485677184061,1.2332255906687002,3
b5g,32006,0.82,GAN-JCSO,30,83.57077743905784,59.13755589427551,14.96,14.96,27.63650198757959,1.030483135418688,3
b5g,32006,0.82,GAN-JCSO,40,78.30992840762168,64.94674273356864,14.96,14.96,31.754343790106933,1.1845249286214232,3
b5g,32006,0.82,GAN-JCSO,50,71.38507772156609,72.74020559230935,14.96,14.96,35.357112944065236,1.3194767432633387,3
b5g,32006,0.82,GAN-RB,30,83.32730550130833,58.987807234216675,14.96,14.96,27.766507288483115,1.0386202526293768,3
b5g,32006,0.82,GAN-RB,40,77.87071294248348,63.788697872996366,14.96,14.96,32.04263159016948,1.1985991831566767,3
b5g,32006,0.82,GAN-RB,50,70.29791533590898,68.98132785051634,14.96,14.96,35.86919561778087,1.3417858136248577,3
b5g,32006,0.82,QuantileMLP-JCSO,30,84.8323264462491,56.719576496708285,14.96,14.96,27.963838719928845,1.0402192949547018,3
b5g,32006,0.82,QuantileMLP-JCSO,40,75.81031929751714,66.74404655912473,14.96,14.96,32.14860383072663,1.1963314078278764,3
b5g,32006,0.82,QuantileMLP-JCSO,50,67.67456620478154,73.8085379060709,14.96,14.96,35.85884019365995,1.3349786049945733,3
b5g,32006,0.82,QuantileMLP-RB,30,82.04156223966983,61.49082196173828,14.96,14.96,28.074203768923038,1.0469859953337493,3
b5g,32006,0.82,QuantileMLP-RB,40,75.44913544983451,66.19684126975386,14.96,14.96,32.50528387779516,1.2122760027854322,3
b5g,32006,0.82,QuantileMLP-RB,50,66.79786829663561,72.41926053540372,14.96,14.96,36.35066815009744,1.3558873083504148,3
b5g,32006,1.0,Diffusion-JCSO,30,84.34704637766269,54.813396665687904,14.96,15.054555177488739,22.865784410454896,1.0374185293238183,3
b5g,32006,1.0,Diffusion-JCSO,40,77.21118040063593,63.448418994089124,14.96,14.96,26.434009821238423,1.1994281419082073,3
b5g,32006,1.0,Diffusion-JCSO,50,70.11568084289385,72.78444073619433,14.96,14.96,29.65727467885087,1.345886861655244,3
b5g,32006,1.0,Diffusion-RB,30,84.30988468508042,56.940115314919574,14.96,14.96,22.32709396634211,1.0120839674399404,3
b5g,32006,1.0,Diffusion-RB,40,74.87745465903093,64.37193167621133,14.96,14.96,25.830786179265566,1.170915035034361,3
b5g,32006,1.0,Diffusion-RB,50,65.87238399371962,72.87761600628038,14.96,14.96,28.82381468909528,1.3066729750960948,3
b5g,32006,1.0,GAN-JCSO,30,82.16243602689643,59.27378684282949,14.96,14.96,22.707786787169606,1.0324471161153286,3
b5g,32006,1.0,GAN-JCSO,40,77.1493296375817,65.21544793487654,14.96,14.96,26.241773276775394,1.193228057039289,3
b5g,32006,1.0,GAN-JCSO,50,69.71530111675172,73.42081932994897,14.96,14.96,29.366701943204735,1.335542768377194,3
b5g,32006,1.0,GAN-RB,30,82.79321210917477,58.5165871340018,14.96,14.96,22.764211247389007,1.0384267549165958,3
b5g,32006,1.0,GAN-RB,40,77.45679700467929,63.790802828914,14.96,14.96,26.302549125070428,1.1998660446373102,3
b5g,32006,1.0,GAN-RB,50,70.07313515276284,69.1981891800489,14.96,14.96,29.554627261819267,1.3482419045851473,3
b5g,32006,1.0,QuantileMLP-JCSO,30,89.17521420826982,48.044158833418,14.96,15.238144116373372,22.943509096517268,1.0407151811276667,3
b5g,32006,1.0,QuantileMLP-JCSO,40,80.53833412201823,59.6699992113151,14.96,14.96,26.545377814858217,1.2042079372614185,3
b5g,32006,1.0,QuantileMLP-JCSO,50,67.24129491255468,73.88084418389545,14.96,14.96,29.753402090817563,1.3499789922693082,3
b5g,32006,1.0,QuantileMLP-RB,30,87.30710672642407,52.43868656375114,14.96,15.116714010372204,23.029236012646688,1.0473592559526645,3
b5g,32006,1.0,QuantileMLP-RB,40,77.24980901741667,63.79185764924999,14.96,14.96,26.66735809298929,1.2128772583219074,3
b5g,32006,1.0,QuantileMLP-RB,50,65.94042041221576,72.847578228678,14.96,14.96,29.98292378186792,1.3636276420592384,3
b5g,32007,0.82,Diffusion-JCSO,30,83.513760061162,59.45015459327225,14.96,14.96,28.01433526307146,1.0422051529551541,3
b5g,32007,0.82,Diffusion-JCSO,40,76.08307115431968,66.87877137654394,14.96,14.96,32.20848133984397,1.198692915843744,3
b5g,32007,0.82,Diffusion-JCSO,50,69.04126826902981,72.7164161424469,14.96,14.96,35.91798138774441,1.3372879055858624,3
b5g,32007,0.82,Diffusion-RB,30,83.47186866891063,60.8964333951157,14.96,14.96,27.99664861195487,1.042655631989554,3
b5g,32007,0.82,Diffusion-RB,40,76.08741614788252,66.66030245080543,14.96,14.96,32.369307085549856,1.2056017970357518,3
b5g,32007,0.82,Diffusion-RB,50,68.83412354977047,72.81304599135595,14.96,14.96,35.895165640056405,1.3371956895260764,3
b5g,32007,0.82,GAN-JCSO,30,91.97984428340754,50.571764718207156,14.96,15.137563956995322,27.13882164488708,1.0119117183003477,3
b5g,32007,0.82,GAN-JCSO,40,87.24000664946291,60.151098366307195,14.96,14.96,31.328857349375163,1.1689563513178682,3
b5g,32007,0.82,GAN-JCSO,50,78.80988919655402,67.20389522575917,14.96,14.96,35.05303647604072,1.3086794171627922,3
b5g,32007,0.82,GAN-RB,30,83.28793217441388,58.46064516187077,14.96,17.350658903845076,27.391568800035294,1.0245901621866755,3
b5g,32007,0.82,GAN-RB,40,67.18802179948283,67.58898754315267,14.96,16.46356769573098,31.97847389249746,1.1959289564435207,3
b5g,32007,0.82,GAN-RB,50,56.62120361476354,72.35986124452135,14.96,15.673744805244006,35.52044085656908,1.3281867619543715,3
b5g,32007,0.82,QuantileMLP-JCSO,30,84.18656329507776,57.7623854962788,14.96,14.96,27.83104484519812,1.0352861734824679,3
b5g,32007,0.82,QuantileMLP-JCSO,40,76.92201707766544,65.36964958900123,14.96,14.96,31.993500650086695,1.1905948721349107,3
b5g,32007,0.82,QuantileMLP-JCSO,50,69.96987288379377,73.0848471979407,14.96,14.96,35.68482393489538,1.328502185163409,3
b5g,32007,0.82,QuantileMLP-RB,30,83.80368288618136,60.19975031939426,14.96,14.96,27.881548060751445,1.040178304318095,3
b5g,32007,0.82,QuantileMLP-RB,40,77.22141956453744,65.90358043546256,14.96,14.96,32.222195481290264,1.202124770103027,3
b5g,32007,0.82,QuantileMLP-RB,50,70.21111775956588,72.01687471626477,14.96,14.96,36.10598408318175,1.3471690524504771,3
b5g,32007,1.0,Diffusion-JCSO,30,87.28893550484223,51.49953491552864,14.96,15.313586935619245,23.019943214678996,1.0442953080837187,3
b5g,32007,1.0,Diffusion-JCSO,40,78.49092187118526,63.74740518072542,14.96,14.96,26.575188636186834,1.2057189263334191,3
b5g,32007,1.0,Diffusion-JCSO,50,68.60370154228416,73.12299661899407,14.96,14.96,29.776724694991763,1.3511616131548272,3
b5g,32007,1.0,Diffusion-RB,30,95.14997739355333,45.81673197417926,14.96,17.143310422040095,22.954340116412627,1.042529548142127,3
b5g,32007,1.0,Diffusion-RB,40,77.81753792404365,64.93333736106563,14.96,14.96,26.56675524522221,1.2066687532050049,3
b5g,32007,1.0,Diffusion-RB,50,68.79516050861913,73.80643857547106,14.96,14.96,29.88788515230736,1.3575343591428506,3
b5g,32007,1.0,GAN-JCSO,30,91.95654066720388,49.4756083693556,14.96,15.581754774006342,22.390053019029015,1.017755929025922,3
b5g,32007,1.0,GAN-JCSO,40,87.10363808437856,58.593243557582674,14.96,14.96,26.058481209774538,1.184797665330295,3
b5g,32007,1.0,GAN-JCSO,50,76.74781711692448,68.88838600399173,14.96,14.96,29.19908058271324,1.3281824175115255,3
b5g,32007,1.0,GAN-RB,30,82.70477667404506,58.460645161870715,14.96,17.015479260281683,22.461086416028976,1.024590162186677,3
b5g,32007,1.0,GAN-RB,40,67.188021799483,67.58898754315257,14.96,16.463567695731005,26.232346680049552,1.1963885223326736,3
b5g,32007,1.0,GAN-RB,50,56.59651614377403,72.37350894337473,14.96,15.673170727401486,29.35388849739948,1.338683932688693,3
b5g,32007,1.0,QuantileMLP-JCSO,30,85.23129651002189,54.27493798663748,14.96,14.96,22.874439078527995,1.0375705435760558,3
b5g,32007,1.0,QuantileMLP-JCSO,40,78.61144103892114,63.332990715992146,14.96,14.96,26.424269390226133,1.1987237101690917,3
b5g,32007,1.0,QuantileMLP-JCSO,50,69.35894525833679,73.73171927886499,14.96,14.96,29.623808288238692,1.3440715888160648,3
b5g,32007,1.0,QuantileMLP-RB,30,87.41573301017014,54.05371723220223,14.96,14.96,22.878371818673823,1.0408844118861282,3
b5g,32007,1.0,QuantileMLP-RB,40,77.96876147796866,64.92837537344408,14.96,14.96,26.42037637465302,1.202024062098307,3
b5g,32007,1.0,QuantileMLP-RB,50,68.92169844728976,72.2311655057009,14.96,14.96,29.730043406662922,1.3525607755648885,3
b5g,32008,0.82,Diffusion-JCSO,30,85.0335731721694,55.804038554769825,14.96,14.96,28.008332993623128,1.041676144493913,3
b5g,32008,0.82,Diffusion-JCSO,40,77.23025082783295,65.06141583883372,14.96,14.96,32.180997484171876,1.1973327034463284,3
b5g,32008,0.82,Diffusion-JCSO,50,70.42005615750897,72.02147492952402,14.96,14.96,35.860627134445224,1.3348441063854104,3
b5g,32008,0.82,Diffusion-RB,30,81.12771528495479,60.407233211013676,14.96,14.96,27.29285673726834,1.014552026145868,3
b5g,32008,0.82,Diffusion-RB,40,75.63077802199696,64.80967879526196,14.96,14.96,31.019232585242854,1.153172268587956,3
b5g,32008,0.82,Diffusion-RB,50,72.71795112377846,68.52884294607317,14.96,14.96,33.79506713923114,1.2566764374767898,3
b5g,32008,0.82,GAN-JCSO,30,95.13972595976232,42.92548538244905,14.96,16.63923887760717,28.217867044349475,1.048178251729329,3
b5g,32008,0.82,GAN-JCSO,40,75.59268446673993,64.87639371811856,14.96,14.96,32.3896089883585,1.2035276701407942,3
b5g,32008,0.82,GAN-JCSO,50,66.41900339137918,71.54396909762626,14.96,14.96,36.17731946635975,1.3447784124968327,3
b5g,32008,0.82,GAN-RB,30,84.41171664083133,57.66202874567508,14.96,15.214939144903106,28.355562249515533,1.0528004492897398,3
b5g,32008,0.82,GAN-RB,40,72.36197255682711,67.80929893938844,14.96,14.96,32.70821524460609,1.2145047482741866,3
b5g,32008,0.82,GAN-RB,50,65.51636992201065,72.07670398902351,14.96,14.96,36.54352818941142,1.357053391224258,3
b5g,32008,0.82,QuantileMLP-JCSO,30,84.893727790607,56.90367359507458,14.96,14.96,27.857722363412506,1.0359684546572194,3
b5g,32008,0.82,QuantileMLP-JCSO,40,76.87598288847384,65.41568377819283,14.96,14.96,32.0551555544854,1.1925609088625155,3
b5g,32008,0.82,QuantileMLP-JCSO,50,70.50349220726409,73.03889201006166,14.96,14.96,35.750935682132756,1.3306012255074293,3
b5g,32008,0.82,QuantileMLP-RB,30,83.72003630580183,60.53417724483728,14.96,14.96,27.872305572655492,1.0405989242201112,3
b5g,32008,0.82,QuantileMLP-RB,40,76.32781027463355,67.09404374367534,14.96,14.96,32.283598520549006,1.205351940904374,3
b5g,32008,0.82,QuantileMLP-RB,50,70.47683759696959,71.0280436907408,14.96,14.96,36.08657644534655,1.3475286169073624,3
b5g,32008,1.0,Diffusion-JCSO,30,88.59989674589134,49.144080194996654,14.96,15.907975119105474,22.992381227630688,1.0427150323295242,3
b5g,32008,1.0,Diffusion-JCSO,40,82.06974000746268,59.1466498174915,14.96,14.96,26.56330423623849,1.204806827510533,3
b5g,32008,1.0,Diffusion-JCSO,50,70.06838083068467,71.22204468032433,14.96,14.96,29.77329634074089,1.3506309324590766,3
b5g,32008,1.0,Diffusion-RB,30,84.55350274667744,56.12442256887573,14.96,14.975924369850192,22.427974021766023,1.0167073385676426,3
b5g,32008,1.0,Diffusion-RB,40,74.05642431972602,66.19369414811541,14.96,14.96,25.91926251896086,1.1750304156491833,3
b5g,32008,1.0,Diffusion-RB,50,66.34973557366749,72.27520146768191,14.96,14.96,28.91304036980323,1.3108119514941188,3
b5g,32008,1.0,GAN-JCSO,30,99.86338377891641,18.353915419963585,19.07164466883069,34.616821438296505,23.14174013587202,1.0482555218393084,3
b5g,32008,1.0,GAN-JCSO,40,98.81951154929547,35.4504158685489,15.09111643855485,17.538397023166738,26.701025858705457,1.209487496991836,3
b5g,32008,1.0,GAN-JCSO,50,77.72716463439929,61.35741192391171,14.96,14.96,29.922047958639663,1.355713145453164,3
b5g,32008,1.0,GAN-RB,30,99.93643683909977,8.30867724107038,25.610782924447456,66.4818504541187,23.25958851325355,1.053126857368051,3
b5g,32008,1.0,GAN-RB,40,91.1944476760895,50.482348623181494,14.96,15.248803380543784,26.833601040045615,1.2150313410997904,3
b5g,32008,1.0,GAN-RB,50,65.60042767432344,72.08017445910747,14.96,14.96,30.118368312564687,1.363904889688281,3
b5g,32008,1.0,QuantileMLP-JCSO,30,87.05988732280203,50.244568076881706,14.96,14.96,22.89631332604526,1.0382508590669406,3
b5g,32008,1.0,QuantileMLP-JCSO,40,78.28852943907113,62.28278708851475,14.96,14.96,26.486742707334123,1.2012204427598139,3
b5g,32008,1.0,QuantileMLP-JCSO,50,68.67199708352707,73.06625364559116,14.96,14.96,29.69010465914398,1.3467183332992636,3
b5g,32008,1.0,QuantileMLP-RB,30,87.1782522454448,53.890482187893205,14.96,15.092694002111976,22.85988168476003,1.040780460264311,3
b5g,32008,1.0,QuantileMLP-RB,40,76.33458169202383,66.90977952850791,14.96,14.96,26.48238914409831,1.2057864216079586,3
b5g,32008,1.0,QuantileMLP-RB,50,70.1215580382692,71.48481116679827,14.96,14.96,29.78422905371032,1.356091519961204,3
b5g,32009,0.82,Diffusion-JCSO,30,81.8946721871354,61.31748627307293,14.96,14.96,27.97385586766978,1.0413865700032106,3
b5g,32009,0.82,Diffusion-JCSO,40,75.42233755293145,66.60926687746009,14.96,14.96,32.19158689777272,1.198872478267793,3
b5g,32009,0.82,Diffusion-JCSO,50,69.64371916169827,73.21316508979226,14.96,14.96,35.908246762706376,1.3378651953484848,3
b5g,32009,0.82,Diffusion-RB,30,83.10123216043783,58.82989624343423,14.96,16.94828246993097,27.22955382324669,1.0151051657693313,3
b5g,32009,0.82,Diffusion-RB,40,74.64451612969282,68.26632144829652,14.96,14.96,31.53169134931376,1.1755787379621767,3
b5g,32009,0.82,Diffusion-RB,50,62.68377987335475,74.41724528368705,14.96,14.96,34.948923080612126,1.3030877706462791,3
b5g,32009,0.82,GAN-JCSO,30,81.67090041288063,59.2644827140124,14.96,14.96,27.910048386468908,1.0375799234614929,3
b5g,32009,0.82,GAN-JCSO,40,77.0141916086958,65.63243014734286,14.96,14.96,32.11539152694558,1.1943845130884525,3
b5g,32009,0.82,GAN-JCSO,50,69.65635094098795,73.02513556128174,14.96,14.96,35.81041724273934,1.3323845380257877,3
b5g,32009,0.82,GAN-RB,30,81.71177746934347,60.23753370345451,14.96,14.96,28.27206448453059,1.0503892150093312,3
b5g,32009,0.82,GAN-RB,40,74.15037191954535,66.4359463454992,14.96,14.96,32.643145198138406,1.212886044001269,3
b5g,32009,0.82,GAN-RB,50,68.93590729872862,71.2541602558264,14.96,14.96,36.408772937564045,1.3529426817319186,3
b5g,32009,0.82,QuantileMLP-JCSO,30,89.91004543699994,50.710466530263254,14.96,14.96,27.84521032654714,1.0356939046985207,3
b5g,32009,0.82,QuantileMLP-JCSO,40,82.46668593794404,60.658314062055965,14.96,14.96,32.025291048878636,1.1915913927972646,3
b5g,32009,0.82,QuantileMLP-JCSO,50,72.33762236470744,71.46533634509625,14.96,14.96,35.73566147838074,1.3302529717992053,3
b5g,32009,0.82,QuantileMLP-RB,30,89.20663334886486,54.21126967014254,14.96,15.057828560190002,27.923525271905433,1.0414170912558869,3
b5g,32009,0.82,QuantileMLP-RB,40,81.50667776146747,61.885207261268825,14.96,14.96,32.31685144169984,1.2052769224122568,3
b5g,32009,0.82,QuantileMLP-RB,50,73.50116448384736,69.4155021828193,14.96,14.96,36.14040152317833,1.3481075463399772,3
b5g,32009,1.0,Diffusion-JCSO,30,82.92071139224635,58.345821831077544,14.96,14.96,22.96766138301377,1.0426209154002897,3
b5g,32009,1.0,Diffusion-JCSO,40,74.73794674191548,66.30345807012432,14.96,14.96,26.567010379229718,1.2061278412770164,3
b5g,32009,1.0,Diffusion-JCSO,50,67.3396082708111,74.47454842086447,14.96,14.96,29.79152867865021,1.3527424517455409,3
b5g,32009,1.0,Diffusion-RB,30,82.71263601332859,58.82989118933711,14.96,16.948283664243085,22.32824346976825,1.0151055807027254,3
b5g,32009,1.0,Diffusion-RB,40,73.65108026282627,68.66241318549355,14.96,14.96,26.00335358322951,1.1822087694876502,3
b5g,32009,1.0,Diffusion-RB,50,58.270235716438414,76.51250138763315,14.96,14.96,29.270683853316555,1.3307075761435494,3
b5g,32009,1.0,GAN-JCSO,30,80.7355086448775,58.75069515334648,14.96,14.96,22.915668510169514,1.038827758303898,3
b5g,32009,1.0,GAN-JCSO,40,74.87679504627528,66.03409019622713,14.96,14.96,26.50984955417741,1.20188825919537,3
b5g,32009,1.0,GAN-JCSO,50,67.86681743821016,73.52164590689266,14.96,14.96,29.741221464725406,1.3485851595620886,3
b5g,32009,1.0,GAN-RB,30,86.54867918630039,52.83778240448793,14.96,14.96,23.182591609091155,1.0503215447300083,3
b5g,32009,1.0,GAN-RB,40,77.3520657919288,62.14189429554499,14.96,14.96,26.77448700799602,1.2131754472143892,3
b5g,32009,1.0,GAN-RB,50,68.34898019709892,71.65493151884247,14.96,14.96,30.112689652238462,1.3644911688995307,3
b5g,32009,1.0,QuantileMLP-JCSO,30,91.37155592507659,45.65099944571846,14.96,15.204329680919747,22.877426486261918,1.0376084230875133,3
b5g,32009,1.0,QuantileMLP-JCSO,40,86.24615046016162,54.02390046932967,14.96,14.96,26.44857978640602,1.1996648960405414,3
b5g,32009,1.0,QuantileMLP-JCSO,50,79.40294951020863,64.58939522404532,14.96,14.96,29.671623834192008,1.3461100632762908,3
b5g,32009,1.0,QuantileMLP-RB,30,91.75838204024252,48.10404489939364,14.96,16.201782218574532,22.895484853037008,1.041343834694792,3
b5g,32009,1.0,QuantileMLP-RB,40,85.50923220488546,58.125044270793495,14.96,14.968525785888032,26.508045706757567,1.2056560953143813,3
b5g,32009,1.0,QuantileMLP-RB,50,78.06069215023413,65.94706701286024,14.96,14.96,29.84594504779729,1.3574420513104044,3
b5g,32010,0.82,Diffusion-JCSO,30,81.16550730522826,61.30273327919,14.96,14.96,27.92842924457676,1.0399846772220664,3
b5g,32010,0.82,Diffusion-JCSO,40,74.54198245858626,67.28276490787806,14.96,14.96,32.13882923820704,1.197222934569502,3
b5g,32010,0.82,Diffusion-JCSO,50,68.87771035808464,73.93660069510135,14.96,14.96,35.821554825726324,1.3349724371929503,3
b5g,32010,0.82,Diffusion-RB,30,80.40212887800234,61.13251223174795,14.96,14.96771663037799,27.12897253806397,1.0109499242798992,3
b5g,32010,0.82,Diffusion-RB,40,73.16656195533317,67.03615997640007,14.96,14.96,31.16509382248454,1.1615183336913872,3
b5g,32010,0.82,Diffusion-RB,50,62.492034974106744,72.18237486260846,14.96,14.96,34.22877458511905,1.2758742891845518,3
b5g,32010,0.82,GAN-JCSO,30,95.70168605531101,44.575424249579676,14.96,15.252295569359257,27.95841777955697,1.0360362179690001,3
b5g,32010,0.82,GAN-JCSO,40,83.73767625180244,57.853077982359245,14.96,14.96,32.08829691485705,1.1895447622065596,3
b5g,32010,0.82,GAN-JCSO,50,74.71102581377792,66.87115359936486,14.96,14.96,35.723111011736265,1.325016422168828,3
b5g,32010,0.82,GAN-RB,30,89.3237387316907,52.04145100371261,14.96,15.327055385985425,28.000632964109087,1.0346131733445962,3
b5g,32010,0.82,GAN-RB,40,78.38864907294365,61.50847722290047,14.96,14.96,32.23979155317368,1.1913434915107404,3
b5g,32010,0.82,GAN-RB,50,74.85637951349145,64.1019538198419,14.96,14.96,35.310985041138466,1.3049204167049078,3
b5g,32010,0.82,QuantileMLP-JCSO,30,82.9106247169959,59.4731919723111,14.96,14.96,27.86444260361563,1.0370956169742922,3
b5g,32010,0.82,QuantileMLP-JCSO,40,76.38072829210508,65.79591626061881,14.96,14.96,32.036675957896655,1.1928898373590064,3
b5g,32010,0.82,QuantileMLP-JCSO,50,70.33915007215501,74.34350264549359,14.96,14.96,35.714541007540554,1.3304018742440915,3
b5g,32010,0.82,QuantileMLP-RB,30,82.05236347537587,61.93130749729688,14.96,14.960325701888813,27.856049104061178,1.0393730049313998,3
b5g,32010,0.82,QuantileMLP-RB,40,75.26328796508692,67.24403931914689,14.96,14.96,32.15617787202801,1.1998916257578898,3
b5g,32010,0.82,QuantileMLP-RB,50,69.98101451752927,72.70628016570821,14.96,14.96,35.83906011175246,1.3376786121796833,3
b5g,32010,1.0,Diffusion-JCSO,30,80.17913500732331,60.26284264645521,14.96,14.96,22.925073577349465,1.0409898701508786,3
b5g,32010,1.0,Diffusion-JCSO,40,73.7938847471984,67.01686786130392,14.96,14.96,26.516127203212807,1.2041585657403242,3
b5g,32010,1.0,Diffusion-JCSO,50,66.39378092357032,75.06455240976301,14.96,14.96,29.71896510597601,1.3497852957415717,3
b5g,32010,1.0,Diffusion-RB,30,79.98188788119913,61.13563977061744,14.96,14.965978855911883,22.25996827660854,1.0115866195663108,3
b5g,32010,1.0,Diffusion-RB,40,72.03169324922946,67.69775203123858,14.96,14.96,25.779306303824924,1.1715860580668462,3
b5g,32010,1.0,Diffusion-RB,50,57.71143462908613,73.01943775024458,14.96,14.96,28.872610149443794,1.3122504858930604,3
b5g,32010,1.0,GAN-JCSO,30,100.0,20.053236138363488,17.443320800221745,28.79062994252147,22.968724904681384,1.0378558347999312,3
b5g,32010,1.0,GAN-JCSO,40,96.63139020118486,41.21671881025268,14.96,15.795412105372245,26.486854147236468,1.1969518154278163,3
b5g,32010,1.0,GAN-JCSO,50,81.36763195943959,59.88236804056042,14.96,14.96,29.671137697154453,1.3411798565507849,3
b5g,32010,1.0,GAN-RB,30,98.35337632905107,34.19883755447068,15.51079286898701,19.92650381535348,22.9946981118244,1.036060395804979,3
b5g,32010,1.0,GAN-RB,40,85.7029811455858,54.44694700465172,14.96,14.96,26.555905803919433,1.1966966499151444,3
b5g,32010,1.0,GAN-RB,50,77.39941204203264,62.11081290408885,14.96,14.96,29.78003213722503,1.3420441153011526,3
b5g,32010,1.0,QuantileMLP-JCSO,30,83.70610858055225,56.64947391204097,14.96,14.96,22.889271251333152,1.0388200208615022,3
b5g,32010,1.0,QuantileMLP-JCSO,40,76.4518542893375,64.38147904399584,14.96,14.96,26.46085775656214,1.2010627000179466,3
b5g,32010,1.0,QuantileMLP-JCSO,50,69.47702284513981,74.87041517643964,14.96,14.96,29.685379557342014,1.3476121615777021,3
b5g,32010,1.0,QuantileMLP-RB,30,83.42360346660735,60.207117286347795,14.96,15.028826283575782,22.836128269184993,1.0390985034882305,3
b5g,32010,1.0,QuantileMLP-RB,40,74.44213863146399,67.2431776550538,14.96,14.96,26.436420458727188,1.2029195285663374,3
b5g,32010,1.0,QuantileMLP-RB,50,67.6517827103084,73.1058916215596,14.96,14.96,29.735754644177415,1.3530288786741205,3
b5g,112001,0.82,Diffusion-JCSO,30,88.31011813757486,54.34168129247433,14.96,15.886308926742684,31.045981284822354,1.0552997293013273,11
b5g,112001,0.82,Diffusion-JCSO,40,75.91547580706147,64.92585138083312,14.96,15.299057222015428,35.58792738510016,1.21060153526238,11
b5g,112001,0.82,Diffusion-JCSO,50,70.49402783432778,74.66668295996536,14.96,14.96,39.46632703401745,1.3432394810687085,11
b5g,112001,0.82,Diffusion-RB,30,80.67553021530166,59.72685810963403,14.96,17.690114857649984,31.51768254521341,1.0720904304389856,11
b5g,112001,0.82,Diffusion-RB,40,72.46293279590513,66.32906240380238,14.96,15.173994741359625,36.48089812529596,1.2410833390241516,11
b5g,112001,0.82,Diffusion-RB,50,64.47973556629778,76.35359776703555,14.96,14.96,39.87185729350019,1.3565075291293502,11
b5g,112001,0.82,GAN-JCSO,30,88.15337577703849,53.48612748490442,14.96,16.52275132018812,31.027734355980307,1.054139314146002,11
b5g,112001,0.82,GAN-JCSO,40,73.61208736692996,65.16138619982448,14.96,15.415262836766871,35.591914760940554,1.2100566818884428,11
b5g,112001,0.82,GAN-JCSO,50,67.51446730019617,74.77358254142143,14.96,14.96,39.427415638622655,1.3412247539207203,11
b5g,112001,0.82,GAN-RB,30,79.42892058705654,60.36274607961012,14.96,16.47775539290777,31.46044386268754,1.0686040830487455,11
b5g,112001,0.82,GAN-RB,40,71.51003406132017,66.25017004682066,14.96,15.213117235820787,36.270495530360044,1.2321172784986902,11
b5g,112001,0.82,GAN-RB,50,65.54427612439852,69.6506032296679,14.96,14.999806720886191,40.09778045367617,1.3625663778376322,11
b5g,112001,0.82,QuantileMLP-JCSO,30,87.60905617357588,55.366305668393224,14.96,16.531418314358927,31.011889882941865,1.0537027922400433,11
b5g,112001,0.82,QuantileMLP-JCSO,40,75.64783735215434,64.20162198588424,14.96,15.497398718448887,35.59305850262097,1.2102251188210609,11
b5g,112001,0.82,QuantileMLP-JCSO,50,69.14802507737612,74.59731452530124,14.96,14.96,39.41968428208872,1.341121947444982,11
b5g,112001,0.82,QuantileMLP-RB,30,79.75143967531994,59.62356032468006,14.96,16.852297261318142,31.338780612988945,1.0664505042197328,11
b5g,112001,0.82,QuantileMLP-RB,40,73.7911173547117,65.90992766238104,14.96,15.931293970284212,36.23988165823135,1.2333433402438083,11
b5g,112001,0.82,QuantileMLP-RB,50,65.10470350082014,73.29486890819621,14.96,14.96,39.980175690356816,1.3610171812112202,11
b5g,112001,1.0,Diffusion-JCSO,30,94.90976605268554,43.50091066406019,14.96,19.296110756685557,25.555248711561436,1.059105949325317,11
b5g,112001,1.0,Diffusion-JCSO,40,86.88471920663346,55.062602868135556,14.96,15.980679405099828,29.527462639059756,1.2239522098389086,11
b5g,112001,1.0,Diffusion-JCSO,50,68.6647413983002,75.74542281073795,14.96,14.96,32.926468736557105,1.3652739175938022,11
b5g,112001,1.0,Diffusion-RB,30,87.49782291172762,53.20921480915713,14.96,18.725738068106043,25.822449581025165,1.0711497004266497,11
b5g,112001,1.0,Diffusion-RB,40,72.4461785699714,66.51215476336193,14.96,15.051025896791211,29.98437201966701,1.243952839430867,11
b5g,112001,1.0,Diffusion-RB,50,63.1106761088041,77.46404329255037,14.96,14.96,33.667436723914534,1.39655776239008,11
b5g,112001,1.0,GAN-JCSO,30,99.16323475602856,28.44615214913756,16.285670243451698,27.303169803858417,25.47213465682548,1.0550509098790382,11
b5g,112001,1.0,GAN-JCSO,40,88.17764314590625,52.51082014700021,14.96,15.64734752739309,29.47465863226278,1.2211244260856535,11
b5g,112001,1.0,GAN-JCSO,50,67.69073257082603,74.54777313211343,14.96,14.96,32.893085516483644,1.3631460696280613,11
b5g,112001,1.0,GAN-RB,30,95.55245156303023,40.546625417908565,15.034978787599622,18.75957336987904,25.768981052062536,1.0672584763342945,11
b5g,112001,1.0,GAN-RB,40,71.49736030389087,66.33465318138789,14.96,15.212194733749595,29.84615891259879,1.2364027836286426,11
b5g,112001,1.0,GAN-RB,50,64.79972026720603,70.38753098899109,14.96,14.984292694807364,33.5369433498099,1.389370283904952,11
b5g,112001,1.0,QuantileMLP-JCSO,30,94.93438725419371,44.415403299549894,14.96,19.297407014111112,25.481227508009056,1.055546343468799,11
b5g,112001,1.0,QuantileMLP-JCSO,40,83.23697910413544,57.354166722249985,14.96,16.335292495679745,29.520086795286737,1.2231340209109183,11
b5g,112001,1.0,QuantileMLP-JCSO,50,66.898553170862,76.0515155283657,14.96,14.96,32.92464333274723,1.3645586763250537,11
b5g,112001,1.0,QuantileMLP-RB,30,82.91038649144765,54.921306337435674,14.96,18.89625523612181,25.72091009413264,1.0673783531896939,11
b5g,112001,1.0,QuantileMLP-RB,40,73.79024750762093,65.91089984442367,14.96,15.930977888693551,29.79277239787524,1.2364186427380164,11
b5g,112001,1.0,QuantileMLP-RB,50,62.61229895119685,75.90419736500283,14.96,14.96,33.52770977978515,1.3913958581685348,11
b5g,112002,0.82,Diffusion-JCSO,30,92.95371063579066,48.66479887101485,14.96,18.896313105050876,31.113581163929055,1.0570686738396975,11
b5g,112002,0.82,Diffusion-JCSO,40,75.35624464321737,63.43702321401786,14.96,15.47141009512948,35.66871974887692,1.212785081436499,11
b5g,112002,0.82,Diffusion-JCSO,50,68.46735244365533,74.3979237582214,14.96,14.96,39.52542631137227,1.3446506379309027,11
b5g,112002,0.82,Diffusion-RB,30,80.48441675814978,60.15100633284763,14.96,16.46391124512431,31.549622987834635,1.07267246438553,11
b5g,112002,0.82,Diffusion-RB,40,73.33759868345336,67.59776864148662,14.96,14.96,36.256215516889235,1.232753638091096,11
b5g,112002,0.82,Diffusion-RB,50,71.20196576740969,71.28202282172688,14.96,14.96,38.5929602181342,1.3123011939848304,11
b5g,112002,0.82,GAN-JCSO,30,90.93110129414073,54.282919777734165,14.96,15.362114067571113,30.137288730499126,1.0281952556372749,11
b5g,112002,0.82,GAN-JCSO,40,84.10066908124148,65.56690999320983,14.96,14.96,34.392997487782054,1.1742493234443971,11
b5g,112002,0.82,GAN-JCSO,50,75.34062054214687,71.03078129551304,14.96,14.96,38.14127882775849,1.3031493254684763,11
b5g,112002,0.82,GAN-RB,30,83.30204641912034,58.92941865604425,14.96,20.255046283282613,30.9520646744893,1.0654139660749213,11
b5g,112002,0.82,GAN-RB,40,65.90844164748856,68.96742683862347,14.96,18.554530203946307,35.368143828718416,1.2172136856570874,11
b5g,112002,0.82,GAN-RB,50,57.140011801277,74.03416076602817,14.96,17.405035719346625,38.57544486171504,1.3273809224155417,11
b5g,112002,0.82,QuantileMLP-JCSO,30,87.64796670378774,55.26600564374607,14.96,15.503141449409304,30.961438937521635,1.051826029790404,11
b5g,112002,0.82,QuantileMLP-JCSO,40,75.49293892093813,64.02436387286427,14.96,15.293773281283515,35.55882924093893,1.2088910177607723,11
b5g,112002,0.82,QuantileMLP-JCSO,50,69.79363961764493,75.033078096407,14.96,14.96,39.3775904499049,1.3395423958191726,11
b5g,112002,0.82,QuantileMLP-RB,30,79.60846920829084,59.61843296479261,14.96,17.581118200277,31.202616123491204,1.0622345727037432,11
b5g,112002,0.82,QuantileMLP-RB,40,73.212707299276,66.34650082724586,14.96,15.227238427780584,35.91456281174969,1.222912019529902,11
b5g,112002,0.82,QuantileMLP-RB,50,66.3186153122572,72.91030261475329,14.96,14.96,39.62370898147072,1.3496104325132021,11
b5g,112002,1.0,Diffusion-JCSO,30,100.0,26.057394254495815,16.57524747538521,28.528371484481944,25.55096785219685,1.0584061614983036,11
b5g,112002,1.0,Diffusion-JCSO,40,93.6974966922696,44.28247810794795,14.96,18.5803124697549,29.56614278300238,1.224917007263509,11
b5g,112002,1.0,Diffusion-JCSO,50,72.00657207795899,71.12939090230032,14.96,14.96,32.992912154485325,1.3673752071607097,11
b5g,112002,1.0,Diffusion-RB,30,88.85021853470212,52.75027627187377,14.96,18.17348019062784,25.85035566206544,1.0717812602803627,11
b5g,112002,1.0,Diffusion-RB,40,72.99492060797435,67.96733185882907,14.96,14.96,29.97700606987243,1.2429382628217742,11
b5g,112002,1.0,Diffusion-RB,50,61.92083913834332,80.12585526309174,14.96,14.96,33.63129777906094,1.3942563928479976,11
b5g,112002,1.0,GAN-JCSO,30,90.7166712060206,53.98054748559299,14.96,15.14450513595525,24.99779017206275,1.0392802143219477,11
b5g,112002,1.0,GAN-JCSO,40,82.55503069059134,65.18202767390409,14.96,14.96,28.70498186685879,1.193930824290689,11
b5g,112002,1.0,GAN-JCSO,50,73.7747664575199,70.941766756301,14.96,14.96,31.900869409122755,1.3275991490082977,11
b5g,112002,1.0,GAN-RB,30,83.29575741865943,58.9329125451892,14.96,20.254561252803942,25.393539838873593,1.0659583005486142,11
b5g,112002,1.0,GAN-RB,40,65.41680266269472,68.98142103880235,14.96,18.550099247831948,29.167619592410784,1.22422844931769,11
b5g,112002,1.0,GAN-RB,50,55.99557368147916,74.48807836378704,14.96,16.76993954527619,32.44543385268353,1.3617522252359964,11
b5g,112002,1.0,QuantileMLP-JCSO,30,93.35036664138316,47.872380065737076,14.96,16.46738899072127,25.466421728316583,1.0548260863038577,11
b5g,112002,1.0,QuantileMLP-JCSO,40,84.14511815903599,57.702203138861464,14.96,15.13605519859467,29.484014727824267,1.2214804166902171,11
b5g,112002,1.0,QuantileMLP-JCSO,50,68.54474963041773,75.92645739628499,14.96,14.96,32.901666027473254,1.3634241134368887,11
b5g,112002,1.0,QuantileMLP-RB,30,85.36694142227715,53.811998715733104,14.96,18.07506566999876,25.603357285712892,1.0629396111002667,11
b5g,112002,1.0,QuantileMLP-RB,40,73.09812302174704,66.51545303743302,14.96,15.225016638562131,29.656724083432525,1.2312641623145795,11
b5g,112002,1.0,QuantileMLP-RB,50,64.4595537985575,74.80161028990398,14.96,14.96,33.32309010418356,1.3834691709461984,11
b5g,112003,0.82,Diffusion-JCSO,30,88.14590972031388,55.28066996675674,14.96,16.07420151725759,30.9934075110969,1.0532506303185893,11
b5g,112003,0.82,Diffusion-JCSO,40,75.6087414636467,64.42160780421283,14.96,15.43711180783148,35.58188795520243,1.2101040052163459,11
b5g,112003,0.82,Diffusion-JCSO,50,69.55194277310876,74.95476480812351,14.96,14.96,39.438398939803584,1.3419848520923674,11
b5g,112003,0.82,Diffusion-RB,30,80.80746528404894,60.21300997519187,14.96,16.731255345366637,31.337322411368895,1.0660051522282064,11
b5g,112003,0.82,Diffusion-RB,40,72.38519852187981,68.55442844041089,14.96,15.128692258043202,35.85035506230647,1.2195984320824942,11
b5g,112003,0.82,Diffusion-RB,50,68.3891051293774,75.67717230440992,14.96,14.96,38.772199331541984,1.3192988700316521,11
b5g,112003,0.82,GAN-JCSO,30,84.14928304031969,56.47354400638695,14.96,16.496972471244014,31.097102246408,1.0561198615236294,11
b5g,112003,0.82,GAN-JCSO,40,74.60452876906471,65.0262783847722,14.96,15.43390740564205,35.6979568188833,1.2131912310867814,11
b5g,112003,0.82,GAN-JCSO,50,67.14775218376558,75.18887062079413,14.96,14.96,39.603870008473656,1.3466920839757432,11
b5g,112003,0.82,GAN-RB,30,80.19861345282985,60.094505340480595,14.96,16.522845992346728,31.446602740547853,1.0674247746221124,11
b5g,112003,0.82,GAN-RB,40,73.07060108109671,65.78807305831243,14.96,15.525660265258056,36.31591596663715,1.2328975759371794,11
b5g,112003,0.82,GAN-RB,50,66.25919629219707,73.5534998348174,14.96,14.96,40.18541040745268,1.3647178427921294,11
b5g,112003,0.82,QuantileMLP-JCSO,30,85.03077681777359,59.01106956138192,14.96,15.829596545219406,30.908467770844016,1.0507061101998298,11
b5g,112003,0.82,QuantileMLP-JCSO,40,77.26542030033058,64.21653476270525,14.96,15.313231032243728,35.50242555054662,1.2077070175104072,11
b5g,112003,0.82,QuantileMLP-JCSO,50,70.51175057341732,74.11586066511987,14.96,14.96,39.33837569492176,1.3389555672446682,11
b5g,112003,0.82,QuantileMLP-RB,30,80.59804363166802,59.81076076090181,14.96,16.747367757788403,31.280914116126457,1.0640688149763498,11
b5g,112003,0.82,QuantileMLP-RB,40,71.7427445236022,66.3822554763978,14.96,15.592872302722181,36.09071197654783,1.2279158955114196,11
b5g,112003,0.82,QuantileMLP-RB,50,64.97720890608605,73.32310665192624,14.96,14.96,39.7198255585326,1.3519452210441583,11
b5g,112003,1.0,Diffusion-JCSO,30,94.25335792115655,42.37733036164474,14.983499538369195,16.867638232898507,25.507009432881294,1.0568543079419048,11
b5g,112003,1.0,Diffusion-JCSO,40,88.16578523701826,54.659611406323535,14.96,16.125225199425774,29.515201944818003,1.2231026393072553,11
b5g,112003,1.0,Diffusion-JCSO,50,68.74636143447103,75.22717449486555,14.96,14.96,32.91066008567254,1.364269920440824,11
b5g,112003,1.0,Diffusion-RB,30,82.34481270394511,58.99843152079811,14.96,17.343290784099807,25.69112749452727,1.0657715931008949,11
b5g,112003,1.0,Diffusion-RB,40,71.48349747162946,69.4621190200453,14.96,15.08703228417935,29.845955185015622,1.2380812865827873,11
b5g,112003,1.0,Diffusion-RB,50,61.685315642621156,80.9920019356065,14.96,14.96,33.41049698537986,1.3857930537927248,11
b5g,112003,1.0,GAN-JCSO,30,99.34750118821644,28.691864008998103,16.180344710746905,28.66852019736739,25.522170787916405,1.0567392062890675,11
b5g,112003,1.0,GAN-JCSO,40,87.46901681609371,53.41416857541831,14.96,16.204282052202057,29.575955120205826,1.2248721869003656,11
b5g,112003,1.0,GAN-JCSO,50,65.72418504363955,76.14875359510785,14.96,14.96,33.0330511975952,1.3684353085456382,11
b5g,112003,1.0,GAN-RB,30,97.47952279070245,36.712740387586194,15.007684539134218,23.052118174708056,25.810394674685096,1.0683346021068678,11
b5g,112003,1.0,GAN-RB,40,73.06371483520658,65.79205983224882,14.96,15.519115007118126,29.919503943996638,1.2386081594814113,11
b5g,112003,1.0,GAN-RB,50,65.5204746647022,75.12443323205368,14.96,14.96,33.5720751307249,1.3897060014689542,11
b5g,112003,1.0,QuantileMLP-JCSO,30,91.33922701476207,51.26647096428555,14.96,16.77627561496488,25.45079506241074,1.0548131966659091,11
b5g,112003,1.0,QuantileMLP-JCSO,40,79.4387163435238,62.436283656476206,14.96,15.26528976654279,29.43884688893972,1.2203667677509114,11
b5g,112003,1.0,QuantileMLP-JCSO,50,67.91953028469308,75.66949327753892,14.96,14.96,32.83890254989941,1.361643144217503,11
b5g,112003,1.0,QuantileMLP-RB,30,82.9519577867058,57.6523082172625,14.96,16.92024361729583,25.646412074913226,1.0638852624987998,11
b5g,112003,1.0,QuantileMLP-RB,40,71.62966797486843,66.45212580051587,14.96,15.583830058706912,29.73455070770666,1.233553748877672,11
b5g,112003,1.0,QuantileMLP-RB,50,62.219446781033156,75.2001047706245,14.96,14.96,33.441074623711614,1.387322977596424,11
b5g,112004,0.82,Diffusion-JCSO,30,84.10333513462507,58.51762754813696,14.96,15.457961126888197,31.113152546104402,1.057047092238144,11
b5g,112004,0.82,Diffusion-JCSO,40,75.76648174362661,64.95450275841125,14.96,15.083365245870933,35.66511351794283,1.2125187143020368,11
b5g,112004,0.82,Diffusion-JCSO,50,69.31481396338675,74.88131359572844,14.96,14.96,39.52641298627754,1.3446627483016302,11
b5g,112004,0.82,Diffusion-RB,30,79.67593604273503,60.48975969230769,14.96,17.587858790053556,31.468264715540816,1.070521561426697,11
b5g,112004,0.82,Diffusion-RB,40,72.59401566254897,66.61716735528486,14.96,16.0325817368939,36.260265696074164,1.2336763238592963,11
b5g,112004,0.82,Diffusion-RB,50,67.1781864218926,75.62209364804285,14.96,14.96,39.43878068047874,1.3419506630671816,11
b5g,112004,0.82,GAN-JCSO,30,83.09726449582337,58.69189229053666,14.96,15.454568282562047,31.115234809222788,1.0576637849896602,11
b5g,112004,0.82,GAN-JCSO,40,72.78056138285451,66.2746323605821,14.96,15.056893348105378,35.67412203574689,1.2133706383413272,11
b5g,112004,0.82,GAN-JCSO,50,65.97917481482168,74.84166014814265,14.96,14.96,39.57182518051484,1.3466077818995659,11
b5g,112004,0.82,GAN-RB,30,78.35372340119419,60.93173759082078,14.96,17.403303947890794,31.523286066233148,1.0741684974452814,11
b5g,112004,0.82,GAN-RB,40,70.86825243248313,67.64638618612985,14.96,15.458279821439762,36.39017341135462,1.239992909038563,11
b5g,112004,0.82,GAN-RB,50,61.55996076223659,75.59225274048265,14.96,14.96,40.59470498812351,1.3830879983391868,11
b5g,112004,0.82,QuantileMLP-JCSO,30,84.2146253516031,58.77296556033622,14.96,15.697512104981852,30.921166779096303,1.0515064251294448,11
b5g,112004,0.82,QuantileMLP-JCSO,40,76.37819230203691,64.32694872925953,14.96,15.430150818490718,35.51305454255062,1.2084871925557856,11
b5g,112004,0.82,QuantileMLP-JCSO,50,69.67441761453082,74.46277113162317,14.96,14.96,39.334547659939766,1.3393344490449115,11
b5g,112004,0.82,QuantileMLP-RB,30,80.21804264725404,60.306151602436465,14.96,16.459396110162988,31.36114096235667,1.0672632546855318,11
b5g,112004,0.82,QuantileMLP-RB,40,72.82625423945731,66.13642253791518,14.96,15.295232838256782,36.05076287634216,1.2270973416663113,11
b5g,112004,0.82,QuantileMLP-RB,50,65.1885209347486,73.01403776815305,14.96,14.96,39.625698175815565,1.349332891606716,11
b5g,112004,1.0,Diffusion-JCSO,30,92.38247216617745,46.28435728697224,14.96,18.40297621586464,25.574709057474124,1.0594149319999284,11
b5g,112004,1.0,Diffusion-JCSO,40,81.84584129152361,59.612492041809716,14.96,15.558786687211454,29.55460509738362,1.2244997734498806,11
b5g,112004,1.0,Diffusion-JCSO,50,67.61463748223385,76.02048978187953,14.96,14.96,33.01453268803948,1.3681612196485322,11
b5g,112004,1.0,Diffusion-RB,30,82.4394170236155,57.949546451123254,14.96,17.65148652957823,25.794103823645774,1.0701073968301371,11
b5g,112004,1.0,Diffusion-RB,40,72.58813205296897,66.65141782404727,14.96,16.030940054669763,29.912152073679433,1.2410187841267541,11
b5g,112004,1.0,Diffusion-RB,50,64.72468454396403,78.26298632805545,14.96,14.96,33.5804580026207,1.39301384891054,11
b5g,112004,1.0,GAN-JCSO,30,98.65794068348758,34.48232964852359,15.639090785175698,24.910215832315604,25.542496525212762,1.05851001363797,11
b5g,112004,1.0,GAN-JCSO,40,82.04390780647766,59.75387132255647,14.96,15.53550312925639,29.53935441884281,1.2244290088287486,11
b5g,112004,1.0,GAN-JCSO,50,64.96186408420901,75.54378552868761,14.96,14.96,32.9541942376325,1.3663008772579612,11
b5g,112004,1.0,GAN-RB,30,86.72955993940128,51.97392539191209,14.96,19.706626438468504,25.848161070257657,1.074125221232911,11
b5g,112004,1.0,GAN-RB,40,71.49702644883418,67.22330440492095,14.96,15.463871259935368,29.894975866556553,1.242295683614683,11
b5g,112004,1.0,GAN-RB,50,61.55302840765677,75.60401453834983,14.96,14.96,33.497945137803335,1.3918297656550245,11
b5g,112004,1.0,QuantileMLP-JCSO,30,90.27461068393576,52.524047370003096,14.96,16.781918903874345,25.436166972473156,1.0546006594375334,11
b5g,112004,1.0,QuantileMLP-JCSO,40,78.0938123405596,62.75957020241401,14.96,15.700445139638775,29.459344339915866,1.2216259003503132,11
b5g,112004,1.0,QuantileMLP-JCSO,50,66.75031104577239,76.32174348186251,14.96,14.96,32.86733194837586,1.363283302991766,11
b5g,112004,1.0,QuantileMLP-RB,30,88.17340573943093,51.06512851704234,14.96,19.2160130870857,25.734156452491735,1.0679460245500105,11
b5g,112004,1.0,QuantileMLP-RB,40,72.48980545087895,66.46648897263017,14.96,15.29129011129659,29.811315816443365,1.2372436334725438,11
b5g,112004,1.0,QuantileMLP-RB,50,62.4373691462084,75.27096418712493,14.96,14.96,33.42758599586528,1.3873464694626239,11
b5g,112005,0.82,Diffusion-JCSO,30,91.96617350471654,49.3003189359194,14.96,16.451846566736528,31.037532476522482,1.0541764914151928,11
b5g,112005,0.82,Diffusion-JCSO,40,76.11456916967506,63.539073122743694,14.96,15.453468331375433,35.56911550691514,1.2090496501952828,11
b5g,112005,0.82,Diffusion-JCSO,50,68.39571842016659,74.58756894790004,14.96,14.96,39.36570504848115,1.338926039892129,11
b5g,112005,0.82,Diffusion-RB,30,79.30345340794486,60.7311374300517,14.96,16.512328717156972,31.304228875248814,1.0632871200658187,11
b5g,112005,0.82,Diffusion-RB,40,73.20340889842258,66.34527791893454,14.96,15.064380278948496,35.70072097516016,1.212888763356304,11
b5g,112005,0.82,Diffusion-RB,50,66.97718607879459,72.08729450907747,14.96,14.96,38.73945641395793,1.3162119096381426,11
b5g,112005,0.82,GAN-JCSO,30,85.40632144926602,56.25092203993136,14.96,16.003990494885436,31.3910274146493,1.0658039168573548,11
b5g,112005,0.82,GAN-JCSO,40,73.59540915267952,68.49978869374884,14.96,14.96,35.9515670715628,1.2212252347641757,11
b5g,112005,0.82,GAN-JCSO,50,65.64624865815838,75.90391747177163,14.96,14.96,39.90876249370779,1.3564186497487094,11
b5g,112005,0.82,GAN-RB,30,79.99647695175803,59.86874438230206,14.96,18.245720648960265,31.652793996051415,1.0743738992471172,11
b5g,112005,0.82,GAN-RB,40,73.57343034788232,69.93434248804395,14.96,15.162943534292335,36.60319311102581,1.242241193128252,11
b5g,112005,0.82,GAN-RB,50,63.69745457982667,77.83877271008666,14.96,14.96,40.5231159153721,1.375125519117234,11
b5g,112005,0.82,QuantileMLP-JCSO,30,90.9296341522478,51.18518177188846,14.96,16.93411285673119,30.989798540745568,1.0529737798060281,11
b5g,112005,0.82,QuantileMLP-JCSO,40,75.25026528171117,65.10862168562954,14.96,15.43927850091806,35.54300763127741,1.2085982901878403,11
b5g,112005,0.82,QuantileMLP-JCSO,50,69.21883705490264,74.94782961176404,14.96,14.96,39.32274152179147,1.3379774451648425,11
b5g,112005,0.82,QuantileMLP-RB,30,80.47227308135534,60.2025754868067,14.96,17.507361991100996,31.32636973254169,1.066024663204013,11
b5g,112005,0.82,QuantileMLP-RB,40,73.16980893149938,67.43936967694857,14.96,15.237220118695136,36.10296460862319,1.228778107293516,11
b5g,112005,0.82,QuantileMLP-RB,50,65.87284123540411,74.75215876459589,14.96,14.96,39.81371293475744,1.3555074466525345,11
b5g,112005,1.0,Diffusion-JCSO,30,99.72606240248822,27.132934477134924,15.986459933250638,27.717980560331906,25.51385184223759,1.0564873644475825,11
b5g,112005,1.0,Diffusion-JCSO,40,92.26636531750044,46.07961869041599,14.96,19.663869853591063,29.52168860743092,1.222679148466155,11
b5g,112005,1.0,Diffusion-JCSO,50,70.80491786299929,71.79421543551084,14.96,14.96,32.91797302649029,1.3638742188889208,11
b5g,112005,1.0,Diffusion-RB,30,82.22716891557042,57.518914378988704,14.96,16.96185901098215,25.68324920325193,1.0638520442576354,11
b5g,112005,1.0,Diffusion-RB,40,72.81360370351422,66.73513004132069,14.96,15.552299482954082,29.75284253542319,1.232465402198939,11
b5g,112005,1.0,Diffusion-RB,50,59.92338524373191,77.00829007466785,14.96,14.96,33.29967071903465,1.3793771042240415,11
b5g,112005,1.0,GAN-JCSO,30,98.95224545889911,33.63293051670657,15.406375220214029,23.987725355467465,25.73555614326307,1.065354249137231,11
b5g,112005,1.0,GAN-JCSO,40,83.72663998369582,60.56444268256324,14.96,14.96,29.770620503568086,1.232520891778773,11
b5g,112005,1.0,GAN-JCSO,50,65.05061280595092,76.27503284189986,14.96,14.96,33.25224839079462,1.376933570417417,11
b5g,112005,1.0,GAN-RB,30,82.10540107617618,57.05568909915823,14.96,19.613562526114798,25.95438302178418,1.074347415882848,11
b5g,112005,1.0,GAN-RB,40,73.43501148581697,69.82961474060764,14.96,15.2094591544279,30.039923955299937,1.2432849492620615,11
b5g,112005,1.0,GAN-RB,50,61.47253520286348,78.99040659476766,14.96,14.96,33.69337754251211,1.3943071971328418,11
b5g,112005,1.0,QuantileMLP-JCSO,30,98.05346249937674,35.51130250336563,15.080235262126727,22.479059116081288,25.50443937338718,1.0564507559762661,11
b5g,112005,1.0,QuantileMLP-JCSO,40,90.7123511547222,51.03571433868317,14.96,16.679497156669136,29.479246756542622,1.221405870000944,11
b5g,112005,1.0,QuantileMLP-JCSO,50,69.63504091599061,73.44724297018864,14.96,14.96,32.88290441347593,1.3628973488438423,11
b5g,112005,1.0,QuantileMLP-RB,30,81.27170298547752,58.93241786618227,14.96,17.828065041965512,25.700394686955264,1.0665144700794547,11
b5g,112005,1.0,QuantileMLP-RB,40,73.1696509608996,67.43953752071084,14.96,15.237158771027248,29.783237422692753,1.2360145387569683,11
b5g,112005,1.0,QuantileMLP-RB,50,62.833928665834286,77.97190801895782,14.96,14.96,33.349689127044954,1.3840392701901294,11
b5g,112006,0.82,Diffusion-JCSO,30,88.53704409992102,54.87383641256911,14.96,15.86326334158587,31.0444138364786,1.0552029597513852,11
b5g,112006,0.82,Diffusion-JCSO,40,75.60731470166976,64.75235639206704,14.96,15.29690511050864,35.60145239271604,1.2109900052165867,11
b5g,112006,0.82,Diffusion-JCSO,50,69.07934459187803,74.88572657820652,14.96,14.96,39.47993992864561,1.3436385908780772,11
b5g,112006,0.82,Diffusion-RB,30,79.84131193713456,59.634308638784404,14.96,17.00874297938473,31.376962699208743,1.0672202985664416,11
b5g,112006,0.82,Diffusion-RB,40,71.24537907195196,70.43098818544259,14.96,14.96,36.12246426903277,1.2286462152127589,11
b5g,112006,0.82,Diffusion-RB,50,68.92947101009766,74.33531940171225,14.96,14.96,38.500214796317465,1.3096673575642999,11
b5g,112006,0.82,GAN-JCSO,30,82.75878862966391,58.0033739730328,14.96,15.949441703009102,31.019619153301278,1.052458578179326,11
b5g,112006,0.82,GAN-JCSO,40,72.69008856352913,65.11328905156877,14.96,15.327159345509282,35.576802819490055,1.2078661111242688,11
b5g,112006,0.82,GAN-JCSO,50,67.05175202816484,74.4398262904569,14.96,14.96,39.42066472153238,1.3392211352357954,11
b5g,112006,0.82,GAN-RB,30,78.75795474931623,59.73653176001902,14.96,16.749734098476512,31.253486136921154,1.0581863749992528,11
b5g,112006,0.82,GAN-RB,40,71.7836384572345,64.95588735358359,14.96,16.388660937769572,35.90087033981897,1.2157340748737189,11
b5g,112006,0.82,GAN-RB,50,66.22346052935698,68.34660306865484,14.96,15.507492307610859,39.24489390237869,1.3298777257467365,11
b5g,112006,0.82,QuantileMLP-JCSO,30,87.0781677703791,56.54243504842634,14.96,15.654093088954957,30.816807703322205,1.0475828131740397,11
b5g,112006,0.82,QuantileMLP-JCSO,40,77.1602323884084,63.70193809057808,14.96,15.430209506063267,35.41899086860491,1.2048702916642062,11
b5g,112006,0.82,QuantileMLP-JCSO,50,70.70212107049709,74.46872304488303,14.96,14.96,39.285717601538934,1.3371980615517778,11
b5g,112006,0.82,QuantileMLP-RB,30,82.52040126006494,58.805173582426946,14.96,16.637099770843637,31.11543236821253,1.0583145420426472,11
b5g,112006,0.82,QuantileMLP-RB,40,74.12587617628962,65.92351050030764,14.96,14.987311251071539,35.600398643563324,1.2112168376388934,11
b5g,112006,0.82,QuantileMLP-RB,50,66.875,72.1901559659515,14.96,14.96,38.93156940866026,1.3250801093703706,11
b5g,112006,1.0,Diffusion-JCSO,30,93.8555910745162,44.45142875989226,14.96,18.96428468935046,25.52413591322202,1.057744189105892,11
b5g,112006,1.0,Diffusion-JCSO,40,85.13863544912596,57.20707172319339,14.96,15.23163800166638,29.515262544599985,1.2234286985417488,11
b5g,112006,1.0,Diffusion-JCSO,50,69.5913909427991,74.57815344153391,14.96,14.96,32.92877473816291,1.365289894863039,11
b5g,112006,1.0,Diffusion-RB,30,79.88028530510447,59.05589336861942,14.96,17.731432152444846,25.72732084427936,1.0671395098271814,11
b5g,112006,1.0,Diffusion-RB,40,70.80519322626436,70.66133070826281,14.96,14.96,29.86576582091426,1.2387221035295826,11
b5g,112006,1.0,Diffusion-RB,50,59.44874636828453,81.52562681585773,14.96,14.96,33.50763386083065,1.3896197544307634,11
b5g,112006,1.0,GAN-JCSO,30,99.34230766191571,29.005929749310212,16.441742350804592,27.997737214980972,25.45249469922256,1.052819274730447,11
b5g,112006,1.0,GAN-JCSO,40,79.7648102617137,59.74665954047659,14.96,17.001455908813845,29.471560985562775,1.219445136626112,11
b5g,112006,1.0,GAN-JCSO,50,65.16824758536373,75.63302693708162,14.96,14.96,32.92233525716002,1.3624990303069684,11
b5g,112006,1.0,GAN-RB,30,83.29070862468528,55.59872760575048,14.96,16.623155876045217,25.641280229332462,1.0587288640474037,11
b5g,112006,1.0,GAN-RB,40,71.33639358345235,65.22255179990479,14.96,16.38184594426467,29.655734600464612,1.2245855929070906,11
b5g,112006,1.0,GAN-RB,50,65.19777306783772,69.15235696446595,14.96,15.474760648602322,33.29244805776446,1.374833681128121,11
b5g,112006,1.0,QuantileMLP-JCSO,30,95.34928966647038,47.36866895260529,14.96,16.693448838744605,25.32701263394171,1.04964404820756,11
b5g,112006,1.0,QuantileMLP-JCSO,40,84.10344244509842,58.47981259401132,14.96,15.771560610276484,29.36863529389024,1.2174414730266871,11
b5g,112006,1.0,QuantileMLP-JCSO,50,68.58311891873838,75.90739639651288,14.96,14.96,32.794749425397235,1.3598281868124624,11
b5g,112006,1.0,QuantileMLP-RB,30,86.89531813803227,53.23294771147604,14.96,18.931432486266768,25.535436979595286,1.059147347933467,11
b5g,112006,1.0,QuantileMLP-RB,40,73.6891974134895,66.44741730225888,14.96,14.96,29.577949569806457,1.22683112809654,11
b5g,112006,1.0,QuantileMLP-RB,50,62.05027641857733,76.11308455661373,14.96,14.96,33.14674058998894,1.3749415534845506,11
b5g,112007,0.82,Diffusion-JCSO,30,89.12323609960121,53.25623238109132,14.96,16.4873172288776,31.028187487748493,1.0544130590519498,11
b5g,112007,0.82,Diffusion-JCSO,40,73.93204962865397,65.27017734434361,14.96,15.448018919245285,35.6026741953314,1.2107750332468832,11
b5g,112007,0.82,Diffusion-JCSO,50,67.8795265604102,75.03410202328811,14.96,14.96,39.482462274518056,1.3434324209990292,11
b5g,112007,0.82,Diffusion-RB,30,79.81372439393363,59.63807262626647,14.96,17.7710386415103,31.349450392167363,1.0666097645919617,11
b5g,112007,0.82,Diffusion-RB,40,71.96368280345865,68.40864246147868,14.96,15.165790003576769,36.31170981448389,1.2354313104206862,11
b5g,112007,0.82,Diffusion-RB,50,65.68475407707108,77.4004098715482,14.96,14.96,39.792419195556974,1.3538750491243898,11
b5g,112007,0.82,GAN-JCSO,30,95.70874082739093,47.506469034710584,14.96,17.804414415138698,30.472708815514952,1.035058482932864,11
b5g,112007,0.82,GAN-JCSO,40,84.93656109775279,63.84909949043775,14.96,14.96,34.7778781929187,1.1822593655081843,11
b5g,112007,0.82,GAN-JCSO,50,73.21927610413826,71.67455417979552,14.96,14.96,38.5644882598934,1.311968151217265,11
b5g,112007,0.82,GAN-RB,30,85.37539818690074,57.35619390205317,14.96,17.113094352635986,31.409359579987655,1.0646723620589378,11
b5g,112007,0.82,GAN-RB,40,77.42796416078161,64.14053882581992,14.96,15.79591333117901,35.942356833768464,1.218690120251312,11
b5g,112007,0.82,GAN-RB,50,71.9178934154593,69.94638323067588,14.96,14.96,39.37671659078153,1.3356739158202697,11
b5g,112007,0.82,QuantileMLP-JCSO,30,84.4852926698564,58.97058944178633,14.96,15.483270800173953,30.988696898304184,1.0529475181805759,11
b5g,112007,0.82,QuantileMLP-JCSO,40,77.96103443724056,64.22475099325736,14.96,15.27970179438561,35.556183853304454,1.2089545296558464,11
b5g,112007,0.82,QuantileMLP-JCSO,50,70.73260008193446,74.28142216418532,14.96,14.96,39.42294220899692,1.3412143541256818,11
b5g,112007,0.82,QuantileMLP-RB,30,82.7768494545702,58.88981721209646,14.96,16.79297009828937,31.360169462996957,1.0676791405195534,11
b5g,112007,0.82,QuantileMLP-RB,40,72.0073099866426,66.8570601494635,14.96,14.979956753891368,36.321553517976184,1.236655372644653,11
b5g,112007,0.82,QuantileMLP-RB,50,64.1011603555037,76.69941982224816,14.96,14.96,40.443634739206075,1.3771919097361176,11
b5g,112007,1.0,Diffusion-JCSO,30,98.07073820898658,32.9183832060832,15.646146214201728,23.275347587416974,25.51086774736271,1.0569291217668473,11
b5g,112007,1.0,Diffusion-JCSO,40,88.68110975249881,51.933968335602465,14.96,17.224825769312126,29.500096657005876,1.222460927595482,11
b5g,112007,1.0,Diffusion-JCSO,50,68.5182087999465,74.14928468270304,14.96,14.96,32.95209171800469,1.3659765594127005,11
b5g,112007,1.0,Diffusion-RB,30,82.81726443409909,56.89522322415469,14.96,17.800741998912176,25.707551144012154,1.066648256741341,11
b5g,112007,1.0,Diffusion-RB,40,71.99526714534149,68.40864246147868,14.96,15.165790003576769,29.8371764560387,1.2379656361541174,11
b5g,112007,1.0,Diffusion-RB,50,63.56247962202888,80.5142202920686,14.96,14.96,33.551853775390576,1.3918718889174237,11
b5g,112007,1.0,GAN-JCSO,30,98.99943080641486,35.589594462769945,15.228641872895246,21.53813245813423,25.273223125348988,1.04621289876298,11
b5g,112007,1.0,GAN-JCSO,40,93.360633806256,49.4226971746728,14.96,15.401609453151796,29.076250557833156,1.2042029860969885,11
b5g,112007,1.0,GAN-JCSO,50,78.50818974970014,66.89173845848325,14.96,14.96,32.31175590990601,1.3389223828683228,11
b5g,112007,1.0,GAN-RB,30,94.87544294495935,45.1998339463797,14.960013880053571,20.515294552006594,25.8260285559854,1.0675682511541986,11
b5g,112007,1.0,GAN-RB,40,78.73673882581933,62.721594507514006,14.96,15.82838609227683,29.914469513531184,1.23664378128042,11
b5g,112007,1.0,GAN-RB,50,70.12071417074743,71.12928582925257,14.96,14.96,33.378282651918326,1.3798636995861806,11
b5g,112007,1.0,QuantileMLP-JCSO,30,89.03963087435622,53.87703579231044,14.96,15.984268136967035,25.492497013129043,1.056104153976972,11
b5g,112007,1.0,QuantileMLP-JCSO,40,78.87884694776068,63.49080388591572,14.96,15.102269685912002,29.487670369909218,1.2218475909241937,11
b5g,112007,1.0,QuantileMLP-JCSO,50,69.07879013238257,75.36625214600195,14.96,14.96,32.89493708242662,1.363343123483063,11
b5g,112007,1.0,QuantileMLP-RB,30,89.42112039203377,50.87792782695637,14.96,19.603918393055068,25.716281413806737,1.0676812316090447,11
b5g,112007,1.0,QuantileMLP-RB,40,73.29249223392597,65.61600621285922,14.96,14.962179348150066,29.80256392433293,1.2374139831379207,11
b5g,112007,1.0,QuantileMLP-RB,50,65.43581433646253,75.59986868339294,14.96,14.96,33.49924548942279,1.3907550717673152,11
b5g,112008,0.82,Diffusion-JCSO,30,89.15860513043238,53.2384100082858,14.96,15.690181390932306,31.09519010354705,1.0561705162895378,11
b5g,112008,0.82,Diffusion-JCSO,40,74.65683314301671,64.7113519998759,14.96,15.407594181801988,35.65758136179489,1.2119995342586316,11
b5g,112008,0.82,Diffusion-JCSO,50,68.16738410597723,74.82091611477816,14.96,14.96,39.51150152960856,1.3438313462718319,11
b5g,112008,0.82,Diffusion-RB,30,79.94850237998926,60.01053316429721,14.96,16.755863984607355,31.56126553831042,1.0726860357844772,11
b5g,112008,0.82,Diffusion-RB,40,71.96537670279962,66.55495353271469,14.96,16.126291636171693,36.49272121105448,1.2404249486422951,11
b5g,112008,0.82,Diffusion-RB,50,66.42268296858241,74.61898369808425,14.96,14.96,39.404156748902665,1.3395227537622145,11
b5g,112008,0.82,GAN-JCSO,30,89.48030347332437,52.825359846672995,14.96,16.35022302663327,30.845342846721326,1.0468684180495125,11
b5g,112008,0.82,GAN-JCSO,40,75.38856317208023,65.50692014900201,14.96,15.32302391192066,35.34193405701812,1.200324412033716,11
b5g,112008,0.82,GAN-JCSO,50,68.60477452224542,74.23267824746421,14.96,14.96,39.20842929630317,1.3324292120722132,11
b5g,112008,0.82,GAN-RB,30,81.17488050836691,58.5601694767314,14.96,17.010673973454665,31.304405012884626,1.0602739211528684,11
b5g,112008,0.82,GAN-RB,40,73.93426685887452,64.75235137536397,14.96,15.52629375433783,36.11339182439951,1.2233189372692794,11
b5g,112008,0.82,GAN-RB,50,67.07975559753679,69.29500588674344,14.96,15.004029039282369,39.5893568259687,1.3418880899155055,11
b5g,112008,0.82,QuantileMLP-JCSO,30,88.46397296554586,54.63969935179352,14.96,17.05788967611031,31.04215684044741,1.0545210325131769,11
b5g,112008,0.82,QuantileMLP-JCSO,40,75.40395415880548,64.63686500733711,14.96,15.04169609882494,35.54774367359984,1.208525054473051,11
b5g,112008,0.82,QuantileMLP-JCSO,50,69.35265369311033,74.95394637607755,14.96,14.96,39.35279938961256,1.3387815326584485,11
b5g,112008,0.82,QuantileMLP-RB,30,80.48272993171285,59.64147823161022,14.96,17.498937433960627,30.778338802275524,1.0492401368322783,11
b5g,112008,0.82,QuantileMLP-RB,40,74.6392236149371,66.63872152586478,14.96,15.43208058283838,35.34433215465844,1.2050921710744804,11
b5g,112008,0.82,QuantileMLP-RB,50,65.09902091937772,73.6277768487741,14.96,14.96,39.1705545565906,1.3360237955299779,11
b5g,112008,1.0,Diffusion-JCSO,30,98.92736170212686,28.638815602842,16.321215995728846,28.66248762278337,25.529322829810397,1.0572189753263381,11
b5g,112008,1.0,Diffusion-JCSO,40,90.94678274402938,48.598814765438355,14.96,16.820540974222844,29.52311704337775,1.2228240935799881,11
b5g,112008,1.0,Diffusion-JCSO,50,68.59259107924626,74.29871267640083,14.96,14.96,32.99902705288654,1.3672153424533928,11
b5g,112008,1.0,Diffusion-RB,30,84.98733907620891,54.86940407177502,14.96,17.392554172869424,25.869951898273,1.0722558173985888,11
b5g,112008,1.0,Diffusion-RB,40,71.94743396692559,66.76245641875171,14.96,16.126090357559953,30.045426868113196,1.245427898526051,11
b5g,112008,1.0,Diffusion-RB,50,62.74791748197066,78.67807878849693,14.96,14.96,33.72391773993282,1.3977116852542077,11
b5g,112008,1.0,GAN-JCSO,30,100.0,26.142181256279613,17.25637250543802,27.775713311021775,25.442215002171466,1.0525626454185821,11
b5g,112008,1.0,GAN-JCSO,40,89.90533995684002,51.33368087853168,14.96,15.706503629071573,29.38040056639801,1.2158500172883204,11
b5g,112008,1.0,GAN-JCSO,50,66.05013578974113,75.50426815425759,14.96,14.96,32.75406037658811,1.3559882399860717,11
b5g,112008,1.0,GAN-RB,30,86.79279236982673,53.83495461210883,14.96,17.396137704305232,25.65757683638958,1.059744947367876,11
b5g,112008,1.0,GAN-RB,40,74.1757356791524,64.62861490730236,14.96,15.526524429461844,29.763611268781013,1.22946572095377,11
b5g,112008,1.0,GAN-RB,50,65.96874267491866,70.15885966047767,14.96,14.991062015552966,33.474820578810046,1.3828297729319459,11
b5g,112008,1.0,QuantileMLP-JCSO,30,94.78045534014038,43.860106749263124,14.96,18.755084789295722,25.430063907806428,1.0532157956365567,11
b5g,112008,1.0,QuantileMLP-JCSO,40,86.1192726245902,56.097013951465414,14.96,16.088852538286364,29.486287224774344,1.221486382414115,11
b5g,112008,1.0,QuantileMLP-JCSO,50,66.71734435097753,76.53664888669243,14.96,14.96,32.922179075673725,1.3642170357587802,11
b5g,112008,1.0,QuantileMLP-RB,30,80.51693237211401,59.335823263543155,14.96,17.515327546789532,25.342129862428404,1.0534327593598833,11
b5g,112008,1.0,QuantileMLP-RB,40,73.47283242861288,67.24214632339024,14.96,15.374429610303634,29.230474690660568,1.215047217553102,11
b5g,112008,1.0,QuantileMLP-RB,50,61.6672678828607,75.2259787583409,14.96,14.96,32.70463896890918,1.3595472550055112,11
b5g,112009,0.82,Diffusion-JCSO,30,85.40435919057549,59.31376053961635,14.96,15.370905184195086,30.98965238775551,1.053632306327226,11
b5g,112009,0.82,Diffusion-JCSO,40,77.1300681983636,64.96356502345822,14.96,15.296502709044049,35.59553324454851,1.2110716624300268,11
b5g,112009,0.82,Diffusion-JCSO,50,70.9061878362987,74.97053100711761,14.96,14.96,39.483627660937415,1.3440587163529247,11
b5g,112009,0.82,Diffusion-RB,30,81.9819125922747,60.184669239966865,14.96,16.63537153607006,31.44244385070546,1.069787459633648,11
b5g,112009,0.82,Diffusion-RB,40,73.6199495295956,68.33906365276674,14.96,15.132869660451737,36.36863425056677,1.2375326003263813,11
b5g,112009,0.82,Diffusion-RB,50,67.13468438091655,76.4069822857501,14.96,14.96,39.824281547516605,1.3551832007899485,11
b5g,112009,0.82,GAN-JCSO,30,85.5904155059964,59.12096462979505,14.96,15.256234244075396,30.85955173547074,1.0509632746444932,11
b5g,112009,0.82,GAN-JCSO,40,79.38073927442733,65.45048965828263,14.96,15.241598398851778,35.44057343599987,1.2078247352926963,11
b5g,112009,0.82,GAN-JCSO,50,70.97330588732213,74.49276285722294,14.96,14.96,39.40495214338143,1.3436348372330145,11
b5g,112009,0.82,GAN-RB,30,83.28015149403551,59.27177490987433,14.96,16.79247242783751,31.464571640931375,1.0723708368773834,11
b5g,112009,0.82,GAN-RB,40,75.54451598741699,64.58147508067007,14.96,15.068900132467574,36.20347581230725,1.234179904633732,11
b5g,112009,0.82,GAN-RB,50,69.42238066020143,70.07238126174751,14.96,14.96,40.037584415548146,1.3655260370158504,11
b5g,112009,0.82,QuantileMLP-JCSO,30,87.6452398580446,56.57735546975228,14.96,16.450719211324703,31.022149918342098,1.0541732711042604,11
b5g,112009,0.82,QuantileMLP-JCSO,40,75.01329340664117,64.7510757470323,14.96,15.435114383085892,35.595055863554784,1.2104245499817592,11
b5g,112009,0.82,QuantileMLP-JCSO,50,68.70825010811537,75.20006658017438,14.96,14.96,39.45851759951951,1.3425468992544258,11
b5g,112009,0.82,QuantileMLP-RB,30,79.89761993220318,60.44734364189499,14.96,16.61762557229511,31.404863673565746,1.0674530042008454,11
b5g,112009,0.82,QuantileMLP-RB,40,72.5976260517538,66.3101487055216,14.96,15.112765545749111,36.23958613227389,1.2319811777350818,11
b5g,112009,0.82,QuantileMLP-RB,50,66.46518881465491,73.11814451867842,14.96,14.96,39.72525192239277,1.3511905027070477,11
b5g,112009,1.0,Diffusion-JCSO,30,86.27349415687844,56.062440879779025,14.96,16.154031665061368,25.522056318797656,1.0579553740112613,11
b5g,112009,1.0,Diffusion-JCSO,40,77.4647928176303,64.87315105484711,14.96,15.093036529620548,29.52819275640726,1.2242806262310655,11
b5g,112009,1.0,Diffusion-JCSO,50,68.38673673153801,76.55785971464415,14.96,14.96,32.93320815096478,1.3657874461752968,11
b5g,112009,1.0,Diffusion-RB,30,84.09697397361434,58.61291084134126,14.96,17.25629830221364,25.774351311585153,1.0694315123471883,11
b5g,112009,1.0,Diffusion-RB,40,73.60909391397742,68.51333944086218,14.96,15.130201307951157,29.926770965531627,1.2418188013457547,11
b5g,112009,1.0,Diffusion-RB,50,65.76931281191214,78.39735385475453,14.96,14.96,33.60345161354075,1.3941793542459335,11
b5g,112009,1.0,GAN-JCSO,30,85.67865550004774,58.566048824023675,14.96,15.24436007293766,25.423559881550826,1.0555623879454223,11
b5g,112009,1.0,GAN-JCSO,40,78.61419965193156,66.1529804988981,14.96,15.068369309691347,29.412369969574726,1.2214645885186919,11
b5g,112009,1.0,GAN-JCSO,50,68.1318920501937,76.12461307737121,14.96,14.96,32.84946615911733,1.3646268802742363,11
b5g,112009,1.0,GAN-RB,30,87.1428490186488,54.28423715815745,14.96,17.945206068959184,25.79127724803206,1.0719440275558094,11
b5g,112009,1.0,GAN-RB,40,75.2690200418451,64.99173580369306,14.96,15.002495720419802,29.907551494962043,1.243193375130756,11
b5g,112009,1.0,GAN-RB,50,67.48910567148994,71.69999615275849,14.96,14.96,33.53465986502917,1.3940104927776726,11
b5g,112009,1.0,QuantileMLP-JCSO,30,95.91719484076104,40.47352111253581,15.079984763388032,21.694771447139676,25.480499711975725,1.0556586726375992,11
b5g,112009,1.0,QuantileMLP-JCSO,40,83.91837181151402,57.60734718581423,14.96,16.35061136930007,29.501810097520526,1.2225115161408298,11
b5g,112009,1.0,QuantileMLP-JCSO,50,66.60003687145813,76.58434849863947,14.96,14.96,32.933944491352726,1.365107027322205,11
b5g,112009,1.0,QuantileMLP-RB,30,86.1992488989423,52.97756798793591,14.96,19.972612832033242,25.772299071856285,1.0682692547554218,11
b5g,112009,1.0,QuantileMLP-RB,40,72.78672595417346,66.12232161512621,14.96,15.140862116845438,29.83683487459626,1.2368662701976585,11
b5g,112009,1.0,QuantileMLP-RB,50,64.40470204154548,75.28414805125203,14.96,14.96,33.52953328016187,1.3898757356797788,11
b5g,112010,0.82,Diffusion-JCSO,30,87.84765425950208,55.06380346137035,14.96,16.55772360830289,30.99867827138581,1.0532897619092287,11
b5g,112010,0.82,Diffusion-JCSO,40,75.54564327448472,64.5173155648789,14.96,15.480780932096726,35.59431760958022,1.2103654501556194,11
b5g,112010,0.82,Diffusion-JCSO,50,69.40479187732652,74.91610783006462,14.96,14.96,39.44132255329226,1.3419712380889768,11
b5g,112010,0.82,Diffusion-RB,30,80.0929955068789,59.885426415801916,14.96,16.989185918991453,31.385037810642682,1.0672441238240782,11
b5g,112010,0.82,Diffusion-RB,40,73.91316691071263,65.90108296726439,14.96,15.57697144000918,36.08325427215904,1.2271559875822495,11
b5g,112010,0.82,Diffusion-RB,50,68.5914732713926,72.4774015687081,14.96,14.96,39.150205015534,1.3316190663311254,11
b5g,112010,0.82,GAN-JCSO,30,93.35030829844247,47.97102225323631,14.96,17.656735782312534,30.954989018932874,1.0492767245321604,11
b5g,112010,0.82,GAN-JCSO,40,77.43016017860334,63.32803386898796,14.96,15.34026854765833,35.44951407702001,1.202591901643963,11
b5g,112010,0.82,GAN-JCSO,50,70.0825166255914,73.26456947867383,14.96,14.96,39.22599425316013,1.33158698565847,11
b5g,112010,0.82,GAN-RB,30,82.24555143582757,57.822833826671065,14.96,16.776574821462265,31.548186537176914,1.0665877241764907,11
b5g,112010,0.82,GAN-RB,40,75.56783205276568,63.376209293759075,14.96,16.17385699976137,36.245359491986136,1.2254351960000192,11
b5g,112010,0.82,GAN-RB,50,69.16355081817056,68.75194740531006,14.96,15.03602932057342,39.46802434509195,1.3345117241550677,11
b5g,112010,0.82,QuantileMLP-JCSO,30,84.60549917504467,58.46187791198484,14.96,15.825216976637742,31.02520402495012,1.0541865499840168,11
b5g,112010,0.82,QuantileMLP-JCSO,40,74.6556873119292,65.03224911819352,14.96,15.197251150486354,35.5933145404613,1.2102152340488956,11
b5g,112010,0.82,QuantileMLP-JCSO,50,70.80431039890622,73.96731793916324,14.96,14.96,39.4113374838721,1.340890041496209,11
b5g,112010,0.82,QuantileMLP-RB,30,80.0821083815744,59.650632586627715,14.96,17.04720433010375,31.418442642197792,1.0676835774513085,11
b5g,112010,0.82,QuantileMLP-RB,40,74.51340664437998,66.77155670009668,14.96,15.349776476678363,35.95922304382153,1.2223819720109175,11
b5g,112010,0.82,QuantileMLP-RB,50,68.17018082590745,74.56934858840202,14.96,14.96,39.30231588939091,1.3367514774841638,11
b5g,112010,1.0,Diffusion-JCSO,30,96.49409485729271,39.405416543596836,15.045869074974807,22.234925898630795,25.5091721601464,1.0568079191914634,11
b5g,112010,1.0,Diffusion-JCSO,40,88.53697221223058,53.20852391458878,14.96,16.436858314654785,29.498254824329216,1.2222737838373654,11
b5g,112010,1.0,Diffusion-JCSO,50,70.10721871245967,74.33292710401882,14.96,14.96,32.9379093259233,1.3652146156906722,11
b5g,112010,1.0,Diffusion-RB,30,86.19185760415424,54.220752616290625,14.96,18.35241784405992,25.73350157249873,1.0671341924816322,11
b5g,112010,1.0,Diffusion-RB,40,73.77631395882325,66.16623099921613,14.96,15.571744294053742,29.822697308451513,1.2367707186907428,11
b5g,112010,1.0,Diffusion-RB,50,64.02211372320349,77.18536876520075,14.96,14.96,33.48002799283577,1.388313002366122,11
b5g,112010,1.0,GAN-JCSO,30,100.0,26.45804631119938,16.356222139734868,27.03686024838713,25.50542966319785,1.0539342646855725,11
b5g,112010,1.0,GAN-JCSO,40,93.39985221041523,46.824321649395884,14.96,16.10175652167821,29.496813086893987,1.2191937229718235,11
b5g,112010,1.0,GAN-JCSO,50,72.47077473940362,70.85131810908496,14.96,14.96,32.85682458060733,1.3586050157558545,11
b5g,112010,1.0,GAN-RB,30,91.98673836786696,46.27377387465073,14.96,20.189008448583103,25.8813734618377,1.067059014185817,11
b5g,112010,1.0,GAN-RB,40,75.10790754991866,63.703168079241216,14.96,15.950863059208311,29.981771811850237,1.2361976311554566,11
b5g,112010,1.0,GAN-RB,50,67.71607379984242,69.99225953349091,14.96,14.96,33.624078737318875,1.386395419045058,11
b5g,112010,1.0,QuantileMLP-JCSO,30,93.07269214662028,47.90780929709625,14.96,19.712115802765624,25.52564926605389,1.0574476109074264,11
b5g,112010,1.0,QuantileMLP-JCSO,40,79.74270996280593,61.5643101772702,14.96,15.18379143782703,29.491203558703777,1.221983877792285,11
b5g,112010,1.0,QuantileMLP-JCSO,50,68.85798632560632,75.29089654328698,14.96,14.96,32.92203122578781,1.3644485293502435,11
b5g,112010,1.0,QuantileMLP-RB,30,82.46982279301224,57.09720881554127,14.96,17.397048225665017,25.757558768197754,1.0674535007354697,11
b5g,112010,1.0,QuantileMLP-RB,40,73.21810104832109,66.93619572715568,14.96,15.346256145443526,29.79246071826111,1.2346302381162577,11
b5g,112010,1.0,QuantileMLP-RB,50,63.631948564632566,78.08193867618108,14.96,14.96,33.461317594043116,1.3866187515759238,11
b5g,272001,0.82,Diffusion-JCSO,30,95.03354632096507,40.72495291175389,14.96,17.568786999124665,26.792881927926896,1.0154243734972428,27
b5g,272001,0.82,Diffusion-JCSO,40,80.3790772984202,59.07527618047125,14.96,14.96,31.23113559735629,1.183858210076595,27
b5g,272001,0.82,Diffusion-JCSO,50,67.06609952473043,72.54361251329114,14.96,14.96,35.044082250832915,1.3289656879026517,27
b5g,272001,0.82,Diffusion-RB,30,79.75497301951724,58.83328501339494,14.96,16.20858613110011,26.72242537008609,1.012602738862928,27
b5g,272001,0.82,Diffusion-RB,40,72.88734547387124,64.1959878594621,14.96,15.345659861193905,31.20275360001689,1.1824307897776278,27
b5g,272001,0.82,Diffusion-RB,50,67.68780460499208,69.39552872834126,14.96,14.96,35.3106478013739,1.3381717028062101,27
b5g,272001,0.82,GAN-JCSO,30,91.94066675983309,47.29733319358369,14.96,15.586838340081373,26.91121166936049,1.0184412983350217,27
b5g,272001,0.82,GAN-JCSO,40,75.13822777831196,64.2438877389847,14.96,14.96,31.252023620908417,1.1830411964003722,27
b5g,272001,0.82,GAN-JCSO,50,66.03869229099558,73.33597722281874,14.96,14.96,35.018747143964994,1.326264558081744,27
b5g,272001,0.82,GAN-RB,30,80.63202863560674,58.43742571368031,14.96,16.46343190265431,26.680037377827734,1.0083236017693444,27
b5g,272001,0.82,GAN-RB,40,75.56761108959003,62.82099574470586,14.96,16.04136363594898,31.135757343178035,1.1767590235986725,27
b5g,272001,0.82,GAN-RB,50,68.07476429306392,69.8735218988822,14.96,15.051808792687696,35.26543362267839,1.3329095871275052,27
b5g,272001,0.82,QuantileMLP-JCSO,30,93.58720520331427,44.67782032504772,14.96,15.646214606608375,26.761917229191283,1.0149109027181877,27
b5g,272001,0.82,QuantileMLP-JCSO,40,76.21367097514172,62.44572988655327,14.96,14.96,31.182944468383937,1.1827997678760502,27
b5g,272001,0.82,QuantileMLP-JCSO,50,67.0697807830795,72.01706681480545,14.96,14.96,35.03572704401556,1.329558385639475,27
b5g,272001,0.82,QuantileMLP-RB,30,81.31160820516945,57.4893994477032,14.96,16.569384064833642,26.412858791414664,1.0018796199589768,27
b5g,272001,0.82,QuantileMLP-RB,40,75.86879031419979,62.38680315469772,14.96,15.545540597187081,30.95459943086429,1.1741939650328834,27
b5g,272001,0.82,QuantileMLP-RB,50,68.96162846465106,69.4011529514139,14.96,14.96,35.175079180958264,1.334406838130323,27
b5g,272001,1.0,Diffusion-JCSO,30,98.21043712567014,30.224754491958436,15.56261843947562,21.69219928069143,21.977359724390972,1.0157378980233496,27
b5g,272001,1.0,Diffusion-JCSO,40,93.78177139731355,41.00368652995402,14.96,15.628662931400369,25.666457776354996,1.1863306088452554,27
b5g,272001,1.0,Diffusion-JCSO,50,79.81090340429446,59.60593132507805,14.96,14.96,28.96975488765323,1.3391665908013677,27
b5g,272001,1.0,Diffusion-RB,30,98.13413468868742,30.55460496223066,16.471151606081136,21.10560929065354,21.874713562807965,1.0108429814856124,27
b5g,272001,1.0,Diffusion-RB,40,75.36394006236502,62.44589377094198,14.96,15.353956502149336,25.5794736255205,1.1821208634347689,27
b5g,272001,1.0,Diffusion-RB,50,67.68716859583044,69.3961647375029,14.96,14.96,28.96321553653764,1.338558813555738,27
b5g,272001,1.0,GAN-JCSO,30,99.21865532252247,30.91609053333346,14.96,19.894149341560766,22.087193168806415,1.0193504237301705,27
b5g,272001,1.0,GAN-JCSO,40,90.66883343815681,47.943369244714454,14.96,14.96,25.705170218604767,1.1864342481498333,27
b5g,272001,1.0,GAN-JCSO,50,68.74401305229853,70.42162728047647,14.96,14.96,29.025853734486137,1.3398259457803467,27
b5g,272001,1.0,GAN-RB,30,89.58266628895745,49.925201507597826,14.96,16.730961912117046,21.859186954788747,1.007478338259261,27
b5g,272001,1.0,GAN-RB,40,75.71249544493526,62.70486490699839,14.96,16.0414498553078,25.530468361225044,1.176720687196844,27
b5g,272001,1.0,GAN-RB,50,68.07476429306206,69.8735218988837,14.96,15.051808792687643,28.91765557059612,1.3329095871274987,27
b5g,272001,1.0,QuantileMLP-JCSO,30,98.77507526964342,29.390932787643436,15.664180527422042,21.96785000336446,21.935301582608755,1.0144956737405684,27
b5g,272001,1.0,QuantileMLP-JCSO,40,91.97861084185777,45.06327815473246,14.96,15.348545354664777,25.63781098124789,1.18581549173404,27
b5g,272001,1.0,QuantileMLP-JCSO,50,71.77833987105274,66.89367252495452,14.96,14.96,28.96741927340294,1.3400081920592029,27
b5g,272001,1.0,QuantileMLP-RB,30,93.77810987922723,44.097622920093826,14.96,17.550552615571807,21.651858933885315,1.0015538430543722,27
b5g,272001,1.0,QuantileMLP-RB,40,75.8687903141998,62.386803154697716,14.96,15.545540597187083,25.38277153330874,1.174193965032884,27
b5g,272001,1.0,QuantileMLP-RB,50,68.96162846465106,69.4011529514139,14.96,14.96,28.843564928385774,1.334406838130323,27
b5g,272002,0.82,Diffusion-JCSO,30,97.36162448437726,35.995607935597924,14.97140857861771,17.54888483572529,26.772344074639435,1.0151323651757502,27
b5g,272002,0.82,Diffusion-JCSO,40,82.08743057008898,58.04610029152483,14.96,14.96,31.205808403616253,1.183455833089509,27
b5g,272002,0.82,Diffusion-JCSO,50,66.79461459584769,72.51009934742265,14.96,14.96,35.01460570637822,1.328527781822639,27
b5g,272002,0.82,Diffusion-RB,30,80.6784875496219,58.917761493337416,14.96,16.50964005298877,26.423453861219226,1.0026151871389586,27
b5g,272002,0.82,Diffusion-RB,40,74.57745360746749,64.17352634684347,14.96,15.541674384858217,30.888889634286183,1.1720913319280477,27
b5g,272002,0.82,Diffusion-RB,50,68.1398046631961,70.7721599774291,14.96,14.96,35.04782280157044,1.3299471190284098,27
b5g,272002,0.82,GAN-JCSO,30,,,,,,,27
b5g,272002,0.82,GAN-JCSO,40,74.21130190836072,64.47802900766702,14.96,14.96,31.123126782492683,1.1812339732478474,27
b5g,272002,0.82,GAN-JCSO,50,67.43635194875817,70.48803254941798,14.96,14.96,35.14814384330538,1.3342069488542612,27
b5g,272002,0.82,GAN-RB,30,,,,,,,27
b5g,272002,0.82,GAN-RB,40,,,,,,,27
b5g,272002,0.82,GAN-RB,50,,,,,,,27
b5g,272002,0.82,QuantileMLP-JCSO,30,93.65359213116052,42.48448240434561,14.96,17.11516524477544,26.733981223511925,1.0127018254918478,27
b5g,272002,0.82,QuantileMLP-JCSO,40,77.06759115801826,61.94986625427531,14.96,14.96,31.19475789102371,1.1818209146178156,27
b5g,272002,0.82,QuantileMLP-JCSO,50,68.45304609497762,70.84549455805569,14.96,14.96,35.113852519913685,1.3308179382987158,27
b5g,272002,0.82,QuantileMLP-RB,30,81.17773656596522,58.064396497982116,14.96,16.076168083347607,26.413823699860973,1.0030010353401195,27
b5g,272002,0.82,QuantileMLP-RB,40,75.11212460788686,62.909845574192204,14.96,15.159667646650558,30.920739305221183,1.1742251773174741,27
b5g,272002,0.82,QuantileMLP-RB,50,69.55953933497393,68.15559228360495,14.96,14.96,34.98744662323315,1.3286905246398222,27
b5g,272002,1.0,Diffusion-JCSO,30,100.0,25.781757727174,15.90890585631601,22.521461358576683,21.947238670370897,1.0148490603762106,27
b5g,272002,1.0,Diffusion-JCSO,40,96.70384945782807,37.00896775101051,14.96,16.395994659556727,25.642365315003993,1.1857524045554018,27
b5g,272002,1.0,Diffusion-JCSO,50,82.0468530294136,57.536480303919745,14.96,14.96,28.967822991934053,1.339672705932747,27
b5g,272002,1.0,Diffusion-RB,30,88.72294033809797,50.971821857527914,14.96,16.933395124849966,21.65558015538732,1.0020867266481366,27
b5g,272002,1.0,Diffusion-RB,40,74.57745360746749,64.17352634684347,14.96,15.541674384858217,25.328889500114673,1.1720913319280477,27
b5g,272002,1.0,Diffusion-RB,50,68.1398046631961,70.7721599774291,14.96,14.96,28.741298157979692,1.3300428408639655,27
b5g,272002,1.0,GAN-JCSO,30,,,,,,,27
b5g,272002,1.0,GAN-JCSO,40,88.79217959424173,50.622057512978415,14.96,15.049258436251668,25.525012201276773,1.1814178880274757,27
b5g,272002,1.0,GAN-JCSO,50,70.33257689693117,68.4863771348468,14.96,14.96,28.86294308358296,1.33602085285573,27
b5g,272002,1.0,GAN-RB,30,,,,,,,27
b5g,272002,1.0,GAN-RB,40,,,,,,,27
b5g,272002,1.0,GAN-RB,50,,,,,,,27
b5g,272002,1.0,QuantileMLP-JCSO,30,99.28961835820908,26.832866334989852,16.58230101517103,23.035982986078594,21.949778055026623,1.0139813806428708,27
b5g,272002,1.0,QuantileMLP-JCSO,40,94.42697325493462,41.267500543749485,14.96,15.598521699938864,25.62819075111659,1.1839670263530602,27
b5g,272002,1.0,QuantileMLP-JCSO,50,78.15524962622196,62.23253860145367,14.96,14.96,28.984753873898693,1.339185511482765,27
b5g,272002,1.0,QuantileMLP-RB,30,98.80604949578519,33.005491904985035,15.310830131553374,20.43971754418973,21.668030991252795,1.0034548670297392,27
b5g,272002,1.0,QuantileMLP-RB,40,75.11212460788686,62.753027149819346,14.96,15.159667646650558,25.355006230281365,1.1742251773174741,27
b5g,272002,1.0,QuantileMLP-RB,50,69.54532726378308,68.16300606955025,14.96,14.96,28.744463631412366,1.3312559245616915,27
b5g,272003,0.82,Diffusion-JCSO,30,96.20636949308641,40.578519246134924,14.960382290425775,16.58865266135754,26.801505484980634,1.0155399524783024,27
b5g,272003,0.82,Diffusion-JCSO,40,78.88316074316307,60.49183925683693,14.96,14.96,31.241515969282272,1.1840011040014535,27
b5g,272003,0.82,Diffusion-JCSO,50,67.17751569124137,72.30130668891637,14.96,14.96,35.08661235689299,1.3303289382669565,27
b5g,272003,0.82,Diffusion-RB,30,81.51201908052407,59.081422687842306,14.96,16.50720090532688,25.976279999863067,0.9837400546579871,27
b5g,272003,0.82,Diffusion-RB,40,70.41933492545867,68.8635623948777,14.96,15.971920638428127,30.314093885567893,1.1480945647840683,27
b5g,272003,0.82,Diffusion-RB,50,54.48741848843269,74.44263645034108,14.96,15.007874349010311,34.09224546654895,1.2913653917133323,27
b5g,272003,0.82,GAN-JCSO,30,94.15264201125964,43.20350106056433,14.96,16.346257818488034,26.756778389301065,1.0133526725943924,27
b5g,272003,0.82,GAN-JCSO,40,77.50197216343936,61.45636116989397,14.96,14.96,31.20352805393591,1.1819507042813853,27
b5g,272003,0.82,GAN-JCSO,50,67.14836754431742,71.15218294294418,14.96,14.96,35.11283973100337,1.3305674652150192,27
b5g,272003,0.82,GAN-RB,30,,,,,,,27
b5g,272003,0.82,GAN-RB,40,,,,,,,27
b5g,272003,0.82,GAN-RB,50,69.2241528816785,68.06751378498815,14.96,14.96,35.1734623599398,1.3329511947358565,27
b5g,272003,0.82,QuantileMLP-JCSO,30,90.87245529140998,49.12789376938025,14.96,15.799598282826928,26.726436349856236,1.0131743033168459,27
b5g,272003,0.82,QuantileMLP-JCSO,40,74.51486873174395,63.585647730365295,14.96,14.96,31.15763907202344,1.181315202690492,27
b5g,272003,0.82,QuantileMLP-JCSO,50,67.3428998931234,71.57416538020118,14.96,14.96,35.057315953939785,1.3297261243465976,27
b5g,272003,0.82,QuantileMLP-RB,30,80.42660434764366,58.04893043490423,14.96,16.416420488031665,26.503076405213832,1.005104063488454,27
b5g,272003,0.82,QuantileMLP-RB,40,75.38598804258771,62.94734529074562,14.96,15.00260134908211,30.942009937208187,1.1735151232937702,27
b5g,272003,0.82,QuantileMLP-RB,50,69.34043333342622,68.55991176462393,14.96,14.96,35.08023276341707,1.3304896882840378,27
b5g,272003,1.0,Diffusion-JCSO,30,99.8557219933539,25.866896212675933,16.1376005185254,21.827434741804876,21.990834247654533,1.0161821916629834,27
b5g,272003,1.0,Diffusion-JCSO,40,95.66976765530804,39.47432871589869,14.96,16.724735317065168,25.65323513968104,1.1854843752579847,27
b5g,272003,1.0,Diffusion-JCSO,50,79.15284746440929,60.91826225296918,14.96,14.96,29.000238942608917,1.340317533748325,27
b5g,272003,1.0,Diffusion-RB,30,81.30368574719074,59.081422687842306,14.96,16.50720090532688,21.300549599887717,0.9837400546579871,27
b5g,272003,1.0,Diffusion-RB,40,70.41933492545867,68.8635623948777,14.96,15.971920638428127,24.88435829687899,1.1493204846911365,27
b5g,272003,1.0,Diffusion-RB,50,53.17028254179121,74.82971265233826,14.96,15.006214667678714,28.171370059159667,1.3012198746799937,27
b5g,272003,1.0,GAN-JCSO,30,99.69079460011285,25.31123946305535,16.89717947301002,23.750305663601736,21.929589973307756,1.0128407256110257,27
b5g,272003,1.0,GAN-JCSO,40,94.73245136549716,39.92870630733349,14.96,17.222669093457657,25.61440762643,1.1830904912440903,27
b5g,272003,1.0,GAN-JCSO,50,78.88782293764156,60.644369925420314,14.96,14.96,28.991626551511875,1.3392801842682016,27
b5g,272003,1.0,GAN-RB,30,,,,,,,27
b5g,272003,1.0,GAN-RB,40,,,,,,,27
b5g,272003,1.0,GAN-RB,50,69.22415288167214,68.06751378499452,14.96,14.96,28.84223913515055,1.332951194735855,27
b5g,272003,1.0,QuantileMLP-JCSO,30,98.03423400801525,29.22652145792,16.128709918204297,21.907226675387548,21.93168120560551,1.0138924269999061,27
b5g,272003,1.0,QuantileMLP-JCSO,40,90.44114578377383,45.75567382635053,14.96,15.704584983186587,25.598775372447836,1.183497198210384,27
b5g,272003,1.0,QuantileMLP-JCSO,50,70.34189389881224,68.2131288244023,14.96,14.96,28.96386083358621,1.3392615692397036,27
b5g,272003,1.0,QuantileMLP-RB,30,95.20961291718339,40.29067842181938,14.96,17.684875621680696,21.711798153003738,1.0041361933946042,27
b5g,272003,1.0,QuantileMLP-RB,40,76.23651987645796,62.02624566880242,14.96,14.98476653992719,25.372938634717695,1.1735359887156105,27
b5g,272003,1.0,QuantileMLP-RB,50,69.34043333342622,68.55991176462393,14.96,14.96,28.788231777533206,1.3315243186396695,27
b5g,272004,0.82,Diffusion-JCSO,30,95.16964780549758,41.73547560782002,14.96,16.371165607379712,26.785139515202836,1.0152451840416532,27
b5g,272004,0.82,Diffusion-JCSO,40,79.55279458153683,60.02672140782194,14.96,14.96,31.1889517971071,1.182325641222928,27
b5g,272004,0.82,Diffusion-JCSO,50,67.11034291453288,71.63965708546712,14.96,14.96,35.053867075920316,1.3294210487719198,27
b5g,272004,0.82,Diffusion-RB,30,80.74871678700413,58.82159861612471,14.96,16.573985505404636,26.483132656153124,1.0044139192708803,27
b5g,272004,0.82,Diffusion-RB,40,74.65782283341692,64.59438812489553,14.96,14.99023484822029,30.918213374466447,1.1726771146321824,27
b5g,272004,0.82,Diffusion-RB,50,67.55411203158077,71.40422130175256,14.96,14.96,34.940224256749374,1.3253304629976794,27
b5g,272004,0.82,GAN-JCSO,30,81.66591870104334,58.01576183382118,14.96,15.627658399896175,26.783182474275282,1.0166990874014112,27
b5g,272004,0.82,GAN-JCSO,40,76.52442687698345,64.74018033647556,14.96,14.96,31.188222035208685,1.1841363576651813,27
b5g,272004,0.82,GAN-JCSO,50,68.34568993754876,73.25969798172005,14.96,14.96,34.984897219674316,1.3289866790449547,27
b5g,272004,0.82,GAN-RB,30,,,,,,,27
b5g,272004,0.82,GAN-RB,40,75.56848788721241,63.90426394869196,14.96,15.642627089861177,30.97596529077555,1.179487109237425,27
b5g,272004,0.82,GAN-RB,50,69.05310837989552,69.27878008880636,14.96,14.96,35.139195023251865,1.338058850476598,27
b5g,272004,0.82,QuantileMLP-JCSO,30,91.97768754096951,46.832477780083714,14.96,15.518488232482854,26.800497433791985,1.0155571727215218,27
b5g,272004,0.82,QuantileMLP-JCSO,40,75.20122526750652,63.00235208299105,14.96,14.96,31.260598839386226,1.184754417884571,27
b5g,272004,0.82,QuantileMLP-JCSO,50,66.7216865903569,72.19394834164635,14.96,14.96,35.13061511386938,1.3319695562175309,27
b5g,272004,0.82,QuantileMLP-RB,30,80.88222750098167,57.57971958284251,14.96,16.47932550665503,26.367357087566784,0.9999993720628664,27
b5g,272004,0.82,QuantileMLP-RB,40,76.41549154171155,62.73613043934497,14.96,15.143108522193947,30.834621179607986,1.1694724578786377,27
b5g,272004,0.82,QuantileMLP-RB,50,67.45173206148158,70.03539648824685,14.96,14.96,34.976303671584965,1.3266546276665094,27
b5g,272004,1.0,Diffusion-JCSO,30,99.32090785802976,27.19259486720553,15.904914796607905,22.585957399769015,21.949740144092512,1.0145775030035349,27
b5g,272004,1.0,Diffusion-JCSO,40,94.4976121450796,40.16118647099808,14.96,16.37773662679999,25.62153980743363,1.184350120683215,27
b5g,272004,1.0,Diffusion-JCSO,50,79.97087773904691,60.09937173830424,14.96,14.96,28.967443395427782,1.339196293662551,27
b5g,272004,1.0,Diffusion-RB,30,86.9773441937705,52.644849538875874,14.96,16.77771942749754,21.71322620396596,1.0042758727947467,27
b5g,272004,1.0,Diffusion-RB,40,74.6137963196945,64.63869338704005,14.96,14.96,25.359282199709483,1.1729707731443006,27
b5g,272004,1.0,Diffusion-RB,50,67.20806049725456,71.62177787751665,14.96,14.96,28.759462991118102,1.3303203484611903,27
b5g,272004,1.0,GAN-JCSO,30,82.22335657587202,56.386881955508485,14.96,15.659902107798699,21.956443358821932,1.0164319827157169,27
b5g,272004,1.0,GAN-JCSO,40,77.23817885573786,63.45822691087909,14.96,14.96,25.633018906993367,1.1867199012507417,27
b5g,272004,1.0,GAN-JCSO,50,67.18050404251947,73.60927600156077,14.96,14.96,28.96056556322469,1.3408862101813592,27
b5g,272004,1.0,GAN-RB,30,,,,,,,27
b5g,272004,1.0,GAN-RB,40,75.84797234689323,63.62902238584833,14.96,15.648257362306833,25.3996308285131,1.1794562890401177,27
b5g,272004,1.0,GAN-RB,50,69.05310837989552,69.27878008880636,14.96,14.96,28.81413991906653,1.338058850476598,27
b5g,272004,1.0,QuantileMLP-JCSO,30,99.88676744099885,25.30824033937288,16.413932566893504,22.830461951131863,21.98623111605062,1.0159917342427427,27
b5g,272004,1.0,QuantileMLP-JCSO,40,92.40263443169565,45.256495571781315,14.96,15.155280193257907,25.64297932585645,1.1850652015315706,27
b5g,272004,1.0,QuantileMLP-JCSO,50,73.3375329256676,65.6869312190177,14.96,14.96,29.010341546213336,1.3408527673074129,27
b5g,272004,1.0,QuantileMLP-RB,30,87.77344856343716,50.48482392924665,14.96,16.63402898156028,21.61184092395592,0.9995705433202252,27
b5g,272004,1.0,QuantileMLP-RB,40,76.46172543192036,62.70494123474631,14.96,15.143448734556914,25.284187186531934,1.1694634934211932,27
b5g,272004,1.0,QuantileMLP-RB,50,67.45002440112455,70.0370786701334,14.96,14.96,28.69645375569903,1.3273766633101212,27
b5g,272005,0.82,Diffusion-JCSO,30,96.49228500604298,37.9731204050843,14.96,17.6405296038111,26.808956362085887,1.0160703841552348,27
b5g,272005,0.82,Diffusion-JCSO,40,85.086579733134,55.258105955750736,14.96,14.96,31.13431033935854,1.180348303100564,27
b5g,272005,0.82,Diffusion-JCSO,50,68.46069188899217,71.78014629478838,14.96,14.96,34.8591336321703,1.3222384684402444,27
b5g,272005,0.82,Diffusion-RB,30,79.82687552208701,60.11806329553618,14.96,16.63945943328876,26.394764898406635,0.9987984517984516,27
b5g,272005,0.82,Diffusion-RB,40,72.82378419860467,66.0483704790956,14.96,15.601542878131404,30.776575359335265,1.164674319554158,27
b5g,272005,0.82,Diffusion-RB,50,60.465982262697345,73.55812495065403,14.96,14.96,34.07705175932423,1.2896945888214095,27
b5g,272005,0.82,GAN-JCSO,30,95.9992124976441,39.66955417530498,14.96,17.11245702773483,26.827990690704706,1.0153980732892285,27
b5g,272005,0.82,GAN-JCSO,40,78.53269380545322,62.04686218908129,14.96,14.96,31.107660690841335,1.1778048896944786,27
b5g,272005,0.82,GAN-JCSO,50,68.30142037409789,72.24349752837918,14.96,14.96,34.844748554226435,1.319961506511222,27
b5g,272005,0.82,GAN-RB,30,82.17455744144496,55.27111695308761,14.96,16.657075176693134,26.28068932353446,0.9942423239183944,27
b5g,272005,0.82,GAN-RB,40,74.71900685682431,62.406586116702975,14.96,16.16460703734236,30.789006778465826,1.1648310554507686,27
b5g,272005,0.82,GAN-RB,50,71.35973864159051,65.55144109299664,14.96,15.407705086353198,34.895248151883855,1.3201822312845721,27
b5g,272005,0.82,QuantileMLP-JCSO,30,92.5250313746844,47.10399076251415,14.96,15.069019793283609,26.52193940587799,1.0058072515932777,27
b5g,272005,0.82,QuantileMLP-JCSO,40,80.44542044839885,60.22806866221796,14.96,14.96,30.994388710458367,1.1756191823288478,27
b5g,272005,0.82,QuantileMLP-JCSO,50,68.5848929427305,72.21676112896327,14.96,14.96,34.844480819232146,1.3223270927059794,27
b5g,272005,0.82,QuantileMLP-RB,30,83.89226477471696,55.85366824329141,14.96,16.276982810938545,26.038200668447857,0.9878063769451905,27
b5g,272005,0.82,QuantileMLP-RB,40,78.2077877996083,61.3278485527167,14.96,15.158210829941845,30.528402049066102,1.158167836239549,27
b5g,272005,0.82,QuantileMLP-RB,50,69.97846028139692,69.15803337119989,14.96,14.96,34.648663844933964,1.314655069813674,27
b5g,272005,1.0,Diffusion-JCSO,30,98.85212336709188,30.326803097023554,14.977010234415218,20.510411732227674,21.984114165753056,1.0160823974521405,27
b5g,272005,1.0,Diffusion-JCSO,40,95.49655074549405,39.127345510314846,14.96,15.564007671674965,25.641731576778742,1.1852385021939191,27
b5g,272005,1.0,Diffusion-JCSO,50,85.48883957392674,53.874680669543686,14.96,14.96,28.9290574824301,1.3372767033461725,27
b5g,272005,1.0,Diffusion-RB,30,80.73829987513322,59.326026766560084,14.96,16.642654313926673,21.63766334768146,0.9985169309083188,27
b5g,272005,1.0,Diffusion-RB,40,72.82378419860467,66.0483704790956,14.96,15.601542878131404,25.23679179465492,1.164674319554158,27
b5g,272005,1.0,Diffusion-RB,50,58.82388403674599,74.46631637500776,14.96,14.96,28.550521116504914,1.3176960495753383,27
b5g,272005,1.0,GAN-JCSO,30,99.77097974974926,26.506114751420853,16.338044910844665,22.273131797357703,22.02247830442806,1.0164731000148168,27
b5g,272005,1.0,GAN-JCSO,40,95.63065004125772,39.34159807327301,14.96,16.47148748529465,25.64866495351148,1.1839329892495192,27
b5g,272005,1.0,GAN-JCSO,50,80.67149486645037,60.775008354018084,14.96,14.96,28.91803459708082,1.3349542044107363,27
b5g,272005,1.0,GAN-RB,30,,,,,,,27
b5g,272005,1.0,GAN-RB,40,80.51308976787037,56.87768506732059,14.96,16.610771677514286,25.240996207674932,1.1645546279536676,27
b5g,272005,1.0,GAN-RB,50,71.35973864159051,65.55144109299664,14.96,15.407705086353198,28.61410348454476,1.3201822312845721,27
b5g,272005,1.0,QuantileMLP-JCSO,30,98.10935266366278,33.580324791735094,14.96,17.527183131095025,21.80381772426787,1.0083726136368494,27
b5g,272005,1.0,QuantileMLP-JCSO,40,88.31201632767367,49.89326303716322,14.96,15.032482048305631,25.512857058769725,1.1800304831340593,27
b5g,272005,1.0,QuantileMLP-JCSO,50,72.3100751213995,67.86903899984144,14.96,14.96,28.855092607024293,1.3346663057832866,27
b5g,272005,1.0,QuantileMLP-RB,30,92.18261165042355,46.30484540710586,14.96,16.962156218368552,21.35343080304466,0.9878805983199186,27
b5g,272005,1.0,QuantileMLP-RB,40,78.27541114949162,61.1537742057883,14.96,15.163147076823753,25.03487343263222,1.1582392338918293,27
b5g,272005,1.0,QuantileMLP-RB,50,69.41181232840152,69.36696212065941,14.96,14.96,28.468286245295396,1.3172165099075028,27
b5g,272006,0.82,Diffusion-JCSO,30,96.35552826097772,38.36035719023612,14.965012193851987,16.747000024160705,26.767682069595264,1.0139673087118646,27
b5g,272006,0.82,Diffusion-JCSO,40,79.30137925960832,59.93834747696588,14.96,14.96,31.210388606873888,1.1825024954099834,27
b5g,272006,0.82,Diffusion-JCSO,50,67.12465450969626,72.25034549030374,14.96,14.96,35.04487063098166,1.3283888981593028,27
b5g,272006,0.82,Diffusion-RB,30,80.35015632688346,59.16426603558019,14.96,16.293570962084182,26.36861485716346,0.9974473782523015,27
b5g,272006,0.82,Diffusion-RB,40,74.3996112400156,64.25896948603507,14.96,14.96,30.666395781644283,1.1600850243749947,27
b5g,272006,0.82,Diffusion-RB,50,66.20848175910656,72.12733006354442,14.96,14.96,34.2786803947414,1.2969299370538088,27
b5g,272006,0.82,GAN-JCSO,30,91.87695938206429,46.80539387574915,14.96,15.693246816137787,26.850641864341263,1.0192437202116202,27
b5g,272006,0.82,GAN-JCSO,40,76.13501077173088,63.47649291866381,14.96,14.96,31.260073593972113,1.1868189072474866,27
b5g,272006,0.82,GAN-JCSO,50,66.76616302510875,72.93353583289988,14.96,14.96,35.07359205483522,1.3322211265244412,27
b5g,272006,0.82,GAN-RB,30,82.46218198540883,56.56397639933454,14.96,16.329797738020673,26.582747414961624,1.0120843095886822,27
b5g,272006,0.82,GAN-RB,40,73.47559652700339,63.459612257447795,14.96,14.999913275360315,31.063882058209725,1.182733958296555,27
b5g,272006,0.82,GAN-RB,50,68.95724478534085,67.76123307766103,14.96,14.96,35.1806217465737,1.3395459306534012,27
b5g,272006,0.82,QuantileMLP-JCSO,30,91.96650042037393,45.88622353439471,14.96,15.991541580425913,26.724565574516102,1.0131128376769862,27
b5g,272006,0.82,QuantileMLP-JCSO,40,76.56214595516887,62.32896023548718,14.96,14.96,31.148869308152612,1.1810262493667907,27
b5g,272006,0.82,QuantileMLP-JCSO,50,68.32203209199724,71.561533259142,14.96,14.96,35.04979099440393,1.32953229247913,27
b5g,272006,0.82,QuantileMLP-RB,30,82.52411321156409,56.43422012176925,14.96,16.60153996181111,26.466105737129613,1.0033095610195826,27
b5g,272006,0.82,QuantileMLP-RB,40,76.17327293783892,62.737550329578674,14.96,15.468165448798276,31.000322284685808,1.1752422965094684,27
b5g,272006,0.82,QuantileMLP-RB,50,69.05914397742623,68.42645450198907,14.96,14.96,35.14289877807431,1.332364375702144,27
b5g,272006,1.0,Diffusion-JCSO,30,99.68695772598844,25.32280320621956,16.144379330835335,22.356153363278505,21.989947145106505,1.0158172015869698,27
b5g,272006,1.0,Diffusion-JCSO,40,95.55526388592455,37.74777056112852,14.96,16.594925520644242,25.630317724749833,1.184090057793211,27
b5g,272006,1.0,Diffusion-JCSO,50,81.1701550519536,59.11691957553135,14.96,14.96,28.965211570224692,1.3382867222344799,27
b5g,272006,1.0,Diffusion-RB,30,80.7174176550918,58.799342885128006,14.96,16.294413118154317,21.622730759708976,0.9974709322418828,27
b5g,272006,1.0,Diffusion-RB,40,74.36348105349028,64.29656761001496,14.96,14.96,25.186180888672567,1.1619102666913663,27
b5g,272006,1.0,Diffusion-RB,50,63.48756359397984,74.04270741633356,14.96,14.96,28.496016397615954,1.3147128368200536,27
b5g,272006,1.0,GAN-JCSO,30,96.97454158180176,36.642506328211255,14.96,16.555993743957057,22.02671970732734,1.0196678914884056,27
b5g,272006,1.0,GAN-JCSO,40,90.17626984266023,47.3781094082956,14.96,15.167224233103733,25.712189666935952,1.1903786791870479,27
b5g,272006,1.0,GAN-JCSO,50,74.29688040513906,65.91985381454732,14.96,14.96,29.007987295574715,1.3430783269650546,27
b5g,272006,1.0,GAN-RB,30,99.66955536186947,18.01441295974183,22.91235040071879,36.4298438797928,21.732177379465924,1.0089927181932505,27
b5g,272006,1.0,GAN-RB,40,84.48137879407425,52.50288559955537,14.96,15.405494227785656,25.453203647721033,1.1818149849772004,27
b5g,272006,1.0,GAN-RB,50,68.95724478534085,67.76123307766103,14.96,14.96,28.8557589180363,1.339904222044346,27
b5g,272006,1.0,QuantileMLP-JCSO,30,97.67871279078732,31.636056588609474,15.119847263915892,20.83959709012136,21.907891575261758,1.0128309087367426,27
b5g,272006,1.0,QuantileMLP-JCSO,40,92.30025898251853,44.98453383146666,14.96,15.323267386691516,25.606980234206787,1.1839490168525677,27
b5g,272006,1.0,QuantileMLP-JCSO,50,71.55557058268812,67.99250894123867,14.96,14.96,28.95469251721271,1.3388504093213334,27
b5g,272006,1.0,QuantileMLP-RB,30,94.74629449172815,37.94986408864857,14.96,18.614193870488737,21.687190024001204,1.0026287492237644,27
b5g,272006,1.0,QuantileMLP-RB,40,79.58149964207514,59.4156096769991,14.96,15.534112621136629,25.410369667593415,1.1747697682491918,27
b5g,272006,1.0,QuantileMLP-RB,50,69.0588434491211,68.42679796290922,14.96,14.96,28.840044226495717,1.3334040608618116,27
b5g,272007,0.82,Diffusion-JCSO,30,96.75232568231746,37.84334608502642,14.96,17.56098355740056,26.72479823004779,1.01296210866868,27
b5g,272007,0.82,Diffusion-JCSO,40,84.39773396916439,55.35060757828396,14.96,14.97318219544817,31.140331104248794,1.180603480463018,27
b5g,272007,0.82,Diffusion-JCSO,50,68.42982141743292,71.40119388964426,14.96,14.96,34.95531001773294,1.325866624066805,27
b5g,272007,0.82,Diffusion-RB,30,81.31122576553211,58.693876381595565,14.96,16.73797003350218,26.304592840358012,0.9971124946984511,27
b5g,272007,0.82,Diffusion-RB,40,73.57180997301946,64.49089124400732,14.96,16.061825453121752,30.744852598076104,1.1655254473369085,27
b5g,272007,0.82,Diffusion-RB,50,66.31910912069894,71.95625603950491,14.96,15.01533544943635,34.851415287580586,1.3212464563222386,27
b5g,272007,0.82,GAN-JCSO,30,85.81415052076173,56.269182812571614,14.96,14.96,26.64395963468641,1.013922496371457,27
b5g,272007,0.82,GAN-JCSO,40,78.79889856792,64.94919830017122,14.96,14.96,30.81807601042226,1.17343590166245,27
b5g,272007,0.82,GAN-JCSO,50,71.58880260459057,71.38005177057899,14.96,14.96,34.45901680254426,1.312767959437761,27
b5g,272007,0.82,GAN-RB,30,84.17308951116487,54.80482372337313,14.96,17.301371915602896,26.282076007036352,1.0066887080242268,27
b5g,272007,0.82,GAN-RB,40,79.99801919228359,60.44444154008518,14.96,16.031305623759323,30.720491215396383,1.1767750898004279,27
b5g,272007,0.82,GAN-RB,50,74.66288984475392,64.92044348857942,14.96,15.056857847251015,34.80113449229121,1.3331879304699148,27
b5g,272007,0.82,QuantileMLP-JCSO,30,90.46196960033703,49.5418183563804,14.96,15.773353000154845,26.783923364591164,1.0154250220411303,27
b5g,272007,0.82,QuantileMLP-JCSO,40,76.4722564898564,63.282480695058055,14.96,14.96,31.225815316014184,1.1839704283124082,27
b5g,272007,0.82,QuantileMLP-JCSO,50,67.6036270997423,71.97524762637826,14.96,14.96,35.10430035782146,1.3316025033134822,27
b5g,272007,0.82,QuantileMLP-RB,30,80.18654279605154,58.20684565904974,14.96,16.727407988230183,26.54028349125961,1.0067940596403413,27
b5g,272007,0.82,QuantileMLP-RB,40,76.0981388738074,62.23130278833483,14.96,15.662454001456368,31.065072263426398,1.178454202164103,27
b5g,272007,0.82,QuantileMLP-RB,50,69.0447538506284,68.77536570037401,14.96,14.96,35.20874315171623,1.3357445566732205,27
b5g,272007,1.0,Diffusion-JCSO,30,99.8215712057033,25.73962595653174,16.448542196786047,22.583310272768145,21.925454827705483,1.0134788423689078,27
b5g,272007,1.0,Diffusion-JCSO,40,95.63376835901659,37.581652329318736,14.96,17.033105211753174,25.596177601598743,1.1832156970891992,27
b5g,272007,1.0,Diffusion-JCSO,50,83.96431510487149,56.010068979266926,14.96,14.96,28.9218257071972,1.3370704983187005,27
b5g,272007,1.0,Diffusion-RB,30,86.41203688720691,53.63040140936972,14.96,16.804720022639888,21.548868140860993,0.996153564750756,27
b5g,272007,1.0,Diffusion-RB,40,73.57534170365072,64.35108025595969,14.96,16.062084752087035,25.212633899821892,1.1656160257572226,27
b5g,272007,1.0,Diffusion-RB,50,66.31863850803795,71.95658939013978,14.96,15.01532205432245,28.596729867608797,1.3220967257930796,27
b5g,272007,1.0,GAN-JCSO,30,84.52576961882944,55.801349987548846,14.96,14.96,21.870673578278193,1.014944131988032,27
b5g,272007,1.0,GAN-JCSO,40,78.05536448721368,65.0418959486769,14.96,14.96,25.477784523921557,1.1824404046024715,27
b5g,272007,1.0,GAN-JCSO,50,69.28499971584625,71.93800019890763,14.96,14.96,28.66143313080339,1.3304215309042373,27
b5g,272007,1.0,GAN-RB,30,84.17308951116487,54.80482372337313,14.96,17.301371915602896,21.55130232576981,1.0066887080242268,27
b5g,272007,1.0,GAN-RB,40,79.99801919228359,60.44444154008518,14.96,16.031305623759323,25.190802796625036,1.1767750898004279,27
b5g,272007,1.0,GAN-RB,50,74.66288984475392,64.92044348857942,14.96,15.056857847251015,28.536930283678792,1.3331879304699148,27
b5g,272007,1.0,QuantileMLP-JCSO,30,98.11793388779877,31.89977038490536,15.34475776898601,19.60157985508468,21.94874942225595,1.014780849872601,27
b5g,272007,1.0,QuantileMLP-JCSO,40,88.7527325614718,49.29531480008453,14.96,15.151626147817632,25.659331604195675,1.1863912997398547,27
b5g,272007,1.0,QuantileMLP-JCSO,50,73.2269197088438,66.72334059066046,14.96,14.96,29.008132814494953,1.3413552355293958,27
b5g,272007,1.0,QuantileMLP-RB,30,96.36841005983898,38.03116453502095,14.96,19.544431241276396,21.748865878097597,1.0060674111530223,27
b5g,272007,1.0,QuantileMLP-RB,40,76.37988753776003,61.951516934617125,14.96,15.66456146651657,25.472121879508347,1.178397973575366,27
b5g,272007,1.0,QuantileMLP-RB,50,69.04457561677788,68.77555507384018,14.96,14.96,28.8803017893049,1.3361506972876585,27
b5g,272008,0.82,Diffusion-JCSO,30,97.01413754429768,36.93824183384139,14.96,18.216525492798343,26.769903320579438,1.0145354881096973,27
b5g,272008,0.82,Diffusion-JCSO,40,82.4878830364413,56.646593224681,14.96,14.96,31.195251153649696,1.1824272043984223,27
b5g,272008,0.82,Diffusion-JCSO,50,66.025107457752,72.00670095517964,14.96,14.96,35.09758383213026,1.3308966289427857,27
b5g,272008,0.82,Diffusion-RB,30,80.23602973276596,58.84974022007509,14.96,16.4653202666703,26.5215256669538,1.005290776481786,27
b5g,272008,0.82,Diffusion-RB,40,73.0104187395168,64.60193230289867,14.96,15.141558842937087,30.988395964973982,1.174669192346498,27
b5g,272008,0.82,Diffusion-RB,50,67.33113483652758,70.59548544503227,14.96,14.96,35.04366331885377,1.328504717981631,27
b5g,272008,0.82,GAN-JCSO,30,93.66007861775802,44.3887994136833,14.96,15.08896577489462,26.66457755452732,1.0105313791257433,27
b5g,272008,0.82,GAN-JCSO,40,84.58495732688223,58.20243175371162,14.96,14.96,30.598222885670488,1.1604706001455605,27
b5g,272008,0.82,GAN-JCSO,50,71.52548694412488,68.36176690881864,14.96,14.96,34.08240248133921,1.293396676798441,27
b5g,272008,0.82,GAN-RB,30,80.47414171231826,58.09879652834665,14.96,16.588093294863263,26.605963386199104,1.0074757351056256,27
b5g,272008,0.82,GAN-RB,40,74.8967964796636,63.21290979095674,14.96,15.737879753222497,31.132567197578044,1.1789315049783051,27
b5g,272008,0.82,GAN-RB,50,70.404838735764,67.7586738159953,14.96,15.077159029584061,35.32612018662117,1.3377679616584996,27
b5g,272008,0.82,QuantileMLP-JCSO,30,89.1583105688555,51.05002276447784,14.96,15.121918555197855,26.7398465739134,1.0140680788014966,27
b5g,272008,0.82,QuantileMLP-JCSO,40,75.57384530974107,63.76871868730989,14.96,14.96,31.145915603355725,1.181347687739336,27
b5g,272008,0.82,QuantileMLP-JCSO,50,68.3545390832444,72.47879425008892,14.96,14.96,34.98139610279253,1.3274486177707874,27
b5g,272008,0.82,QuantileMLP-RB,30,80.83092555479755,58.415498889530284,14.96,16.472812106543515,26.337746819826915,0.9996515486584062,27
b5g,272008,0.82,QuantileMLP-RB,40,75.72165981828404,63.30936634954026,14.96,15.02322299194569,30.780160306416782,1.1683218251643057,27
b5g,272008,0.82,QuantileMLP-RB,50,68.90556291159334,68.92600140751091,14.96,14.96,34.843917480171676,1.3226654740595347,27
b5g,272008,1.0,Diffusion-JCSO,30,99.6802092247368,26.178095583685618,16.375992331610686,23.06340571427344,21.948290531014617,1.0143790798856083,27
b5g,272008,1.0,Diffusion-JCSO,40,96.29537587633932,35.766416619482996,14.96,17.691557624035255,25.631569412283305,1.184652637323284,27
b5g,272008,1.0,Diffusion-JCSO,50,83.07404630851343,56.87635759289457,14.96,14.96,28.971761476260358,1.3392523758224502,27
b5g,272008,1.0,Diffusion-RB,30,92.48438314946934,44.75985451300894,14.96,18.022689733153218,21.741478216395723,1.0050323296547459,27
b5g,272008,1.0,Diffusion-RB,40,73.01041926734673,64.6019317373666,14.96,15.141559031979298,25.410484718254747,1.1746691938883203,27
b5g,272008,1.0,Diffusion-RB,50,67.32835789989946,70.59868960268011,14.96,14.96,28.780897448795262,1.3305661007741123,27
b5g,272008,1.0,GAN-JCSO,30,95.46475763687549,38.947626160763036,14.96,16.037720409522507,21.921906185058525,1.0130535674978032,27
b5g,272008,1.0,GAN-JCSO,40,89.24320763457196,50.29178403482118,14.96,14.96,25.455241042472046,1.1764358305765348,27
b5g,272008,1.0,GAN-JCSO,50,81.19512857502569,58.30780581570933,14.96,14.96,28.45422013469827,1.3155213294790757,27
b5g,272008,1.0,GAN-RB,30,93.7125558233559,41.74155501995486,14.96,17.542451357416503,21.811432691859743,1.007247010912792,27
b5g,272008,1.0,GAN-RB,40,75.44199711806787,62.60678880207012,14.96,15.744296700467574,25.532788618315355,1.1791236256924813,27
b5g,272008,1.0,GAN-RB,50,69.98804507159731,67.7587669474953,14.96,15.0771530497308,28.977156490596474,1.3382170562995581,27
b5g,272008,1.0,QuantileMLP-JCSO,30,93.89076306234233,42.23912312552557,14.96,17.005510747315817,21.913532717110737,1.013407799893247,27
b5g,272008,1.0,QuantileMLP-JCSO,40,84.79330970120932,53.42050657463564,14.96,14.96,25.584054693201125,1.1833017138664328,27
b5g,272008,1.0,QuantileMLP-JCSO,50,73.0847556001478,67.70089095857531,14.96,14.96,28.918231197754018,1.337630165963149,27
b5g,272008,1.0,QuantileMLP-RB,30,95.73813124475707,41.58130269774435,14.96,18.018858069788415,21.596307674081483,0.9996264439198601,27
b5g,272008,1.0,QuantileMLP-RB,40,75.79685511513826,63.306446810116476,14.96,15.023320193283842,25.250835265619095,1.1688434240227148,27
b5g,272008,1.0,QuantileMLP-RB,50,68.91976113668471,68.99690552998194,14.96,14.96,28.65370229895049,1.3264105665583945,27
b5g,272009,0.82,Diffusion-JCSO,30,89.29873486355478,50.44890907081582,14.96,15.469929326156773,26.738700401260537,1.0144338197643534,27
b5g,272009,0.82,Diffusion-JCSO,40,80.19298188228348,61.28031543260766,14.96,14.96,31.101965521573746,1.1802685966915352,27
b5g,272009,0.82,Diffusion-JCSO,50,68.91045789428718,73.04308789514154,14.96,14.96,34.905024847302755,1.3251941599369068,27
b5g,272009,0.82,Diffusion-RB,30,81.9279472225934,59.93192499952276,14.96,17.294984156338863,26.07485691474631,0.9904986635787661,27
b5g,272009,0.82,Diffusion-RB,40,73.10972520211381,67.04779769771005,14.96,16.240259912456597,30.50160383064952,1.1587352909232436,27
b5g,272009,0.82,Diffusion-RB,50,58.58109238479545,73.88067519761206,14.96,14.96,34.44727670757057,1.3087138954729096,27
b5g,272009,0.82,GAN-JCSO,30,93.75646603635644,43.50920737852744,14.96,16.501409877724903,26.80758846565411,1.0173083096110052,27
b5g,272009,0.82,GAN-JCSO,40,76.46596163324804,63.24258965151142,14.96,14.96,31.113559160107208,1.1811430951132258,27
b5g,272009,0.82,GAN-JCSO,50,68.25849229815321,72.38251193445745,14.96,14.96,34.88762325356839,1.3250412919457477,27
b5g,272009,0.82,GAN-RB,30,81.1962222499526,57.82809088640242,14.96,16.61386778771216,26.338069271075916,1.0018092347536443,27
b5g,272009,0.82,GAN-RB,40,75.24998790097123,62.57353652884045,14.96,16.266814683892818,30.863835064884267,1.1740447644688556,27
b5g,272009,0.82,GAN-RB,50,69.00975310285816,67.58469609245337,14.96,15.217245668485226,35.035378088190946,1.3327726017177979,27
b5g,272009,0.82,QuantileMLP-JCSO,30,93.43459714350061,44.31365967006179,14.96,16.36220223892299,26.760895836238873,1.0144967068372603,27
b5g,272009,0.82,QuantileMLP-JCSO,40,76.0327894412618,62.932321320766185,14.96,14.96,31.22003256797119,1.1837109192736466,27
b5g,272009,0.82,QuantileMLP-JCSO,50,67.63303801182889,72.05752238659201,14.96,14.96,35.10620500498522,1.3316314949541048,27
b5g,272009,0.82,QuantileMLP-RB,30,80.92645161935931,58.18997311074746,14.96,16.53492866142831,26.52854751296699,1.0063227769638827,27
b5g,272009,0.82,QuantileMLP-RB,40,75.76805503620248,63.10065408357414,14.96,15.589994879988579,31.02905632129877,1.177080917941759,27
b5g,272009,0.82,QuantileMLP-RB,50,68.66020995203063,69.73274805756326,14.96,14.96,35.21399901824104,1.3359117318491696,27
b5g,272009,1.0,Diffusion-JCSO,30,92.14820889227207,43.81735618467647,14.96,17.25466394211879,21.934970673839484,1.0148311344080383,27
b5g,272009,1.0,Diffusion-JCSO,40,86.88739573193854,53.01829607016427,14.96,14.96,25.592558606280654,1.1841685155269053,27
b5g,272009,1.0,Diffusion-JCSO,50,74.71593321070694,67.53858217862485,14.96,14.96,28.91062297712968,1.337737506627816,27
b5g,272009,1.0,Diffusion-RB,30,81.7441784110185,59.90311031956021,14.96,16.981026750766834,21.381396678372955,0.9904993996303573,27
b5g,272009,1.0,Diffusion-RB,40,72.48472520211381,67.04779769771005,14.96,16.240259912456597,25.011315141132602,1.1587352909232436,27
b5g,272009,1.0,Diffusion-RB,50,57.850686344085055,74.09643492179886,14.96,14.96,28.30292245209663,1.311288938566042,27
b5g,272009,1.0,GAN-JCSO,30,98.15701861519216,32.820610821090206,14.96,20.417637878729856,22.0075532525481,1.0184818641216198,27
b5g,272009,1.0,GAN-JCSO,40,91.55645712084002,44.264147975404825,14.96,15.707085192226732,25.657860750131775,1.187520565307048,27
b5g,272009,1.0,GAN-JCSO,50,74.76263630616083,66.7632839308724,14.96,14.96,28.941207876927308,1.3395808980179262,27
b5g,272009,1.0,GAN-RB,30,95.7118394058316,34.911044631730405,15.74336822289973,21.977794150916548,21.559665242492223,1.0001152704049263,27
b5g,272009,1.0,GAN-RB,40,75.174021137591,62.573528455672296,14.96,16.26681545626943,25.30837429035922,1.1740461151071189,27
b5g,272009,1.0,GAN-RB,50,69.00975310285816,67.58469609245337,14.96,15.217245668485226,28.72901003231657,1.3327726017177979,27
b5g,272009,1.0,QuantileMLP-JCSO,30,99.74831872888201,26.32697336014403,16.36339010072087,23.305416642367973,21.959719445079795,1.0152229191956026,27
b5g,272009,1.0,QuantileMLP-JCSO,40,92.38857201295403,43.16992768024511,14.96,16.4543996171665,25.65273804257105,1.1860307788886864,27
b5g,272009,1.0,QuantileMLP-JCSO,50,72.67038025973191,67.10440628121388,14.96,14.96,29.00195605869247,1.341015522054634,27
b5g,272009,1.0,QuantileMLP-RB,30,93.68054580432539,44.77949506384575,14.96,17.060695019628973,21.73981162044794,1.0056801419975525,27
b5g,272009,1.0,QuantileMLP-RB,40,75.64934591642587,63.10065408357414,14.96,15.589994879988579,25.443826183464992,1.177080917941759,27
b5g,272009,1.0,QuantileMLP-RB,50,68.66020995203063,69.73274805756326,14.96,14.96,28.87547919495765,1.3359117318491696,27
b5g,272010,0.82,Diffusion-JCSO,30,91.47074558168846,46.29446806663852,14.96,15.728753161555304,26.77294721510413,1.0149787410709838,27
b5g,272010,0.82,Diffusion-JCSO,40,76.54577385267714,63.0375594806562,14.96,14.96,31.21648840075533,1.1836193738605674,27
b5g,272010,0.82,Diffusion-JCSO,50,68.31189394406299,72.40734544931613,14.96,14.96,35.06043027845769,1.3299509553850077,27
b5g,272010,0.82,Diffusion-RB,30,79.33481695059795,59.07248215251909,14.96,16.033152018112073,26.400342568057816,1.0006591267837617,27
b5g,272010,0.82,Diffusion-RB,40,73.59023745633372,65.25988164452735,14.96,14.96,30.74830486205463,1.1655184959390716,27
b5g,272010,0.82,Diffusion-RB,50,63.64973670295723,72.90705997747482,14.96,14.96,34.631821040740675,1.3128846913384635,27
b5g,272010,0.82,GAN-JCSO,30,83.70563835013469,56.400879828523784,14.96,15.516904853421602,26.802973443164145,1.016608052969725,27
b5g,272010,0.82,GAN-JCSO,40,75.46046831071618,64.30050046856941,14.96,14.961346830483569,31.240744728450174,1.185122128281003,27
b5g,272010,0.82,GAN-JCSO,50,68.62453355934184,72.22959979013496,14.96,14.96,35.07280964333933,1.3311269702323751,27
b5g,272010,0.82,GAN-RB,30,80.46587435600283,59.3159507727966,14.96,16.475340866466198,26.571944460771938,1.009364875638991,27
b5g,272010,0.82,GAN-RB,40,75.90530054023218,63.58987829675863,14.96,15.621296447483196,31.08679736578818,1.180920956378185,27
b5g,272010,0.82,GAN-RB,50,69.33653125163777,69.534621873526,14.96,15.03178314997219,35.2788896723112,1.340234735988192,27
b5g,272010,0.82,QuantileMLP-JCSO,30,93.44898233602866,44.5748247866129,14.96,15.830251627767879,26.70166248699153,1.0124948301066963,27
b5g,272010,0.82,QuantileMLP-JCSO,40,76.69688449891937,62.71346726147478,14.96,14.96,31.140587298123314,1.1809968899086916,27
b5g,272010,0.82,QuantileMLP-JCSO,50,67.82492529724814,72.25275033374874,14.96,14.96,34.98154614604165,1.327287000193837,27
b5g,272010,0.82,QuantileMLP-RB,30,81.02914374797908,57.720856252020916,14.96,16.676794391748743,26.279934365624786,0.9973945653894657,27
b5g,272010,0.82,QuantileMLP-RB,40,76.37834230723074,62.99665769276926,14.96,15.015367009815852,30.727938381327093,1.166296115365324,27
b5g,272010,0.82,QuantileMLP-RB,50,67.02650503355257,70.50365620598609,14.96,14.96,34.811203456246346,1.321404450626729,27
b5g,272010,1.0,Diffusion-JCSO,30,96.77257716943143,35.30029314731346,15.003461841144933,20.102240934110682,21.976565493825337,1.0159801672972395,27
b5g,272010,1.0,Diffusion-JCSO,40,89.80272088053424,47.65842524426518,14.96,15.156851252587602,25.643137982782193,1.1855930944375117,27
b5g,272010,1.0,Diffusion-JCSO,50,76.07310058642834,64.135232746905,14.96,14.96,28.980361801957255,1.3400325105536248,27
b5g,272010,1.0,Diffusion-RB,30,79.52020859263561,58.50378269002452,14.96,15.154760149761536,21.64534530135158,1.0005302755547565,27
b5g,272010,1.0,Diffusion-RB,40,73.38190412300038,65.25988164452735,14.96,14.96,25.2136099868848,1.1655184959390716,27
b5g,272010,1.0,Diffusion-RB,50,63.511255470769925,73.14527413059783,14.96,14.96,28.570771928252274,1.3208088085459113,27
b5g,272010,1.0,GAN-JCSO,30,91.88863065296314,44.953655779925306,14.96,16.01933622995264,21.980545839522193,1.0166838028416423,27
b5g,272010,1.0,GAN-JCSO,40,80.70187887187531,58.30292776793125,14.96,14.971099180191015,25.655147568356508,1.186760888069221,27
b5g,272010,1.0,GAN-JCSO,50,67.95832739061038,72.25941416147202,14.96,14.96,28.991138484192664,1.3412011851819643,27
b5g,272010,1.0,GAN-RB,30,87.04191332365954,50.71959985913447,14.96,17.20261851428767,21.810688863512706,1.010354219148902,27
b5g,272010,1.0,GAN-RB,40,75.90530054032065,63.589878296678194,14.96,15.507379587598889,25.491173839353376,1.1809209563511949,27
b5g,272010,1.0,GAN-RB,50,69.63204479314066,69.534621873526,14.96,15.03178314997219,28.92868953129518,1.340234735988192,27
b5g,272010,1.0,QuantileMLP-JCSO,30,97.3780163849224,34.085786996008906,14.966425576185651,19.420575241998563,21.891348234116503,1.0122671275014485,27
b5g,272010,1.0,QuantileMLP-JCSO,40,90.7722769308641,45.876812627072425,14.96,15.36282847494467,25.590197559652598,1.1834060480528905,27
b5g,272010,1.0,QuantileMLP-JCSO,50,73.45875509284318,66.2510476280839,14.96,14.96,28.93948467443677,1.3384502818985982,27
b5g,272010,1.0,QuantileMLP-RB,30,97.02584052203015,38.5981139297838,15.03302636396877,18.044666897243452,21.546624103386932,0.997306443859739,27
b5g,272010,1.0,QuantileMLP-RB,40,76.893504610442,62.07490661185894,14.96,15.015876545842312,25.196937373138145,1.1663095109024588,27
b5g,272010,1.0,QuantileMLP-RB,50,67.02650503355196,70.5036562059866,14.96,14.96,28.59399526255526,1.323621270732002,27
