workload,seed,information,capacity,method,miss_rate,acceptance,mean_latency_ms,p95_latency_ms,p99_latency_ms,admitted_miss_rate,isolation,utilization,fragmentation,over_reservation,realized_reservation_ratio,under_reservation_share,p95_URLLC_ms,miss_URLLC,p95_eMBB_ms,miss_eMBB,p95_mMTC_ms,miss_mMTC
normal,3,request_observed,1.0,Independent,33.33333333333333,100.0,3.1700057271241833,4.150980392156863,4.150980392156863,33.33333333333333,0.8875,21.410838034717344,0.8469586421212479,2.0000000000000018,1.02,0.0,2.64205294117647,16.25,2.8509803921568624,0.0,4.150980392156863,83.75
normal,3,request_observed,1.0,StaticReserve,100.0,0.0,9.826666666666666,14.96,14.96,,0.19230769230769243,24.74745709861305,0.8152263156938437,22.111247516515114,1.1820319331169544,23.75,5.720000000000001,100.0,14.96,100.0,8.8,100.0
normal,3,request_observed,1.0,JointHeuristic,55.625,71.25,5.70066856122502,14.96,15.377123728306222,37.719298245614034,0.5367788461538463,22.03204007548763,0.8320702442658726,4.980087973107608,1.049560987053107,0.0,5.746136793490394,81.875,14.96,37.5,8.8,47.5
normal,3,request_observed,1.0,Persistence-JCSO,1.0416666666666665,99.375,2.9647587081930022,3.922087820418832,4.599745095244082,0.41928721174004197,0.8123798076923077,28.35250415667253,0.7814585653947888,36.68087738299187,1.3504432763642134,0.0,2.43461538481925,1.25,4.1244540900294915,0.625,3.424205281015386,1.25
normal,3,request_observed,1.0,MovingAverage-JCSO,1.0416666666666665,99.375,2.980778558248439,3.939772245430687,4.621860523188972,0.41928721174004197,0.8272836538461537,28.19846260728059,0.7847429058118975,36.04709254984514,1.342637076863951,0.0,2.434615384615385,1.25,4.0824236627218875,0.625,3.4266869185233415,1.25
normal,3,request_observed,1.0,QuantileMLP-JCSO,0.0,100.0,2.920360777892258,3.9185185185185225,3.9899875743624715,0.0,0.8658653846153846,29.180070791927402,0.77815354542707,40.804064609338305,1.3894891207096276,0.0,2.434615384615385,0.0,3.9649087226036883,0.0,3.422033898305085,0.0
normal,3,request_observed,1.0,GAN-JCSO,0.0,100.0,2.9713986207353376,3.918518518575732,3.988952428793109,0.0,0.9403846153846154,29.02106375238417,0.784348298804743,40.13090578224835,1.3838711855045773,0.0,2.434615384615385,0.0,3.964842910410099,0.0,3.422033898305085,0.0
normal,3,request_observed,1.0,Diffusion-JCSO,0.0,100.0,2.9321185332008612,3.918518518575545,3.98315168015323,0.0,0.8658653846153846,28.623318451217568,0.7816720252967324,38.239033460570624,1.3633027450851078,0.0,2.4346153849674153,0.0,3.9551951518731627,0.0,3.422033898305085,0.0
normal,3,request_observed,0.92,Independent,33.33333333333333,100.0,3.189745058737347,4.150980392156863,4.150980392156863,33.33333333333333,0.9697115384615383,23.271777455978587,0.8340046053832657,2.0000000000000018,1.0199640729433537,0.0,2.5890588235294114,4.375,2.8509803921568624,0.0,4.150980392156863,95.625
normal,3,request_observed,0.92,StaticReserve,20.833333333333336,88.54166666666666,4.434637971400849,14.96,14.96,10.588235294117647,1.0,26.89940988979679,0.7990918245831883,22.111247516515114,1.1820319331169544,23.75,5.720000000000001,29.375,14.96,18.125,8.8,15.0
normal,3,request_observed,0.92,JointHeuristic,49.791666666666664,77.5,5.144415594099015,14.96,14.96,35.215053763440864,0.590985576923077,23.602978803077292,0.8196985516119037,3.615596316293325,1.0344734818036923,0.0,5.720000000000001,76.25,14.96,33.125,8.8,40.0
normal,3,request_observed,0.92,Persistence-JCSO,0.0,100.0,2.9703868500970656,3.918825294758892,4.788207690704739,0.0,0.8733173076923076,30.625155807215272,0.7657338041629385,36.824849511,1.3424232287074802,0.0,2.434615384615385,0.0,4.259364743131526,0.0,3.422033898305085,0.0
normal,3,request_observed,0.92,MovingAverage-JCSO,0.0,100.0,2.9948058378911044,3.9194582861837053,4.907174599357269,0.0,0.895673076923077,30.478320867330105,0.7692778245935561,36.22899618271504,1.335541399647798,0.0,2.434615384615385,0.0,4.229488866950238,0.0,3.422033898305085,0.0
normal,3,request_observed,0.92,QuantileMLP-JCSO,0.0,100.0,2.9933121018683786,3.918518643552108,4.692924883439135,0.0,0.9366586538461539,31.54060981720324,0.7630592359659486,41.02295186727397,1.3821698167690608,0.0,2.434615384615385,0.0,4.2217146326564166,0.0,3.422033898305085,0.0
normal,3,request_observed,0.92,GAN-JCSO,0.0,100.0,3.018112115924819,3.918520904797871,4.6176181282598305,0.0,0.9739182692307692,31.366317955242177,0.7678480427568466,40.34451734508728,1.3764575701051605,0.0,2.434615384615385,0.0,4.220964340111138,0.0,3.422033898305085,0.0
normal,3,request_observed,0.92,Diffusion-JCSO,0.0,100.0,2.992713676595118,3.9185208605214505,4.557337138580186,0.0,0.9217548076923077,30.9347674602492,0.7659125472764503,38.44557239457196,1.355930562724433,0.0,2.434615384615385,0.0,4.155332761205284,0.0,3.422033898305085,0.0
normal,3,request_observed,0.82,Independent,33.33333333333333,100.0,3.2076046902013995,4.150980392156863,4.150980392156863,33.33333333333333,1.0,26.086278594398564,0.8137811869754739,2.0000000000000018,1.019100919253626,0.0,2.5890588235294114,0.0,3.0098750417341034,0.0,4.150980392156863,100.0
normal,3,request_observed,0.82,StaticReserve,20.833333333333336,88.54166666666666,4.434637971400849,14.96,14.96,10.588235294117647,1.0,30.17982573001592,0.774590827581138,22.111247516515114,1.1820319331169544,23.75,5.720000000000001,29.375,14.96,18.125,8.8,15.0
normal,3,request_observed,0.82,JointHeuristic,36.666666666666664,88.125,4.280341993051343,9.242799669562284,14.96,28.132387706855795,0.719110576923077,25.86724998740434,0.8023426867746636,1.9215971756809374,1.0108328158638384,0.0,5.720000000000001,63.125,14.96,21.25,8.8,25.624999999999996
normal,3,request_observed,0.82,Persistence-JCSO,2.2916666666666665,98.95833333333334,3.2160913692067536,3.9865874990132895,13.817747129992146,1.263157894736842,0.9441105769230769,34.01293450993505,0.7425586085832927,37.74972879030729,1.3296523841874912,0.0,2.434615384615385,0.0,9.974362380057174,6.875000000000001,3.422033898305085,0.0
normal,3,request_observed,0.82,MovingAverage-JCSO,2.5,98.75,3.2659511886799035,3.986402121074509,14.96,1.2658227848101267,0.966466346153846,33.878961610123035,0.7455167528753815,37.21574519948612,1.323920865641584,0.0,2.434615384615385,0.0,11.563099369661607,7.5,3.422033898305085,0.0
normal,3,request_observed,0.82,QuantileMLP-JCSO,2.5,98.75,3.249584869804217,3.9860590709566313,14.96,1.2658227848101267,0.9813701923076923,35.01759753821006,0.7378229953171999,42.05748328847915,1.368614350925654,0.0,2.434615384615385,0.0,11.563099369661607,7.5,3.422033898305085,0.0
normal,3,request_observed,0.82,GAN-JCSO,2.2916666666666665,98.95833333333334,3.215707056009004,3.9692675322347597,13.805431979018879,1.263157894736842,0.9739182692307692,34.86436221369716,0.739898526675225,41.30666814184046,1.364350873526223,0.0,2.434615384615385,0.0,9.99483284039449,6.875000000000001,3.422033898305085,0.0
normal,3,request_observed,0.82,Diffusion-JCSO,2.2916666666666665,98.95833333333334,3.229219727337973,3.969302934096876,13.782898892461688,1.263157894736842,0.9739182692307692,34.36641366946283,0.7412383075234059,39.46509544384101,1.3433421104649537,0.0,2.434615384615385,0.0,9.98965249771334,6.875000000000001,3.422033898305085,0.0
normal,3,proactive,1.0,Independent,69.16666666666667,85.20833333333333,4.753327645398096,8.8,14.96,63.81418092909536,0.891826923076923,21.411335637814833,0.8468855073467229,7.073665131944717,1.0200331368879731,46.25,5.720000000000001,99.375,14.96,9.375,8.8,98.75
normal,3,proactive,1.0,StaticReserve,100.0,0.0,9.826666666666666,14.96,14.96,,0.19230769230769243,24.74745709861305,0.8152263156938437,22.111247516515114,1.1820319331169544,23.75,5.720000000000001,100.0,14.96,100.0,8.8,100.0
normal,3,proactive,1.0,JointHeuristic,71.45833333333333,64.79166666666667,6.510743388968291,14.96,15.651557341105468,55.948553054662376,0.5556490384615385,22.40490106759206,0.8291584468200746,10.770966584751623,1.067356371616908,38.125,5.7316001383420625,95.0,14.96,43.125,8.8,76.25
normal,3,proactive,1.0,Persistence-JCSO,16.458333333333332,92.91666666666667,3.678235126019668,8.8,14.96,10.089686098654708,0.7570913461538462,27.084067161862325,0.790559427412924,31.097698953705034,1.2898649600775929,7.916666666666666,5.720000000000001,13.750000000000002,14.96,8.125,8.8,27.500000000000004
normal,3,proactive,1.0,MovingAverage-JCSO,6.25,97.29166666666667,3.239374503968373,4.722798740007432,10.093599999999874,3.640256959314775,0.8171875,28.021489879674622,0.7854140247621766,35.463408938394835,1.3343634839335794,4.166666666666666,2.620746748986382,6.25,5.492815983455678,3.75,4.965666830336654,8.75
normal,3,proactive,1.0,QuantileMLP-JCSO,1.0416666666666665,99.58333333333333,2.979394244661187,3.9863190237367623,5.020714969472943,0.6276150627615062,0.8472355769230768,28.990387865887197,0.7781666397612421,39.96213768696475,1.3807200356525136,2.5,2.4635999560559805,0.625,4.269172836520031,0.625,3.619420700007353,1.875
normal,3,proactive,1.0,GAN-JCSO,1.25,99.375,3.0754675128533853,4.028524855221717,5.393954526347726,0.628930817610063,0.9515625,28.76797732742823,0.7863966738355714,39.04958317872461,1.3722045837583248,1.6666666666666667,2.4738929164224515,0.625,4.452505011290321,1.25,3.565688651284248,1.875
normal,3,proactive,1.0,Diffusion-JCSO,1.25,99.375,3.0294203049665875,3.993700021418243,5.383620048889467,0.628930817610063,0.8509615384615383,28.42103970284161,0.7820116924756026,37.408965655827636,1.3540543442484403,2.7083333333333335,2.4732252341040506,0.625,4.4525050112903655,1.25,3.730317425640402,1.875
normal,3,proactive,0.92,Independent,69.58333333333333,85.20833333333333,4.767914897042241,8.8,14.96,64.30317848410758,0.9697115384615383,23.272318328910643,0.8339463812792667,7.073665131944717,1.0199972098313266,46.25,5.720000000000001,99.375,14.96,9.375,8.8,100.0
normal,3,proactive,0.92,StaticReserve,20.833333333333336,88.54166666666666,4.434637971400849,14.96,14.96,10.588235294117647,1.0,26.89940988979679,0.7990918245831883,22.111247516515114,1.1820319331169544,23.75,5.720000000000001,29.375,14.96,18.125,8.8,15.0
normal,3,proactive,0.92,JointHeuristic,69.375,70.0,6.076349053142215,14.96,14.96,56.25,0.6135817307692308,24.024671011098715,0.8164447570500318,9.89180765375935,1.053035004762827,40.0,5.720000000000001,92.5,14.96,40.0,8.8,75.625
normal,3,proactive,0.92,Persistence-JCSO,8.541666666666666,97.08333333333333,3.3440312106570933,5.088399740798823,8.8,5.793991416309012,0.8334134615384616,29.18190870290422,0.7751707042459655,30.73433723811577,1.278980116850429,8.125,2.578809317195132,3.75,5.417184578361165,2.5,5.717845338182372,19.375
normal,3,proactive,0.92,MovingAverage-JCSO,2.9166666666666665,98.95833333333334,3.134275230928985,4.2228078907069335,6.697767072669415,1.8947368421052633,0.877043269230769,30.2509915226492,0.7693536799398107,35.47438708755027,1.3257181491326202,4.375,2.4966253364660984,0.625,4.968135545357253,1.25,4.199278392129394,6.875000000000001
normal,3,proactive,0.92,QuantileMLP-JCSO,1.0416666666666665,99.58333333333333,3.054781367179334,4.030421699606086,5.106223331954381,0.6276150627615062,0.9254807692307694,31.332310038252274,0.7634506102751373,40.156461504574004,1.373289814060997,2.5,2.4635999560559805,0.625,4.696544822500899,0.625,3.619420700007353,1.875
normal,3,proactive,0.92,GAN-JCSO,1.25,99.375,3.111698009473442,4.058842077767761,6.019518530915485,0.628930817610063,0.9739182692307692,31.092061895137345,0.7695097168963756,39.23903883292521,1.3648051232189873,1.6666666666666667,2.4738929164224515,0.625,4.962569835798051,1.25,3.565688651284248,1.875
normal,3,proactive,0.92,Diffusion-JCSO,1.25,99.375,3.1040468643255448,4.061501164075512,6.015452255198977,0.628930817610063,0.9292067307692307,30.715492561170816,0.7674977093640761,37.59960843979984,1.3466629238954018,2.7083333333333335,2.473225234103909,0.625,4.934557796259981,1.25,3.7303174256403637,1.875
normal,3,proactive,0.82,Independent,69.79166666666666,85.20833333333333,4.773516106851061,8.8,14.96,64.54767726161369,1.0,26.086885427444283,0.8137158623709873,7.073665131944717,1.0191340561415991,46.25,5.720000000000001,99.375,14.96,10.0,8.8,100.0
normal,3,proactive,0.82,StaticReserve,20.833333333333336,88.54166666666666,4.434637971400849,14.96,14.96,10.588235294117647,1.0,30.17982573001592,0.774590827581138,22.111247516515114,1.1820319331169544,23.75,5.720000000000001,29.375,14.96,18.125,8.8,15.0
normal,3,proactive,0.82,JointHeuristic,63.33333333333333,78.54166666666667,5.42641104398563,14.96,14.96,53.315649867374006,0.7441105769230769,26.39801328325876,0.798561052578815,8.87126806814126,1.0316990014801553,43.958333333333336,5.720000000000001,88.125,14.96,30.625000000000004,8.8,71.25
normal,3,proactive,0.82,Persistence-JCSO,9.375,97.08333333333333,3.4713962349172003,5.4812207385647955,14.96,6.652360515021459,0.910576923076923,32.4085747096997,0.7526437554269456,31.407107242388385,1.266629020028609,8.125,2.5381460417123503,1.25,9.258293108496389,7.5,5.717845338182372,19.375
normal,3,proactive,0.82,MovingAverage-JCSO,5.0,98.125,3.347748988315021,4.899149810635764,14.96,3.1847133757961785,0.9478365384615385,33.60412199072395,0.7459348565960484,36.29082196475369,1.3132490402751718,4.375,2.4966253364660984,0.625,9.519791080247291,7.5,4.199278392129394,6.875000000000001
normal,3,proactive,0.82,QuantileMLP-JCSO,3.125,98.75,3.2539700356527663,4.465243244134895,11.674003036053861,1.89873417721519,0.9739182692307692,34.775381851768614,0.7388071962374733,40.99553662975594,1.3592598838426757,2.5,2.4635999560559805,0.625,8.669352742645538,6.875000000000001,3.619420700007353,1.875
normal,3,proactive,0.82,GAN-JCSO,3.3333333333333335,98.54166666666667,3.277651807895132,4.527112878156292,14.96,1.9027484143763214,0.9739182692307692,34.55980747852613,0.742047971916928,40.082215204180656,1.352745820697595,1.6666666666666667,2.4738929164224515,0.625,9.660051880521324,7.5,3.565688651284248,1.875
normal,3,proactive,0.82,Diffusion-JCSO,3.3333333333333335,98.54166666666667,3.300584593142368,4.5208568495750105,14.96,1.9027484143763214,0.9739182692307692,34.1366667024508,0.7427503878176314,38.46470568701072,1.3346162002416737,2.7083333333333335,2.473225234103909,0.625,9.496748991176167,7.5,3.7303174256403637,1.875
normal,11,request_observed,1.0,Independent,33.33333333333333,100.0,3.1554668300653597,4.150980392156863,4.150980392156863,33.33333333333333,0.8269230769230769,20.633442738498267,0.8498984086532856,2.0000000000000018,1.0199999999999998,0.0,2.64205294117647,25.0,2.8509803921568624,0.0,4.150980392156863,75.0
normal,11,request_observed,1.0,StaticReserve,100.0,0.0,9.826666666666666,14.96,14.96,,0.19230769230769243,24.80491910554385,0.8165702343282721,24.607532435448014,1.2273416672144217,17.083333333333332,5.720000000000001,100.0,14.96,100.0,8.8,100.0
normal,11,request_observed,1.0,JointHeuristic,60.20833333333333,69.375,5.827291104173944,14.96,14.96,42.64264264264264,0.49927884615384616,21.23449559649025,0.8347401956684706,4.970325235740385,1.0497032523574037,0.0,5.720000000000001,88.75,14.96,40.625,8.8,51.24999999999999
normal,11,request_observed,1.0,Persistence-JCSO,5.833333333333333,96.875,3.1780555199118874,4.691780692721018,10.093599999999874,2.795698924731183,0.7959134615384615,27.76376486299723,0.7854139623802041,37.140598078604825,1.3714059807860481,0.0,2.682153715382726,6.875000000000001,5.451997038441121,3.125,4.564160466757167,7.5
normal,11,request_observed,1.0,MovingAverage-JCSO,7.916666666666666,95.625,3.30779016735039,5.720000000000001,14.96,3.7037037037037033,0.800721153846154,27.586286470997244,0.7878792023497012,36.230379978669205,1.3622324236155945,0.0,3.391215195652637,10.0,6.902381637002954,5.625,5.591318099168458,8.125
normal,11,request_observed,1.0,QuantileMLP-JCSO,0.0,100.0,2.9226684009870003,3.9185185185185185,3.9185185185185185,0.0,0.8882211538461539,28.435312942983735,0.7832104690820831,40.497216323836376,1.4049007870672663,0.0,2.434615384615385,0.0,3.9185185185185185,0.0,3.422033898305085,0.0
normal,11,request_observed,1.0,GAN-JCSO,0.0,100.0,2.986365869535892,3.9185185185185185,3.9185185185185185,0.0,0.9776442307692307,29.000829107291636,0.7835821420748575,43.364823406934036,1.4323581072766716,0.0,2.3840429618690147,0.0,3.9185185185185185,0.0,3.422033898305085,0.0
normal,11,request_observed,1.0,Diffusion-JCSO,2.083333333333333,98.75,3.0346358623784417,3.9186683657445935,5.727812317012657,0.8438818565400843,0.8557692307692308,27.907368212765498,0.7871809620891523,37.881668443289534,1.3784573664305217,0.0,2.434615384615385,1.875,4.100300342860727,1.25,3.5230728622400798,3.125
normal,11,request_observed,0.92,Independent,33.33333333333333,100.0,3.182467638888889,4.150980392156863,4.150980392156863,33.33333333333333,0.9394230769230768,22.427655150541593,0.8370809783082764,2.0000000000000018,1.0199999999999998,0.0,2.64205294117647,8.75,2.8509803921568624,0.0,4.150980392156863,91.25
normal,11,request_observed,0.92,StaticReserve,14.374999999999998,92.91666666666667,3.855659882753243,8.33333610535313,14.96,7.847533632286996,1.0,26.96186859298244,0.7992901865061767,24.607532435448014,1.2273416672144217,17.083333333333332,5.720000000000001,16.875,14.96,7.5,8.8,18.75
normal,11,request_observed,0.92,JointHeuristic,52.083333333333336,76.875,5.156528164625166,14.96,14.96,37.669376693766935,0.578485576923077,22.730154681016508,0.8236245775475168,3.3763459558213738,1.0337634595582137,0.0,5.720000000000001,82.5,14.96,31.874999999999996,8.8,41.875
normal,11,request_observed,0.92,Persistence-JCSO,0.8333333333333334,99.375,2.982347339050846,3.918518518933754,4.426412136323982,0.20964360587002098,0.8608173076923077,30.076351374885913,0.7696563783224359,36.84533870497214,1.3668881571810367,0.0,2.434615384615385,0.625,3.930203326378587,0.625,3.4229369009155017,1.25
normal,11,request_observed,0.92,MovingAverage-JCSO,0.8333333333333334,99.375,3.012481613772644,3.918518518552406,4.426412136323982,0.20964360587002098,0.8943509615384617,29.83527378873372,0.7734251076510323,35.678365773462104,1.3555024036151062,0.0,2.434615384615385,0.625,3.925870735891835,0.625,3.4223607662408506,1.25
normal,11,request_observed,0.92,QuantileMLP-JCSO,0.0,100.0,2.9567356688001794,3.9185185185185185,3.9185185185185185,0.0,0.9366586538461537,30.871072994012437,0.7672678743504193,40.497216323836376,1.4033215630558058,0.0,2.434615384615385,0.0,3.9185185185185185,0.0,3.422033898305085,0.0
normal,11,request_observed,0.92,GAN-JCSO,0.0,100.0,2.9947620819519316,3.9185185185185185,3.939611949876354,0.0,0.9888221153846153,31.45483575850977,0.765420626868916,43.364823406934036,1.429465677302003,0.0,2.3840429618690147,0.0,3.9212748589444715,0.0,3.422033898305085,0.0
normal,11,request_observed,0.92,Diffusion-JCSO,0.0,100.0,2.9554485688504992,3.9185185185185185,3.9185185185185185,0.0,0.9143028846153847,30.268940483713592,0.771404820044731,37.74613045987211,1.375595898133017,0.0,2.434615384615385,0.0,3.9185185185185185,0.0,3.422033898305085,0.0
normal,11,request_observed,0.82,Independent,33.33333333333333,100.0,3.1970065359477124,4.150980392156863,4.150980392156863,33.33333333333333,1.0,25.16273504694911,0.817290122999019,2.0000000000000018,1.0199999999999998,0.0,2.5890588235294114,0.0,2.8509803921568624,0.0,4.150980392156863,100.0
normal,11,request_observed,0.82,StaticReserve,14.374999999999998,92.91666666666667,3.855659882753243,8.33333610535313,14.96,7.847533632286996,1.0,30.249901348224206,0.7748133799825395,24.607532435448014,1.2273416672144217,17.083333333333332,5.720000000000001,16.875,14.96,7.5,8.8,18.75
normal,11,request_observed,0.82,JointHeuristic,34.583333333333336,88.75,4.102748806127279,8.8,14.96,26.291079812206576,0.7042067307692308,25.009570956395965,0.8069582081901296,1.3795756433080362,1.0137957564330802,0.0,5.720000000000001,65.0,14.96,15.625,8.8,23.125
normal,11,request_observed,0.82,Persistence-JCSO,0.0,100.0,2.957850105669262,3.9185185185185185,3.9503598715615467,0.0,0.9068509615384613,33.44937325813596,0.7447987700950647,36.78323160734847,1.3554345051080587,0.0,2.434615384615385,0.0,3.93607578402313,0.0,3.422033898305085,0.0
normal,11,request_observed,0.82,MovingAverage-JCSO,0.0,100.0,2.975011887778389,3.9185185185185185,3.9519823126195104,0.0,0.9217548076923077,33.1956956090269,0.7477734674087225,35.61660422583119,1.3447729277870157,0.0,2.434615384615385,0.0,3.9479162833461316,0.0,3.422033898305085,0.0
normal,11,request_observed,0.82,QuantileMLP-JCSO,0.0,100.0,2.983437987239237,3.9185185185185185,3.952355334765665,0.0,0.9701923076923077,34.33718729240771,0.7425366045340536,40.497216323836376,1.391781482073734,0.0,2.434615384615385,0.0,3.934221713928482,0.0,3.422033898305085,0.0
normal,11,request_observed,0.82,GAN-JCSO,0.0,100.0,3.00447590053674,3.9185185185185185,3.9829181817596235,0.0,1.0,35.07760380069416,0.7375341523660388,43.364823406934036,1.4213599555473544,0.0,2.3840429618690147,0.0,3.960105619624865,0.0,3.422033898305085,0.0
normal,11,request_observed,0.82,Diffusion-JCSO,0.0,100.0,2.994564348510466,3.9185185185185185,3.95284873782982,0.0,0.9664663461538462,33.72070044189684,0.7475207074763228,37.74613045987211,1.3663715068309208,0.0,2.434615384615385,0.0,3.9501828224255484,0.0,3.422033898305085,0.0
normal,11,proactive,1.0,Independent,67.29166666666667,86.45833333333334,4.557551616120555,8.8,14.96,62.16867469879518,0.8269230769230769,20.64401182799356,0.8497754731330784,7.471675372755828,1.0205401188067296,45.0,5.720000000000001,100.0,5.966090423528013,5.0,8.8,96.875
normal,11,proactive,1.0,StaticReserve,100.0,0.0,9.826666666666666,14.96,14.96,,0.19230769230769243,24.80491910554385,0.8165702343282721,24.607532435448014,1.2273416672144217,17.083333333333332,5.720000000000001,100.0,14.96,100.0,8.8,100.0
normal,11,proactive,1.0,JointHeuristic,75.20833333333333,62.291666666666664,6.6150633066493105,14.96,14.96,60.200668896321076,0.5242788461538461,21.624470957603965,0.8323559693718998,11.104431929662958,1.0690211655925792,34.166666666666664,5.990155106408436,98.125,14.96,46.25,8.8,81.25
normal,11,proactive,1.0,Persistence-JCSO,25.833333333333336,89.58333333333334,3.943252330473321,8.8,14.96,17.209302325581397,0.733173076923077,26.43027732655554,0.7947225866283418,31.741063630230794,1.3054156948794715,9.791666666666666,5.720000000000001,21.875,14.96,11.25,8.8,44.375
normal,11,proactive,1.0,MovingAverage-JCSO,13.541666666666666,94.16666666666667,3.495102739724349,6.124377082565952,14.96,8.185840707964601,0.7770432692307694,27.380176792730932,0.7883262687626151,35.78073124433656,1.3522409154331063,5.833333333333333,4.179832257061216,12.5,8.458726641035277,5.625,8.8,22.5
normal,11,proactive,1.0,QuantileMLP-JCSO,2.083333333333333,99.375,2.994148710734083,3.9597010206484486,4.164237592734752,1.4675052410901468,0.8807692307692306,28.24686255583451,0.7842455562716492,39.81864022786779,1.3959096292203261,2.7083333333333335,2.4647034563892696,1.875,3.977537257510172,0.0,3.828572235536181,4.375
normal,11,proactive,1.0,GAN-JCSO,1.0416666666666665,99.58333333333333,3.0385155631663983,3.9649781907454584,4.131053156144689,0.6276150627615062,0.9701923076923077,28.845479436185258,0.7844333299307849,42.76979299521868,1.425049182301332,1.6666666666666667,2.4074546801604306,0.0,3.999459084417275,0.0,3.73838082973743,3.125
normal,11,proactive,1.0,Diffusion-JCSO,7.083333333333333,96.66666666666667,3.237556147305401,4.716592418648435,8.8,3.8793103448275863,0.8344951923076923,27.741388261974855,0.7873911037606133,37.37697427831157,1.3705666301644606,3.125,3.0434981770087903,6.875000000000001,5.1313709561962115,2.5,4.862720821525658,11.875
normal,11,proactive,0.92,Independent,67.5,86.45833333333334,4.576142876185409,8.8,14.96,62.409638554216876,0.9394230769230768,22.43914329129734,0.836947352742834,7.471675372755828,1.0205401188067296,45.0,5.720000000000001,100.0,5.966090423528013,5.0,8.8,97.5
normal,11,proactive,0.92,StaticReserve,14.374999999999998,92.91666666666667,3.855659882753243,8.33333610535313,14.96,7.847533632286996,1.0,26.96186859298244,0.7992901865061767,24.607532435448014,1.2273416672144217,17.083333333333332,5.720000000000001,16.875,14.96,7.5,8.8,18.75
normal,11,proactive,0.92,JointHeuristic,68.95833333333333,68.95833333333333,6.056787151898392,14.96,14.96,54.98489425981873,0.5997596153846154,23.191900236342057,0.8205131261552999,10.126860202750278,1.0547992961514923,38.333333333333336,5.720000000000001,96.875,14.96,35.0,8.8,75.0
normal,11,proactive,0.92,Persistence-JCSO,18.958333333333332,93.33333333333333,3.634929310295556,8.8,14.96,13.169642857142858,0.7969951923076923,28.591490197763434,0.7792740957269464,31.239267788335884,1.2992517371079801,10.0,3.6769442956779184,13.125,6.810368957296443,5.0,8.8,38.75
normal,11,proactive,0.92,MovingAverage-JCSO,4.583333333333333,98.95833333333334,3.098872042465428,4.036529779150823,4.938768301292161,3.578947368421052,0.8807692307692306,29.590574787371892,0.7741015781487215,35.147543263342776,1.3445662255441142,6.041666666666667,2.512104128318289,1.875,4.032502990260323,0.0,4.3956985783439,11.875
normal,11,proactive,0.92,QuantileMLP-JCSO,2.083333333333333,99.375,3.025636365369281,3.9598698144032833,4.164437288962747,1.4675052410901468,0.9254807692307692,30.66297413356273,0.768090344784335,39.81864022786779,1.3941889403426386,2.7083333333333335,2.4647034563892696,1.875,3.977537257510172,0.0,3.828572235536181,4.375
normal,11,proactive,0.92,GAN-JCSO,1.0416666666666665,99.58333333333333,3.0519430825060687,3.9701293254635006,4.131053156083145,0.6276150627615062,0.9888221153846153,31.292791077124825,0.7667571970854905,42.769359755743366,1.422447161955729,1.6666666666666667,2.40744984319947,0.0,3.999459084417275,0.0,3.73838082973743,3.125
normal,11,proactive,0.92,Diffusion-JCSO,2.5,99.16666666666667,3.051009560263767,3.976847566652893,4.439363540810926,1.680672268907563,0.910576923076923,30.05804964962944,0.7723526239468349,37.09350664845914,1.3663123167327813,3.125,2.4821720477980884,1.875,3.9933438079342207,0.0,4.015891843508329,5.625
normal,11,proactive,0.82,Independent,68.33333333333333,86.45833333333334,4.584647367099547,8.8,14.96,63.373493975903614,1.0,25.17562418047995,0.8171402016329127,7.471675372755828,1.0205401188067296,45.0,5.720000000000001,100.0,5.966090423528013,5.0,8.8,100.0
normal,11,proactive,0.82,StaticReserve,14.374999999999998,92.91666666666667,3.855659882753243,8.33333610535313,14.96,7.847533632286996,1.0,30.249901348224206,0.7748133799825395,24.607532435448014,1.2273416672144217,17.083333333333332,5.720000000000001,16.875,14.96,7.5,8.8,18.75
normal,11,proactive,0.82,JointHeuristic,62.291666666666664,78.54166666666667,5.255518267966497,14.96,14.96,51.9893899204244,0.731610576923077,25.55717127909889,0.8037598627026892,8.758760901848555,1.0360187953778595,42.083333333333336,5.720000000000001,92.5,14.96,21.25,8.8,73.125
normal,11,proactive,0.82,Persistence-JCSO,12.291666666666666,97.5,3.296032236079758,4.488677337248511,8.8,10.042735042735043,0.8733173076923076,31.751244922014703,0.7562850007454667,30.758522412832548,1.2864312820006574,10.208333333333334,2.5990859018171952,5.0,4.083190308427021,0.0,8.8,31.874999999999996
normal,11,proactive,0.82,MovingAverage-JCSO,4.583333333333333,98.95833333333334,3.124668303563241,4.0506886959957615,4.938768301292161,3.578947368421052,0.9143028846153847,32.96379895156293,0.7493460210216927,35.147543263342776,1.3355371397703424,6.041666666666667,2.512104128318289,1.875,4.037008264976137,0.0,4.3956985783439,11.875
normal,11,proactive,0.82,QuantileMLP-JCSO,2.083333333333333,99.375,3.059689926427146,3.9699359041209403,4.164437288962747,1.4675052410901468,0.9701923076923077,34.141976075736466,0.7439555734137395,39.81864022786779,1.3841505633573972,2.7083333333333335,2.4647034563892696,1.875,3.994869717451465,0.0,3.828572235536181,4.375
normal,11,proactive,0.82,GAN-JCSO,1.0416666666666665,99.58333333333333,3.0618798655138137,3.9834469877478362,4.146798324766157,0.6276150627615062,1.0,34.91170505497393,0.7390038631582658,42.769359755743366,1.4149462674131403,1.6666666666666667,2.4031866402216004,0.0,4.004436989022206,0.0,3.73838082973743,3.125
normal,11,proactive,0.82,Diffusion-JCSO,2.5,99.16666666666667,3.0893515926375326,3.98607768539542,4.466657766767389,1.680672268907563,0.9627403846153847,33.512057027003095,0.7484605227801605,37.09350664845914,1.3581710272743408,3.125,2.4821720477980884,1.875,3.9967282530716073,0.0,4.015891843508329,5.625
normal,27,request_observed,1.0,Independent,33.33333333333333,100.0,3.1565053227124187,4.150980392156863,4.150980392156863,33.33333333333333,0.83125,20.55847540812274,0.8503516327611649,2.000000000000002,1.02,0.0,2.64205294117647,24.375,2.8509803921568624,0.0,4.150980392156863,75.625
normal,27,request_observed,1.0,StaticReserve,100.0,0.0,9.826666666666666,14.96,14.96,,0.19230769230769243,25.596257015406103,0.8130850110405692,28.319179674020063,1.2689591334927572,16.25,5.720000000000001,100.0,14.96,100.0,8.8,100.0
normal,27,request_observed,1.0,JointHeuristic,57.08333333333333,68.125,5.827946649115105,14.96,14.96,37.00305810397553,0.5413461538461538,21.150284591386956,0.8370675771560722,4.929344369702099,1.049293443697021,0.0,5.720000000000001,82.5,14.96,39.375,8.8,49.375
normal,27,request_observed,1.0,Persistence-JCSO,5.625,96.875,3.222720639299801,4.761835343404507,10.093599999999874,2.5806451612903225,0.8592548076923077,27.614404862535917,0.7877578234071037,36.93117985341825,1.3688643883804597,0.0,2.734481342522041,6.25,5.468111883273309,3.75,4.545597391627879,6.875000000000001
normal,27,request_observed,1.0,MovingAverage-JCSO,3.5416666666666665,98.125,3.1120558686207813,3.937740982307861,8.8,1.6985138004246285,0.858173076923077,27.431518503256925,0.789047246676733,35.950923224930946,1.359264908918537,0.0,2.513114085686077,5.0,4.311794510968387,2.5,3.606007115484172,3.125
normal,27,request_observed,1.0,QuantileMLP-JCSO,0.0,100.0,2.9245030631795683,3.9185185185185185,3.9185185185185185,0.0,0.8919471153846154,28.495869229124928,0.7817451258835852,41.3222859335649,1.4126084103270657,0.0,2.434615384615385,0.0,3.9185185185185185,0.0,3.422033898305085,0.0
normal,27,request_observed,1.0,GAN-JCSO,0.8333333333333334,99.375,2.956792428010016,3.9185185185185185,4.335659391247343,0.20964360587002098,0.890625,29.236073199366007,0.7737121117889411,44.97650024010865,1.4491112962344561,0.0,2.4346153852443373,1.25,3.9348417863624765,0.625,3.4078239017902976,0.625
normal,27,request_observed,1.0,Diffusion-JCSO,4.375,97.5,3.1674078916556896,4.136695542476234,8.8,1.9230769230769231,0.8717548076923076,27.83273039140342,0.7868989017260419,37.98311703575773,1.379586847026805,0.0,2.8024923196228695,6.875000000000001,4.655779183216695,2.5,3.5993304340688517,3.75
normal,27,request_observed,0.92,Independent,33.33333333333333,100.0,3.1855831168300655,4.150980392156863,4.150980392156863,33.33333333333333,0.952403846153846,22.346168921872547,0.8381696729947292,2.000000000000002,1.02,0.0,2.64205294117647,6.875000000000001,2.8509803921568624,0.0,4.150980392156863,93.125
normal,27,request_observed,0.92,StaticReserve,14.166666666666666,93.125,3.6826903392676735,5.724109935119491,8.8,7.829977628635347,1.0,27.82201849500664,0.7954315618884482,28.319179674020063,1.2689591334927572,16.25,5.720000000000001,28.749999999999996,5.831698430173216,3.75,6.329646196511757,10.0
normal,27,request_observed,0.92,JointHeuristic,49.166666666666664,75.0,5.271966380355508,14.96,14.96,32.22222222222222,0.6304086538461539,22.71796988030846,0.8253077091380184,3.6901956376088787,1.0369019563760888,0.0,5.720000000000001,76.25,14.96,31.874999999999996,8.8,39.375
normal,27,request_observed,0.92,Persistence-JCSO,0.0,100.0,2.9558037942299733,3.9185185185185185,3.9185185185185185,0.0,0.903125,29.891783053454535,0.7711082531273312,36.54517184276649,1.363331743601262,0.0,2.434615384615385,0.0,3.9185185185185185,0.0,3.422033898305085,0.0
normal,27,request_observed,0.92,MovingAverage-JCSO,0.0,100.0,2.946890204245703,3.9185185185185185,3.9245402092775756,0.0,0.8807692307692306,29.731734856768945,0.7715206653501964,35.72576263736258,1.35548475814996,0.0,2.434615384615385,0.0,3.9185185185185185,0.0,3.422033898305085,0.0
normal,27,request_observed,0.92,QuantileMLP-JCSO,0.0,100.0,2.932775867262398,3.9185185185185185,3.918677930591563,0.0,0.903125,30.912009064141532,0.7635897556515114,41.3222859335649,1.4099655911895639,0.0,2.434615384615385,0.0,3.9185185185185185,0.0,3.422033898305085,0.0
normal,27,request_observed,0.92,GAN-JCSO,0.0,100.0,2.915792737126433,3.9185185185185185,3.9185185185185185,0.0,0.9180288461538462,31.690668835866877,0.7561881471748879,44.90319382414636,1.4452889707328385,0.0,2.434615384615385,0.0,3.9185185185185185,0.0,3.3750095678018472,0.0
normal,27,request_observed,0.92,Diffusion-JCSO,0.0,100.0,2.9503383669476286,3.9185185185185185,3.9245402092775756,0.0,0.8993990384615383,30.154911552472225,0.7693145620556302,37.73706104794959,1.3752338970728686,0.0,2.434615384615385,0.0,3.9185185185185185,0.0,3.422033898305085,0.0
normal,27,request_observed,0.82,Independent,33.33333333333333,100.0,3.1959680433006534,4.150980392156863,4.150980392156863,33.33333333333333,0.995673076923077,25.071311473320417,0.8184386450548239,2.000000000000002,1.02,0.0,2.5890588235294114,0.625,2.8509803921568624,0.0,4.150980392156863,99.375
normal,27,request_observed,0.82,StaticReserve,14.166666666666666,93.125,3.6826903392676735,5.724109935119491,8.8,7.829977628635347,1.0,31.214947579763535,0.7704841913870393,28.319179674020063,1.2689591334927572,16.25,5.720000000000001,28.749999999999996,5.831698430173216,3.75,6.329646196511757,10.0
normal,27,request_observed,0.82,JointHeuristic,34.166666666666664,88.125,4.195776863336006,8.8,14.96,25.295508274231675,0.7774038461538462,24.92345601600878,0.8094547555596151,1.4019891766291133,1.01393673070681,0.0,5.720000000000001,63.125,14.96,16.25,8.8,23.125
normal,27,request_observed,0.82,Persistence-JCSO,0.0,100.0,2.971930104634121,3.9185185198560806,3.951869404562983,0.0,0.9217548076923077,33.24106131113517,0.7461071443698292,36.54672008396469,1.3518266998788773,0.0,2.434615384615385,0.0,3.94172166684159,0.0,3.422033898305085,0.0
normal,27,request_observed,0.82,MovingAverage-JCSO,0.0,100.0,2.9780169899618394,3.9185185188961476,3.9707698732742855,0.0,0.9217548076923077,33.0987447318997,0.7475310758286153,35.727335161054675,1.345489349474582,0.0,2.434615384615385,0.0,3.9506789719208806,0.0,3.422033898305085,0.0
normal,27,request_observed,0.82,QuantileMLP-JCSO,0.0,100.0,2.9633091747718683,3.9185185185185185,3.9603057723866937,0.0,0.9403846153846154,34.29957935633566,0.7399367074482633,41.323880747339416,1.3950744762132408,0.0,2.434615384615385,0.0,3.9453996673607077,0.0,3.422033898305085,0.0
normal,27,request_observed,0.82,GAN-JCSO,0.0,100.0,2.9662377388565773,3.9185185185223177,3.9640603250098962,0.0,0.9850961538461538,35.180673389143074,0.7351857277715117,44.90481175253386,1.4308996487479233,0.0,2.434615384615385,0.0,3.9461301324254086,0.0,3.3750095678018472,0.0
normal,27,request_observed,0.82,Diffusion-JCSO,0.0,100.0,2.980123650922324,3.9185185185681957,3.9707698732742855,0.0,0.9366586538461539,33.54377439528115,0.745602701827916,37.73861131274519,1.3640769051502237,0.0,2.434615384615385,0.0,3.9506925139289746,0.0,3.422033898305085,0.0
normal,27,proactive,1.0,Independent,66.66666666666666,86.45833333333334,4.574733614550186,8.8,14.96,61.44578313253012,0.835576923076923,20.576319997043026,0.8503412535158807,7.301508839097782,1.0208358067099164,44.583333333333336,5.720000000000001,99.375,6.144845831410857,5.0,8.8,95.625
normal,27,proactive,1.0,StaticReserve,100.0,0.0,9.826666666666666,14.96,14.96,,0.19230769230769243,25.596257015406103,0.8130850110405692,28.319179674020063,1.2689591334927572,16.25,5.720000000000001,100.0,14.96,100.0,8.8,100.0
normal,27,proactive,1.0,JointHeuristic,73.95833333333334,62.5,6.536457856251874,14.96,14.96,58.333333333333336,0.5689903846153846,21.48079233813254,0.8344293173175286,10.81694680157059,1.0656755275786158,36.041666666666664,5.7419762296018515,96.875,14.96,40.625,8.8,84.375
normal,27,proactive,1.0,Persistence-JCSO,22.291666666666668,91.66666666666666,3.777164100580857,8.8,14.96,15.227272727272728,0.7991586538461538,26.262944552465235,0.796885509246797,31.145256019810763,1.301763084317076,10.416666666666668,5.720000000000001,25.624999999999996,14.96,8.75,8.8,32.5
normal,27,proactive,1.0,MovingAverage-JCSO,6.25,97.29166666666667,3.202867677475952,4.283618831970768,8.8,3.640256959314775,0.8469951923076924,27.172520269175614,0.7902547614428661,34.99605510555233,1.3465530536402874,5.0,2.761621103132283,7.5,4.30680384683531,2.5,4.868862146475416,8.75
normal,27,proactive,1.0,QuantileMLP-JCSO,1.6666666666666667,99.58333333333333,2.974840567083064,3.951926795616551,4.080206004419887,1.2552301255230125,0.8882211538461536,28.219346637910743,0.783273707270425,40.097167948968576,1.3991214040131148,1.25,2.493151715232676,1.875,3.97551421478011,0.0,3.876211276856165,3.125
normal,27,proactive,1.0,GAN-JCSO,3.5416666666666665,98.125,3.0836856543232773,4.019370645932346,8.8,1.6985138004246285,0.880528846153846,29.00986442897627,0.7750283678415029,43.984693125661686,1.4381519463335648,1.6666666666666667,2.605126312992698,5.625,4.5610481928513575,1.875,3.7259911136428623,3.125
normal,27,proactive,1.0,Diffusion-JCSO,5.833333333333333,97.29166666666667,3.209447014415031,4.36377571538425,8.8,3.2119914346895073,0.8643028846153846,27.57052650754046,0.787824906751708,36.881611276969224,1.3669036024010084,2.083333333333333,2.7579940315844045,7.5,4.74196098635137,2.5,4.326333986539781,7.5
normal,27,proactive,0.92,Independent,67.29166666666667,86.45833333333334,4.594009618997182,8.8,14.96,62.16867469879518,0.952403846153846,22.3655652141772,0.8381415128898325,7.301508839097782,1.0208358067099164,44.583333333333336,5.720000000000001,99.375,6.144845831410857,5.0,8.8,97.5
normal,27,proactive,0.92,StaticReserve,14.166666666666666,93.125,3.6826903392676735,5.724109935119491,8.8,7.829977628635347,1.0,27.82201849500664,0.7954315618884482,28.319179674020063,1.2689591334927572,16.25,5.720000000000001,28.749999999999996,5.831698430173216,3.75,6.329646196511757,10.0
normal,27,proactive,0.92,JointHeuristic,70.625,67.70833333333334,6.098070900807505,14.96,14.96,56.61538461538461,0.6530048076923077,23.093482115968786,0.8225128673339777,9.888907455040636,1.0540487524882498,37.5,5.720000000000001,96.25,14.96,33.125,8.8,82.5
normal,27,proactive,0.92,Persistence-JCSO,13.333333333333334,96.45833333333333,3.373733191875617,4.776844812387899,8.8,10.151187904967603,0.880528846153846,28.36920611076551,0.7822171903336068,30.41744267178486,1.2937457315419227,10.416666666666668,3.019465680498341,12.5,4.578456134321591,1.875,8.8,25.624999999999996
normal,27,proactive,0.92,MovingAverage-JCSO,2.7083333333333335,99.16666666666667,3.0456086981006063,3.9898852045252853,4.77020043525254,1.8907563025210083,0.8770432692307691,29.45342874579072,0.7732960836494398,34.79073931736949,1.3429173055679369,5.0,2.541928417857798,2.5,4.007764222440054,0.0,4.024737859509612,5.625
normal,27,proactive,0.92,QuantileMLP-JCSO,1.6666666666666667,99.58333333333333,2.9804363191820125,3.9614254166022502,4.083308223688516,1.2552301255230125,0.8956730769230768,30.62122067726165,0.764912487736318,40.097167948968576,1.3968971074093333,1.25,2.493151715232676,1.875,3.977402740983202,0.0,3.876211276856165,3.125
normal,27,proactive,0.92,GAN-JCSO,0.8333333333333334,99.79166666666667,2.9473310564790656,3.933167118099443,4.000366036401144,0.6263048016701461,0.9217548076923077,31.43486413363051,0.7583178597038371,43.81946061807879,1.4338706261410255,1.6666666666666667,2.543304562711362,2.5,3.9722947331532747,0.0,3.4281850653988566,0.0
normal,27,proactive,0.92,Diffusion-JCSO,1.4583333333333333,99.79166666666667,2.9888346332687146,3.970484613486855,4.0468943885810456,1.2526096033402923,0.8919471153846154,29.874735527228104,0.7703463031929753,36.61338063511922,1.362749004428664,2.2916666666666665,2.489247626053633,1.875,3.993889929471058,0.0,3.6999068759266387,2.5
normal,27,proactive,0.82,Independent,68.125,86.45833333333334,4.60509870827541,8.8,14.96,63.132530120481924,0.995673076923077,25.093073167125645,0.8184070507907937,7.301508839097782,1.0208358067099164,44.583333333333336,5.720000000000001,99.375,6.144845831410857,5.0,8.8,100.0
normal,27,proactive,0.82,StaticReserve,14.166666666666666,93.125,3.6826903392676735,5.724109935119491,8.8,7.829977628635347,1.0,31.214947579763535,0.7704841913870393,28.319179674020063,1.2689591334927572,16.25,5.720000000000001,28.749999999999996,5.831698430173216,3.75,6.329646196511757,10.0
normal,27,proactive,0.82,JointHeuristic,62.708333333333336,78.125,5.289694584185472,10.941938467365336,14.96,52.26666666666666,0.7875,25.48580342312962,0.8052716038159851,8.638498070805133,1.0368011884157695,41.041666666666664,5.720000000000001,90.625,14.96,20.0,8.8,77.5
normal,27,proactive,0.82,Persistence-JCSO,9.791666666666666,98.33333333333333,3.218802381701761,4.150844997459606,8.8,8.26271186440678,0.910576923076923,31.58892663913808,0.7578200731015607,30.2427116700037,1.284399549982854,10.416666666666668,2.7024683422467515,8.75,4.057517888946858,0.0,4.788875184680842,20.625
normal,27,proactive,0.82,MovingAverage-JCSO,2.7083333333333335,99.16666666666667,3.073719877390037,4.003843575399535,4.77020043525254,1.8907563025210083,0.9143028846153844,32.800760057884105,0.7491373629863112,34.79073931736949,1.3334495643114006,5.0,2.541928417857798,2.5,4.012160599979751,0.0,4.024737859509612,5.625
normal,27,proactive,0.82,QuantileMLP-JCSO,1.6666666666666667,99.58333333333333,3.0098594600668154,3.9628991420975512,4.083976153747766,1.2552301255230125,0.9329326923076924,34.0225347158358,0.7411901113872904,40.097167948968576,1.3839120424843356,1.25,2.493151715232676,1.875,4.000366037989979,0.0,3.876211276856165,3.125
normal,27,proactive,0.82,GAN-JCSO,0.8333333333333334,99.79166666666667,2.997220988556728,3.948901736750654,4.01841417216801,0.6263048016701461,0.9888221153846153,34.92977638086177,0.737105064413625,43.82058710426445,1.420888691035574,1.6666666666666667,2.543304562711362,2.5,4.00186716853027,0.0,3.4281850653988566,0.0
normal,27,proactive,0.82,Diffusion-JCSO,1.4583333333333333,99.79166666666667,3.0180384251524317,3.979025287941381,4.057372154359897,1.2526096033402923,0.9292067307692307,33.26187863604195,0.7465523662834394,36.61338063511922,1.352807021638719,2.2916666666666665,2.489247626053633,1.875,4.0119486659447885,0.0,3.6999068759266387,2.5
normal,41,request_observed,1.0,Independent,33.33333333333333,100.0,3.1513128594771245,4.150980392156863,4.150980392156863,33.33333333333333,0.8096153846153845,20.725015749275784,0.8491161411945083,2.000000000000002,1.02,0.0,2.64205294117647,27.500000000000004,2.8509803921568624,0.0,4.150980392156863,72.5
normal,41,request_observed,1.0,StaticReserve,100.0,0.0,9.826666666666666,14.96,14.96,,0.19230769230769243,24.639326536685385,0.8182096273649975,24.127158463545214,1.2137842303691133,19.166666666666668,5.720000000000001,100.0,14.96,100.0,8.8,100.0
normal,41,request_observed,1.0,JointHeuristic,60.20833333333333,71.25,5.682599401971036,14.96,14.96,44.15204678362573,0.5256009615384616,21.319596469758693,0.8368405404818574,5.0325044260296155,1.0491947847425924,0.0,5.720000000000001,91.875,14.96,42.5,8.8,46.25
normal,41,request_observed,1.0,Persistence-JCSO,4.583333333333333,97.5,3.1472567320540104,4.398446945918953,8.8,2.1367521367521367,0.8344951923076923,27.792924304876127,0.7877607803971268,37.751024012939624,1.367242813529463,0.0,2.563159916891017,5.0,4.887542598759856,2.5,4.313300706505075,6.25
normal,41,request_observed,1.0,MovingAverage-JCSO,1.4583333333333333,99.375,2.962252892047828,3.9391510637464653,4.7256069992725624,0.8385744234800839,0.8123798076923077,27.55596073664878,0.7878671719781588,36.54323196068104,1.3550859044688492,0.0,2.4456921812009838,2.5,4.120983895557375,0.625,3.429167195096736,1.25
normal,41,request_observed,1.0,QuantileMLP-JCSO,0.0,100.0,2.932226610339662,3.9185185185185185,3.9708556249265397,0.0,0.9068509615384615,28.40207526318817,0.7851235720707647,40.78023371324168,1.3973206604610908,0.0,2.434615384615385,0.0,3.9311668171282914,0.0,3.422033898305085,0.0
normal,41,request_observed,1.0,GAN-JCSO,0.8333333333333334,99.375,3.046098595777477,3.9185185185185185,4.36382070605519,0.20964360587002098,0.9688701923076923,28.433958941393968,0.7870427290767612,40.80852429824913,1.3987644926148939,0.0,2.4267658250603534,0.625,3.980338046537354,0.625,3.422033898305085,1.25
normal,41,request_observed,1.0,Diffusion-JCSO,3.125,98.125,3.0981396243303476,3.933302763384118,8.8,1.2738853503184715,0.8917067307692307,28.2865115171678,0.7864484934817423,40.134128717986066,1.3909177090830769,0.0,2.618487108726184,5.625,4.116768857190555,1.875,3.4220338986135177,1.875
normal,41,request_observed,0.92,Independent,33.33333333333333,100.0,3.1814291462418303,4.150980392156863,4.150980392156863,33.33333333333333,0.9350961538461539,22.527191031821502,0.836075093038487,2.000000000000002,1.02,0.0,2.64205294117647,9.375,2.8509803921568624,0.0,4.150980392156863,90.625
normal,41,request_observed,0.92,StaticReserve,17.5,90.41666666666667,4.151719115107165,8.817676435971183,14.96,8.755760368663594,1.0,26.7818766703102,0.8006620837582075,24.127158463545214,1.2137842303691133,19.166666666666668,5.720000000000001,15.625,14.96,15.0,8.8,21.875
normal,41,request_observed,0.92,JointHeuristic,56.25,76.25,5.2720818414955435,14.96,14.96,42.62295081967213,0.6181490384615385,22.86739272423377,0.8263178894242307,3.828063735973638,1.035433923818192,0.0,5.720000000000001,88.125,14.96,36.875,8.8,43.75
normal,41,request_observed,0.92,Persistence-JCSO,0.0,100.0,2.9649200638595303,3.9185962253801896,4.730883278248414,0.0,0.903125,30.0525764315278,0.7727064231901437,37.56868978395021,1.360426794017299,0.0,2.434615384615385,0.0,4.212743037258337,0.0,3.422033898305085,0.0
normal,41,request_observed,0.92,MovingAverage-JCSO,0.0,100.0,2.9747277094066766,3.918532370826287,4.733222595282888,0.0,0.910576923076923,29.83118191102216,0.7742046159083168,36.579515377818545,1.349936530294037,0.0,2.434615384615385,0.0,4.190073239799532,0.0,3.422033898305085,0.0
normal,41,request_observed,0.92,QuantileMLP-JCSO,0.0,100.0,2.9870374445281285,3.918518948454153,4.727542157032532,0.0,0.9627403846153847,30.773579715508497,0.7697315775564217,40.92357983863443,1.3932014392679017,0.0,2.434615384615385,0.0,4.179543028485113,0.0,3.422033898305085,0.0
normal,41,request_observed,0.92,GAN-JCSO,0.0,100.0,3.0205938122890053,3.918532370826287,4.719955804272574,0.0,0.992548076923077,30.804364292473814,0.7693763528975062,40.895124355705384,1.3944501771728517,0.0,2.425139913107597,0.0,4.1750912379949945,0.0,3.422033898305085,0.0
normal,41,request_observed,0.92,Diffusion-JCSO,0.0,100.0,2.986443399992304,3.9185194661507947,4.729276077320936,0.0,0.9478365384615384,30.61469292376639,0.7702928633330723,40.12761646793084,1.3852977782192588,0.0,2.434615384615385,0.0,4.184960839180426,0.0,3.422033898305085,0.0
normal,41,request_observed,0.82,Independent,33.33333333333333,100.0,3.194929550653595,4.150980392156863,4.150980392156863,33.33333333333333,0.9913461538461539,25.27440945033632,0.8161934242429743,2.000000000000002,1.02,0.0,2.5890588235294114,1.25,2.8509803921568624,0.0,4.150980392156863,98.75
normal,41,request_observed,0.82,StaticReserve,17.5,90.41666666666667,4.151719115107165,8.817676435971183,14.96,8.755760368663594,1.0,30.047959191079737,0.776352581777501,24.127158463545214,1.2137842303691133,19.166666666666668,5.720000000000001,15.625,14.96,15.0,8.8,21.875
normal,41,request_observed,0.82,JointHeuristic,43.333333333333336,85.83333333333333,4.453768820002418,12.200775570234669,14.96,33.980582524271846,0.7138221153846155,25.15423946030994,0.8088289190285751,2.1015411984519954,1.0153587916267397,0.0,5.720000000000001,75.625,14.96,22.5,8.8,31.874999999999996
normal,41,request_observed,0.82,Persistence-JCSO,1.6666666666666667,99.375,3.120956102217496,3.939280197527516,7.836225423203552,1.0482180293501049,0.9664663461538462,33.524620712417054,0.7477581362620335,38.08327302810767,1.3532975269858891,0.0,2.434615384615385,0.0,6.783481346665881,5.0,3.422033898305085,0.0
normal,41,request_observed,0.82,MovingAverage-JCSO,1.6666666666666667,99.375,3.123609443047646,3.93908516789596,7.823532976148837,1.0482180293501049,0.9627403846153847,33.26643170959079,0.7495641917046558,37.09197613023159,1.3424191623544304,0.0,2.434615384615385,0.0,6.7982810282547,5.0,3.422033898305085,0.0
normal,41,request_observed,0.82,QuantileMLP-JCSO,1.6666666666666667,99.375,3.1155143461764063,3.9322519794576816,7.806667224298215,1.0482180293501049,0.9850961538461538,34.30197339700845,0.7431212672760322,41.44586544405938,1.384837546697811,0.0,2.434615384615385,0.0,6.789700450506019,5.0,3.422033898305085,0.0
normal,41,request_observed,0.82,GAN-JCSO,1.6666666666666667,99.375,3.135442414949476,3.9469216667697724,7.8038891106904735,1.0482180293501049,0.9962740384615385,34.36019158362483,0.7409595256262124,41.40932238509371,1.387030821404148,0.0,2.4246359083882782,0.0,6.777149265482427,5.0,3.422033898305085,0.0
normal,41,request_observed,0.82,Diffusion-JCSO,1.6666666666666667,99.375,3.1192240322634714,3.9259130299839318,7.814650024284235,1.0482180293501049,0.9776442307692307,34.127776771629435,0.7439767652416391,40.64706827558775,1.3770866787962235,0.0,2.434615384615385,0.0,6.776229407258999,5.0,3.422033898305085,0.0
normal,41,proactive,1.0,Independent,68.95833333333333,83.95833333333333,4.845459037153258,8.8,14.96,63.0272952853598,0.8096153846153846,20.71275588223192,0.849160110520111,7.926024748791773,1.0194169390531358,48.125,5.720000000000001,100.0,14.96,9.375,8.8,97.5
normal,41,proactive,1.0,StaticReserve,100.0,0.0,9.826666666666666,14.96,14.96,,0.19230769230769243,24.639326536685385,0.8182096273649975,24.127158463545214,1.2137842303691133,19.166666666666668,5.720000000000001,100.0,14.96,100.0,8.8,100.0
normal,41,proactive,1.0,JointHeuristic,74.375,62.5,6.667350323750608,14.96,14.96,59.0,0.5442307692307693,21.751980133392355,0.8344832971664313,11.853601747969703,1.0705402470586582,40.625,5.880774774402533,98.75,14.96,50.0,8.803763082258312,74.375
normal,41,proactive,1.0,Persistence-JCSO,23.75,89.79166666666667,3.945787323190517,8.8,14.96,15.081206496519723,0.7518028846153847,26.318594260146018,0.7974423197927987,31.35528488348057,1.2946251780797746,10.208333333333334,5.720000000000001,26.25,14.96,10.625,8.8,34.375
normal,41,proactive,1.0,MovingAverage-JCSO,8.125,97.08333333333333,3.2701204482493647,4.7720486809100295,10.093599999999874,5.36480686695279,0.8171875,27.31439000597676,0.7905297490000098,35.84804992337185,1.3434361890534676,6.25,2.799671347412785,7.5,5.4723869819106525,3.125,4.503602431670324,13.750000000000002
normal,41,proactive,1.0,QuantileMLP-JCSO,2.083333333333333,99.375,3.013850738178323,4.029208432098371,4.538826731696932,1.4675052410901468,0.9068509615384613,28.0484538818937,0.7872105224224484,39.19500569963935,1.3802335454804229,3.75,2.48922422513911,1.875,4.143833208930792,0.0,3.6496065539650315,4.375
normal,41,proactive,1.0,GAN-JCSO,3.125,98.54166666666667,3.1687596116224257,4.201659385356148,6.634898315705545,1.6913319238900635,0.9725961538461538,28.1081590194677,0.7891932881186408,39.4624163821525,1.3830932392658506,4.166666666666666,2.4611809213853233,2.5,4.50862506813658,1.25,4.040805120368353,5.625
normal,41,proactive,1.0,Diffusion-JCSO,5.208333333333334,97.5,3.1978383804531396,4.264285916987308,8.8,2.7777777777777777,0.8879807692307692,27.978952745699726,0.7885258453711955,38.77359744336218,1.3760571684499654,3.75,2.8952027795027,7.5,4.530374119175645,1.875,4.1995260015301135,6.25
normal,41,proactive,0.92,Independent,69.375,83.95833333333333,4.868129112062423,8.8,14.96,63.52357320099256,0.9394230769230768,22.513865089382527,0.8361022658170103,7.926024748791773,1.0194169390531358,48.125,5.720000000000001,100.0,14.96,9.375,8.8,98.75
normal,41,proactive,0.92,StaticReserve,17.5,90.41666666666667,4.151719115107165,8.817676435971183,14.96,8.755760368663594,1.0,26.7818766703102,0.8006620837582075,24.127158463545214,1.2137842303691133,19.166666666666668,5.720000000000001,15.625,14.96,15.0,8.8,21.875
normal,41,proactive,0.92,JointHeuristic,71.45833333333333,68.33333333333333,6.187373768305624,14.96,14.96,58.231707317073166,0.6407451923076924,23.269420008358345,0.8235244793553639,10.7807997055847,1.0537276079936768,43.125,5.720000000000001,98.125,14.96,42.5,8.8,73.75
normal,41,proactive,0.92,Persistence-JCSO,15.416666666666668,94.375,3.565909561899658,5.771255699717116,14.96,10.375275938189846,0.8294471153846154,28.396773567596167,0.7823551106209548,30.898722131886743,1.2853581456219814,11.25,3.3161166789808836,17.5,6.099549620746015,4.375,8.8,24.375
normal,41,proactive,0.92,MovingAverage-JCSO,4.166666666666666,98.95833333333334,3.1486527783541267,4.367989631410534,5.837541603608214,3.1578947368421053,0.895673076923077,29.541724788768853,0.7754145774872134,35.73868549489565,1.3370520410120932,6.458333333333334,2.5379061793461832,1.875,4.979192544648978,1.25,4.155728785873,9.375
normal,41,proactive,0.92,QuantileMLP-JCSO,2.083333333333333,99.375,3.0689616404522844,4.177086680901172,5.013056790500497,1.4675052410901468,0.9627403846153845,30.39501192648678,0.7719856807407867,39.338592834155904,1.3763608240286769,3.75,2.48922422513911,1.875,4.544144485325588,0.0,3.6496065539650315,4.375
normal,41,proactive,0.92,GAN-JCSO,2.2916666666666665,99.16666666666667,3.1410269676680143,4.2094367238548624,5.207812842348605,1.4705882352941175,0.992548076923077,30.451164634154328,0.7715006873119682,39.55146215131945,1.3788184897040663,4.166666666666666,2.433681494341834,1.875,4.795399683761327,0.625,3.853674254910785,4.375
normal,41,proactive,0.92,Diffusion-JCSO,2.083333333333333,99.375,3.076156309657668,4.165823269973999,5.033314724958965,1.4675052410901468,0.9552884615384615,30.27102145563368,0.7732616137502136,38.707157646084944,1.3700027990882233,3.75,2.489580450917651,1.875,4.5330868042192645,0.0,3.8145223107191666,4.375
normal,41,proactive,0.82,Independent,69.79166666666666,83.95833333333333,4.878913951345229,8.8,14.96,64.01985111662532,0.9913461538461539,25.25945839296576,0.8162206988851514,7.926024748791773,1.0194169390531358,48.125,5.720000000000001,100.0,14.96,9.375,8.8,100.0
normal,41,proactive,0.82,StaticReserve,17.5,90.41666666666667,4.151719115107165,8.817676435971183,14.96,8.755760368663594,1.0,30.047959191079737,0.776352581777501,24.127158463545214,1.2137842303691133,19.166666666666668,5.720000000000001,15.625,14.96,15.0,8.8,21.875
normal,41,proactive,0.82,JointHeuristic,65.41666666666667,75.83333333333333,5.606719472016182,14.96,14.96,54.395604395604394,0.7576923076923078,25.686778578810042,0.8055797688367751,9.875645326399912,1.0369867146312608,44.583333333333336,5.720000000000001,92.5,14.96,31.25,8.8,72.5
normal,41,proactive,0.82,Persistence-JCSO,12.083333333333334,96.45833333333333,3.4761649916291417,5.720000000000001,10.730233338471177,8.855291576673865,0.9292067307692307,31.63376388048412,0.7596153648269807,31.100190555837294,1.2767986401360203,11.25,2.804790795566434,11.25,7.140429161104806,6.875000000000001,8.8,18.125
normal,41,proactive,0.82,MovingAverage-JCSO,6.25,98.33333333333333,3.307407251758922,4.475485542557791,10.730233338471177,4.661016949152542,0.9627403846153847,32.950733714834655,0.7515905062899723,36.25992614542989,1.3298991964422906,6.458333333333334,2.5278449924186788,1.875,7.13944978342377,6.875000000000001,4.210081790501063,10.0
normal,41,proactive,0.82,QuantileMLP-JCSO,3.958333333333333,98.75,3.196235866056502,4.277650003468799,8.928861392632767,2.7426160337552745,0.9850961538461538,33.900313586730086,0.7455914530977639,39.86303438125126,1.3688760685376213,3.75,2.48922422513911,1.875,6.876280045894103,5.625,3.6496065539650315,4.375
normal,41,proactive,0.82,GAN-JCSO,4.166666666666666,98.54166666666667,3.25510653961399,4.381102382315248,9.464563786694484,2.748414376321353,0.9962740384615385,33.98725429838708,0.7431568931667163,40.07256019225554,1.3722783970899042,4.166666666666666,2.433681494341834,1.875,6.973627663115075,6.25,3.853674254910785,4.375
normal,41,proactive,0.82,Diffusion-JCSO,3.958333333333333,98.75,3.2033198230881927,4.209480364138348,8.929258338429758,2.7426160337552745,0.9776442307692307,33.761526302822496,0.746631597297817,39.227384007273606,1.3625325802172576,3.75,2.489580450917651,1.875,6.87494828501344,5.625,3.8145223107191666,4.375
normal,59,request_observed,1.0,Independent,33.33333333333333,100.0,3.154428337418301,4.150980392156863,4.150980392156863,33.33333333333333,0.8225961538461537,20.279330149343306,0.8515204040666653,2.0000000000000018,1.02,0.0,2.64205294117647,25.624999999999996,2.8509803921568624,0.0,4.150980392156863,74.375
normal,59,request_observed,1.0,StaticReserve,100.0,0.0,9.826666666666666,14.96,14.96,,0.19230769230769243,25.10526077056678,0.8131436601295017,27.105037308665608,1.2619147208370427,11.875,5.720000000000001,100.0,14.96,100.0,8.8,100.0
normal,59,request_observed,1.0,JointHeuristic,74.16666666666667,61.25000000000001,6.62522276949974,14.96,14.96,57.82312925170068,0.5044471153846154,21.204246719630415,0.837779990116027,6.637208817118852,1.0663720881711884,0.0,5.746262806078564,96.875,14.96,58.12500000000001,8.836802521993254,67.5
normal,59,request_observed,1.0,Persistence-JCSO,5.208333333333334,96.875,3.2186795383188103,4.696407834427763,10.093599999999874,2.1505376344086025,0.833173076923077,27.23072536658534,0.7906176322648529,36.839840593857495,1.3683876063249587,0.0,2.6028529821328257,5.625,5.451472026434332,3.75,4.364503138553193,6.25
normal,59,request_observed,1.0,MovingAverage-JCSO,1.25,99.375,2.9928423145428242,3.9185185188617315,4.42532553087237,0.628930817610063,0.849639423076923,27.013037752925552,0.7920595879319061,35.702996581273766,1.3570249259249112,0.0,2.438432213554813,2.5,3.931798008081631,0.625,3.422037646922005,0.625
normal,59,request_observed,1.0,QuantileMLP-JCSO,0.0,100.0,2.91249404546615,3.9185185185185185,3.9185185185185185,0.0,0.8584134615384615,27.906012673292068,0.7847654473589513,40.1893522169834,1.4018070115181305,0.0,2.434500518139242,0.0,3.9185185185185185,0.0,3.422033898305085,0.0
normal,59,request_observed,1.0,GAN-JCSO,2.083333333333333,98.75,3.033513233148938,3.9185185185185185,5.720000000000001,0.8438818565400843,0.8520432692307691,27.747608060058447,0.786253795123097,39.353535513045145,1.393530315242625,0.0,2.438569391685384,3.125,3.9228307549018466,1.25,3.4220338983163985,1.875
normal,59,request_observed,1.0,Diffusion-JCSO,0.0,100.0,2.9216439061059907,3.9185185185185185,3.9185185185185185,0.0,0.8584134615384615,27.530935850388303,0.7873578537159138,38.249277279349506,1.3824877329056686,0.0,2.434615384615385,0.0,3.9185185185185185,0.0,3.422033898305085,0.0
normal,59,request_observed,0.92,Independent,33.33333333333333,100.0,3.1814291462418303,4.150980392156863,4.150980392156863,33.33333333333333,0.9350961538461536,22.04275016232968,0.8390738329162645,2.0000000000000018,1.02,0.0,2.64205294117647,9.375,2.8509803921568624,0.0,4.150980392156863,90.625
normal,59,request_observed,0.92,StaticReserve,8.333333333333332,97.29166666666667,3.383720748767412,5.014955351641163,8.8,5.781584582441114,1.0,27.288326924529116,0.796337682137488,27.105037308665608,1.2619147208370427,11.875,3.8159144637042637,15.0,4.953270108217245,1.25,5.954492848967679,8.75
normal,59,request_observed,0.92,JointHeuristic,63.33333333333333,71.25,5.731051818929321,14.96,14.96,48.53801169590643,0.5926682692307693,22.498980530541903,0.8278308735600935,4.097644926756974,1.0409764492675697,0.0,5.720000000000001,88.125,14.96,41.875,8.8,60.0
normal,59,request_observed,0.92,Persistence-JCSO,0.0,100.0,2.970544247341222,3.9185185185185185,3.9203662757425897,0.0,0.9143028846153847,29.47759525738546,0.7762063667276093,36.39330610068354,1.3628800795451486,0.0,2.434615384615385,0.0,3.9185185185185185,0.0,3.422033898305085,0.0
normal,59,request_observed,0.92,MovingAverage-JCSO,0.0,100.0,2.9649810500161546,3.9185185185185185,3.9203662757425897,0.0,0.8993990384615383,29.328524415061764,0.7765730279640054,35.626722024085524,1.355526176590888,0.0,2.434615384615385,0.0,3.9185185185185185,0.0,3.422033898305085,0.0
normal,59,request_observed,0.92,QuantileMLP-JCSO,0.0,100.0,2.9542449708722645,3.9185185185185185,3.9189927923691075,0.0,0.918028846153846,30.29747170761599,0.7695023455332028,40.1893522169834,1.400282449028592,0.0,2.434500518139242,0.0,3.9185185185185185,0.0,3.422033898305085,0.0
normal,59,request_observed,0.92,GAN-JCSO,0.0,100.0,2.9650447780816496,3.9185185185185185,3.9198683692932796,0.0,0.9292067307692309,30.10063932136734,0.7718343699643457,39.21248771103495,1.3908514408566772,0.0,2.434615384615385,0.0,3.9185185185185185,0.0,3.422033898305085,0.0
normal,59,request_observed,0.92,Diffusion-JCSO,0.0,100.0,2.960684040366944,3.9185185185185185,3.9203662757425897,0.0,0.9143028846153844,29.897903587663876,0.7719998508659046,38.249277279349506,1.3813155287920151,0.0,2.434615384615385,0.0,3.9185185185185185,0.0,3.422033898305085,0.0
normal,59,request_observed,0.82,Independent,33.33333333333333,100.0,3.1959680433006534,4.150980392156863,4.150980392156863,33.33333333333333,0.995673076923077,24.730890426028424,0.819591765990465,2.0000000000000018,1.02,0.0,2.5890588235294114,0.625,2.8509803921568624,0.0,4.150980392156863,99.375
normal,59,request_observed,0.82,StaticReserve,8.333333333333332,97.29166666666667,3.383720748767412,5.014955351641163,8.8,5.781584582441114,1.0,30.616171671422915,0.7715008141054742,27.105037308665608,1.2619147208370427,11.875,3.8159144637042637,15.0,4.953270108217245,1.25,5.954492848967679,8.75
normal,59,request_observed,0.82,JointHeuristic,40.416666666666664,85.625,4.474903569043037,10.889221115449846,14.96,30.413625304136254,0.7385817307692308,24.687898126288037,0.8119224936749407,1.8142894778576362,1.0181428947785764,0.0,5.720000000000001,63.125,14.96,20.0,8.8,38.125
normal,59,request_observed,0.82,Persistence-JCSO,0.0,100.0,3.0183226023603233,3.9185185185185185,3.958531991393222,0.0,0.9813701923076923,32.93111929216529,0.7531808828230308,36.39330610068354,1.3574175605039336,0.0,2.434615384615385,0.0,3.9421984386025177,0.0,3.422033898305085,0.0
normal,59,request_observed,0.82,MovingAverage-JCSO,0.0,100.0,3.0205734772536874,3.9185185185185185,3.958531991393222,0.0,0.9776442307692307,32.75789725526889,0.7542779898224504,35.626722024085524,1.3498328003294298,0.0,2.434615384615385,0.0,3.944367368005762,0.0,3.422033898305085,0.0
normal,59,request_observed,0.82,QuantileMLP-JCSO,0.0,100.0,3.012671975000694,3.9185185185185185,3.9573354298163776,0.0,1.0,33.82751067404831,0.7472574946186763,40.1893522169834,1.3939126327091647,0.0,2.434500518139242,0.0,3.9421984386025177,0.0,3.422033898305085,0.0
normal,59,request_observed,0.82,GAN-JCSO,0.0,100.0,3.0155670101458107,3.9185185185185185,3.9580491168916123,0.0,1.0,33.62349552776685,0.7489549590770397,39.21248771103495,1.3851318937580215,0.0,2.434615384615385,0.0,3.944367368005762,0.0,3.422033898305085,0.0
normal,59,request_observed,0.82,Diffusion-JCSO,0.0,100.0,3.0215969434734897,3.9185185185185185,3.958531991393222,0.0,1.0,33.39300638052171,0.7501379812091574,38.249277279349506,1.3754788663763644,0.0,2.434615384615385,0.0,3.944367368005762,0.0,3.422033898305085,0.0
normal,59,proactive,1.0,Independent,67.5,87.5,4.555261140200852,8.8,14.96,62.857142857142854,0.8225961538461537,20.297747663006767,0.8514714868838386,7.140341186711268,1.0208975455868183,45.416666666666664,5.720000000000001,99.375,14.96,6.875000000000001,8.8,96.25
normal,59,proactive,1.0,StaticReserve,100.0,0.0,9.826666666666666,14.96,14.96,,0.19230769230769243,25.10526077056678,0.8131436601295017,27.105037308665608,1.2619147208370427,11.875,5.720000000000001,100.0,14.96,100.0,8.8,100.0
normal,59,proactive,1.0,JointHeuristic,81.66666666666667,56.25,7.202017616278634,14.96,14.96,67.4074074074074,0.5182692307692308,21.47141878914279,0.8358941105788732,11.725639362473075,1.079826066914816,35.625,5.852829314082626,100.0,14.96,59.375,8.8,85.625
normal,59,proactive,1.0,Persistence-JCSO,23.75,89.58333333333334,3.969690840299384,8.8,14.96,14.883720930232558,0.7715144230769232,25.972064008074835,0.7998023539172088,31.12948033840738,1.3050272798726759,7.291666666666667,5.720000000000001,23.125,14.96,12.5,8.8,35.625
normal,59,proactive,1.0,MovingAverage-JCSO,4.791666666666667,97.70833333333333,3.173536046946278,4.206174954373798,8.8,2.55863539445629,0.8395432692307692,26.81801145624504,0.7933723711584802,34.95898696048145,1.3473121711378822,4.166666666666666,2.610654994869838,5.625,4.6041073391093,1.875,4.086727518050483,6.875000000000001
normal,59,proactive,1.0,QuantileMLP-JCSO,0.625,99.79166666666667,2.9411008049063243,3.9295218964155003,3.9884703721303043,0.41753653444676403,0.862139423076923,27.79724964612354,0.7857249356017046,39.744032389148046,1.3965841063107267,2.083333333333333,2.4414079960263115,0.0,3.9624628111136038,0.0,3.564979715599259,1.875
normal,59,proactive,1.0,GAN-JCSO,3.3333333333333335,98.54166666666667,3.060088406895228,3.9875365124094495,6.366799999999937,1.9027484143763214,0.8445913461538461,27.571339702894242,0.787096478289362,38.60229774397018,1.3850057604350792,2.083333333333333,2.5423826933594533,3.75,4.025335713987031,1.25,3.9516291952428513,5.0
normal,59,proactive,1.0,Diffusion-JCSO,1.6666666666666667,99.16666666666667,3.0137141738215325,3.9663177627777446,4.855753470926402,0.8403361344537815,0.8570913461538462,27.348386876471725,0.7886945716096861,37.46668937117497,1.373651060542852,2.2916666666666665,2.4720303289509955,1.25,4.013579075108466,0.625,3.667790175048477,3.125
normal,59,proactive,0.92,Independent,68.54166666666667,87.5,4.579583752018556,8.8,14.96,64.04761904761904,0.9350961538461536,22.0627691989204,0.8390206620653661,7.140341186711268,1.0208975455868183,45.416666666666664,5.720000000000001,99.375,14.96,6.875000000000001,8.8,99.375
normal,59,proactive,0.92,StaticReserve,8.333333333333332,97.29166666666667,3.383720748767412,5.014955351641163,8.8,5.781584582441114,1.0,27.288326924529116,0.796337682137488,27.105037308665608,1.2619147208370427,11.875,3.8159144637042637,15.0,4.953270108217245,1.25,5.954492848967679,8.75
normal,59,proactive,0.92,JointHeuristic,78.125,63.95833333333333,6.544877048698199,14.96,14.96,65.79804560260585,0.6014423076923078,22.917012692858226,0.8248693121191677,10.233440494977813,1.0603266110109562,38.75,5.720000000000001,100.0,14.96,50.0,8.8,84.375
normal,59,proactive,0.92,Persistence-JCSO,8.75,97.08333333333333,3.301667720066726,4.449151918628004,8.8,6.008583690987124,0.8618990384615384,27.960848081741208,0.7857088116466061,29.948759377893378,1.2926709202742543,8.125,2.709093005293174,6.875000000000001,4.409579529694721,1.875,5.361989479843516,17.5
normal,59,proactive,0.92,MovingAverage-JCSO,1.25,99.58333333333333,3.0273591512318725,3.9700673953262275,4.038735763216799,0.8368200836820083,0.8919471153846154,29.08545891471583,0.7778170101076822,34.74405386348908,1.3443862345660011,4.166666666666666,2.480191721695934,0.625,4.000413713161983,0.0,3.8656088895615777,3.125
normal,59,proactive,0.92,QuantileMLP-JCSO,0.625,99.79166666666667,2.98016118130434,3.937263880860578,3.9961290664105493,0.41753653444676403,0.918028846153846,30.18657598373853,0.7702437840556474,39.744032389148046,1.3953772426383897,2.083333333333333,2.4414079960263115,0.0,3.9635951825815163,0.0,3.564979715599259,1.875
normal,59,proactive,0.92,GAN-JCSO,1.0416666666666665,99.79166666666667,2.9976358262815457,3.9662442652359404,4.027584793979459,0.8350730688935281,0.9292067307692307,29.91819493530638,0.773017331805234,38.46782901208559,1.3827280428914763,2.083333333333333,2.4474902297704446,0.0,3.9875079824290443,0.0,3.587767538032676,3.125
normal,59,proactive,0.92,Diffusion-JCSO,0.625,99.79166666666667,2.99562261909864,3.9587782772816693,4.026538539165825,0.41753653444676403,0.9180288461538462,29.69125921218989,0.7734220567847822,37.39738390743769,1.3720804429567994,2.2916666666666665,2.463703125025504,0.0,3.9963734364974797,0.0,3.565304095006584,1.875
normal,59,proactive,0.82,Independent,68.75,87.5,4.5924091712717505,8.8,14.96,64.28571428571429,0.995673076923077,24.753350808544837,0.8195321108894568,7.140341186711268,1.0208975455868183,45.416666666666664,5.720000000000001,99.375,14.96,6.875000000000001,8.8,100.0
normal,59,proactive,0.82,StaticReserve,8.333333333333332,97.29166666666667,3.383720748767412,5.014955351641163,8.8,5.781584582441114,1.0,30.616171671422915,0.7715008141054742,27.105037308665608,1.2619147208370427,11.875,3.8159144637042637,15.0,4.953270108217245,1.25,5.954492848967679,8.75
normal,59,proactive,0.82,JointHeuristic,65.20833333333333,76.04166666666666,5.52164106586601,14.96,14.96,54.24657534246575,0.7598557692307694,25.20005836135397,0.808678348472168,8.664480754767867,1.0393057985637857,41.458333333333336,5.720000000000001,92.5,14.96,24.375,8.8,78.75
normal,59,proactive,0.82,Persistence-JCSO,4.583333333333333,98.95833333333334,3.1837088377710123,4.040528453110147,5.5984725123808,3.578947368421052,0.9366586538461539,31.229328007255962,0.7633162960707702,29.80062303238377,1.2871109133677685,8.125,2.5708204710909,3.125,4.075558914644906,0.0,4.411386381219516,10.625
normal,59,proactive,0.82,MovingAverage-JCSO,1.25,99.58333333333333,3.0832503468422696,3.9847861599207697,4.038735763216799,0.8368200836820083,0.9701923076923077,32.493985730322926,0.7557723992588649,34.74405386348908,1.3390328960482845,4.166666666666666,2.480191721695934,0.625,4.026028973512431,0.0,3.8656088895615777,3.125
normal,59,proactive,0.82,QuantileMLP-JCSO,0.625,99.79166666666667,3.0383754678691277,3.952136617615636,3.996541238101159,0.41753653444676403,1.0,33.72026512542251,0.7480507213044616,39.744032389148046,1.3896713360985962,2.083333333333333,2.4414079960263115,0.0,3.9775583098382326,0.0,3.564979715599259,1.875
normal,59,proactive,0.82,GAN-JCSO,1.0416666666666665,99.79166666666667,3.048305019305957,3.972689354820131,4.027584793979459,0.8350730688935281,1.0,33.439593268584424,0.75018687732073,38.46782901208559,1.3778122460236828,2.083333333333333,2.4464925358360574,0.0,3.9964212012999565,0.0,3.587767538032676,3.125
normal,59,proactive,0.82,Diffusion-JCSO,0.625,99.79166666666667,3.0536826239672905,3.9662020446188486,4.026538539165825,0.41753653444676403,1.0,33.18042619490965,0.751437532358953,37.39738390743769,1.3669885112692037,2.2916666666666665,2.463703125025504,0.0,3.996740005480211,0.0,3.565304095006584,1.875
normal,73,request_observed,1.0,Independent,33.33333333333333,100.0,3.1565053227124187,4.150980392156863,4.150980392156863,33.33333333333333,0.83125,20.534663758897704,0.8493892196006122,2.0000000000000018,1.0199999999999998,0.0,2.64205294117647,24.375,2.8509803921568624,0.0,4.150980392156863,75.625
normal,73,request_observed,1.0,StaticReserve,100.0,0.0,9.826666666666666,14.96,14.96,,0.19230769230769243,25.81864939365925,0.8125845109208452,29.105491669956283,1.2813325025196793,12.916666666666668,5.720000000000001,100.0,14.96,100.0,8.8,100.0
normal,73,request_observed,1.0,JointHeuristic,59.375,67.5,6.12285362997201,14.96,17.090401841990804,39.81481481481482,0.5549278846153847,21.32377022602414,0.8336967419340887,5.922185254243383,1.0592218525424337,0.0,6.490749268409068,85.625,14.96,42.5,8.8,50.0
normal,73,request_observed,1.0,Persistence-JCSO,5.625,96.875,3.2197877506828,4.667451313402109,10.093599999999874,2.5806451612903225,0.8443509615384615,27.49496668177166,0.785018927295058,36.46291892582863,1.3644231189484732,0.0,2.7120470381008683,6.25,5.44766630128478,3.125,4.412086932635839,7.5
normal,73,request_observed,1.0,MovingAverage-JCSO,5.416666666666667,96.875,3.2342341043616774,4.526942818887216,10.093599999999874,2.3655913978494625,0.8592548076923077,27.34630317698355,0.7878947707329763,35.68037474787217,1.3567007123238144,0.0,2.663194681981038,5.625,5.20484266718928,4.375,4.468306314134982,6.25
normal,73,request_observed,1.0,QuantileMLP-JCSO,0.0,100.0,2.960765199141075,3.9157609986744615,3.9185185185185185,0.0,0.9292067307692307,28.44216498931028,0.7831260968945128,41.1007548002988,1.4109045128480808,0.0,2.4230971273371673,0.0,3.9185185185185185,0.0,3.422033898305085,0.0
normal,73,request_observed,1.0,GAN-JCSO,6.041666666666667,96.25,3.2993984112620685,5.065812810139307,14.96,2.380952380952381,0.8802884615384615,27.428329286720665,0.7898798193399962,36.082949298331265,1.3607264578284053,0.0,3.0137945401372783,6.875000000000001,5.445370252168543,3.75,4.317672071433288,7.5
normal,73,request_observed,1.0,Diffusion-JCSO,0.8333333333333334,99.375,3.009079507652105,3.9185185185185185,4.225470068858272,0.20964360587002098,0.9129807692307692,28.314229967303728,0.7840586159965997,40.426873773304806,1.4041657025781407,0.0,2.434615384615385,0.625,3.9185185185185185,0.625,3.422033898305085,1.25
normal,73,request_observed,0.92,Independent,33.33333333333333,100.0,3.1886985947712416,4.150980392156863,4.150980392156863,33.33333333333333,0.9653846153846153,22.320286694454023,0.8365716551986775,2.0000000000000018,1.0199999999999998,0.0,2.5917085294117634,5.0,2.8509803921568624,0.0,4.150980392156863,95.0
normal,73,request_observed,0.92,StaticReserve,12.708333333333332,96.04166666666667,3.4284460157841474,5.701562064330451,8.8,9.11062906724512,1.0,28.06374934093397,0.7956250864204147,29.105491669956283,1.2813325025196793,12.916666666666668,5.720000000000001,21.25,4.546398243826873,0.0,6.206164629988541,16.875
normal,73,request_observed,0.92,JointHeuristic,53.541666666666664,73.75,5.534892432095992,14.96,14.96,37.005649717514125,0.6165865384615385,22.88786563558741,0.8214928803869117,4.596065401080959,1.0459606540108095,0.0,5.962711958920134,80.0,14.96,38.125,8.8,42.5
normal,73,request_observed,0.92,Persistence-JCSO,0.8333333333333334,99.375,2.9985557816115267,3.918518545473548,4.4113695250528835,0.20964360587002098,0.8719951923076923,29.785761999163103,0.7677245872703014,36.18293814997702,1.3599485223950945,0.0,2.434615384615385,0.625,3.954408785550273,0.625,3.4231172482336514,1.25
normal,73,request_observed,0.92,MovingAverage-JCSO,0.0,100.0,2.9579625350013354,3.9185185185185185,3.9185189105295755,0.0,0.8919471153846154,29.614844249262894,0.77093819081823,35.269015601202206,1.351749726459682,0.0,2.434615384615385,0.0,3.918518518583955,0.0,3.422033898305085,0.0
normal,73,request_observed,0.92,QuantileMLP-JCSO,0.0,100.0,2.9694048860433755,3.9157609986744615,3.9185185235939337,0.0,0.9403846153846154,30.861950678486167,0.7652554410480741,41.10075484587987,1.4086083562503553,0.0,2.4230971273371673,0.0,3.9185185185185185,0.0,3.422033898305085,0.0
normal,73,request_observed,0.92,GAN-JCSO,0.0,100.0,2.9787495980980117,3.9185185185185185,3.9185185241224465,0.0,0.9217548076923077,29.714906708691522,0.7733149077118171,35.731995725634484,1.3562801853886974,0.0,2.434615384615385,0.0,3.9185185185185443,0.0,3.422033898305085,0.0
normal,73,request_observed,0.92,Diffusion-JCSO,0.0,100.0,2.968504313396019,3.9185185185185185,3.918518523594339,0.0,0.9329326923076924,30.708340350018464,0.7667634650218796,40.38595809992101,1.4012204433300188,0.0,2.434615384615385,0.0,3.9185185185185185,0.0,3.422033898305085,0.0
normal,73,request_observed,0.82,Independent,33.33333333333333,100.0,3.1970065359477124,4.150980392156863,4.150980392156863,33.33333333333333,1.0,25.04227287670452,0.8166512760162601,2.0000000000000018,1.0199999999999998,0.0,2.5890588235294114,0.0,2.8509803921568624,0.0,4.150980392156863,100.0
normal,73,request_observed,0.82,StaticReserve,12.708333333333332,96.04166666666667,3.4284460157841474,5.701562064330451,8.8,9.11062906724512,1.0,31.486157797145438,0.7707013164716848,29.105491669956283,1.2813325025196793,12.916666666666668,5.720000000000001,21.25,4.546398243826873,0.0,6.206164629988541,16.875
normal,73,request_observed,0.82,JointHeuristic,40.625,85.625,4.463250854721457,9.494830381281055,14.96,30.656934306569344,0.7497596153846154,24.992481279513495,0.8059942054606413,1.7955886968720416,1.0179558869687202,0.0,5.720000000000001,69.375,14.96,20.625,8.8,31.874999999999996
normal,73,request_observed,0.82,Persistence-JCSO,0.0,100.0,2.964662996198724,3.9185185185185185,3.9395364642699997,0.0,0.9068509615384615,33.23212266247413,0.7433183132728002,36.123673705106114,1.3527742516043764,0.0,2.434615384615385,0.0,3.922932288356978,0.0,3.422033898305085,0.0
normal,73,request_observed,0.82,MovingAverage-JCSO,0.0,100.0,2.974760141124152,3.9185185185185185,3.949958939116536,0.0,0.9143028846153847,33.0938011151945,0.7454147972978334,35.269015764071696,1.3466405247033748,0.0,2.434615384615385,0.0,3.938333548452887,0.0,3.422033898305085,0.0
normal,73,request_observed,0.82,QuantileMLP-JCSO,0.0,100.0,2.9799742252351624,3.9185185185185185,3.9524899344284394,0.0,0.9515625,34.31591443881856,0.7383280256865845,41.100755021313255,1.3966701891620712,0.0,2.4230971273371673,0.0,3.9358351191305188,0.0,3.422033898305085,0.0
normal,73,request_observed,0.82,GAN-JCSO,0.0,100.0,2.988170720143308,3.9185185185185185,3.947721115276189,0.0,0.9329326923076922,33.151767822323244,0.7471341242384315,35.73199589230755,1.3491116180932214,0.0,2.434615384615385,0.0,3.943597763364118,0.0,3.422033898305085,0.0
normal,73,request_observed,0.82,Diffusion-JCSO,0.0,100.0,2.9841639891212965,3.9185185185185185,3.950629607948674,0.0,0.9515625,34.144494406913275,0.740840171058122,40.38595827757697,1.3893378804051943,0.0,2.434615384615385,0.0,3.9398018617345425,0.0,3.422033898305085,0.0
normal,73,proactive,1.0,Independent,67.91666666666667,88.33333333333333,4.547078433545651,8.8,14.96,63.67924528301887,0.826923076923077,20.553015926093252,0.8493219127426361,6.946087979396081,1.0208450813450207,43.958333333333336,5.720000000000001,98.125,14.96,7.5,8.8,98.125
normal,73,proactive,1.0,StaticReserve,100.0,0.0,9.826666666666666,14.96,14.96,,0.19230769230769243,25.81864939365925,0.8125845109208452,29.105491669956283,1.2813325025196793,12.916666666666668,5.720000000000001,100.0,14.96,100.0,8.8,100.0
normal,73,proactive,1.0,JointHeuristic,75.625,61.25000000000001,6.885980232051144,14.96,17.204294456195,60.204081632653065,0.5623798076923078,21.728040494261826,0.830739600811955,11.512405973948603,1.079229278830753,33.75,6.964013493165797,96.875,14.96,46.25,9.42526734168344,83.75
normal,73,proactive,1.0,Persistence-JCSO,20.833333333333336,90.83333333333333,3.8780517308399114,8.8,14.96,12.844036697247708,0.7965144230769232,26.24810734193691,0.794153936458036,30.939516142639114,1.3025297180509356,8.125,5.720000000000001,22.5,14.96,11.25,8.8,28.749999999999996
normal,73,proactive,1.0,MovingAverage-JCSO,8.541666666666666,95.41666666666667,3.4096137512443527,5.720000000000001,14.96,4.148471615720524,0.8542067307692308,27.131266656997788,0.7893379352510586,34.9456355736379,1.3461369548812858,3.958333333333333,3.7141052735863065,10.0,6.754942282095201,4.375,5.365725555375186,11.25
normal,73,proactive,1.0,QuantileMLP-JCSO,1.0416666666666665,99.375,3.0453949352629075,3.959231215714735,4.702854839437631,0.41928721174004197,0.9366586538461537,28.298449673127656,0.7845965529753823,40.62068918839486,1.403996339202367,2.5,2.4612714715792365,2.5,4.030325396280708,0.625,3.4946678436136454,0.0
normal,73,proactive,1.0,GAN-JCSO,12.916666666666668,92.91666666666667,3.631504360052716,5.980032842629739,14.96,6.278026905829597,0.8489182692307692,27.274565894491303,0.789880799964058,35.62854902709284,1.3533698412400526,3.75,5.720000000000001,18.125,14.96,6.875000000000001,8.8,13.750000000000002
normal,73,proactive,1.0,Diffusion-JCSO,2.083333333333333,98.54166666666667,3.1002850850215635,3.9739812981325353,5.771148494591852,0.6342494714587738,0.9092548076923077,28.139840798836126,0.7845884008890109,39.79608298280951,1.3957301085234344,2.2916666666666665,2.4988029430635414,3.125,4.095632720022234,1.25,3.622030414896055,1.875
normal,73,proactive,0.92,Independent,68.54166666666667,88.33333333333333,4.573497154525951,8.8,14.96,64.38679245283019,0.9653846153846153,22.34023470227527,0.8365242191458874,6.946087979396081,1.0208450813450207,43.958333333333336,5.720000000000001,98.125,14.96,7.5,8.8,100.0
normal,73,proactive,0.92,StaticReserve,12.708333333333332,96.04166666666667,3.4284460157841474,5.701562064330451,8.8,9.11062906724512,1.0,28.06374934093397,0.7956250864204147,29.105491669956283,1.2813325025196793,12.916666666666668,5.720000000000001,21.25,4.546398243826873,0.0,6.206164629988541,16.875
normal,73,proactive,0.92,JointHeuristic,72.70833333333333,67.91666666666667,6.314665750105686,14.96,14.96,59.8159509202454,0.637860576923077,23.296142669107446,0.8185468647856945,10.395963162598486,1.0645388839027923,36.25,5.7435057122057565,96.25,14.96,42.5,9.1168289749521,79.375
normal,73,proactive,0.92,Persistence-JCSO,10.625,95.83333333333334,3.4272187603650925,5.720000000000001,14.96,6.739130434782608,0.840625,28.365833521248813,0.7778021410973563,30.30189673044276,1.2950628114170937,8.333333333333332,3.266211713047436,10.0,5.7925411313007125,4.375,5.079443207952874,17.5
normal,73,proactive,0.92,MovingAverage-JCSO,1.875,99.16666666666667,3.075750449874617,3.9930800328492406,5.1219635711653515,1.050420168067227,0.8919471153846154,29.374718730396204,0.7724337538370257,34.50500425764914,1.3408924700596003,3.958333333333333,2.531995331583245,2.5,4.084175326165762,0.625,3.8608198080524105,2.5
normal,73,proactive,0.92,QuantileMLP-JCSO,1.0416666666666665,99.375,3.0518637123840664,3.9597924797370063,4.7028548394542495,0.41928721174004197,0.9441105769230769,30.702305169285417,0.7667028846921544,40.620689233969685,1.4015590167539858,2.5,2.4589375443822945,2.5,4.0309257026229535,0.625,3.504645166115514,0.0
normal,73,proactive,0.92,GAN-JCSO,1.25,99.16666666666667,3.072972929697003,3.9738753620594136,5.119139025416985,0.42016806722689076,0.9031249999999998,29.479277805752197,0.7733231667693273,34.95363547886253,1.3457822408846725,3.75,2.5102179186599596,2.5,4.042464425046281,0.625,3.6025590879676885,0.625
normal,73,proactive,0.92,Diffusion-JCSO,1.25,99.16666666666667,3.0541230970021642,3.959002853791692,5.110747206639964,0.42016806722689076,0.9217548076923077,30.531211342723058,0.7668133661959237,39.75461563873861,1.3933168948106445,2.2916666666666665,2.486444955267325,2.5,4.027311723115614,0.625,3.5333125372049237,0.625
normal,73,proactive,0.82,Independent,68.54166666666667,88.33333333333333,4.578530862375022,8.8,14.96,64.38679245283019,1.0,25.064653568406403,0.8165980550789833,6.946087979396081,1.0208450813450207,43.958333333333336,5.720000000000001,98.125,14.96,7.5,8.8,100.0
normal,73,proactive,0.82,StaticReserve,12.708333333333332,96.04166666666667,3.4284460157841474,5.701562064330451,8.8,9.11062906724512,1.0,31.486157797145438,0.7707013164716848,29.105491669956283,1.2813325025196793,12.916666666666668,5.720000000000001,21.25,4.546398243826873,0.0,6.206164629988541,16.875
normal,73,proactive,0.82,JointHeuristic,64.79166666666667,76.45833333333333,5.558774269528086,14.96,14.96,53.950953678474114,0.7497596153846154,25.587614668832913,0.801684692804838,8.695528235595074,1.0421475980138595,40.625,5.720000000000001,89.375,14.96,28.749999999999996,8.8,76.25
normal,73,proactive,0.82,Persistence-JCSO,5.0,98.95833333333334,3.1669592539482,4.095199441100587,5.720000000000001,4.0,0.8882211538461539,31.64746984384335,0.7536987138043448,29.968025899782642,1.2880765756903054,8.541666666666666,2.5694664363422355,3.75,4.103098826112113,0.625,4.379762515896001,10.625
normal,73,proactive,0.82,MovingAverage-JCSO,1.875,99.16666666666667,3.087164631202151,4.007310190285645,5.141954481849087,1.050420168067227,0.9068509615384615,32.8350528945323,0.746525089612442,34.505004421435494,1.33620909925662,3.958333333333333,2.531995331583245,2.5,4.085429178626122,0.625,3.8608198080524105,2.5
normal,73,proactive,0.82,QuantileMLP-JCSO,1.0416666666666665,99.375,3.0621537325502906,3.962409238570559,4.733066353815247,0.41928721174004197,0.9552884615384615,34.15739267005302,0.7397647370872221,40.62068940940262,1.3904513499647582,2.5,2.4589375443822945,2.5,4.03421057927379,0.625,3.504645166115514,0.0
normal,73,proactive,0.82,GAN-JCSO,1.25,99.16666666666667,3.082016150877368,3.986994252877827,5.13912993610072,0.42016806722689076,0.9143028846153844,32.92412624916183,0.7470728736982675,34.9536356449535,1.3400238182149884,3.75,2.5102179186599596,2.5,4.042464425046281,0.625,3.6025590879676885,0.625
normal,73,proactive,0.82,Diffusion-JCSO,1.25,99.16666666666667,3.069627223125273,3.9699894982310338,5.133577686709832,0.42016806722689076,0.9403846153846154,33.95826828513285,0.7409229067230296,39.754615816406876,1.3819235952943956,2.2916666666666665,2.486444955267325,2.5,4.034130281266818,0.625,3.5333125372049237,0.625
normal,89,request_observed,1.0,Independent,33.33333333333333,100.0,3.1544283374183006,4.150980392156863,4.150980392156863,33.33333333333333,0.8225961538461538,21.060264052179416,0.8482612464169902,2.0000000000000013,1.0199999999999998,0.0,2.64205294117647,25.624999999999996,2.8509803921568624,0.0,4.150980392156863,74.375
normal,89,request_observed,1.0,StaticReserve,100.0,0.0,9.826666666666666,14.96,14.96,,0.19230769230769243,24.310381138415977,0.8181847020136417,21.278660749264294,1.180044034083384,25.0,5.720000000000001,100.0,14.96,100.0,8.8,100.0
normal,89,request_observed,1.0,JointHeuristic,61.25000000000001,65.625,6.2243715106140565,14.96,17.578843107104756,40.95238095238095,0.5286057692307693,21.876715824399575,0.8352167008601485,5.950097439524942,1.0595009743952495,0.0,5.720000000000001,87.5,14.96,44.375,8.8,51.87500000000001
normal,89,request_observed,1.0,Persistence-JCSO,11.25,93.75,3.534610603837756,6.463947590064165,14.96,5.333333333333334,0.8600961538461538,28.337568738797376,0.7882582535655622,37.47943557094955,1.3713681316823205,0.0,5.720000000000001,12.5,14.96,8.75,8.8,12.5
normal,89,request_observed,1.0,MovingAverage-JCSO,5.833333333333333,96.875,3.2485948984899067,4.4069380332388635,10.093599999999874,2.795698924731183,0.8704326923076924,28.197643582659566,0.788675416611947,36.57667082629938,1.363882769831406,0.0,3.072418279198912,8.125,5.571545351474039,3.75,4.680314255736032,5.625
normal,89,request_observed,1.0,QuantileMLP-JCSO,0.0,100.0,2.9534527946924674,3.9185185185185185,3.9190181271479245,0.0,0.9217548076923077,28.854229275844386,0.7838109978723272,39.814324750919276,1.3964539506792473,0.0,2.433504011209937,0.0,3.9185185185185185,0.0,3.422033898305085,0.0
normal,89,request_observed,1.0,GAN-JCSO,3.5416666666666665,98.125,3.151761685146978,3.956290696568787,8.8,1.6985138004246285,0.906610576923077,28.14658410443986,0.7907651617938954,36.32485032354318,1.3614746056840543,0.0,2.617689736936162,6.25,4.648864122598365,1.875,3.5108990702552645,2.5
normal,89,request_observed,1.0,Diffusion-JCSO,1.25,99.375,3.0091586295263264,3.9185185185185185,4.374792543311452,0.628930817610063,0.9092548076923077,28.639280509474414,0.7860085815204578,38.79287881931025,1.385741751158506,0.0,2.434615384615385,2.5,3.9361594891280456,0.625,3.422033898305085,0.625
normal,89,request_observed,0.92,Independent,33.33333333333333,100.0,3.183506131535948,4.150980392156863,4.150980392156863,33.33333333333333,0.94375,22.891591361064584,0.8355356476803468,2.0000000000000013,1.0199999999999998,0.0,2.64205294117647,8.125,2.8509803921568624,0.0,4.150980392156863,91.875
normal,89,request_observed,0.92,StaticReserve,22.083333333333332,89.375,4.611958979802563,14.96,15.02040729842957,12.82051282051282,1.0,26.424327324365184,0.7996259376944915,21.278660749264294,1.180044034083384,25.0,5.720000000000001,10.625,14.96,34.375,8.8,21.25
normal,89,request_observed,0.92,JointHeuristic,54.58333333333333,73.75,5.505055830420705,14.96,14.96,38.4180790960452,0.6314903846153846,23.378946404152554,0.8245710296037473,4.163647010268541,1.0416364701026855,0.0,5.720000000000001,81.875,14.96,37.5,8.8,44.375
normal,89,request_observed,0.92,Persistence-JCSO,2.083333333333333,98.75,3.081266407143306,3.956899939276637,5.720000000000001,0.8438818565400843,0.9079326923076921,30.50623256466176,0.7715660939725503,36.68390525865514,1.3585591814992366,0.0,2.434615384615385,2.5,4.1545329841181005,1.25,3.5266840893183278,2.5
normal,89,request_observed,0.92,MovingAverage-JCSO,0.0,100.0,2.968808678558176,3.9185185185185185,3.950032485842957,0.0,0.910576923076923,30.440354668457527,0.7719567387401868,36.16608951194267,1.3548724936336258,0.0,2.434615384615385,0.0,3.9410758837808304,0.0,3.422033898305085,0.0
normal,89,request_observed,0.92,QuantileMLP-JCSO,0.0,100.0,2.9646312743136805,3.9185185185185185,3.944894949860943,0.0,0.9366586538461537,31.270960820440084,0.7660841574318391,39.814324750919276,1.3925920808632315,0.0,2.433504011209937,0.0,3.935963450122923,0.0,3.422033898305085,0.0
normal,89,request_observed,0.92,GAN-JCSO,0.0,100.0,2.9820159591286197,3.9185185185185185,3.952377430723682,0.0,0.9292067307692307,30.44935802865412,0.773476007585289,36.11646597274155,1.3552940707017225,0.0,2.434615384615385,0.0,3.943404757299552,0.0,3.422033898305085,0.0
normal,89,request_observed,0.92,Diffusion-JCSO,0.0,100.0,2.9660770718284653,3.9185185185185185,3.9490705085370967,0.0,0.9292067307692307,31.001056499704944,0.76843683841973,38.744242972539055,1.3803327450145992,0.0,2.434615384615385,0.0,3.9410758837808304,0.0,3.422033898305085,0.0
normal,89,request_observed,0.82,Independent,33.33333333333333,100.0,3.1959680433006534,4.150980392156863,4.150980392156863,33.33333333333333,0.995673076923077,25.68324884412124,0.8156014970981651,2.0000000000000013,1.0199999999999998,0.0,2.5890588235294114,0.625,2.8509803921568624,0.0,4.150980392156863,99.375
normal,89,request_observed,0.82,StaticReserve,22.083333333333332,89.375,4.611958979802563,14.96,15.02040729842957,12.82051282051282,1.0,29.646806266360944,0.7751900764377222,21.278660749264294,1.180044034083384,25.0,5.720000000000001,10.625,14.96,34.375,8.8,21.25
normal,89,request_observed,0.82,JointHeuristic,41.875,84.375,4.5700489659134425,14.96,14.96,31.11111111111111,0.7545673076923076,25.679688518614253,0.8081705527349818,2.0106293850904944,1.0198152046826847,0.0,5.720000000000001,70.0,14.96,23.125,8.8,32.5
normal,89,request_observed,0.82,Persistence-JCSO,0.0,100.0,3.009278355627582,3.946066480143758,4.12281800669943,0.0,0.9627403846153847,33.766427574271404,0.7474563111816327,36.61224600024187,1.3413310544298713,0.0,2.434615384615385,0.0,4.008324580237454,0.0,3.422033898305085,0.0
normal,89,request_observed,0.82,MovingAverage-JCSO,0.0,100.0,3.0187378637832496,3.9507613228690985,4.12556811261122,0.0,0.9701923076923077,33.70606189193035,0.7491851984657563,36.20255438414829,1.3382323446757762,0.0,2.434615384615385,0.0,4.008324580237454,0.0,3.422033898305085,0.0
normal,89,request_observed,0.82,QuantileMLP-JCSO,0.0,100.0,3.0016527497928487,3.9481319917384727,4.1220037860476,0.0,0.9776442307692307,34.65852661145935,0.7416068784100809,39.85067761930384,1.3766885852240367,0.0,2.433504011209937,0.0,4.008324580237454,0.0,3.422033898305085,0.0
normal,89,request_observed,0.82,GAN-JCSO,0.0,100.0,3.0159561993529933,3.951632635115338,4.127313345852567,0.0,0.966466346153846,33.7792803383544,0.7490766596338705,36.15212791215586,1.3410064830591593,0.0,2.434615384615385,0.0,4.008324580237454,0.0,3.422033898305085,0.0
normal,89,request_observed,0.82,Diffusion-JCSO,0.0,100.0,3.0082899127479665,3.949796021045052,4.122908490875844,0.0,0.9776442307692307,34.34282973654953,0.7447936903021131,38.78110086659637,1.3639607258837096,0.0,2.434615384615385,0.0,4.008324580237454,0.0,3.422033898305085,0.0
normal,89,proactive,1.0,Independent,67.08333333333333,86.66666666666667,4.52466341241114,8.8,14.96,62.019230769230774,0.8225961538461537,21.06620004862468,0.8482683108999982,7.166364299911551,1.020255609232726,44.166666666666664,5.720000000000001,99.375,6.224473261352841,5.0,8.8,96.875
normal,89,proactive,1.0,StaticReserve,100.0,0.0,9.826666666666666,14.96,14.96,,0.19230769230769243,24.310381138415977,0.8181847020136417,21.278660749264294,1.180044034083384,25.0,5.720000000000001,100.0,14.96,100.0,8.8,100.0
normal,89,proactive,1.0,JointHeuristic,76.45833333333333,58.333333333333336,7.03509491358469,14.96,17.86410450673958,59.64285714285714,0.5485576923076924,22.261946987750783,0.8329031248601145,11.754905640970573,1.0781746713169604,33.958333333333336,5.8180279290494425,96.25,14.96,48.75,8.8,84.375
normal,89,proactive,1.0,Persistence-JCSO,27.291666666666664,87.5,4.166237300401478,8.8,14.96,16.904761904761905,0.7962740384615384,27.02455901460658,0.7962634220151539,32.022670348498465,1.3077094675665126,8.958333333333334,5.720000000000001,26.875,14.96,13.750000000000002,8.8,41.25
normal,89,proactive,1.0,MovingAverage-JCSO,11.666666666666666,94.16666666666667,3.5280230380238886,5.902132653715984,14.96,6.1946902654867255,0.8603365384615383,27.984121322095962,0.7900133856568824,36.01916315619966,1.3537905244867865,5.625,5.720000000000001,12.5,7.820363314209817,5.625,8.8,16.875
normal,89,proactive,1.0,QuantileMLP-JCSO,0.8333333333333334,99.58333333333333,3.031802389654744,3.9664713597335957,4.345523785376729,0.41841004184100417,0.9143028846153847,28.62919654088224,0.784524448119594,39.01063279201091,1.3858563958169892,4.166666666666666,2.47281296953041,0.625,4.054535713978335,0.625,3.5989145639160385,1.25
normal,89,proactive,1.0,GAN-JCSO,4.583333333333333,98.33333333333333,3.1626216935055638,4.107184013496496,8.8,2.9661016949152543,0.9018028846153847,27.900769869590913,0.7912098226079008,35.57615296345068,1.3499907320847524,4.583333333333333,2.5272385797403794,3.125,4.26000239556659,1.25,4.372577915010209,9.375
normal,89,proactive,1.0,Diffusion-JCSO,2.9166666666666665,98.54166666666667,3.120232393116451,4.007015856839483,6.598308915578805,1.4799154334038054,0.9092548076923077,28.436157660946105,0.7871379388966764,38.11023292490998,1.3761493335544273,3.958333333333333,2.52514890966575,3.75,4.259740263917062,1.25,3.7547153007794427,3.75
normal,89,proactive,0.92,Independent,67.70833333333334,86.66666666666667,4.547320635054094,8.8,14.96,62.74038461538461,0.94375,22.89804353111378,0.8355433264662253,7.166364299911551,1.020255609232726,44.166666666666664,5.720000000000001,99.375,6.224473261352841,5.0,8.8,98.75
normal,89,proactive,0.92,StaticReserve,22.083333333333332,89.375,4.611958979802563,14.96,15.02040729842957,12.82051282051282,1.0,26.424327324365184,0.7996259376944915,21.278660749264294,1.180044034083384,25.0,5.720000000000001,10.625,14.96,34.375,8.8,21.25
normal,89,proactive,0.92,JointHeuristic,72.91666666666666,65.625,6.400488352265659,14.96,14.96,58.730158730158735,0.6439903846153847,23.8355408266351,0.8215958721080107,10.486766238817308,1.0619983968788034,36.041666666666664,5.720000000000001,95.625,14.96,41.875,8.811838458366774,81.25
normal,89,proactive,0.92,Persistence-JCSO,17.708333333333336,93.125,3.6437246507724343,6.995449017827731,14.96,11.6331096196868,0.8579326923076922,29.06061709200539,0.7806660853394233,31.005532831209845,1.293988026110246,9.166666666666666,5.720000000000001,16.875,6.488703198755207,5.0,8.8,31.25
normal,89,proactive,0.92,MovingAverage-JCSO,3.5416666666666665,98.54166666666667,3.142325245175071,4.037772930966371,6.617911040228632,2.1141649048625792,0.903125,30.189832084582136,0.7731972038576855,35.51135945667864,1.3439542529569726,6.25,2.546483035777029,2.5,4.057544029960505,0.625,4.279048876979907,7.5
normal,89,proactive,0.92,QuantileMLP-JCSO,0.8333333333333334,99.58333333333333,3.04294048936187,3.9676322743564207,4.368719036285865,0.41841004184100417,0.9292067307692307,31.02788229915074,0.766793232252795,39.01063279201091,1.382058196733554,4.166666666666666,2.47281296953041,0.625,4.054535713978335,0.625,3.5989145639160385,1.25
normal,89,proactive,0.92,GAN-JCSO,3.5416666666666665,98.95833333333334,3.1115243935502757,4.033828838262229,5.786751036010152,2.526315789473684,0.910576923076923,30.229906232575026,0.7733738667235501,35.528556272070944,1.3459031395770396,4.583333333333333,2.5140685815708954,1.25,4.057673549069448,0.625,4.340308570614581,8.75
normal,89,proactive,0.92,Diffusion-JCSO,1.6666666666666667,99.16666666666667,3.077069620718577,3.9878273823153054,5.24428683191941,0.8403361344537815,0.9292067307692307,30.786587056430083,0.7696731645453635,38.062622173785265,1.371005248120721,3.958333333333333,2.4765382270028025,1.25,4.056025617398176,0.625,3.7122729819559206,3.125
normal,89,proactive,0.82,Independent,67.91666666666667,86.66666666666667,4.5584073826505325,8.8,14.96,62.980769230769226,0.995673076923077,25.690487864176443,0.8156101123213458,7.166364299911551,1.020255609232726,44.166666666666664,5.720000000000001,99.375,6.224473261352841,5.0,8.8,99.375
normal,89,proactive,0.82,StaticReserve,22.083333333333332,89.375,4.611958979802563,14.96,15.02040729842957,12.82051282051282,1.0,29.646806266360944,0.7751900764377222,21.278660749264294,1.180044034083384,25.0,5.720000000000001,10.625,14.96,34.375,8.8,21.25
normal,89,proactive,0.82,JointHeuristic,67.29166666666667,73.54166666666667,5.712044682105063,14.96,14.96,55.524079320113316,0.7545673076923076,26.264015215662383,0.8037711964098087,9.07746198479402,1.0430579411441239,40.833333333333336,5.720000000000001,94.375,14.96,29.375,8.8,78.125
normal,89,proactive,0.82,Persistence-JCSO,12.083333333333334,96.25,3.408837233767871,4.791684928965793,8.8,8.658008658008658,0.931610576923077,32.18775988004445,0.7581012868872434,30.710142497981106,1.2782353639787647,9.583333333333334,2.8189811474405606,10.625,4.423055562157103,1.25,8.8,24.375
normal,89,proactive,0.82,MovingAverage-JCSO,3.5416666666666665,98.54166666666667,3.1944656211829985,4.1522974386384,6.64779232780459,2.1141649048625792,0.9664663461538462,33.45612598378433,0.7507464950845621,35.55053422109494,1.3284760135555445,6.25,2.546483035777029,2.5,4.187543813659081,0.625,4.279048876979907,7.5
normal,89,proactive,0.82,QuantileMLP-JCSO,0.8333333333333334,99.58333333333333,3.0795462090627743,3.986957061730439,4.67228918678642,0.41841004184100417,0.9701923076923077,34.426459612559775,0.7423115199321394,39.049583483194354,1.3676537040162169,4.166666666666666,2.47281296953041,0.625,4.182755789880962,0.625,3.5989145639160385,1.25
normal,89,proactive,0.82,GAN-JCSO,3.5416666666666665,98.95833333333334,3.1502346918589397,4.080413446377554,5.794694163087304,2.526315789473684,0.9552884615384615,33.565000449058644,0.7494213553454936,35.56702338045271,1.3327989688248416,4.583333333333333,2.5140685815708954,1.25,4.221772251184056,0.625,4.340308570614581,8.75
normal,89,proactive,0.82,Diffusion-JCSO,1.6666666666666667,99.16666666666667,3.111222899041505,4.022667611668737,5.275195594738972,0.8403361344537815,0.9664663461538462,34.132648901864435,0.745148329110009,38.1018521497997,1.3557650562659096,3.958333333333333,2.4765382270028025,1.25,4.193245185306675,0.625,3.7122729819559206,3.125
normal,97,request_observed,1.0,Independent,33.33333333333333,100.0,3.150274366830066,4.150980392156863,4.150980392156863,33.33333333333333,0.8052884615384613,20.584209107524813,0.8499563041031992,2.0000000000000018,1.02,0.0,2.64205294117647,28.125,2.8509803921568624,0.0,4.150980392156863,71.875
normal,97,request_observed,1.0,StaticReserve,19.375,90.83333333333333,4.167087054417747,10.020438096294505,14.96,11.238532110091743,1.0,24.859302416186445,0.8126704744055215,25.49972806264206,1.2320396730003398,20.208333333333332,5.720000000000001,26.25,14.96,18.125,8.517714459782995,13.750000000000002
normal,97,request_observed,1.0,JointHeuristic,61.875,65.625,6.29275553128882,14.96,16.93985888384891,41.904761904761905,0.6105769230769231,21.45939441210187,0.8419610232655403,6.333276671292596,1.0631869125179811,0.0,5.758670578018263,84.375,14.96,45.0,9.017900289840407,56.25
normal,97,request_observed,1.0,Persistence-JCSO,11.666666666666666,93.75,3.5951642532598256,5.8570739400868685,14.96,5.777777777777778,0.9457932692307693,27.74759342784998,0.7952250393026997,37.898959652290806,1.3739994976765275,0.0,5.720000000000001,12.5,14.96,7.5,8.8,15.0
normal,97,request_observed,1.0,MovingAverage-JCSO,13.750000000000002,92.5,3.7156678289883596,8.8,14.96,6.756756756756757,0.9356971153846153,27.6813599278707,0.7960276658414424,37.36166344778571,1.3700377665109273,0.0,5.720000000000001,16.25,14.96,9.375,8.8,15.625
normal,97,request_observed,1.0,QuantileMLP-JCSO,2.083333333333333,98.75,3.1191514125966675,3.9325789713367976,5.720000000000001,0.8438818565400843,0.9899038461538462,28.439984336115426,0.790584308732285,41.288383271806886,1.4080726055651756,0.0,2.441180509370602,3.125,4.09154179737118,1.25,3.4754764812774948,1.875
normal,97,request_observed,1.0,GAN-JCSO,4.166666666666666,97.5,3.2383037867841495,4.292873338981975,8.8,1.7094017094017095,0.9798076923076924,27.968608868129785,0.7935495601903375,38.86776923623283,1.3858159497653404,0.0,2.6286935047504203,5.625,4.714326959744649,2.5,3.9433625825633203,4.375
normal,97,request_observed,1.0,Diffusion-JCSO,3.3333333333333335,98.125,3.188367764733961,4.033854759684163,8.8,1.48619957537155,0.9848557692307693,27.992316640864612,0.7936067817744641,38.97348194118883,1.385249190568798,0.0,2.598661182326915,5.0,4.6074125602049785,1.875,3.6128433600115666,3.125
normal,97,request_observed,0.92,Independent,33.33333333333333,100.0,3.176236683006536,4.150980392156863,4.150980392156863,33.33333333333333,0.9134615384615383,22.3741403342661,0.8371210910042617,2.0000000000000018,1.02,0.0,2.64205294117647,12.5,2.8509803921568624,0.0,4.150980392156863,87.5
normal,97,request_observed,0.92,StaticReserve,19.375,90.83333333333333,4.167087054417747,10.020438096294505,14.96,11.238532110091743,1.0,27.02098088715918,0.796380950440784,25.49972806264206,1.2320396730003398,20.208333333333332,5.720000000000001,26.25,14.96,18.125,8.517714459782995,13.750000000000002
normal,97,request_observed,0.92,JointHeuristic,52.916666666666664,73.75,5.571014177944292,14.96,14.96,36.15819209039548,0.7171875,22.927890695519586,0.8314481868725097,4.554504637765573,1.0451241877077655,0.0,5.720000000000001,76.25,14.96,36.25,8.8,46.25
normal,97,request_observed,0.92,Persistence-JCSO,0.0,100.0,3.02564763547788,3.918518550825491,3.961157897713658,0.0,1.0,29.866858151509916,0.7788862665078155,37.04960677492722,1.3609607881625607,0.0,2.4346153846153857,0.0,3.9505373102475274,0.0,3.4220340234852844,0.0
normal,97,request_observed,0.92,MovingAverage-JCSO,1.4583333333333333,99.375,3.090114542735706,3.932170084678819,4.698135548466038,0.8385744234800839,0.994951923076923,29.74339641696585,0.7801581432909673,36.33375073649271,1.3546494440986634,0.0,2.4391052416459376,2.5,3.979455306993389,0.625,3.422033898305085,1.25
normal,97,request_observed,0.92,QuantileMLP-JCSO,0.0,100.0,3.0066162870983324,3.9185185185185185,3.953775485225608,0.0,1.0,30.746962533916804,0.7726293536650226,41.15212436235572,1.4008895406143855,0.0,2.434615384615385,0.0,3.9389827524570094,0.0,3.422033898305085,0.0
normal,97,request_observed,0.92,GAN-JCSO,0.0,100.0,3.0128431075463293,3.9185185185185185,3.953372669109765,0.0,1.0,30.222135771462565,0.7761037004444649,38.60346594072168,1.3780207244537417,0.0,2.434615384615385,0.0,3.937119874726524,0.0,3.422033898305085,0.0
normal,97,request_observed,0.92,Diffusion-JCSO,0.0,100.0,3.018501189924975,3.9185185185185185,3.953775485225608,0.0,1.0,30.265272476101252,0.7760391190462805,38.767164932273154,1.3782386830082818,0.0,2.434615384615385,0.0,3.9382757297240856,0.0,3.422033898305085,0.0
normal,97,request_observed,0.82,Independent,33.33333333333333,100.0,3.193891058006536,4.150980392156863,4.150980392156863,33.33333333333333,0.9870192307692307,25.102694033566852,0.8173520626666528,2.0000000000000018,1.02,0.0,2.5890588235294114,1.875,2.8509803921568624,0.0,4.150980392156863,98.125
normal,97,request_observed,0.82,StaticReserve,19.375,90.83333333333333,4.167087054417747,10.020438096294505,14.96,11.238532110091743,1.0,30.31622245876396,0.7715493590311234,25.49972806264206,1.2320396730003398,20.208333333333332,5.720000000000001,26.25,14.96,18.125,8.517714459782995,13.750000000000002
normal,97,request_observed,0.82,JointHeuristic,43.75,81.875,4.875308158366765,14.96,14.96,31.297709923664126,0.8349759615384615,25.25072306318178,0.8147803623588263,2.7548316124940944,1.0260016664604819,0.0,5.720000000000001,65.625,14.96,30.0,8.8,35.625
normal,97,request_observed,0.82,Persistence-JCSO,0.0,100.0,3.0334298429569686,3.946553443736421,4.144233473661363,0.0,1.0,33.19062826588337,0.7518549720993881,37.09138338769643,1.3488390239416401,0.0,2.434615384615385,0.0,4.065521494153936,0.0,3.422033898305085,0.0
normal,97,request_observed,0.82,MovingAverage-JCSO,0.0,100.0,3.0389944342183446,3.949085138465689,4.1336767869890965,0.0,1.0,33.05361563717969,0.7534363604264621,36.30358847919854,1.3425380241209706,0.0,2.434615384615385,0.0,4.054013928752939,0.0,3.422033898305085,0.0
normal,97,request_observed,0.82,QuantileMLP-JCSO,0.0,100.0,3.0145740426400134,3.944192429665733,4.112516075653804,0.0,1.0,34.15567964360662,0.7448339047355717,41.194321966731536,1.38791513159357,0.0,2.434615384615385,0.0,4.039955615129989,0.0,3.422033898305085,0.0
normal,97,request_observed,0.82,GAN-JCSO,0.0,100.0,3.020747089959586,3.940120403713989,4.104473635409027,0.0,1.0,33.62925389447272,0.748681418779794,38.644642117582656,1.367424731934545,0.0,2.434615384615385,0.0,4.039434855044558,0.0,3.422033898305085,0.0
normal,97,request_observed,0.82,Diffusion-JCSO,0.0,100.0,3.026255109877082,3.9434256587058005,4.124384870326353,0.0,1.0,33.642368728026426,0.7486617349333452,38.808132165860535,1.36629724275407,0.0,2.434615384615385,0.0,4.039955615129989,0.0,3.422033898305085,0.0
normal,97,proactive,1.0,Independent,68.33333333333333,84.58333333333333,4.699309613913552,8.8,14.96,62.5615763546798,0.8096153846153845,20.622168567079378,0.8497447507171698,7.656181323678008,1.0218390156427184,45.208333333333336,5.720000000000001,99.375,14.96,6.25,8.8,99.375
normal,97,proactive,1.0,StaticReserve,19.375,90.83333333333333,4.167087054417747,10.020438096294505,14.96,11.238532110091743,1.0,24.859302416186445,0.8126704744055215,25.49972806264206,1.2320396730003398,20.208333333333332,5.720000000000001,26.25,14.96,18.125,8.517714459782995,13.750000000000002
normal,97,proactive,1.0,JointHeuristic,76.45833333333333,59.375,6.990069902622425,14.96,17.474033600290653,60.35087719298245,0.6268028846153847,21.811237157080097,0.8396380442214051,12.096545092763106,1.0806482648300435,36.25,5.836612936832902,96.875,14.96,48.75,9.313468435486785,83.75
normal,97,proactive,1.0,Persistence-JCSO,34.166666666666664,83.54166666666667,4.637112140287911,14.96,14.96,21.197007481296758,0.8477163461538462,26.584566266628922,0.8029691302846104,32.93712045939291,1.316266087860844,10.208333333333334,5.720000000000001,35.0,14.96,23.125,8.8,44.375
normal,97,proactive,1.0,MovingAverage-JCSO,17.291666666666668,90.41666666666667,3.9529971324246644,8.8,14.96,8.525345622119817,0.9205528846153846,27.51074312373057,0.7970742040203268,36.8783123093047,1.3617911768685937,5.0,5.720000000000001,20.0,14.96,12.5,8.8,19.375
normal,97,proactive,1.0,QuantileMLP-JCSO,5.416666666666667,97.29166666666667,3.2689952739216412,4.394894565145942,8.8,2.7837259100642395,0.9798076923076924,28.22205193107293,0.7917711532490062,40.32594806699948,1.397582511683139,2.2916666666666665,2.7998963147508937,8.125,4.80407683971528,2.5,4.055397746575427,5.625
normal,97,proactive,1.0,GAN-JCSO,10.416666666666668,94.375,3.551249875095481,5.738994837397431,14.96,5.077262693156733,0.9471153846153847,27.719089130649767,0.7941491012295068,37.80627626707833,1.3738395035776796,3.3333333333333335,5.720000000000001,13.750000000000002,14.96,6.25,8.8,11.25
normal,97,proactive,1.0,Diffusion-JCSO,6.458333333333334,96.66666666666667,3.341367262719483,4.762495069670136,10.093599999999874,3.2327586206896552,0.971033653846154,27.803386728416378,0.794339361514045,38.15513747255679,1.3761675148043457,3.125,3.214150675902926,8.75,5.373773896497625,3.125,4.422754479991498,7.5
normal,97,proactive,0.92,Independent,68.54166666666667,84.58333333333333,4.721234870354036,8.8,14.96,62.80788177339901,0.9177884615384615,22.41540061639063,0.836891141671621,7.656181323678008,1.0218390156427184,45.208333333333336,5.720000000000001,99.375,14.96,6.25,8.8,100.0
normal,97,proactive,0.92,StaticReserve,19.375,90.83333333333333,4.167087054417747,10.020438096294505,14.96,11.238532110091743,1.0,27.02098088715918,0.796380950440784,25.49972806264206,1.2320396730003398,20.208333333333332,5.720000000000001,26.25,14.96,18.125,8.517714459782995,13.750000000000002
normal,97,proactive,0.92,JointHeuristic,72.91666666666666,65.41666666666667,6.478261730154267,14.96,14.990669869002158,58.59872611464968,0.7296875,23.38789422808328,0.8283440161825233,11.09433706376258,1.0661394226398921,39.166666666666664,5.720000000000001,95.625,14.96,40.625,8.8,82.5
normal,97,proactive,0.92,Persistence-JCSO,20.625,91.04166666666667,3.9555355429711767,8.8,14.96,12.814645308924485,0.9245192307692308,28.46743340737719,0.7886064027338191,31.36345700206483,1.2970066293018199,10.833333333333334,5.720000000000001,21.875,14.96,8.75,8.8,31.25
normal,97,proactive,0.92,MovingAverage-JCSO,3.3333333333333335,98.33333333333333,3.230225082484294,4.158159684982907,6.366799999999937,1.694915254237288,0.9899038461538462,29.509179481438025,0.7817432915059312,35.603903645890725,1.3441445066518152,5.208333333333334,2.5850616850800336,5.0,4.360942624462697,1.25,3.9674567677885166,3.75
normal,97,proactive,0.92,QuantileMLP-JCSO,1.0416666666666665,99.58333333333333,3.057914417676317,3.9617439846517057,4.2822886810410905,0.6276150627615062,1.0,30.497428581132525,0.7741529150127591,40.08241160967423,1.3897912138247175,2.2916666666666665,2.5013845515161344,1.25,4.036318403085765,0.0,3.6163071018673394,1.875
normal,97,proactive,0.92,GAN-JCSO,1.0416666666666665,99.58333333333333,3.070881637636302,3.980798589122846,4.514100165221446,0.6276150627615062,0.992548076923077,29.874214107762597,0.7775147178218415,37.13179496784163,1.3625020971797588,3.5416666666666665,2.5034481677170755,1.25,4.0503094582053,0.0,3.6175496959494,1.875
normal,97,proactive,0.92,Diffusion-JCSO,0.625,99.79166666666667,3.0602632387341884,3.975475352714399,4.164849070004869,0.41753653444676403,1.0,30.0291810899398,0.77723622653325,37.81309608554204,1.3677414551425007,3.125,2.4715342794799646,1.25,4.0347221595934855,0.0,3.599763713074048,0.625
normal,97,proactive,0.82,Independent,68.54166666666667,84.58333333333333,4.735004492917157,8.8,14.96,62.80788177339901,0.9870192307692307,25.14898605741388,0.8171126893073175,7.656181323678008,1.0218390156427184,45.208333333333336,5.720000000000001,99.375,14.96,6.25,8.8,100.0
normal,97,proactive,0.82,StaticReserve,19.375,90.83333333333333,4.167087054417747,10.020438096294505,14.96,11.238532110091743,1.0,30.31622245876396,0.7715493590311234,25.49972806264206,1.2320396730003398,20.208333333333332,5.720000000000001,26.25,14.96,18.125,8.517714459782995,13.750000000000002
normal,97,proactive,0.82,JointHeuristic,69.16666666666667,71.25,6.000571209924751,14.96,14.96,56.72514619883041,0.838701923076923,25.85461848734676,0.8106500400700355,10.024856997927259,1.0505909042334252,41.458333333333336,5.720000000000001,91.25,14.96,35.625,8.8,80.625
normal,97,proactive,0.82,Persistence-JCSO,11.666666666666666,96.25,3.4958313370720115,5.116523871046191,8.8,8.225108225108226,0.9811298076923076,31.526868025461084,0.7643188965361534,30.699077256934277,1.2808923475649514,11.041666666666666,3.0780953879275055,11.25,5.221468084501576,2.5,8.8,21.25
normal,97,proactive,0.82,MovingAverage-JCSO,1.25,99.375,3.1394658601619208,4.0451123307945105,4.725148795454443,0.628930817610063,1.0,32.79545509759216,0.7553069293131378,35.52546445272484,1.3321814223688693,5.208333333333334,2.519520733336703,1.25,4.257912081000081,0.0,3.8879397923957306,2.5
normal,97,proactive,0.82,QuantileMLP-JCSO,1.0416666666666665,99.58333333333333,3.0656125835766903,3.9990648007704386,4.482494665564048,0.6276150627615062,1.0,33.90288197819735,0.7465420558254138,40.12550573703482,1.3778523560980689,2.2916666666666665,2.5013845515161344,1.25,4.177898677333819,0.0,3.6163071018673394,1.875
normal,97,proactive,0.82,GAN-JCSO,1.0416666666666665,99.58333333333333,3.0774347878006654,4.00445248922365,4.622523863378798,0.6276150627615062,0.992548076923077,33.244106851482506,0.7505142787779577,37.16219840508503,1.352043288474205,3.5416666666666665,2.5034481677170755,1.25,4.182955011088679,0.0,3.628394670885115,1.875
normal,97,proactive,0.82,Diffusion-JCSO,0.625,99.79166666666667,3.067704107661019,4.006846385802423,4.332247916371412,0.41753653444676403,1.0,33.409798425732454,0.7500025731613926,37.85545793530458,1.357031900820331,3.125,2.4715342794799646,1.25,4.175119978911781,0.0,3.599763713074048,0.625
normal,113,request_observed,1.0,Independent,33.33333333333333,100.0,3.159620800653595,4.150980392156863,4.150980392156863,33.33333333333333,0.8442307692307691,20.802126857982593,0.847346975982045,2.0000000000000018,1.02,0.0,2.64205294117647,22.5,2.8509803921568624,0.0,4.150980392156863,77.5
normal,113,request_observed,1.0,StaticReserve,16.875,93.33333333333333,3.8479536797392497,8.8,12.559095946397322,10.9375,1.0,24.831355935410087,0.8135864273878672,23.403728705490916,1.2182824497344364,19.375,2.67421488413147,5.625,6.138306101450022,5.0,8.8,40.0
normal,113,request_observed,1.0,JointHeuristic,63.33333333333333,67.5,6.0205187232861865,14.96,17.364354192049575,45.67901234567901,0.4617788461538462,21.62445504361944,0.8307376052040674,6.021995880801826,1.0602199588080183,0.0,5.720000000000001,93.75,14.96,44.375,8.8,51.87500000000001
normal,113,request_observed,1.0,Persistence-JCSO,7.083333333333333,96.25,3.2169855344595146,5.50839107276515,14.96,3.463203463203463,0.7461538461538462,27.88542001507751,0.7816650167606479,36.8799640015879,1.3661819079605226,0.0,2.7308124972612986,7.5,5.763194325332385,4.375,4.783633443962035,9.375
normal,113,request_observed,1.0,MovingAverage-JCSO,3.75,98.125,3.0349216010945423,3.9663656347999257,8.8,1.910828025477707,0.7501201923076923,27.739393736204953,0.7822973119198111,35.997349186684055,1.358503021642189,0.0,2.525651807405309,5.0,4.351636671126362,1.875,3.683370232294968,4.375
normal,113,request_observed,1.0,QuantileMLP-JCSO,0.0,100.0,2.9501168118208017,3.9185185185185185,3.9185185185185185,0.0,0.9143028846153847,29.02951266737177,0.7810391160533118,42.375183901072496,1.4213328442235333,0.0,2.3967047978936975,0.0,3.9185185185185185,0.0,3.422033898305085,0.0
normal,113,request_observed,1.0,GAN-JCSO,1.25,99.375,2.921510924072289,3.9185185185185185,3.995065298500013,0.628930817610063,0.7676682692307693,27.77209576946521,0.7824708650430536,36.26035291377004,1.3604987788073193,0.0,2.4380316192552898,2.5,3.918548872748505,0.625,3.422037425335688,0.625
normal,113,request_observed,1.0,Diffusion-JCSO,1.0416666666666665,99.375,2.927399362285217,3.9185185185185185,4.230552319621214,0.41928721174004197,0.786298076923077,28.13596113629653,0.7802463437805459,38.01867866934657,1.3779742953762808,0.0,2.4346773216761646,1.875,3.925482142127334,0.625,3.4220338994119714,0.625
normal,113,request_observed,0.92,Independent,33.33333333333333,100.0,3.183506131535948,4.150980392156863,4.150980392156863,33.33333333333333,0.94375,22.611007454328906,0.8340981066071833,2.0000000000000018,1.02,0.0,2.64205294117647,8.125,2.8509803921568624,0.0,4.150980392156863,91.875
normal,113,request_observed,0.92,StaticReserve,16.875,93.33333333333333,3.8479536797392497,8.8,12.559095946397322,10.9375,1.0,26.990604277619664,0.7973765515085515,23.403728705490916,1.2182824497344364,19.375,2.67421488413147,5.625,6.138306101450022,5.0,8.8,40.0
normal,113,request_observed,0.92,JointHeuristic,56.666666666666664,73.75,5.44319399855626,14.96,14.96,41.24293785310734,0.515985576923077,23.193213442515024,0.8184880624652425,4.644086625775842,1.0461810037891432,0.0,5.720000000000001,87.5,14.96,36.875,8.8,45.625
normal,113,request_observed,0.92,Persistence-JCSO,0.0,100.0,2.9196417361672,3.918518518530458,3.938330686235944,0.0,0.8509615384615385,30.154641313746623,0.7682247219669917,36.37474210659938,1.3592963458700427,0.0,2.434615384615385,0.0,3.9207774941791906,0.0,3.422033898305085,0.0
normal,113,request_observed,0.92,MovingAverage-JCSO,0.0,100.0,2.9145100025370367,3.918518518518547,3.9409634513296288,0.0,0.839783653846154,30.052684739289106,0.768389306835006,35.78072030669706,1.3541938533494902,0.0,2.434615384615385,0.0,3.9192041997979046,0.0,3.422033898305085,0.0
normal,113,request_observed,0.92,QuantileMLP-JCSO,0.0,100.0,2.9726205405085584,3.9185185185185185,3.929441865020375,0.0,0.944110576923077,31.50224127618949,0.7638370542235855,42.38632947189382,1.4191548092485748,0.0,2.3967047978936975,0.0,3.918519058032818,0.0,3.422033898305085,0.0
normal,113,request_observed,0.92,GAN-JCSO,0.0,100.0,2.9256436703794217,3.9185185185185185,3.93072154838514,0.0,0.8584134615384615,30.12472103508923,0.7686599923202265,36.20581820162266,1.3578263891370095,0.0,2.434615384615385,0.0,3.9187407585187835,0.0,3.422033898305085,0.0
normal,113,request_observed,0.92,Diffusion-JCSO,0.0,100.0,2.9275563103564357,3.9185185185185185,3.934239238726086,0.0,0.8733173076923076,30.515603979014195,0.7662454092254058,37.94647354587852,1.3750996700930147,0.0,2.434615384615385,0.0,3.919253196584871,0.0,3.422033898305085,0.0
normal,113,request_observed,0.82,Independent,33.33333333333333,100.0,3.194929550653595,4.150980392156863,4.150980392156863,33.33333333333333,0.9913461538461539,25.368447387783654,0.8137354498581064,2.0000000000000018,1.02,0.0,2.5890588235294114,1.25,2.8509803921568624,0.0,4.150980392156863,98.75
normal,113,request_observed,0.82,StaticReserve,16.875,93.33333333333333,3.8479536797392497,8.8,12.559095946397322,10.9375,1.0,30.28214138464645,0.7726663748632526,23.403728705490916,1.2182824497344364,19.375,2.67421488413147,5.625,6.138306101450022,5.0,8.8,40.0
normal,113,request_observed,0.82,JointHeuristic,47.708333333333336,82.5,4.677624041657764,14.96,14.96,36.61616161616162,0.6276442307692308,25.475699646251115,0.8021275645289467,2.508429431751774,1.0242671410460709,0.0,5.720000000000001,79.375,14.96,27.500000000000004,8.8,36.25
normal,113,request_observed,0.82,Persistence-JCSO,0.0,100.0,3.0041589722746815,3.921483496223267,4.0279368248729535,0.0,0.9627403846153847,33.67203126356407,0.7479980089277884,36.42282417788921,1.3532811523051413,0.0,2.434615384615385,0.0,3.9616174757347657,0.0,3.422033898305085,0.0
normal,113,request_observed,0.82,MovingAverage-JCSO,0.0,100.0,3.009368541949519,3.919691619542614,4.031803899358108,0.0,0.9664663461538462,33.558244706036334,0.7491301339794585,35.824759748692635,1.3481999268639258,0.0,2.434615384615385,0.0,3.961336760028254,0.0,3.422033898305085,0.0
normal,113,request_observed,0.82,QuantileMLP-JCSO,0.0,100.0,3.020012382533921,3.918518591785523,4.029564481902628,0.0,1.0,35.14563629490304,0.7393606111054092,42.4340161004797,1.4116932671987839,0.0,2.386162200186163,0.0,3.9557993521561707,0.0,3.422033898305085,0.0
normal,113,request_observed,0.82,GAN-JCSO,0.0,100.0,3.023548354836302,3.919610375674507,4.029493885761331,0.0,0.9888221153846153,33.65130865817549,0.7498058709537359,36.25280016898716,1.3522952749512687,0.0,2.434615384615385,0.0,3.9557993521561707,0.0,3.422033898305085,0.0
normal,113,request_observed,0.82,Diffusion-JCSO,0.0,100.0,3.0172369985995946,3.9218689745244353,4.028769425755833,0.0,0.992548076923077,34.09246940897956,0.7462198874824815,37.99265023923778,1.369666528931394,0.0,2.434615384615385,0.0,3.961009549923181,0.0,3.422033898305085,0.0
normal,113,proactive,1.0,Independent,67.91666666666667,88.54166666666666,4.54656410068716,8.8,14.96,63.76470588235294,0.8442307692307691,20.816299175532336,0.8471812309270816,7.176360382118879,1.0206767434404502,45.208333333333336,5.720000000000001,98.75,14.96,6.875000000000001,8.8,98.125
normal,113,proactive,1.0,StaticReserve,16.875,93.33333333333333,3.8479536797392497,8.8,12.559095946397322,10.9375,1.0,24.831355935410087,0.8135864273878672,23.403728705490916,1.2182824497344364,19.375,2.67421488413147,5.625,6.138306101450022,5.0,8.8,40.0
normal,113,proactive,1.0,JointHeuristic,73.54166666666667,61.66666666666667,6.835921275238405,14.96,17.852022844675357,57.0945945945946,0.4692307692307692,22.01558930018088,0.8278227258983815,11.723880850756176,1.0793805352557309,34.583333333333336,5.7271710452470845,99.375,14.96,51.24999999999999,8.8,70.0
normal,113,proactive,1.0,Persistence-JCSO,26.666666666666668,87.08333333333333,4.12537448154116,8.8,14.96,15.789473684210526,0.6669471153846154,26.673579972205168,0.7901545994114672,31.621283108870525,1.3067597105248474,7.708333333333334,5.720000000000001,25.624999999999996,14.96,15.0,8.8,39.375
normal,113,proactive,1.0,MovingAverage-JCSO,10.416666666666668,95.41666666666667,3.332477599972472,5.720000000000001,14.96,6.11353711790393,0.7387019230769232,27.554553854337787,0.783876679549796,35.487559826613634,1.3496552768548178,5.416666666666667,2.8025328924141153,7.5,5.744011534850085,4.375,8.8,19.375
normal,113,proactive,1.0,QuantileMLP-JCSO,2.083333333333333,99.375,3.023890936670967,3.9863201418087404,4.660099775565378,1.4675052410901468,0.9105769230769232,28.763385995737316,0.7825809602574323,41.18330381169426,1.4086439558280748,2.9166666666666665,2.3823807313916543,0.0,4.020089409778268,0.0,4.099568165558109,6.25
normal,113,proactive,1.0,GAN-JCSO,8.125,96.25,3.2436355587276275,5.257467350700369,10.093599999999874,4.545454545454546,0.7474759615384616,27.6139571162694,0.7837882358129511,35.82307397197801,1.3532333619599157,5.0,2.800099612181435,8.125,5.355076928559097,3.125,5.765331680037402,13.125
normal,113,proactive,1.0,Diffusion-JCSO,3.5416666666666665,98.75,3.018665520164981,4.013428548475015,6.366799999999937,2.320675105485232,0.7900240384615385,27.91129018570321,0.7818876517643987,37.131420864627515,1.3672546910793575,3.3333333333333335,2.4757705391468554,1.875,4.051922168539686,0.625,4.271530463696071,8.125
normal,113,proactive,0.92,Independent,68.125,88.54166666666666,4.564918741646043,8.8,14.96,64.0,0.94375,22.626412147317758,0.8339179489387452,7.176360382118879,1.0206767434404502,45.208333333333336,5.720000000000001,98.75,14.96,6.875000000000001,8.8,98.75
normal,113,proactive,0.92,StaticReserve,16.875,93.33333333333333,3.8479536797392497,8.8,12.559095946397322,10.9375,1.0,26.990604277619664,0.7973765515085515,23.403728705490916,1.2182824497344364,19.375,2.67421488413147,5.625,6.138306101450022,5.0,8.8,40.0
normal,113,proactive,0.92,JointHeuristic,69.79166666666666,67.91666666666667,6.257155322778826,14.96,14.96,55.52147239263804,0.5372596153846153,23.610355381214767,0.8155467005859919,10.68881905552915,1.0649787054463116,38.125,5.720000000000001,98.125,14.96,42.5,8.8,68.75
normal,113,proactive,0.92,Persistence-JCSO,15.0,93.54166666666667,3.571376975785593,7.035036549899544,14.96,9.131403118040089,0.7746394230769231,28.738562384350864,0.7769434956127699,30.601326253525908,1.2953784795860086,8.333333333333332,2.9450033809054648,10.0,7.343036549899492,5.625,8.8,29.375
normal,113,proactive,0.92,MovingAverage-JCSO,2.9166666666666665,99.16666666666667,3.0364719790850945,4.080699145042507,5.088987807530742,2.100840336134454,0.8323317307692308,29.798872828461597,0.7695948757232256,35.01446015156445,1.3429494293267585,5.416666666666667,2.4810711195079738,0.0,4.104792785051442,0.0,4.265693101298559,8.75
normal,113,proactive,0.92,QuantileMLP-JCSO,2.083333333333333,99.375,3.0493596683579227,3.9901535691482612,4.660099782421598,1.4675052410901468,0.944110576923077,31.217602928721156,0.7657974459003201,41.194870009856125,1.4066620793255347,2.9166666666666665,2.3812302360751745,0.0,4.065289381017854,0.0,4.099568165558109,6.25
normal,113,proactive,0.92,GAN-JCSO,2.9166666666666665,99.16666666666667,3.0479810872108404,4.037887524974201,4.855861932690063,2.100840336134454,0.8770432692307691,29.898152831973285,0.7714237197670382,35.45350236068217,1.3480716606978227,5.0,2.49570572081141,0.0,4.089364675386077,0.0,4.254762213568345,8.75
normal,113,proactive,0.92,Diffusion-JCSO,2.5,99.375,3.01100995151875,4.006574615619512,4.679829959243862,1.8867924528301887,0.8658653846153846,30.275552072213607,0.767279583312494,37.062052991088066,1.3645570492849306,3.3333333333333335,2.450782975712589,0.0,4.0462883345985565,0.0,4.209009074059418,7.5
normal,113,proactive,0.82,Independent,68.33333333333333,88.54166666666666,4.5755181606313995,8.8,14.96,64.23529411764706,0.9913461538461539,25.38573070186871,0.8135333217422975,7.176360382118879,1.0206767434404502,45.208333333333336,5.720000000000001,98.125,14.96,6.875000000000001,8.8,100.0
normal,113,proactive,0.82,StaticReserve,16.875,93.33333333333333,3.8479536797392497,8.8,12.559095946397322,10.9375,1.0,30.28214138464645,0.7726663748632526,23.403728705490916,1.2182824497344364,19.375,2.67421488413147,5.625,6.138306101450022,5.0,8.8,40.0
normal,113,proactive,0.82,JointHeuristic,65.83333333333333,75.83333333333333,5.608970101600608,14.96,14.96,54.94505494505495,0.655048076923077,25.995283241035562,0.7990738156228674,9.273970077243254,1.0451531899265254,41.25,5.720000000000001,95.625,14.96,34.375,8.8,67.5
normal,113,proactive,0.82,Persistence-JCSO,6.875000000000001,97.70833333333333,3.253057900650114,4.469673060168185,8.8,4.690831556503198,0.8919471153846154,32.000862879346606,0.7558807574937878,30.164410651695945,1.2859512252247396,8.541666666666666,2.543689796309342,1.875,4.412326918531969,0.625,8.8,18.125
normal,113,proactive,0.82,MovingAverage-JCSO,2.9166666666666665,99.16666666666667,3.123479746137528,4.110661321099094,5.367712027116843,2.100840336134454,0.9478365384615385,33.28577775871678,0.749586524524014,35.06349265349647,1.3374211505166562,5.416666666666667,2.4810711195079738,0.0,4.26446043983939,0.0,4.265693101298559,8.75
normal,113,proactive,0.82,QuantileMLP-JCSO,2.083333333333333,99.375,3.0965023253921027,4.010622471822655,4.833127651294795,1.4675052410901468,1.0,34.849042898688616,0.7413940408185768,41.2443563039848,1.400059896038694,2.9166666666666665,2.3809812151145024,0.0,4.125221045978243,0.0,4.099568165558109,6.25
normal,113,proactive,0.82,GAN-JCSO,2.9166666666666665,99.16666666666667,3.130510027709107,4.081201366368085,4.974815393474637,2.100840336134454,0.9850961538461538,33.41052451064154,0.7510211391045829,35.502430105955035,1.3430417828958685,5.0,2.4922130140156016,0.0,4.2708444188766475,0.0,4.254762213568345,8.75
normal,113,proactive,0.82,Diffusion-JCSO,2.5,99.375,3.105588116000519,4.024622911258013,4.9613947679210515,1.8867924528301887,0.992548076923077,33.8399673885538,0.7479252534733707,37.11090710884163,1.3597596743562095,3.3333333333333335,2.450782975712589,0.0,4.111270327422058,0.0,4.209009074059418,7.5
normal,131,request_observed,1.0,Independent,33.33333333333333,100.0,3.159620800653595,4.150980392156863,4.150980392156863,33.33333333333333,0.844230769230769,20.42460604441233,0.8498610607401769,2.0000000000000018,1.02,0.0,2.64205294117647,22.5,2.8509803921568624,0.0,4.150980392156863,77.5
normal,131,request_observed,1.0,StaticReserve,14.166666666666666,93.75,3.882648861389575,8.8,14.96,8.444444444444445,1.0,25.077027031357492,0.8130853179168962,27.1056531235616,1.251896381781775,15.833333333333332,3.6416123350924234,10.0,14.96,11.25,8.8,21.25
normal,131,request_observed,1.0,JointHeuristic,75.0,50.625,7.607161335559117,14.96,22.390481728412247,50.617283950617285,0.47451923076923086,21.86325430926923,0.8331016963755756,9.250412497026948,1.0919027411638584,0.0,7.877412250474281,93.125,15.24016201265833,63.74999999999999,10.974796442292682,68.125
normal,131,request_observed,1.0,Persistence-JCSO,11.041666666666666,93.75,3.547900560064485,5.720000000000001,14.96,5.111111111111112,0.8824519230769232,27.3758297881803,0.7907422035760483,37.08767472340322,1.3661435172982344,0.0,5.720000000000001,13.125,14.96,6.25,8.8,13.750000000000002
normal,131,request_observed,1.0,MovingAverage-JCSO,14.166666666666666,92.5,3.661967623176693,8.125172428324243,14.96,7.207207207207207,0.8686298076923078,27.27327506687488,0.7917693275933108,36.44174164313698,1.3605011886569685,0.0,5.720000000000001,16.875,14.96,9.375,8.8,16.25
normal,131,request_observed,1.0,QuantileMLP-JCSO,0.0,100.0,2.9540581393026484,3.9185185185185185,3.9185185185185185,0.0,0.9217548076923079,28.082411918549738,0.7843045083753607,40.53265577443578,1.4008807227059943,0.0,2.434615384615385,0.0,3.9185185185185185,0.0,3.422033898305085,0.0
normal,131,request_observed,1.0,GAN-JCSO,5.0,97.5,3.217299716627941,4.34170340373637,8.8,2.564102564102564,0.9201923076923076,27.385306666817304,0.7904676766932952,37.03660180580891,1.3657852997445745,0.0,2.665911640011249,6.25,4.756556722535763,2.5,4.203335193828768,6.25
normal,131,request_observed,1.0,Diffusion-JCSO,3.3333333333333335,98.125,3.1401580074554514,3.9625902663696033,8.8,1.48619957537155,0.9140625,27.691569077266003,0.7882593230992532,38.664926357823845,1.3813344457703716,0.0,2.592415986315117,4.375,4.538876493866947,1.875,3.6255798839041344,3.75
normal,131,request_observed,0.92,Independent,33.33333333333333,100.0,3.1855831168300655,4.150980392156863,4.150980392156863,33.33333333333333,0.952403846153846,22.200658743926443,0.8369818247791322,2.0000000000000018,1.02,0.0,2.64205294117647,6.875000000000001,2.8509803921568624,0.0,4.150980392156863,93.125
normal,131,request_observed,0.92,StaticReserve,14.166666666666666,93.75,3.882648861389575,8.8,14.96,8.444444444444445,1.0,27.2576380775625,0.7968318673009742,27.1056531235616,1.251896381781775,15.833333333333332,3.6416123350924234,10.0,14.96,11.25,8.8,21.25
normal,131,request_observed,0.92,JointHeuristic,71.66666666666667,58.12500000000001,6.947513659537871,14.96,14.96,51.25448028673835,0.5649038461538463,23.340613889428337,0.8221399591757234,7.340737442987955,1.0724098653218854,0.0,6.087865970682041,90.625,14.96,59.375,8.907752604034686,65.0
normal,131,request_observed,0.92,Persistence-JCSO,4.166666666666666,97.5,3.2139019437387657,4.398677882154425,8.8,1.7094017094017095,0.9127403846153846,29.55499883611209,0.7732884403616215,36.68561750084576,1.3572027545416485,0.0,2.527209861146873,3.75,4.825177584458175,2.5,4.148879211505875,6.25
normal,131,request_observed,0.92,MovingAverage-JCSO,0.0,100.0,2.9937790449119146,3.9185185185272213,3.9882042705625116,0.0,0.9329326923076924,29.341450163469684,0.7755534313646393,35.534802089308585,1.3468508407556985,0.0,2.434615384615385,0.0,3.948965273299702,0.0,3.422033898305085,0.0
normal,131,request_observed,0.92,QuantileMLP-JCSO,0.0,100.0,2.9624381747036095,3.9185185185185185,3.9712569660175845,0.0,0.9254807692307694,30.38266382087351,0.7656664689759495,40.57125919158639,1.3947919513728968,0.0,2.434615384615385,0.0,3.950033194589292,0.0,3.422033898305085,0.0
normal,131,request_observed,0.92,GAN-JCSO,0.0,100.0,3.0005726975022515,3.9185185185185185,3.9943268689913753,0.0,0.944110576923077,29.607561261416187,0.7728635960138946,36.83089881703822,1.3587937322396741,0.0,2.434615384615385,0.0,3.9611168020579033,0.0,3.422033898305085,0.0
normal,131,request_observed,0.92,Diffusion-JCSO,0.0,100.0,2.9759819472482376,3.9185185185185185,3.9941433669747317,0.0,0.9292067307692309,29.926224939528623,0.7701732905115249,38.51431030545249,1.3737637253706445,0.0,2.434615384615385,0.0,3.9652308338782962,0.0,3.422033898305085,0.0
normal,131,request_observed,0.82,Independent,33.33333333333333,100.0,3.194929550653595,4.150980392156863,4.150980392156863,33.33333333333333,0.9913461538461539,24.90805615172235,0.8170952084160037,2.0000000000000018,1.02,0.0,2.5890588235294114,1.25,2.8509803921568624,0.0,4.150980392156863,98.75
normal,131,request_observed,0.82,StaticReserve,14.166666666666666,93.75,3.882648861389575,8.8,14.96,8.444444444444445,1.0,30.581740282143286,0.7720552657523125,27.1056531235616,1.251896381781775,15.833333333333332,3.6416123350924234,10.0,14.96,11.25,8.8,21.25
normal,131,request_observed,0.82,JointHeuristic,55.41666666666667,74.16666666666667,5.509196469902832,14.96,14.96,39.8876404494382,0.7147836538461539,25.17859749458749,0.8085892811957045,3.297609820980079,1.0311602336366827,0.0,5.720000000000001,76.875,14.96,38.75,8.8,50.625
normal,131,request_observed,0.82,Persistence-JCSO,0.20833333333333334,99.79166666666667,3.038035646479678,3.9189342542462944,4.277203595245406,0.0,0.9515625,32.794876685393284,0.7484558591622221,36.53636316648749,1.3429536788729164,0.0,2.434615384615385,0.0,4.063054313123957,0.625,3.422033898305085,0.0
normal,131,request_observed,0.82,MovingAverage-JCSO,0.20833333333333334,99.79166666666667,3.041308852549188,3.9187392476516765,4.227602525773404,0.0,0.9515625,32.62721474911498,0.7502324931783614,35.61565682209936,1.335586922160133,0.0,2.434615384615385,0.0,4.037453773065255,0.625,3.422033898305085,0.0
normal,131,request_observed,0.82,QuantileMLP-JCSO,0.20833333333333334,99.79166666666667,3.0104291184140406,3.9185185185185247,4.230898291982805,0.0,0.944110576923077,33.76614082018264,0.7394676397205112,40.65671351398454,1.382314194354356,0.0,2.434615384615385,0.0,4.014320679455177,0.625,3.422033898305085,0.0
normal,131,request_observed,0.82,GAN-JCSO,0.20833333333333334,99.79166666666667,3.0438728861977116,3.9185185185506266,4.264146148481699,0.0,0.9552884615384615,32.93526875230436,0.7463789112815179,36.92522809204667,1.3478927593226808,0.0,2.434615384615385,0.0,4.063054313123957,0.625,3.422033898305085,0.0
normal,131,request_observed,0.82,Diffusion-JCSO,0.20833333333333334,99.79166666666667,3.0221300739117978,3.9185185185185287,4.268129987485208,0.0,0.944110576923077,33.27550299735263,0.7438437418672527,38.60967800322341,1.362153183738514,0.0,2.434615384615385,0.0,4.063054313123957,0.625,3.422033898305085,0.0
normal,131,proactive,1.0,Independent,67.5,86.875,4.62334202925047,8.8,14.96,62.589928057553955,0.8442307692307693,20.42493979686966,0.8498767712023726,7.174141721961593,1.0199769948281912,42.916666666666664,5.720000000000001,98.125,14.96,8.125,8.8,96.25
normal,131,proactive,1.0,StaticReserve,14.166666666666666,93.75,3.882648861389575,8.8,14.96,8.444444444444445,1.0,25.077027031357492,0.8130853179168962,27.1056531235616,1.251896381781775,15.833333333333332,3.6416123350924234,10.0,14.96,11.25,8.8,21.25
normal,131,proactive,1.0,JointHeuristic,83.125,46.041666666666664,8.202055675676037,14.96,22.688392547383646,63.348416289592755,0.4907451923076924,22.152416388839846,0.8311210257915059,13.877749379771284,1.1062958709461486,26.666666666666668,7.954999753071237,97.5,15.358124324288035,66.875,12.129841730247184,85.0
normal,131,proactive,1.0,Persistence-JCSO,32.5,84.79166666666667,4.467396728655793,8.8,14.96,20.39312039312039,0.8056490384615385,26.207698582544857,0.7991421762127986,31.85003001273953,1.3077726958261024,8.333333333333332,5.720000000000001,38.125,14.96,19.375,8.8,40.0
normal,131,proactive,1.0,MovingAverage-JCSO,16.666666666666664,91.875,3.751331635039841,8.8,14.96,9.297052154195011,0.8611778846153847,27.054247235073873,0.7928037572107526,35.639465571055524,1.3497291898834165,4.791666666666667,5.720000000000001,19.375,14.96,9.375,8.8,21.25
normal,131,proactive,1.0,QuantileMLP-JCSO,0.625,99.79166666666667,2.9843856259580983,3.941129170504661,4.017671580694813,0.41753653444676403,0.9217548076923079,27.815951098883176,0.7862438917276731,39.28329150714436,1.3878452542245794,2.2916666666666665,2.4693298305078493,1.25,3.9745707038324993,0.0,3.601687179116092,0.625
normal,131,proactive,1.0,GAN-JCSO,11.041666666666666,94.375,3.5041905214833604,5.720000000000001,14.96,5.739514348785872,0.8888221153846153,27.20879992838463,0.7906570714451615,36.2916451616761,1.357256936313797,3.5416666666666665,5.720000000000001,13.750000000000002,7.2012631618424745,5.0,8.8,14.374999999999998
normal,131,proactive,1.0,Diffusion-JCSO,9.166666666666666,95.41666666666667,3.403254130779792,5.673995230118654,14.96,4.8034934497816595,0.8901442307692309,27.516250389338527,0.789132809503345,37.834316510434334,1.3728075093749554,2.2916666666666665,3.646216702867057,12.5,6.234486221683239,4.375,5.1555285656796075,10.625
normal,131,proactive,0.92,Independent,68.33333333333333,86.875,4.644017804685688,8.8,14.96,63.549160671462836,0.952403846153846,22.20102151833658,0.8369989013684753,7.174141721961593,1.0199769948281912,42.916666666666664,5.720000000000001,97.5,14.96,8.125,8.8,99.375
normal,131,proactive,0.92,StaticReserve,14.166666666666666,93.75,3.882648861389575,8.8,14.96,8.444444444444445,1.0,27.2576380775625,0.7968318673009742,27.1056531235616,1.251896381781775,15.833333333333332,3.6416123350924234,10.0,14.96,11.25,8.8,21.25
normal,131,proactive,0.92,JointHeuristic,81.04166666666667,53.333333333333336,7.565414542204968,14.96,15.042043962001651,64.453125,0.5811298076923077,23.673700747996197,0.8202244385267274,12.377062515675716,1.087725023429925,29.791666666666668,6.203687477297551,96.25,14.96,63.74999999999999,9.786843241182101,83.125
normal,131,proactive,0.92,Persistence-JCSO,21.458333333333332,90.83333333333333,3.9323762912935734,8.8,14.96,13.53211009174312,0.8598557692307693,28.219529092665276,0.7832696785028034,30.973403555777505,1.2957130473829983,8.75,5.720000000000001,25.624999999999996,14.96,8.125,8.8,30.625000000000004
normal,131,proactive,0.92,MovingAverage-JCSO,6.041666666666667,97.5,3.2500905627632677,4.463355793684643,8.8,3.632478632478633,0.9140625,29.12559483162272,0.7767666747551311,34.875464066821344,1.337119122847752,5.208333333333334,2.689492376690609,6.25,4.706676793017289,1.875,4.48006842430926,10.0
normal,131,proactive,0.92,QuantileMLP-JCSO,0.625,99.79166666666667,2.9925427357366083,3.959586787009249,4.115349936933746,0.41753653444676403,0.9254807692307694,30.114732757274354,0.7677929515049945,39.32329476356012,1.382691557548131,2.2916666666666665,2.4693298305078493,1.25,4.01699925500706,0.0,3.601687179116092,0.625
normal,131,proactive,0.92,GAN-JCSO,1.6666666666666667,99.375,3.063598230867145,3.9957078681510327,4.482945942000017,1.0482180293501049,0.9292067307692309,29.36335255493968,0.7734006849129691,35.80310489376179,1.347826976778923,3.75,2.4424042923217706,1.25,4.0631041064612345,0.0,3.7428150465562173,3.75
normal,131,proactive,0.92,Diffusion-JCSO,0.8333333333333334,99.79166666666667,3.0101522752685574,3.973047868546565,4.152556615428426,0.6263048016701461,0.9254807692307694,29.67779443439249,0.771702231055567,37.37354473115287,1.3625478745505673,2.5,2.478067819171464,1.25,4.066301707943569,0.0,3.65015940114021,1.25
normal,131,proactive,0.82,Independent,68.54166666666667,86.875,4.650419699554829,8.8,14.96,63.78896882494005,0.9913461538461539,24.908463166914217,0.8171143675162422,7.174141721961593,1.0199769948281912,42.916666666666664,5.720000000000001,97.5,14.96,8.125,8.8,100.0
normal,131,proactive,0.82,StaticReserve,14.166666666666666,93.75,3.882648861389575,8.8,14.96,8.444444444444445,1.0,30.581740282143286,0.7720552657523125,27.1056531235616,1.251896381781775,15.833333333333332,3.6416123350924234,10.0,14.96,11.25,8.8,21.25
normal,131,proactive,0.82,JointHeuristic,70.0,67.91666666666667,6.310751198865365,14.96,14.96,55.828220858895705,0.7248798076923078,25.66045472284482,0.8049372948608993,9.697179601504942,1.0509193502570962,37.5,5.720000000000001,86.25,14.96,43.75,8.8,80.0
normal,131,proactive,0.82,Persistence-JCSO,10.416666666666668,97.08333333333333,3.393155487090664,4.685679665222479,8.8,7.725321888412018,0.9265625,31.231546059549114,0.7596843660542605,30.341308202235183,1.2786954465026192,9.166666666666666,2.7009650533763234,10.0,4.795228217040883,1.875,5.4697124124513135,19.375
normal,131,proactive,0.82,MovingAverage-JCSO,2.5,99.16666666666667,3.133271989447789,4.106040234129706,5.716138354320989,1.680672268907563,0.9515625,32.3614926969755,0.7522940302182779,34.793621102575734,1.3248325631352087,5.416666666666667,2.525521966330596,1.25,4.236887360680582,0.625,4.021071874912524,5.625
normal,131,proactive,0.82,QuantileMLP-JCSO,0.8333333333333334,99.58333333333333,3.0405941706398343,3.9704415594412557,4.483809086874297,0.41841004184100417,0.944110576923077,33.488407342817915,0.7417527735686392,39.41129920980414,1.3711081815658437,2.2916666666666665,2.4693298305078493,1.25,4.096015903401486,0.625,3.601687179116092,0.625
normal,131,proactive,0.82,GAN-JCSO,1.875,99.16666666666667,3.1091561485319517,4.049665333152844,5.692972868350284,1.050420168067227,0.944110576923077,32.67821720399961,0.7472520981312483,35.9009384244927,1.337572145587237,3.75,2.4424042923217706,1.25,4.205299284957274,0.625,3.7428150465562173,3.75
normal,131,proactive,0.82,Diffusion-JCSO,1.0416666666666665,99.58333333333333,3.066085002894853,4.000226219369232,4.519136664983652,0.6276150627615062,0.9552884615384615,33.02484019572478,0.7468580169252281,37.471333121982745,1.3520505413088042,2.5,2.478067819171464,1.25,4.137936301734452,0.625,3.65015940114021,1.25
medium,3,request_observed,1.0,Independent,34.583333333333336,99.58333333333333,3.305279130041666,4.150980392156863,7.679484193417808,34.30962343096235,0.9048076923076922,23.555714762252318,0.8365565366766419,2.000000000000002,1.015095349410688,0.0,2.64205294117647,13.750000000000002,5.629817540015645,3.75,4.150980392156863,86.25
medium,3,request_observed,1.0,StaticReserve,35.41666666666667,76.66666666666667,5.592437488605626,14.96,22.718617123681593,15.760869565217392,1.0,26.139391748705336,0.8076347329591058,21.673742606841575,1.130508019771083,31.666666666666664,7.375092732587549,45.0,14.96,30.625000000000004,8.8,30.625000000000004
medium,3,request_observed,1.0,JointHeuristic,48.75,74.16666666666667,5.886122019559081,14.96,19.06744394373854,30.89887640449438,0.650360576923077,24.180690619001872,0.8218582486043257,5.9899470507500645,1.042522891232988,0.0,5.920165644568442,63.125,15.369161174946425,42.5,9.061319408330121,40.625
medium,3,request_observed,1.0,Persistence-JCSO,6.458333333333334,96.45833333333333,3.4881388523725168,5.720000000000001,14.96,3.023758099352052,0.873076923076923,30.79054466281089,0.7683249938527725,39.14656621307996,1.3282918440329092,0.0,2.563822045779899,5.0,14.96,10.625,3.664693726567413,3.75
medium,3,request_observed,1.0,MovingAverage-JCSO,5.416666666666667,96.875,3.487229235411915,5.607387052367071,14.96,2.3655913978494625,0.9042067307692306,30.8442210848783,0.7703685152218209,39.66343212881446,1.3299349967771075,0.0,2.4424836735186903,3.75,14.96,9.375,3.7351178502110782,3.125
medium,3,request_observed,1.0,QuantileMLP-JCSO,2.9166666666666665,98.125,3.330153206426746,4.074596295559423,14.96,1.0615711252653928,0.9180288461538462,31.911011639896653,0.761501831907531,44.467256547745684,1.3760617325892286,0.0,2.430572063131541,0.0,14.96,8.75,3.422033898305085,0.0
medium,3,request_observed,1.0,GAN-JCSO,2.9166666666666665,98.125,3.338121172921476,4.105962024424894,14.96,1.0615711252653928,0.944110576923077,31.85562445628439,0.7632908784579422,44.20535174854033,1.3746537817086,0.0,2.4314148842493357,0.0,14.96,8.75,3.422033898305085,0.0
medium,3,request_observed,1.0,Diffusion-JCSO,2.9166666666666665,98.125,3.332121346632779,4.081858898256947,14.96,1.0615711252653928,0.910576923076923,31.53098114403845,0.7635139539602911,43.334815271384954,1.3602249893517702,0.0,2.434615384615385,0.0,14.96,8.75,3.422033898305085,0.0
medium,3,request_observed,0.92,Independent,35.41666666666667,98.95833333333334,3.44251204865953,4.150980392156863,14.96,34.73684210526316,0.9870192307692307,25.53054774436293,0.8225383698971902,2.000000000000002,1.0123496202043163,0.0,2.5890588235294114,1.875,12.256041950344892,6.25,4.150980392156863,98.125
medium,3,request_observed,0.92,StaticReserve,35.41666666666667,76.66666666666667,5.592437488605626,14.96,22.718617123681593,15.760869565217392,1.0,28.41238233554928,0.7909073184338107,21.673742606841575,1.130508019771083,31.666666666666664,7.375092732587549,45.0,14.96,30.625000000000004,8.8,30.625000000000004
medium,3,request_observed,0.92,JointHeuristic,46.25,77.08333333333334,5.60042356262783,14.96,14.96,30.270270270270274,0.6955528846153847,25.931937428839426,0.8080937420779286,5.3889769866974335,1.0289398226131161,0.0,5.720000000000001,59.375,14.96,43.75,8.8,35.625
medium,3,request_observed,0.92,Persistence-JCSO,3.958333333333333,97.70833333333333,3.446624431902037,4.254607567695363,14.96,1.7057569296375266,0.918028846153846,33.099846133387096,0.7504447777360713,39.400216791453495,1.3143739462412032,0.0,2.434615384615385,0.0,14.96,11.875,3.422033898305085,0.0
medium,3,request_observed,0.92,MovingAverage-JCSO,3.958333333333333,97.70833333333333,3.4459809513924693,4.228852812652993,14.96,1.7057569296375266,0.9292067307692307,33.17120428492507,0.751456090443708,39.872711171674126,1.316605623020306,0.0,2.434615384615385,0.0,14.96,11.875,3.422033898305085,0.0
medium,3,request_observed,0.92,QuantileMLP-JCSO,3.958333333333333,97.70833333333333,3.437635919230068,4.234596170316581,14.96,1.7057569296375266,0.9478365384615385,34.35712645907255,0.7427076817263318,44.890643985193385,1.3637835249478265,0.0,2.430572063131541,0.0,14.96,11.875,3.422033898305085,0.0
medium,3,request_observed,0.92,GAN-JCSO,3.958333333333333,97.70833333333333,3.450807085270804,4.251316435505797,14.96,1.7057569296375266,0.9813701923076923,34.32299575992964,0.7449285285650667,44.61688726907501,1.3633580744175988,0.0,2.4296223800724084,0.0,14.96,11.875,3.422033898305085,0.0
medium,3,request_observed,0.92,Diffusion-JCSO,3.958333333333333,97.70833333333333,3.4533185884344113,4.241822672352217,14.96,1.7057569296375266,0.959014423076923,33.95736698475005,0.745772880738446,43.75927471894996,1.3484465695431624,0.0,2.434615384615385,0.0,14.96,11.875,3.422033898305085,0.0
medium,3,request_observed,0.82,Independent,36.041666666666664,98.125,3.57955386669409,4.150980392156863,14.96,34.81953290870488,1.0,28.513016601306962,0.8008776044032857,2.000000000000002,1.0079867908743467,0.0,2.5890588235294114,0.0,14.96,8.125,4.150980392156863,100.0
medium,3,request_observed,0.82,StaticReserve,35.41666666666667,76.66666666666667,5.592437488605626,14.96,22.718617123681593,15.760869565217392,1.0,31.877307010616267,0.7654082109257389,21.673742606841575,1.130508019771083,31.666666666666664,7.375092732587549,45.0,14.96,30.625000000000004,8.8,30.625000000000004
medium,3,request_observed,0.82,JointHeuristic,39.58333333333333,83.54166666666667,5.044500544810467,14.96,14.96,27.680798004987533,0.771033653846154,28.317185879439617,0.7886413586783477,3.7975415874237313,1.0020317659303863,0.0,5.720000000000001,53.75,14.96,36.25,8.8,28.749999999999996
medium,3,request_observed,0.82,Persistence-JCSO,4.791666666666667,96.66666666666667,3.657847814874276,5.842270314593437,14.96,1.5086206896551724,0.9515625,36.595868243139364,0.7227138500037557,39.97067203552663,1.2962644746387328,0.0,2.434615384615385,0.0,14.96,14.374999999999998,3.422033898305085,0.0
medium,3,request_observed,0.82,MovingAverage-JCSO,4.791666666666667,96.66666666666667,3.665493573193704,5.834325016643446,14.96,1.5086206896551724,0.9701923076923077,36.68722366903477,0.723796156154858,40.45634767096832,1.2990832600977187,0.0,2.434615384615385,0.0,14.96,14.374999999999998,3.422033898305085,0.0
medium,3,request_observed,0.82,QuantileMLP-JCSO,4.791666666666667,96.66666666666667,3.6518926795037667,5.878831463618073,14.96,1.5086206896551724,0.9813701923076923,37.98655453567765,0.7140727832076152,45.47712671996919,1.3451521232925987,0.0,2.430572063131541,0.0,14.96,14.374999999999998,3.422033898305085,0.0
medium,3,request_observed,0.82,GAN-JCSO,4.791666666666667,96.66666666666667,3.646966414533004,5.879512150118565,14.96,1.5086206896551724,0.9888221153846153,38.00255517052801,0.7140145889694061,45.198051374218046,1.3466078614315489,0.0,2.4296223800724084,0.0,14.96,14.374999999999998,3.422033898305085,0.0
medium,3,request_observed,0.82,Diffusion-JCSO,4.791666666666667,96.66666666666667,3.6625319480178615,5.870803556309784,14.96,1.5086206896551724,0.9850961538461538,37.54979857644942,0.7168181213085354,44.3414357192151,1.330194385385148,0.0,2.434615384615385,0.0,14.96,14.374999999999998,3.422033898305085,0.0
medium,3,proactive,1.0,Independent,70.41666666666667,84.79166666666667,4.929546084750877,8.8,14.96,65.1105651105651,0.9004807692307694,23.55386713545525,0.8365331082042754,7.479297384782556,1.015019185695402,46.25,5.720000000000001,99.375,14.96,13.125,8.8,98.75
medium,3,proactive,1.0,StaticReserve,35.41666666666667,76.66666666666667,5.592437488605626,14.96,22.718617123681593,15.760869565217392,1.0,26.139391748705336,0.8076347329591058,21.673742606841575,1.130508019771083,31.666666666666664,7.375092732587549,45.0,14.96,30.625000000000004,8.8,30.625000000000004
medium,3,proactive,1.0,JointHeuristic,76.04166666666666,63.74999999999999,7.0210462721352345,14.96,20.21143266344949,62.41830065359477,0.6615384615384616,24.66131790648529,0.8185431273475874,12.435152178192592,1.063390649651812,35.41666666666667,6.420254257943726,90.625,15.053900479454853,50.0,9.757403729507574,87.5
medium,3,proactive,1.0,Persistence-JCSO,25.208333333333332,89.16666666666667,4.2928772906137755,9.019544045603803,14.96,16.121495327102803,0.8177884615384615,29.415824241147337,0.7778473538483492,33.4483544761755,1.2688798353207753,9.791666666666666,5.720000000000001,21.875,14.96,18.75,8.8,35.0
medium,3,proactive,1.0,MovingAverage-JCSO,13.541666666666666,93.33333333333333,3.849059524877626,8.8,14.96,7.366071428571429,0.8890625,30.58779500819584,0.7718385898753815,38.99048915393009,1.3191503918954406,5.208333333333334,3.283212836377744,11.25,14.96,12.5,8.8,16.875
medium,3,proactive,1.0,QuantileMLP-JCSO,6.041666666666667,96.875,3.4900530091463793,5.722421728677727,14.96,3.010752688172043,0.9254807692307692,31.655524512092082,0.7633401741660647,43.41664984705922,1.365428266994876,3.3333333333333335,2.508825352237781,3.75,14.96,9.375,3.994392084872908,5.0
medium,3,proactive,1.0,GAN-JCSO,5.416666666666667,97.08333333333333,3.483121633342889,5.720000000000001,14.96,2.575107296137339,0.9552884615384615,31.507760186355494,0.7658225050280543,42.69398499716391,1.36015926466757,3.125,2.502539443680088,3.75,14.96,10.0,3.794859229147582,2.5
medium,3,proactive,1.0,Diffusion-JCSO,6.666666666666667,96.875,3.500476826120184,5.7219480339761235,14.96,3.655913978494624,0.918028846153846,31.269200002700348,0.7651940618634793,42.16611780244496,1.349334172034129,4.375,2.5092152675553128,3.75,14.96,10.0,4.024336796199062,6.25
medium,3,proactive,0.92,Independent,71.25,84.16666666666667,5.054599609311763,8.8,14.96,65.84158415841584,0.9870192307692307,25.52853945436612,0.8225225241265044,7.479297384782556,1.01227345648903,46.25,5.720000000000001,99.375,14.96,14.374999999999998,8.8,100.0
medium,3,proactive,0.92,StaticReserve,35.41666666666667,76.66666666666667,5.592437488605626,14.96,22.718617123681593,15.760869565217392,1.0,28.41238233554928,0.7909073184338107,21.673742606841575,1.130508019771083,31.666666666666664,7.375092732587549,45.0,14.96,30.625000000000004,8.8,30.625000000000004
medium,3,proactive,0.92,JointHeuristic,75.83333333333333,66.45833333333333,6.710719330821177,14.96,14.96,63.63636363636363,0.6992788461538462,26.40971754356102,0.8044929261026599,11.72596403048959,1.0480318505229795,36.875,5.725524755043367,90.0,14.96,50.625,8.803470632088194,86.875
medium,3,proactive,0.92,Persistence-JCSO,16.25,93.33333333333333,3.9538044096801945,8.8,14.96,10.267857142857142,0.880528846153846,31.528964389816643,0.7610537807171533,33.075830090425754,1.2518439549648122,9.583333333333334,2.871120516935564,8.125,14.96,15.0,8.8,25.624999999999996
medium,3,proactive,0.92,MovingAverage-JCSO,8.958333333333334,96.04166666666667,3.6624843175319444,7.204327570291,14.96,5.206073752711497,0.9366586538461539,32.87420219097202,0.7540235409079441,39.06025995975554,1.3050468578180672,5.208333333333334,2.522114036321659,3.75,14.96,13.125,4.5234335465073485,10.0
medium,3,proactive,0.92,QuantileMLP-JCSO,7.291666666666667,96.45833333333333,3.589700718598358,6.524275720719634,14.96,3.8876889848812093,0.9515625,34.08679677126847,0.7446114456598721,43.7836634163345,1.3533747747689322,3.3333333333333335,2.508825352237781,3.75,14.96,13.125,3.994392084872908,5.0
medium,3,proactive,0.92,GAN-JCSO,6.458333333333334,96.66666666666667,3.578986276801864,5.982146250948078,14.96,3.2327586206896552,0.9776442307692308,33.953413754695504,0.7469107061899577,43.0496194607274,1.3491446218684815,3.125,2.5025393938946605,3.75,14.96,13.125,3.794859229147582,2.5
medium,3,proactive,0.92,Diffusion-JCSO,7.708333333333334,96.45833333333333,3.6030382816742117,6.524275720762559,14.96,4.319654427645788,0.9478365384615384,33.68176587881936,0.7466243921067608,42.528952551098406,1.3378382356321514,4.375,2.5092152675553128,3.75,14.96,13.125,4.024336796199062,6.25
medium,3,proactive,0.82,Independent,71.66666666666667,83.54166666666667,5.153937287020725,9.016113986827005,14.96,66.08478802992519,1.0,28.5107633978959,0.8008598262215404,7.479297384782556,1.0079106271590608,46.25,5.720000000000001,99.375,14.96,15.625,8.8,100.0
medium,3,proactive,0.82,StaticReserve,35.41666666666667,76.66666666666667,5.592437488605626,14.96,22.718617123681593,15.760869565217392,1.0,31.877307010616267,0.7654082109257389,21.673742606841575,1.130508019771083,31.666666666666664,7.375092732587549,45.0,14.96,30.625000000000004,8.8,30.625000000000004
medium,3,proactive,0.82,JointHeuristic,72.70833333333333,71.875,6.267766997191419,14.96,14.96,62.02898550724638,0.778485576923077,28.896760730866433,0.7844532547175079,10.61543138468862,1.0226672868853248,40.833333333333336,5.720000000000001,89.375,14.96,43.75,8.8,85.0
medium,3,proactive,0.82,Persistence-JCSO,12.916666666666668,94.375,3.9598748745180545,8.8,14.96,7.72626931567329,0.9292067307692307,34.82266890568654,0.7350353715614976,33.305463047081304,1.2332185033233203,9.583333333333334,2.586678741745671,3.75,14.96,15.0,5.792544830305269,20.0
medium,3,proactive,0.82,MovingAverage-JCSO,9.583333333333334,95.20833333333333,3.8396749670929866,8.8,14.96,5.032822757111598,0.9664663461538462,36.35966096645943,0.7259469417150711,39.525254969365925,1.2876528665041314,5.208333333333334,2.522114036321659,3.75,14.96,15.0,4.5234335465073485,10.0
medium,3,proactive,0.82,QuantileMLP-JCSO,7.916666666666666,95.625,3.7598943127393456,8.717073534910849,14.96,3.7037037037037033,0.9739182692307692,37.693011776003715,0.7153965795840593,44.23864499578133,1.3349690922635908,3.3333333333333335,2.508825352237781,3.75,14.96,15.0,3.994392084872908,5.0
medium,3,proactive,0.82,GAN-JCSO,7.083333333333333,95.83333333333334,3.741006456869352,7.932068508495957,14.96,3.0434782608695654,0.9850961538461538,37.59433906001523,0.7167598926691223,43.50053984909432,1.332511827934745,3.125,2.5025393938946605,3.75,14.96,15.0,3.794859229147582,2.5
medium,3,proactive,0.82,Diffusion-JCSO,8.333333333333332,95.625,3.7780107971524717,8.717612735761954,14.96,4.139433551198257,0.9776442307692307,37.24628893898381,0.7182638282046732,42.973458708188645,1.319687378171634,4.375,2.5092152675553128,3.75,14.96,15.0,4.024336796199062,6.25
medium,11,request_observed,1.0,Independent,33.33333333333333,100.0,3.1679287418300657,4.150980392156863,4.150980392156863,33.33333333333333,0.8788461538461536,22.265152285636375,0.8415637389978677,2.0000000000000018,1.02,0.0,2.64205294117647,17.5,2.8509803921568624,0.0,4.150980392156863,82.5
medium,11,request_observed,1.0,StaticReserve,100.0,0.0,9.826666666666666,14.96,14.96,,0.19230769230769243,26.680824468189428,0.8052343720483399,27.17679749211237,1.2233664382667786,30.208333333333332,5.720000000000001,100.0,14.96,100.0,8.8,100.0
medium,11,request_observed,1.0,JointHeuristic,57.91666666666667,63.74999999999999,6.529899843499903,14.96,17.751594758610477,33.98692810457516,0.6513221153846155,23.140892412219173,0.8321062020619969,6.24631309231493,1.060244080054714,0.0,6.138686664865579,68.125,14.96,47.5,8.81371131723927,58.12500000000001
medium,11,request_observed,1.0,Persistence-JCSO,10.0,94.375,3.547001867468056,5.720000000000001,14.96,4.635761589403973,0.9471153846153847,29.63662103659752,0.7822636093693995,37.78434275194876,1.3577112302652483,0.0,5.720000000000001,11.25,14.96,6.875000000000001,8.8,11.875
medium,11,request_observed,1.0,MovingAverage-JCSO,7.708333333333334,95.625,3.4453546457221527,5.720000000000001,14.96,3.485838779956427,0.9572115384615385,29.606128067277016,0.7829176686579803,37.54124401450768,1.3554881483232366,0.0,3.7012056164807996,8.75,7.414104848505104,5.625,6.000152547375422,8.75
medium,11,request_observed,1.0,QuantileMLP-JCSO,0.0,100.0,3.0237663344881196,3.9185192858465547,4.003552250077113,0.0,1.0,30.151439425232784,0.7781387689325994,40.36175891290828,1.3814239441965785,0.0,2.3731991037005122,0.0,3.982366378005145,0.0,3.422033898305085,0.0
medium,11,request_observed,1.0,GAN-JCSO,0.0,100.0,2.985640923232841,3.918606346652772,4.004414537979877,0.0,0.9552884615384615,29.901138838978873,0.7785528001840073,38.78884750687235,1.3719175159785808,0.0,2.413577918090072,0.0,3.9768385825092905,0.0,3.422033898305085,0.0
medium,11,request_observed,1.0,Diffusion-JCSO,2.5,98.75,3.139356417550501,3.9882361639778128,5.725739266495921,1.2658227848101267,0.9899038461538462,30.03206292323828,0.7784235988596316,39.83396038001977,1.3757882500977652,0.0,2.43461538461539,3.125,4.115218156488018,1.25,3.4221284558281058,3.125
medium,11,request_observed,0.92,Independent,33.33333333333333,100.0,3.1855831168300655,4.150980392156863,4.150980392156863,33.33333333333333,0.952403846153846,24.201252484387364,0.8280584752537905,2.0000000000000018,1.02,0.0,2.64205294117647,6.875000000000001,2.8509803921568624,0.0,4.150980392156863,93.125
medium,11,request_observed,0.92,StaticReserve,100.0,0.0,9.826666666666666,14.96,14.96,,0.19230769230769243,29.000896161075467,0.788298230487326,27.17679749211237,1.2233664382667786,30.208333333333332,5.720000000000001,100.0,14.96,100.0,8.8,100.0
medium,11,request_observed,0.92,JointHeuristic,48.95833333333333,73.125,5.761672312492404,14.96,14.96,30.1994301994302,0.7382211538461539,24.706880729124812,0.8204313049960781,4.568675232090907,1.041528819574907,0.0,5.720000000000001,58.75,14.96,40.0,8.8,48.125
medium,11,request_observed,0.92,Persistence-JCSO,1.875,98.75,3.172509583924285,4.1651032053244395,5.720000000000001,0.6329113924050633,0.9861778846153847,31.901393873245944,0.7642908072224068,37.382301813503375,1.3450527904955214,0.0,2.4346153846156198,1.875,4.739536066740538,1.25,3.469182947233611,2.5
medium,11,request_observed,0.92,MovingAverage-JCSO,0.8333333333333334,99.375,3.1217745425926524,4.008197584641023,5.429780161849498,0.20964360587002098,0.994951923076923,31.849822623929064,0.7650876193529932,37.1551587064326,1.3421024709522429,0.0,2.4346153846153853,0.625,4.68962646587243,0.625,3.4220769394641306,1.25
medium,11,request_observed,0.92,QuantileMLP-JCSO,0.0,100.0,3.0439078162938955,3.9660496613258003,4.6703295907622415,0.0,1.0,32.59277790202179,0.7586020242513358,40.52976852169106,1.3743313207505958,0.0,2.3731991037005122,0.0,4.216069824243006,0.0,3.422033898305085,0.0
medium,11,request_observed,0.92,GAN-JCSO,0.0,100.0,3.0170448733710447,3.9609017015841204,4.472657123945054,0.0,0.9739182692307693,32.31450760968771,0.7601124214254815,38.93197127661975,1.364560812387873,0.0,2.413577918090072,0.0,4.0749961186590715,0.0,3.422033898305085,0.0
medium,11,request_observed,0.92,Diffusion-JCSO,0.0,100.0,3.045545874636589,3.97419036352201,4.6736078124857805,0.0,1.0,32.42860134373581,0.7591830095168749,39.869876105975685,1.367250304072878,0.0,2.423526740254852,0.0,4.216272606965594,0.0,3.422033898305085,0.0
medium,11,request_observed,0.82,Independent,33.33333333333333,100.0,3.1970065359477124,4.150980392156863,4.150980392156863,33.33333333333333,1.0,27.15262473858095,0.8071302167696792,2.0000000000000018,1.02,0.0,2.5890588235294114,0.0,2.8509803921568624,0.0,4.150980392156863,100.0
medium,11,request_observed,0.82,StaticReserve,37.291666666666664,80.0,4.952512092730726,14.60034264066673,15.180532708614296,21.614583333333336,1.0,32.537590814865155,0.7645281333444283,27.17679749211237,1.2233664382667786,30.208333333333332,7.258333619710747,61.875,14.96,18.75,8.8,31.25
medium,11,request_observed,0.82,JointHeuristic,41.041666666666664,80.41666666666667,5.1485399448354725,14.96,14.96,26.683937823834196,0.8262019230769232,27.194338092006866,0.8015277185677098,3.265518675745646,1.022064734358942,0.0,5.720000000000001,49.375,14.96,33.125,8.8,40.625
medium,11,request_observed,0.82,Persistence-JCSO,1.875,99.16666666666667,3.2426825081016273,4.588021671276094,11.566510890841206,1.050420168067227,1.0,35.56642033432817,0.7344735759141395,38.15541355789486,1.3373567966862854,0.0,2.434615384615385,0.0,7.00250136394852,5.625,3.422033898305085,0.0
medium,11,request_observed,0.82,MovingAverage-JCSO,1.875,99.16666666666667,3.245541655482456,4.588613111133101,11.550340089368328,1.050420168067227,1.0,35.476805034866,0.7350844930389473,38.00411923117804,1.333320380826426,0.0,2.43107517224632,0.0,7.005586909083269,5.625,3.422033898305085,0.0
medium,11,request_observed,0.82,QuantileMLP-JCSO,1.875,99.16666666666667,3.224833166975372,4.587850320687925,11.5321709837588,1.050420168067227,1.0,36.357680854270775,0.7276089812637403,41.4629146662885,1.3672742121913044,0.0,2.3731991037005122,0.0,6.9826075520964155,5.625,3.422033898305085,0.0
medium,11,request_observed,0.82,GAN-JCSO,1.25,99.16666666666667,3.2044382163890313,4.588613111121142,10.94984538031915,0.42016806722689076,0.9888221153846153,36.00057175419372,0.731512042245928,39.76788312785838,1.3557205085926394,0.0,2.413577918090072,0.0,5.84496762238977,3.75,3.422033898305085,0.0
medium,11,request_observed,0.82,Diffusion-JCSO,1.875,99.16666666666667,3.226749357950977,4.588126744021542,11.532941227492383,1.050420168067227,1.0,36.1841398854443,0.7282172847000494,40.80008765314855,1.3605662047743075,0.0,2.423526740254852,0.0,6.979011526001832,5.625,3.422033898305085,0.0
medium,11,proactive,1.0,Independent,67.5,86.25,4.594911243394294,8.8,14.96,62.31884057971014,0.8831730769230768,22.260888510734453,0.8415899743649835,7.702310919913621,1.019808854630632,45.0,5.720000000000001,100.0,6.4265304577510065,5.0,8.8,97.5
medium,11,proactive,1.0,StaticReserve,100.0,0.0,9.826666666666666,14.96,14.96,,0.19230769230769243,26.680824468189428,0.8052343720483399,27.17679749211237,1.2233664382667786,30.208333333333332,5.720000000000001,100.0,14.96,100.0,8.8,100.0
medium,11,proactive,1.0,JointHeuristic,78.33333333333333,55.00000000000001,7.417206377748391,14.96,19.076409228349625,60.60606060606061,0.6600961538461539,23.56975521641914,0.8290833751559031,12.570874888664823,1.0799477496836132,32.916666666666664,6.3587913810016135,89.375,14.96,54.37499999999999,9.13845876134688,91.25
medium,11,proactive,1.0,Persistence-JCSO,36.666666666666664,84.79166666666667,4.513509527056923,8.8,14.96,25.307125307125304,0.879326923076923,28.25680549935919,0.7916119269746853,32.75232359390053,1.294466597232893,11.041666666666666,5.720000000000001,35.0,14.96,15.625,8.8,59.375
medium,11,proactive,1.0,MovingAverage-JCSO,18.333333333333332,91.66666666666666,3.8415492949790027,8.8,14.96,10.909090909090908,0.9433894230769232,29.383420094359845,0.7840756744316949,37.3814080773982,1.3456117072371339,6.458333333333334,5.720000000000001,18.125,14.96,9.375,8.8,27.500000000000004
medium,11,proactive,1.0,QuantileMLP-JCSO,5.208333333333334,97.91666666666666,3.232337072489892,4.164792815276274,8.8,3.1914893617021276,1.0,29.92919317447137,0.7792561843219525,39.8593643882984,1.3716293199532,4.375,2.814757952258759,6.875000000000001,4.176921306600119,0.625,4.741277182962176,8.125
medium,11,proactive,1.0,GAN-JCSO,6.25,97.08333333333333,3.2513225848885097,4.388186657078385,8.8,3.4334763948497855,0.9590144230769232,29.711652430477965,0.7796034008736971,38.55520955730505,1.3636430527120817,6.25,3.164691793600249,8.75,4.258915208413071,0.625,4.954695220780731,9.375
medium,11,proactive,1.0,Diffusion-JCSO,7.083333333333333,96.875,3.3378483302395847,4.779412057941663,8.8,4.086021505376344,0.9861778846153847,29.76844218745624,0.7795737245465764,39.115918534367374,1.3642074036829266,4.166666666666666,3.051731193881198,9.375,4.915190115102433,1.875,4.831470839927594,10.0
medium,11,proactive,0.92,Independent,67.5,86.25,4.610871145956299,8.8,14.96,62.31884057971014,0.952403846153846,24.196617946450495,0.828051464033608,7.702310919913621,1.019808854630632,45.0,5.720000000000001,100.0,6.4265304577510065,5.0,8.8,97.5
medium,11,proactive,0.92,StaticReserve,100.0,0.0,9.826666666666666,14.96,14.96,,0.19230769230769243,29.000896161075467,0.788298230487326,27.17679749211237,1.2233664382667786,30.208333333333332,5.720000000000001,100.0,14.96,100.0,8.8,100.0
medium,11,proactive,0.92,JointHeuristic,74.375,62.5,6.745242514223439,14.96,14.96,59.0,0.7419471153846156,25.19431844043013,0.8169868023903533,11.352499209867734,1.0621927475709805,35.833333333333336,5.734263583504429,88.125,14.96,45.625,8.805643317742732,89.375
medium,11,proactive,0.92,Persistence-JCSO,25.0,91.25,3.924488102079755,8.8,14.96,17.80821917808219,0.9510817307692306,30.314400387450004,0.7752948060109739,31.97199970828909,1.2780910446438591,11.25,5.720000000000001,22.5,8.460857629192065,6.25,8.8,46.25
medium,11,proactive,0.92,MovingAverage-JCSO,10.625,96.04166666666667,3.4727705801578916,5.521640040691919,8.8,6.941431670281996,0.9899038461538462,31.590690116424298,0.7667008158510118,36.89847160897937,1.3314827402560794,6.875000000000001,3.2792589760433337,10.0,5.447660824781084,2.5,8.8,19.375
medium,11,proactive,0.92,QuantileMLP-JCSO,5.208333333333334,97.91666666666666,3.2525676406682265,4.655560647580507,8.8,3.1914893617021276,1.0,32.363154980345705,0.7597777102708452,40.01689395075406,1.3650062749074263,4.375,2.814757952258759,6.875000000000001,4.876882850946279,0.625,4.741277182962176,8.125
medium,11,proactive,0.92,GAN-JCSO,6.25,97.08333333333333,3.2735292772913427,4.727090807181638,8.8,3.4334763948497855,0.9701923076923077,32.11093547384382,0.7610604389385915,38.665744322580686,1.3563370605114422,6.25,3.164691793600249,8.75,4.732222195546588,0.625,4.954695220780731,9.375
medium,11,proactive,0.92,Diffusion-JCSO,4.583333333333333,98.125,3.245809894667021,4.663488354038559,6.8195626525124355,2.7600849256900215,1.0,32.15436551881646,0.7606198783737143,39.147800091642814,1.3561554383397947,4.166666666666666,2.819899753085165,6.25,4.924210691357177,0.625,4.2773935024998675,6.875000000000001
medium,11,proactive,0.82,Independent,68.33333333333333,86.25,4.623180070174611,8.8,14.96,63.28502415458937,1.0,27.147425013090803,0.8071223505226452,7.702310919913621,1.019808854630632,45.0,5.720000000000001,100.0,6.4265304577510065,5.0,8.8,100.0
medium,11,proactive,0.82,StaticReserve,37.291666666666664,80.0,4.952512092730726,14.60034264066673,15.180532708614296,21.614583333333336,1.0,32.537590814865155,0.7645281333444283,27.17679749211237,1.2233664382667786,30.208333333333332,7.258333619710747,61.875,14.96,18.75,8.8,31.25
medium,11,proactive,0.82,JointHeuristic,71.66666666666667,68.95833333333333,6.240685534978115,14.96,14.96,58.91238670694864,0.826201923076923,27.7461056993758,0.7975261291974551,10.436323129974584,1.0429909809988065,38.958333333333336,5.720000000000001,84.375,14.96,41.25,8.8,89.375
medium,11,proactive,0.82,Persistence-JCSO,20.625,94.16666666666667,3.7723138618480143,7.3399950574150505,14.96,15.70796460176991,0.992548076923077,33.7109068030731,0.7479465267824599,32.37717316312986,1.2675226478969766,11.458333333333332,3.2277886528510997,14.374999999999998,7.908041446511025,6.875000000000001,8.8,40.625
medium,11,proactive,0.82,MovingAverage-JCSO,10.208333333333334,96.45833333333333,3.531647555014885,5.868878469557927,14.96,6.911447084233262,1.0,35.17783547665463,0.7371624558198392,37.620980592022065,1.322342898466517,6.875000000000001,2.8363150212443258,6.25,7.880867425382622,6.875000000000001,5.872743214501036,17.5
medium,11,proactive,0.82,QuantileMLP-JCSO,7.083333333333333,97.08333333333333,3.4252239120470347,5.6422082502871405,14.845431618977427,4.291845493562231,1.0,36.11278987796903,0.7290355998411007,40.88680562122411,1.3583744496162677,4.375,2.814757952258759,6.875000000000001,7.328582030558236,6.25,4.741277182962176,8.125
medium,11,proactive,0.82,GAN-JCSO,7.708333333333334,96.45833333333333,3.4287164112119473,5.720000000000001,9.198168863889885,4.319654427645788,0.9850961538461538,35.76454192493449,0.7329940650891734,39.406834221829,1.3471303820077551,6.25,3.164691793600249,8.75,6.327585736427874,4.375,4.954695220780731,10.0
medium,11,proactive,0.82,Diffusion-JCSO,6.458333333333334,97.29166666666667,3.4187272622135625,5.514078411037323,14.85436901303189,3.854389721627409,1.0,35.889259184066624,0.7299162194690549,40.01340874335288,1.349898824511584,4.166666666666666,2.819899753085165,6.25,7.314595855490783,6.25,4.401548621599463,6.875000000000001
medium,27,request_observed,1.0,Independent,33.33333333333333,100.0,3.164813263889955,4.150980392156863,4.150980392156863,33.33333333333333,0.8658653846153846,22.026098263347887,0.8426797614933186,2.0000000000000018,1.02,0.0,2.64205294117647,19.375,2.8509803921588692,0.0,4.150980392156863,80.625
medium,27,request_observed,1.0,StaticReserve,23.125,88.33333333333333,4.226371912512017,8.95408935290402,14.969871449463279,12.971698113207546,1.0,27.608620716716555,0.800700327146574,30.873233945642962,1.2765486697388557,23.125,5.720000000000001,35.625,12.93391034329347,15.625,8.8,18.125
medium,27,request_observed,1.0,JointHeuristic,46.25,75.0,5.241532699560782,14.96,14.96,28.333333333333332,0.6192307692307694,22.441015246986105,0.8312092079834723,3.931277799071599,1.0392688358668576,0.0,5.720000000000001,71.25,14.96,31.874999999999996,8.8,35.625
medium,27,request_observed,1.0,Persistence-JCSO,7.083333333333333,95.625,3.3420465482182924,5.442585592488898,14.96,2.832244008714597,0.8826923076923077,29.279394002421405,0.7803599117583931,37.253196959292126,1.3555829347091737,0.0,3.0985985768592696,7.5,6.027141320912127,4.375,4.9083953196681405,9.375
medium,27,request_observed,1.0,MovingAverage-JCSO,3.5416666666666665,98.125,3.1430290386540105,3.997455574133817,8.8,1.6985138004246285,0.899158653846154,29.27327318197187,0.7814976468981217,37.25421376583038,1.3544831865939513,0.0,2.434615384615385,4.375,4.355139194488607,1.875,3.7459338118843886,4.375
medium,27,request_observed,1.0,QuantileMLP-JCSO,0.0,100.0,2.9824081569001013,3.9185193663649405,3.9892078170042997,0.0,0.959014423076923,30.243540612846807,0.7754727290671835,42.28109962120544,1.3997672496443228,0.0,2.420246668791414,0.0,3.973077266406009,0.0,3.422033898305085,0.0
medium,27,request_observed,1.0,GAN-JCSO,1.25,99.375,3.03515623759352,3.9480889907616357,4.445672880730375,0.628930817610063,0.9390625,29.621935093736013,0.7800014686004502,38.74330799769557,1.3718866872141489,0.0,2.4352513002837153,2.5,4.000155022705393,0.625,3.422033898305085,0.625
medium,27,request_observed,1.0,Diffusion-JCSO,0.0,100.0,2.9914787747906453,3.9211348942763955,3.9892078170042997,0.0,0.9515625,29.641770967590293,0.7805016078087365,39.42858651694913,1.3720086085024004,0.0,2.425812170735686,0.0,3.9726317146530445,0.0,3.422033898305085,0.0
medium,27,request_observed,0.92,Independent,33.33333333333333,100.0,3.1886985947755964,4.150980392156863,4.150980392156863,33.33333333333333,0.9653846153846153,23.94141115581292,0.8294050219976515,2.0000000000000018,1.02,0.0,2.5917085294117634,5.0,2.8509803921650603,0.0,4.150980392156863,95.0
medium,27,request_observed,0.92,StaticReserve,23.125,88.33333333333333,4.226371912512017,8.95408935290402,14.969871449463279,12.971698113207546,1.0,30.009370344257125,0.7833699208114934,30.873233945642962,1.2765486697388557,23.125,5.720000000000001,35.625,12.93391034329347,15.625,8.8,18.125
medium,27,request_observed,0.92,JointHeuristic,43.333333333333336,78.75,4.939405717593175,14.96,14.96,28.04232804232804,0.6867788461538462,24.1759155411084,0.8191467390726277,3.0349457084678364,1.030074816516518,0.0,5.720000000000001,68.75,14.96,28.125,8.8,33.125
medium,27,request_observed,0.92,Persistence-JCSO,0.0,100.0,2.9912714324150698,3.939620303249853,4.044816508511461,0.0,0.9254807692307692,31.448444919945796,0.7623913390252776,36.9827003285805,1.3402302475190622,0.0,2.434615384615385,0.0,4.007276984734503,0.0,3.422033898305085,0.0
medium,27,request_observed,0.92,MovingAverage-JCSO,0.0,100.0,2.9999930181540955,3.964891556145519,4.174817109375556,0.0,0.9329326923076924,31.47536397973896,0.7637416054372712,37.15385022651795,1.3406388093615615,0.0,2.434615384615385,0.0,4.052223775159173,0.0,3.422033898305085,0.0
medium,27,request_observed,0.92,QuantileMLP-JCSO,0.0,100.0,3.009610414240245,3.9732177185679096,4.253089840579564,0.0,0.9739182692307693,32.5800543938151,0.7570025242477719,42.402585898576675,1.3880679398081601,0.0,2.420246668791414,0.0,4.076321556868429,0.0,3.422033898305085,0.0
medium,27,request_observed,0.92,GAN-JCSO,0.0,100.0,2.995137391138193,3.9495669494917847,4.067579962129861,0.0,0.9478365384615384,31.90066415906528,0.7614161774959037,38.77517838822054,1.3599137358758113,0.0,2.434615384615385,0.0,4.041779182646952,0.0,3.422033898305085,0.0
medium,27,request_observed,0.92,Diffusion-JCSO,0.0,100.0,3.0176769666655128,3.9695766802099945,4.228640598322583,0.0,0.9664663461538462,31.920693981356674,0.7624870302803779,39.54017034573002,1.3600564524864205,0.0,2.425812170735686,0.0,4.075658450504176,0.0,3.422033898305085,0.0
medium,27,request_observed,0.82,Independent,33.33333333333333,100.0,3.1964469238764277,4.150980392156863,4.150980392156863,33.33333333333333,0.995673076923077,26.861095443107185,0.8085247127198143,2.0000000000000018,1.02,0.0,2.5890588235294114,0.625,2.851881953517417,0.0,4.150980392156863,99.375
medium,27,request_observed,0.82,StaticReserve,23.125,88.33333333333333,4.226371912512017,8.95408935290402,14.969871449463279,12.971698113207546,1.0,33.66904965453239,0.7569516184714314,30.873233945642962,1.2765486697388557,23.125,5.720000000000001,35.625,12.93391034329347,15.625,8.8,18.125
medium,27,request_observed,0.82,JointHeuristic,32.29166666666667,88.125,4.247296810824534,8.8,14.96,23.167848699763592,0.803485576923077,26.662287365146337,0.8014442394217592,1.5340285081966514,1.0125971062751034,0.0,5.720000000000001,57.49999999999999,14.96,17.5,8.8,21.875
medium,27,request_observed,0.82,Persistence-JCSO,0.8333333333333334,99.79166666666667,3.1232487514331138,4.389805558069494,6.324303360624923,0.6263048016701461,0.966466346153846,34.858691032367844,0.7370556695384949,37.60917153298185,1.3251924708550769,0.0,2.434615384615385,0.0,5.227256213942572,2.5,3.422033898305085,0.0
medium,27,request_observed,0.82,MovingAverage-JCSO,0.625,99.79166666666667,3.1310977460972262,4.4345859280866415,6.175443645940786,0.41753653444676403,0.959014423076923,34.85237284506678,0.7368693116532857,37.865593562055714,1.3242944120822122,0.0,2.434615384615385,0.0,5.610718651116934,1.875,3.422033898305085,0.0
medium,27,request_observed,0.82,QuantileMLP-JCSO,0.8333333333333334,99.79166666666667,3.1359475279733826,4.5351504601902874,6.2938870451204485,0.6263048016701461,0.992548076923077,36.15784692562298,0.7285332320406377,43.14009549319448,1.3741675870866257,0.0,2.420246668791414,0.0,5.5975661537698755,2.5,3.422033898305085,0.0
medium,27,request_observed,0.82,GAN-JCSO,0.8333333333333334,99.79166666666667,3.1300190938187478,4.510111070550462,6.213783342302171,0.6263048016701461,0.9813701923076923,35.38901782604974,0.7353876435111364,39.45770672153115,1.3457681924997777,0.0,2.434615384615385,0.0,5.357175084418369,2.5,3.422033898305085,0.0
medium,27,request_observed,0.82,Diffusion-JCSO,0.8333333333333334,99.79166666666667,3.1488657193604146,4.50232770696041,6.290854179425704,0.6263048016701461,0.9888221153846153,35.430540878358094,0.7347832266540558,40.278939762164875,1.3466509211703688,0.0,2.425812170735686,0.0,5.594923616996874,2.5,3.422033898305085,0.0
medium,27,proactive,1.0,Independent,66.875,87.08333333333333,4.605556922033683,8.8,14.96,61.961722488038276,0.8701923076923077,22.083740118016156,0.8425089063004367,7.56673270312544,1.0225589527369998,44.79166666666667,5.720000000000001,99.375,6.689557432449708,5.0,8.8,96.25
medium,27,proactive,1.0,StaticReserve,23.125,88.33333333333333,4.226371912512017,8.95408935290402,14.969871449463279,12.971698113207546,1.0,27.608620716716555,0.800700327146574,30.873233945642962,1.2765486697388557,23.125,5.720000000000001,35.625,12.93391034329347,15.625,8.8,18.125
medium,27,proactive,1.0,JointHeuristic,70.41666666666667,66.66666666666666,6.286799642350076,14.96,14.96,55.625,0.6442307692307693,22.974543300863452,0.8278968517658084,10.877620780178484,1.0638798767706859,36.45833333333333,5.720000000000001,95.0,14.96,35.625,8.8,80.625
medium,27,proactive,1.0,Persistence-JCSO,22.708333333333332,90.41666666666667,3.929341885894359,8.8,14.96,14.516129032258066,0.8350961538461539,27.915395942533504,0.7899155724306677,31.435285595437215,1.29217982780553,10.0,5.720000000000001,25.624999999999996,14.96,10.625,8.8,31.874999999999996
medium,27,proactive,1.0,MovingAverage-JCSO,7.916666666666666,96.875,3.308084550106272,4.718950043561799,8.8,4.946236559139785,0.8954326923076923,28.989007228185358,0.7831430168615073,36.4401993346318,1.3415300425817709,5.0,2.6911959884099024,6.875000000000001,5.231751624994782,3.125,5.098128401586839,13.750000000000002
medium,27,proactive,1.0,QuantileMLP-JCSO,3.125,98.95833333333334,3.1030139092139195,4.073492218091947,5.820859101991119,2.1052631578947367,0.9515625,29.899574402332618,0.7773314752837235,40.79215133538987,1.3840916836737662,2.5,2.4433917834182397,2.5,4.2431434052884525,0.625,4.229701161609877,6.25
medium,27,proactive,1.0,GAN-JCSO,5.625,97.5,3.2527852444760463,4.57317705509804,8.8,3.205128205128205,0.9302884615384615,29.229358785704427,0.7819755420469156,37.19562497170865,1.354181510314285,3.75,2.6852316751325893,6.25,5.219786674447301,2.5,4.54568374800088,8.125
medium,27,proactive,1.0,Diffusion-JCSO,4.375,98.33333333333333,3.165292772354398,4.202289151817404,8.8,2.754237288135593,0.931610576923077,29.35217301413108,0.7811904928426756,38.29325168257248,1.3589008881252702,2.2916666666666665,2.4676521281459696,3.75,4.405657622690911,1.25,4.353778498297674,8.125
medium,27,proactive,0.92,Independent,67.91666666666667,87.08333333333333,4.625070822641175,8.8,14.96,63.1578947368421,0.9697115384615383,24.004065345669737,0.8292193098314758,7.56673270312544,1.0225589527369998,44.79166666666667,5.720000000000001,99.375,6.689557432449708,5.0,8.8,99.375
medium,27,proactive,0.92,StaticReserve,23.125,88.33333333333333,4.226371912512017,8.95408935290402,14.969871449463279,12.971698113207546,1.0,30.009370344257125,0.7833699208114934,30.873233945642962,1.2765486697388557,23.125,5.720000000000001,35.625,12.93391034329347,15.625,8.8,18.125
medium,27,proactive,0.92,JointHeuristic,69.58333333333333,70.41666666666667,6.053101231032561,14.96,14.96,56.80473372781065,0.7117788461538461,24.755702152831226,0.8154484832682876,10.263178379998557,1.05473211709598,37.916666666666664,5.720000000000001,94.375,14.96,34.375,8.8,80.0
medium,27,proactive,0.92,Persistence-JCSO,12.083333333333334,96.66666666666667,3.4169347255866227,5.126842149469102,8.8,9.051724137931034,0.9004807692307691,29.94788146863717,0.7736411505660385,30.88847502721257,1.2760016829593117,10.416666666666668,2.752676509810456,13.125,5.265392603962147,2.5,8.8,20.625
medium,27,proactive,0.92,MovingAverage-JCSO,3.958333333333333,98.75,3.165815652504779,4.236867422045333,6.787144535454281,2.7426160337552745,0.9329326923076924,31.180098870779265,0.7657226372687844,36.331655418555435,1.3282383355461205,5.0,2.495732200093399,3.125,4.532912598718517,0.625,4.260018635942129,8.125
medium,27,proactive,0.92,QuantileMLP-JCSO,3.125,98.95833333333334,3.132690872123809,4.226610529589946,5.9197917349136775,2.1052631578947367,0.9701923076923077,32.22013398872713,0.7593918251083751,40.914104217967086,1.372932932754694,2.5,2.4433917834182397,2.5,4.444149858786212,0.625,4.229701161609877,6.25
medium,27,proactive,0.92,GAN-JCSO,3.125,98.75,3.1501673253837463,4.154506487128007,6.778661791816403,1.89873417721519,0.9441105769230769,31.483023345154905,0.7636090097970775,37.128630903875546,1.3425511479908498,3.75,2.4856939742018374,2.5,4.6230750329147625,1.25,4.142680474375597,5.625
medium,27,proactive,0.92,Diffusion-JCSO,3.125,98.95833333333334,3.1417434317852706,4.186573184124444,5.925187333447483,2.1052631578947367,0.9627403846153847,31.603752804660246,0.7640165567636542,38.34148128707337,1.3468264763251503,2.2916666666666665,2.4551148640583134,2.5,4.374194788808303,0.625,4.156740103683155,6.25
medium,27,proactive,0.82,Independent,68.125,87.08333333333333,4.630472731779035,8.8,14.96,63.397129186602875,0.995673076923077,26.93139038782458,0.8082883282219819,7.56673270312544,1.0225589527369998,44.79166666666667,5.720000000000001,99.375,6.689557432449708,5.0,8.8,100.0
medium,27,proactive,0.82,StaticReserve,23.125,88.33333333333333,4.226371912512017,8.95408935290402,14.969871449463279,12.971698113207546,1.0,33.66904965453239,0.7569516184714314,30.873233945642962,1.2765486697388557,23.125,5.720000000000001,35.625,12.93391034329347,15.625,8.8,18.125
medium,27,proactive,0.82,JointHeuristic,63.74999999999999,78.125,5.438311213242071,14.96,14.96,53.6,0.8122596153846153,27.301512481716273,0.7966310307611594,9.248191897289411,1.0369608486810242,41.66666666666667,5.720000000000001,91.25,14.96,24.375,8.8,75.625
medium,27,proactive,0.82,Persistence-JCSO,10.208333333333334,97.91666666666666,3.3934130301678356,5.065117918652902,8.8,8.297872340425531,0.944110576923077,33.164860401249065,0.7487197410508534,31.25492617038648,1.2604921956001036,10.416666666666668,2.703713325305881,11.25,5.909485964842301,1.875,5.318505535128596,17.5
medium,27,proactive,0.82,MovingAverage-JCSO,4.583333333333333,98.54166666666667,3.2821466336436846,5.061759287014096,8.8,3.171247357293869,0.9552884615384615,34.53951896927884,0.7389172937515136,36.98778653993364,1.312501888981131,5.0,2.495732200093399,3.125,5.910108668423529,2.5,4.260018635942129,8.125
medium,27,proactive,0.82,QuantileMLP-JCSO,3.958333333333333,98.75,3.256161226760915,5.05138974988334,8.8,2.7426160337552745,0.9888221153846153,35.756939146048424,0.7313573739015349,41.62486109385705,1.3590645709530005,2.5,2.4433917834182397,2.5,6.020845417902737,3.125,4.229701161609877,6.25
medium,27,proactive,0.82,GAN-JCSO,3.5416666666666665,98.75,3.243153916646564,4.84627595673865,8.8,2.320675105485232,0.9701923076923077,34.903159726385354,0.7376109089109237,37.72117808008025,1.3276107223404954,3.75,2.4856939742018374,2.5,5.908830145389616,2.5,4.142680474375597,5.625
medium,27,proactive,0.82,Diffusion-JCSO,3.958333333333333,98.75,3.275091989299315,5.065117918788023,8.8,2.7426160337552745,0.992548076923077,35.09173777816227,0.7370877546816361,39.06166720354171,1.334012825434571,2.2916666666666665,2.4551148640583134,2.5,6.136260024905222,3.125,4.19377532260301,6.25
medium,41,request_observed,1.0,Independent,33.33333333333333,100.0,3.1628694586066106,4.150980392156863,4.150980392156863,33.33333333333333,0.7966346153846153,22.107728368816414,0.8431418750671871,2.0000000000000018,1.018755050087844,0.0,2.64205294117647,29.375,3.1870394436662983,0.0,4.150980392156863,70.625
medium,41,request_observed,1.0,StaticReserve,22.708333333333332,86.66666666666667,4.7803774515391275,14.96,18.11400138066824,10.817307692307693,1.0,26.95245618957829,0.7961889881266523,29.82045183247517,1.242505907209411,19.375,5.720000000000001,17.5,14.96,30.0,8.8,20.625
medium,41,request_observed,1.0,JointHeuristic,50.83333333333333,77.91666666666667,5.180928494289712,14.96,15.77026589760602,36.898395721925134,0.5414663461538461,22.43894404586916,0.8288411582746885,4.692126972435536,1.0344324709494275,0.0,5.720000000000001,84.375,14.96,32.5,8.8,35.625
medium,41,request_observed,1.0,Persistence-JCSO,5.416666666666667,96.875,3.320089764930638,5.205807035244547,14.96,2.3655913978494625,0.8171875,29.33094249379935,0.7755608002359997,39.43078793314431,1.352245241900175,0.0,2.4346154071106207,3.125,14.96,8.75,3.8297239878554326,4.375
medium,41,request_observed,1.0,MovingAverage-JCSO,4.583333333333333,97.5,3.26186434155744,4.3384728438936015,14.96,2.1367521367521367,0.822235576923077,29.362775404597542,0.7756257400435602,39.661928400785506,1.352742992477594,0.0,2.4494135582034624,3.75,14.96,8.125,3.459637265002508,1.875
medium,41,request_observed,1.0,QuantileMLP-JCSO,2.2916666666666665,98.75,3.150535500766741,3.93110899132341,14.96,1.0548523206751055,0.869591346153846,30.14922141954564,0.7700978765890543,43.57866926411093,1.3898361184427102,0.0,2.434615384615385,0.0,13.176756981104798,6.875000000000001,3.422033898305085,0.0
medium,41,request_observed,1.0,GAN-JCSO,10.833333333333334,94.375,3.559351603162484,7.445388264455857,14.96,5.518763796909492,0.7783653846153846,28.546955444594502,0.781635021843268,35.28102201256768,1.3161594342556908,0.0,3.186837134677482,11.25,14.96,11.25,5.687431377922594,10.0
medium,41,request_observed,1.0,Diffusion-JCSO,3.3333333333333335,98.125,3.20025509965345,4.011048356012449,14.96,1.48619957537155,0.8459134615384617,30.029981457448567,0.7700675840438901,43.62343855796374,1.3835829778118485,0.0,2.43462963100539,1.875,14.96,7.5,3.4220338983051217,0.625
medium,41,request_observed,0.92,Independent,33.33333333333333,100.0,3.229305605295696,4.150980392156863,5.143669541963912,33.33333333333333,0.9350961538461536,23.980537828002408,0.8296077525624798,2.0000000000000018,1.0167781654155525,0.0,2.64205294117647,9.375,3.7929370576874617,0.0,4.150980392156863,90.625
medium,41,request_observed,0.92,StaticReserve,22.708333333333332,86.66666666666667,4.7803774515391275,14.96,18.11400138066824,10.817307692307693,1.0,29.29614803215031,0.7784662914420134,29.82045183247517,1.242505907209411,19.375,5.720000000000001,17.5,14.96,30.0,8.8,20.625
medium,41,request_observed,0.92,JointHeuristic,45.208333333333336,83.95833333333333,4.672064943109489,14.96,14.96,34.7394540942928,0.6403846153846154,23.998760337945857,0.8175295202725319,3.2998590811293704,1.0179864669468985,0.0,5.720000000000001,77.5,14.96,28.749999999999996,8.8,29.375
medium,41,request_observed,0.92,Persistence-JCSO,3.75,97.70833333333333,3.3140565071930337,4.3227304542600145,14.96,1.4925373134328357,0.8868990384615383,31.589837963664085,0.7590320815052988,39.48314788434388,1.340579471806097,0.0,2.434615384615391,0.625,14.96,8.75,3.4369413401614137,1.875
medium,41,request_observed,0.92,MovingAverage-JCSO,2.7083333333333335,98.33333333333333,3.2607072828842396,4.037295616364025,14.96,1.059322033898305,0.8956730769230768,31.64043728827369,0.7593204712418944,39.79885981417903,1.341766807270711,0.0,2.434615384615385,0.0,14.96,8.125,3.422033898305085,0.0
medium,41,request_observed,0.92,QuantileMLP-JCSO,2.7083333333333335,98.33333333333333,3.2576262019418865,4.026856631181483,14.96,1.059322033898305,0.9254807692307692,32.524556990833815,0.7528447309996956,43.81882656553453,1.3801021100661373,0.0,2.434615384615385,0.0,14.96,8.125,3.422033898305085,0.0
medium,41,request_observed,0.92,GAN-JCSO,3.75,97.70833333333333,3.3339471230268742,4.3492375771186085,14.96,1.4925373134328357,0.890625,30.728463434377197,0.7671532351215904,35.02453673901588,1.3039541244026274,0.0,2.434615384615396,0.625,14.96,8.75,3.4369413401614137,1.875
medium,41,request_observed,0.92,Diffusion-JCSO,2.7083333333333335,98.33333333333333,3.248435129488283,4.028022674310391,14.96,1.059322033898305,0.9031249999999998,32.37331864066129,0.7526796007832122,43.80528057835823,1.3729503477088627,0.0,2.434615384615385,0.0,14.96,8.125,3.422033898305085,0.0
medium,41,request_observed,0.82,Independent,35.41666666666667,98.75,3.4468745124043294,4.150980392156863,14.96,34.59915611814346,0.9913461538461539,26.81410085442142,0.8087566229295888,2.0000000000000018,1.013549371835693,0.0,2.5890588235294114,1.25,11.199769197282384,6.25,4.150980392156863,98.75
medium,41,request_observed,0.82,StaticReserve,22.708333333333332,86.66666666666667,4.7803774515391275,14.96,18.11400138066824,10.817307692307693,1.0,32.86884901168083,0.7514499855203077,29.82045183247517,1.242505907209411,19.375,5.720000000000001,17.5,14.96,30.0,8.8,20.625
medium,41,request_observed,0.82,JointHeuristic,38.54166666666667,88.95833333333333,4.293353109583971,14.96,14.96,30.913348946135834,0.7305288461538462,26.521977978528994,0.7987381875912979,2.4377827364370717,1.0031261237851523,0.0,5.720000000000001,71.875,14.96,20.625,8.8,23.125
medium,41,request_observed,0.82,Persistence-JCSO,2.7083333333333335,98.125,3.334371595255924,4.235946958845042,14.96,0.8492569002123143,0.9254807692307692,34.94124041211825,0.732053073726292,39.680871934048255,1.322627689328015,0.0,2.434615384615385,0.0,14.96,8.125,3.422033898305085,0.0
medium,41,request_observed,0.82,MovingAverage-JCSO,2.7083333333333335,98.125,3.3367549612839325,4.289317561280214,14.96,0.8492569002123143,0.9254807692307692,35.01714206598631,0.7317701110428312,40.06935352651326,1.3246336607214038,0.0,2.434615384615385,0.0,14.96,8.125,3.422033898305085,0.0
medium,41,request_observed,0.82,QuantileMLP-JCSO,2.7083333333333335,98.125,3.33681417638272,4.290361940283408,14.96,0.8492569002123143,0.959014423076923,36.007940837580755,0.725663034478742,44.093430848615846,1.3628031888710854,0.0,2.434615384615385,0.0,14.96,8.125,3.422033898305085,0.0
medium,41,request_observed,0.82,GAN-JCSO,2.7083333333333335,98.125,3.3620245793262495,4.235946958845042,14.96,0.8492569002123143,0.9403846153846154,34.01378382858924,0.7420342101195423,35.212602399263325,1.2874414554026117,0.0,2.434615384615385,0.0,14.96,8.125,3.422033898305085,0.0
medium,41,request_observed,0.82,Diffusion-JCSO,2.7083333333333335,98.125,3.3430660962001806,4.290361940287661,14.96,0.8492569002123143,0.959014423076923,35.843664875148185,0.7268503749796615,44.08509303323142,1.355897891931906,0.0,2.434615384615385,0.0,14.96,8.125,3.422033898305085,0.0
medium,41,proactive,1.0,Independent,69.79166666666666,84.16666666666667,4.924782670046081,8.8,14.96,64.10891089108911,0.8009615384615383,22.098627961028633,0.8431045809163855,8.162486513248647,1.0183434539977567,48.95833333333333,5.720000000000001,100.0,14.96,11.25,8.8,98.125
medium,41,proactive,1.0,StaticReserve,22.708333333333332,86.66666666666667,4.7803774515391275,14.96,18.11400138066824,10.817307692307693,1.0,26.95245618957829,0.7961889881266523,29.82045183247517,1.242505907209411,19.375,5.720000000000001,17.5,14.96,30.0,8.8,20.625
medium,41,proactive,1.0,JointHeuristic,70.0,68.33333333333333,6.302284887077907,14.96,17.774694560888054,56.09756097560976,0.5701923076923078,22.90378573648878,0.8259332236381824,12.008244999575185,1.0558987566858151,42.291666666666664,5.720000000000001,96.875,14.999685305669718,40.625,8.8,72.5
medium,41,proactive,1.0,Persistence-JCSO,23.75,89.375,4.143148044280723,10.236802833161635,14.96,14.685314685314685,0.7483173076923078,27.831780142247403,0.7857645219590503,33.260075570784004,1.2831480947058829,11.458333333333332,5.720000000000001,22.5,14.96,18.75,8.8,30.0
medium,41,proactive,1.0,MovingAverage-JCSO,9.166666666666666,96.04166666666667,3.507436569406976,5.968213004127729,14.96,5.42299349240781,0.8147836538461537,29.020317344136913,0.7774141177593986,38.68762060769678,1.3373435548695245,7.291666666666667,2.6467746276668587,5.625,14.96,10.625,4.59757151560015,11.25
medium,41,proactive,1.0,QuantileMLP-JCSO,3.75,97.70833333333333,3.3309966882400937,4.7853704412997,14.96,1.4925373134328357,0.877043269230769,29.729939478376703,0.7729123421776016,41.90721744892743,1.3709476972907646,5.625,2.477939735292974,1.875,14.96,9.375,3.611276826043788,0.0
medium,41,proactive,1.0,GAN-JCSO,21.041666666666668,90.0,4.056086709951916,9.09349514939577,14.96,12.268518518518519,0.7594951923076924,28.271344727931613,0.783266890467208,34.891082019148236,1.303896487348139,8.75,5.720000000000001,20.0,14.96,18.75,8.8,24.375
medium,41,proactive,1.0,Diffusion-JCSO,5.416666666666667,97.08333333333333,3.381943064729297,5.127208267331311,14.96,2.575107296137339,0.8533653846153847,29.62075705476367,0.7729224211098868,41.948767640571326,1.3651369404734888,5.625,2.578528026610682,5.0,14.96,10.0,3.6263600247553347,1.25
medium,41,proactive,0.92,Independent,70.625,84.16666666666667,4.96645426619421,8.8,14.96,65.0990099009901,0.9350961538461536,23.97064608040699,0.8295890244407362,8.162486513248647,1.0163665693254658,48.95833333333333,5.720000000000001,100.0,14.96,12.5,8.8,99.375
medium,41,proactive,0.92,StaticReserve,22.708333333333332,86.66666666666667,4.7803774515391275,14.96,18.11400138066824,10.817307692307693,1.0,29.29614803215031,0.7784662914420134,29.82045183247517,1.242505907209411,19.375,5.720000000000001,17.5,14.96,30.0,8.8,20.625
medium,41,proactive,0.92,JointHeuristic,68.125,73.125,5.93094201283263,14.96,14.96,56.41025641025641,0.6640625,24.552763211240876,0.813815416782974,11.287200475351925,1.0415898899178684,44.166666666666664,5.720000000000001,96.25,14.96,36.25,8.8,71.875
medium,41,proactive,0.92,Persistence-JCSO,15.833333333333332,93.125,3.8471422845636813,8.8,14.96,9.619686800894854,0.8358173076923077,29.86652192288951,0.7706630202275109,32.647281225326175,1.2673561322490479,11.666666666666666,3.7185623974742152,13.750000000000002,14.96,12.5,8.8,21.25
medium,41,proactive,0.92,MovingAverage-JCSO,7.291666666666667,96.875,3.501613468303737,5.541413792926445,14.96,4.301075268817205,0.8807692307692306,31.27621671715495,0.7608305308140464,38.7803838784971,1.3266667016135625,7.291666666666667,2.544657578385605,3.125,14.96,10.625,4.349535419494861,8.125
medium,41,proactive,0.92,QuantileMLP-JCSO,4.166666666666666,97.29166666666667,3.427892177644749,5.000823691563499,14.96,1.4989293361884368,0.9217548076923077,32.07967941595863,0.7552618152044889,42.11749505261786,1.3616383327560835,5.625,2.477939735292974,1.875,14.96,10.625,3.611276826043788,0.0
medium,41,proactive,0.92,GAN-JCSO,12.083333333333334,93.95833333333333,3.7654692591647696,8.8,14.96,6.430155210643015,0.8805288461538462,30.34190716426388,0.7695670251713285,34.2481468952764,1.288006021958468,8.958333333333334,3.09912666394538,9.375,14.96,12.5,8.8,14.374999999999998
medium,41,proactive,0.92,Diffusion-JCSO,4.583333333333333,97.29166666666667,3.4252007694770223,5.001954545623016,14.96,1.9271948608137044,0.9068509615384615,31.942895525930275,0.7557040540801033,42.106148701428644,1.3550699648591356,5.416666666666667,2.483584436280532,2.5,14.96,10.625,3.5790396190550124,0.625
medium,41,proactive,0.82,Independent,71.66666666666667,83.33333333333334,5.121433121802989,8.8,14.96,66.0,0.9913461538461539,26.803002796143637,0.8087356108905593,8.162486513248647,1.0131377757456057,48.95833333333333,5.720000000000001,100.0,14.96,15.0,8.8,100.0
medium,41,proactive,0.82,StaticReserve,22.708333333333332,86.66666666666667,4.7803774515391275,14.96,18.11400138066824,10.817307692307693,1.0,32.86884901168083,0.7514499855203077,29.82045183247517,1.242505907209411,19.375,5.720000000000001,17.5,14.96,30.0,8.8,20.625
medium,41,proactive,0.82,JointHeuristic,66.25,76.66666666666667,5.669113231479319,14.96,14.96,55.97826086956522,0.7579326923076923,27.147122207199537,0.7947338196500284,10.668138877192538,1.0269194955393284,45.208333333333336,5.720000000000001,93.75,14.96,33.125,8.8,71.875
medium,41,proactive,0.82,Persistence-JCSO,13.541666666666666,94.16666666666667,3.8162061222959056,8.8,14.96,8.185840707964601,0.898076923076923,33.05380039985355,0.7457845638726804,32.67242718378385,1.2510697825356896,11.458333333333332,2.900344422465047,11.25,14.96,11.25,8.8,18.125
medium,41,proactive,0.82,MovingAverage-JCSO,7.291666666666667,96.66666666666667,3.57477835328836,5.735388262214264,14.96,4.094827586206897,0.9180288461538462,34.63664102662559,0.7338941134432508,38.972667567300945,1.3105038268568672,7.083333333333333,2.544657578385605,3.125,14.96,10.625,4.349535419494861,8.125
medium,41,proactive,0.82,QuantileMLP-JCSO,4.166666666666666,97.08333333333333,3.5054445530483047,5.546918575965993,14.96,1.2875536480686696,0.9627403846153847,35.543968670193706,0.7288061286830471,42.317009600018764,1.3455784599570721,5.416666666666667,2.477939735292974,1.875,14.96,10.625,3.611276826043788,0.0
medium,41,proactive,0.82,GAN-JCSO,8.75,95.41666666666667,3.6769235858498357,6.758520446539344,14.96,4.366812227074235,0.9329326923076924,33.57133903733825,0.7444522307963279,34.23496383949803,1.2711075372962632,8.75,2.655480520412237,5.625,14.96,10.625,4.705065440983114,10.0
medium,41,proactive,0.82,Diffusion-JCSO,4.583333333333333,97.08333333333333,3.511196873894165,5.557238486083249,14.96,1.7167381974248928,0.959014423076923,35.39605560566536,0.7299799123525047,42.32767989142725,1.339248799018777,5.416666666666667,2.483584436280532,2.5,14.96,10.625,3.5790396190550124,0.625
medium,59,request_observed,1.0,Independent,33.33333333333333,100.0,3.1700057271241833,4.150980392156863,4.150980392156863,33.33333333333333,0.8875,21.799211820992966,0.84351139197938,2.000000000000002,1.02,0.0,2.64205294117647,16.25,2.8509803921568624,0.0,4.150980392156863,83.75
medium,59,request_observed,1.0,StaticReserve,16.875,91.04166666666667,4.225602119964842,13.126566497993602,15.249396047837305,8.695652173913043,1.0,26.611024456128433,0.802041105026895,27.549352557998848,1.2455262013638828,19.375,5.720000000000001,15.625,14.96,20.0,8.8,15.0
medium,59,request_observed,1.0,JointHeuristic,54.79166666666667,72.5,5.7225472046045995,14.96,14.96,37.64367816091954,0.6251201923076924,22.36240798869519,0.8317846774122091,4.629972762696616,1.0462997276269663,0.0,5.720000000000001,75.625,14.96,35.625,8.8,53.125
medium,59,request_observed,1.0,Persistence-JCSO,5.416666666666667,96.875,3.2698631460097425,4.630783871650059,10.093599999999874,2.3655913978494625,0.9076923076923077,29.04612459072157,0.7820195175922795,37.105542205510034,1.3584494502292286,0.0,2.6719329782453705,6.25,5.46634387354884,3.125,4.309763563341724,6.875000000000001
medium,59,request_observed,1.0,MovingAverage-JCSO,2.2916666666666665,98.75,3.1143848441446376,3.9542681677684275,6.007940767267433,1.0548523206751055,0.934014423076923,29.003898403288613,0.7835639288151289,36.85164631199278,1.3558082237174753,0.0,2.434615384615385,2.5,4.006551257484271,1.875,3.474745148573609,2.5
medium,59,request_observed,1.0,QuantileMLP-JCSO,0.0,100.0,2.9916592584003268,3.9185185185185185,3.975966140305923,0.0,0.9701923076923077,29.99306140334307,0.7762826302686632,41.846231734890154,1.4023290498840235,0.0,2.41618710327466,0.0,3.9646287381181087,0.0,3.422033898305085,0.0
medium,59,request_observed,1.0,GAN-JCSO,0.0,100.0,2.9933976479370377,3.9185185185185185,3.970788753277671,0.0,0.9627403846153847,29.465479693704786,0.7793193289260653,38.83451875277981,1.3780679000232323,0.0,2.4246804846975802,0.0,3.9542681677684275,0.0,3.422033898305085,0.0
medium,59,request_observed,1.0,Diffusion-JCSO,0.0,100.0,3.0054827489433427,3.9185185185185185,3.970788753277671,0.0,0.9701923076923077,29.500544216068885,0.780500856362198,39.41425682301952,1.3786711929201827,0.0,2.4261415425288697,0.0,3.9542681677684275,0.0,3.422033898305085,0.0
medium,59,request_observed,0.92,Independent,33.33333333333333,100.0,3.190775580065359,4.150980392156863,4.150980392156863,33.33333333333333,0.9740384615384615,23.694795457601046,0.8306844213607792,2.000000000000002,1.02,0.0,2.5890588235294114,3.75,2.8509803921568624,0.0,4.150980392156863,96.25
medium,59,request_observed,0.92,StaticReserve,16.875,91.04166666666667,4.225602119964842,13.126566497993602,15.249396047837305,8.695652173913043,1.0,28.92502658274828,0.7848272880727122,27.549352557998848,1.2455262013638828,19.375,5.720000000000001,15.625,14.96,20.0,8.8,15.0
medium,59,request_observed,0.92,JointHeuristic,40.208333333333336,81.25,4.949153870427761,14.96,14.96,26.410256410256412,0.7405048076923078,23.99919735145783,0.8205351084961489,3.306702367872709,1.0330587386240497,0.0,5.720000000000001,60.0,14.96,28.125,8.8,32.5
medium,59,request_observed,0.92,Persistence-JCSO,1.0416666666666665,99.375,3.0566439122802036,3.9507179195900752,4.392714833500091,0.41928721174004197,0.9427884615384615,31.267488863981153,0.7647003232723957,36.82464288892773,1.3459547340271911,0.0,2.434615384615385,0.625,4.007193946260738,0.625,3.423304723418646,1.875
medium,59,request_observed,0.92,MovingAverage-JCSO,0.0,100.0,3.0103561728646957,3.9210493433172036,4.002434273508632,0.0,0.9552884615384615,31.229263509166838,0.7660294686671971,36.69122289120951,1.3437049395562222,0.0,2.434615384615385,0.0,3.9846437333225087,0.0,3.422033898305085,0.0
medium,59,request_observed,0.92,QuantileMLP-JCSO,0.0,100.0,3.0028681973111175,3.928522108984864,4.016455995166489,0.0,0.9776442307692307,32.34157707302734,0.757315243894963,41.878941851680395,1.3918231733734934,0.0,2.41618710327466,0.0,4.0027059105200635,0.0,3.422033898305085,0.0
medium,59,request_observed,0.92,GAN-JCSO,0.0,100.0,2.9983525499366466,3.9201626312617024,4.002434273508632,0.0,0.9664663461538462,31.79652251020203,0.7604949709613897,38.83627374488598,1.3687074874308356,0.0,2.4246804846975802,0.0,3.9846437333225087,0.0,3.422033898305085,0.0
medium,59,request_observed,0.92,Diffusion-JCSO,0.0,100.0,3.009094204277714,3.924247562554384,4.002983310747043,0.0,0.9701923076923077,31.801980274828328,0.7614288837490537,39.42474282433012,1.3679928728083364,0.0,2.4261415425288697,0.0,3.984651112864972,0.0,3.422033898305085,0.0
medium,59,request_observed,0.82,Independent,33.33333333333333,100.0,3.1970065359477124,4.150980392156863,4.150980392156863,33.33333333333333,1.0,26.584404659747523,0.8099433824822503,2.000000000000002,1.02,0.0,2.5890588235294114,0.0,2.8509803921568624,0.0,4.150980392156863,100.0
medium,59,request_observed,0.82,StaticReserve,16.875,91.04166666666667,4.225602119964842,13.126566497993602,15.249396047837305,8.695652173913043,1.0,32.45246884893711,0.758586713447433,27.549352557998848,1.2455262013638828,19.375,5.720000000000001,15.625,14.96,20.0,8.8,15.0
medium,59,request_observed,0.82,JointHeuristic,36.45833333333333,86.25,4.497316440480877,9.186201626349458,14.96,26.32850241545894,0.806971153846154,26.519621555355055,0.8023202965014142,2.08211198367654,1.017622695863791,0.0,5.720000000000001,57.49999999999999,14.96,22.5,8.8,29.375
medium,59,request_observed,0.82,Persistence-JCSO,0.0,100.0,3.062431642819206,4.142256818340006,5.08259234898014,0.0,0.9627403846153847,34.61017316218387,0.7381332628639192,37.165694424204155,1.3288316026276341,0.0,2.434615384615385,0.0,4.758459147664751,0.0,3.422033898305085,0.0
medium,59,request_observed,0.82,MovingAverage-JCSO,0.0,100.0,3.073982061203019,4.1267930020235255,5.085595886923061,0.0,0.9739182692307692,34.53756179969235,0.7393566026474498,37.07851722061698,1.3255997239301105,0.0,2.434615384615385,0.0,4.757474282245552,0.0,3.422033898305085,0.0
medium,59,request_observed,0.82,QuantileMLP-JCSO,0.4166666666666667,99.79166666666667,3.08905885787943,4.183018377872323,5.599318332614563,0.20876826722338201,0.9850961538461538,35.80100817237035,0.7286684733546556,42.37372486035029,1.3743041218307277,0.0,2.41618710327466,0.0,5.116219170031168,1.25,3.422033898305085,0.0
medium,59,request_observed,0.82,GAN-JCSO,0.0,100.0,3.0532919930019724,4.143199678161179,5.089613569184527,0.0,0.9701923076923077,35.23454105274301,0.7321403456063601,39.23357711084315,1.3527423435696873,0.0,2.4246804846975802,0.0,4.763029483169099,0.0,3.422033898305085,0.0
medium,59,request_observed,0.82,Diffusion-JCSO,0.4166666666666667,99.79166666666667,3.0911403559135056,4.148185259337899,5.29566923620161,0.20876826722338201,0.9739182692307692,35.1826905996489,0.7330958613043155,39.88775318730996,1.349945667652765,0.0,2.4261415425288697,0.0,5.069429856947411,1.25,3.422033898305085,0.0
medium,59,proactive,1.0,Independent,67.70833333333334,86.66666666666667,4.643390476639613,8.8,14.96,62.74038461538461,0.8875,21.83531875291682,0.8433455412493883,7.338658004653838,1.0216171457260979,44.583333333333336,5.720000000000001,98.75,14.96,7.5,8.8,96.875
medium,59,proactive,1.0,StaticReserve,16.875,91.04166666666667,4.225602119964842,13.126566497993602,15.249396047837305,8.695652173913043,1.0,26.611024456128433,0.802041105026895,27.549352557998848,1.2455262013638828,19.375,5.720000000000001,15.625,14.96,20.0,8.8,15.0
medium,59,proactive,1.0,JointHeuristic,73.95833333333334,65.0,6.537868244741377,14.96,14.96,59.93589743589743,0.6514423076923078,22.827170404485596,0.8284335405586208,10.99808381710294,1.068017210575431,36.041666666666664,5.7434145182173175,96.875,14.96,41.875,8.8,83.125
medium,59,proactive,1.0,Persistence-JCSO,23.125,89.58333333333334,4.03807667073722,8.8,14.96,14.186046511627906,0.8473557692307694,27.74837795846882,0.7913740608746863,31.51344966365957,1.297654851587698,8.75,5.720000000000001,24.375,14.96,11.25,8.8,33.75
medium,59,proactive,1.0,MovingAverage-JCSO,7.5,96.45833333333333,3.322941777499616,4.814401888424843,8.8,4.103671706263499,0.9177884615384615,28.800231845978296,0.7841638884490585,36.23941869436884,1.3464200961962365,4.166666666666666,3.2285444466422257,9.375,4.819838498583707,2.5,5.112335226226515,10.625
medium,59,proactive,1.0,QuantileMLP-JCSO,1.6666666666666667,99.375,3.0666025581273355,3.976649713238164,4.762230520088261,1.0482180293501049,0.9701923076923077,29.841734153905175,0.7770396562872708,41.18834517931202,1.3954336517164085,2.2916666666666665,2.410919366744543,1.875,4.083615698196608,0.0,3.6088704125273714,3.125
medium,59,proactive,1.0,GAN-JCSO,1.875,99.16666666666667,3.09998987035162,4.018801767972629,5.744586633119677,1.050420168067227,0.959014423076923,29.170701044405895,0.7805460640030756,37.74434427860466,1.3647095348942957,2.2916666666666665,2.4593380312993576,1.875,4.281585911508583,0.625,3.548301351113751,3.125
medium,59,proactive,1.0,Diffusion-JCSO,1.6666666666666667,99.375,3.0932162507018814,3.994046803648843,4.928925356004265,1.0482180293501049,0.9701923076923077,29.276099344763246,0.7814217065477379,38.49745595138496,1.3684957916410339,2.9166666666666665,2.4192217703334857,1.875,4.133597001782452,0.0,3.6640727653236294,3.125
medium,59,proactive,0.92,Independent,68.54166666666667,86.66666666666667,4.662562076342984,8.8,14.96,63.70192307692307,0.9740384615384615,23.734042122735673,0.8305041488281797,7.338658004653838,1.0216171457260979,44.583333333333336,5.720000000000001,98.75,14.96,7.5,8.8,99.375
medium,59,proactive,0.92,StaticReserve,16.875,91.04166666666667,4.225602119964842,13.126566497993602,15.249396047837305,8.695652173913043,1.0,28.92502658274828,0.7848272880727122,27.549352557998848,1.2455262013638828,19.375,5.720000000000001,15.625,14.96,20.0,8.8,15.0
medium,59,proactive,0.92,JointHeuristic,70.625,69.58333333333333,6.136871844335682,14.96,14.96,57.784431137724546,0.7391826923076923,24.56363851346633,0.8166783858041438,10.182949631072614,1.057355454876873,37.708333333333336,5.720000000000001,96.25,14.96,35.625,8.8,80.0
medium,59,proactive,0.92,Persistence-JCSO,10.416666666666668,96.04166666666667,3.425905520635495,5.145682158891059,8.8,6.724511930585683,0.9228365384615383,29.750026722093736,0.7756993290060434,30.609891651749052,1.2804672568828015,9.166666666666666,3.1021671277985474,10.625,4.847406480507438,1.875,8.8,18.75
medium,59,proactive,0.92,MovingAverage-JCSO,4.166666666666666,98.33333333333333,3.1643323249790263,4.096543567184592,5.756491090658909,2.5423728813559325,0.9478365384615385,30.99827239147916,0.7671665956921156,36.01259630256774,1.3338865524554417,4.166666666666666,2.6564065875106406,5.625,4.180589077114636,0.0,4.362347937410843,6.875000000000001
medium,59,proactive,0.92,QuantileMLP-JCSO,1.6666666666666667,99.375,3.077592907992736,3.9961154045768272,4.795892385110003,1.0482180293501049,0.9776442307692307,32.198485647722784,0.7581784514565693,41.22090938191314,1.385791797779133,2.2916666666666665,2.410919366744543,1.875,4.141123373779162,0.0,3.6088704125273714,3.125
medium,59,proactive,0.92,GAN-JCSO,1.875,99.16666666666667,3.1020490665120124,4.029596169659763,5.744586633119677,1.050420168067227,0.959014423076923,31.496749497484984,0.7614910549629835,37.74548744424664,1.3561838838240792,2.2916666666666665,2.4593380312993576,1.875,4.287784308018516,0.625,3.548301351113751,3.125
medium,59,proactive,0.92,Diffusion-JCSO,1.6666666666666667,99.375,3.0972779539652247,4.012634113864555,4.960771682644646,1.0482180293501049,0.9701923076923077,31.583409970351887,0.76242881364019,38.51412269579016,1.3588450686666715,2.9166666666666665,2.4192217703334857,1.875,4.156800741772103,0.0,3.6640727653236294,3.125
medium,59,proactive,0.82,Independent,68.75,86.66666666666667,4.669001957619533,8.8,14.96,63.942307692307686,1.0,26.628437503557105,0.8097411254944555,7.338658004653838,1.0216171457260979,44.583333333333336,5.720000000000001,98.75,14.96,7.5,8.8,100.0
medium,59,proactive,0.82,StaticReserve,16.875,91.04166666666667,4.225602119964842,13.126566497993602,15.249396047837305,8.695652173913043,1.0,32.45246884893711,0.758586713447433,27.549352557998848,1.2455262013638828,19.375,5.720000000000001,15.625,14.96,20.0,8.8,15.0
medium,59,proactive,0.82,JointHeuristic,68.33333333333333,74.375,5.740212560080298,14.96,14.96,57.422969187675065,0.8181490384615385,27.13176774545094,0.7982643414081282,9.318366088462621,1.0411978280649556,40.0,5.720000000000001,95.625,14.96,32.5,8.8,76.875
medium,59,proactive,0.82,Persistence-JCSO,7.916666666666666,97.29166666666667,3.3666660029055255,4.701353774260077,8.8,5.353319057815846,0.9515625,32.95891870706408,0.7505037060163734,30.785301481760357,1.2652466804060494,9.166666666666666,2.91816048488827,8.125,4.921520640977151,0.625,6.687463240817171,15.0
medium,59,proactive,0.82,MovingAverage-JCSO,4.166666666666666,98.33333333333333,3.2206198245800977,4.423676424204217,6.074875653200498,2.5423728813559325,0.9664663461538462,34.28362255720814,0.7407611567160854,36.34255133621496,1.3159281545815598,4.166666666666666,2.6564065875106406,5.625,4.73659825849233,0.0,4.362347937410843,6.875000000000001
medium,59,proactive,0.82,QuantileMLP-JCSO,2.083333333333333,99.16666666666667,3.1538775238877443,4.337715436186207,6.209300256927214,1.2605042016806722,0.9813701923076923,35.65155103654031,0.729357833075259,41.64801712943832,1.3686313624413737,2.2916666666666665,2.410919366744543,1.875,5.138724139204515,1.25,3.6088704125273714,3.125
medium,59,proactive,0.82,GAN-JCSO,1.875,99.16666666666667,3.151486980552937,4.337744677356154,6.074875653210673,1.050420168067227,0.9664663461538462,34.92743027359845,0.7335748091457439,38.07877552194815,1.341273457657132,2.2916666666666665,2.4572149878742566,1.875,5.158911944928303,0.625,3.548301351113751,3.125
medium,59,proactive,0.82,Diffusion-JCSO,2.083333333333333,99.16666666666667,3.17335687978425,4.3111386015953945,6.220249538868653,1.2605042016806722,0.9739182692307692,34.965583227393786,0.7341991442292188,38.92798290451677,1.3418141508204082,2.9166666666666665,2.4192217703334857,1.875,5.011357099916196,1.25,3.6640727653236294,3.125
medium,73,request_observed,1.0,Independent,33.33333333333333,100.0,3.1710442279249462,4.150980392156863,4.150980392156863,33.33333333333333,0.891826923076923,22.234539423639372,0.8373286834094429,2.0000000000000018,1.02,0.0,2.64205294117647,15.625,2.8509804075073806,0.0,4.150980392156863,84.375
medium,73,request_observed,1.0,StaticReserve,14.374999999999998,91.875,3.947270130888892,8.8,14.96,6.802721088435375,1.0,27.554626500811715,0.8048464042908117,30.00542138799587,1.262805437389026,19.166666666666668,2.798646459466036,6.25,6.792316798807231,5.0,8.8,31.874999999999996
medium,73,request_observed,1.0,JointHeuristic,51.24999999999999,73.125,5.603578448774729,14.96,17.062769374715064,33.33333333333333,0.5705528846153847,22.96362267765823,0.8247398563234956,5.3173477772691795,1.0531734777726918,0.0,5.720000000000001,75.625,14.96,36.25,8.8,41.875
medium,73,request_observed,1.0,Persistence-JCSO,5.208333333333334,96.875,3.231052326318374,4.542759877404296,10.093599999999874,2.1505376344086025,0.8704326923076924,29.665455369542503,0.7753577149698196,37.26004099317098,1.36015363819513,0.0,2.605812215620006,5.625,5.176851148231054,3.125,4.439521614382539,6.875000000000001
medium,73,request_observed,1.0,MovingAverage-JCSO,1.875,98.125,3.0912911362106046,3.932782196293368,8.8,0.0,0.8842548076923077,29.68202098005878,0.7757079429678091,36.94591092628168,1.360029510121596,0.0,2.434615384615385,1.875,3.958642386509531,1.875,3.4220338983050973,1.875
medium,73,request_observed,1.0,QuantileMLP-JCSO,0.0,100.0,2.9796518471021263,3.9185185185185185,3.9540370134848835,0.0,0.9552884615384615,30.922937599772727,0.768799739320203,43.666058761619276,1.4167365129498857,0.0,2.3862832481799585,0.0,3.941575281761171,0.0,3.422033898305085,0.0
medium,73,request_observed,1.0,GAN-JCSO,2.7083333333333335,98.75,3.0521900809516693,3.94437041195405,5.728072586929744,1.4767932489451476,0.8743990384615385,29.756479583447128,0.7735342918188709,37.33343439031248,1.364445645844719,0.0,2.434615384615387,3.75,4.013694000989069,1.25,3.4872176514984017,3.125
medium,73,request_observed,1.0,Diffusion-JCSO,0.0,100.0,2.952503899291301,3.9185185185185185,3.954915136895881,0.0,0.9180288461538462,30.772154407758677,0.7685162210614761,42.90881835356365,1.4102701207026818,0.0,2.431450627335201,0.0,3.9418717519397157,0.0,3.422033898305085,0.0
medium,73,request_observed,0.92,Independent,33.33333333333333,100.0,3.1907756116072545,4.150980392156863,4.150980392156863,33.33333333333333,0.9740384615384615,24.16797763439062,0.8233717005892183,2.0000000000000018,1.02,0.0,2.5890588235294114,3.75,2.850980451539003,0.0,4.150980392156863,96.25
medium,73,request_observed,0.92,StaticReserve,14.374999999999998,91.875,3.947270130888892,8.8,14.96,6.802721088435375,1.0,29.95068097914317,0.7878765264030559,30.00542138799587,1.262805437389026,19.166666666666668,2.798646459466036,6.25,6.792316798807231,5.0,8.8,31.874999999999996
medium,73,request_observed,0.92,JointHeuristic,48.333333333333336,76.875,5.259587921650042,14.96,14.96,32.79132791327913,0.6306490384615385,24.754704266230306,0.8117282964673164,4.500062785302352,1.0445383298833502,0.0,5.720000000000001,73.75,14.96,32.5,8.8,38.75
medium,73,request_observed,0.92,Persistence-JCSO,1.0416666666666665,99.375,3.0523544530764166,3.9707432148073285,4.487437058601901,0.41928721174004197,0.9390625,31.9309441380518,0.7587903929301104,36.98365254388311,1.3475375359320807,0.0,2.434615384615385,1.25,4.1543361959747624,0.625,3.4220338983050915,1.25
medium,73,request_observed,0.92,MovingAverage-JCSO,0.0,100.0,2.991626111341597,3.951104269129821,4.119335367333323,0.0,0.9292067307692307,31.996838049752753,0.7576920809378839,36.90155499664507,1.34942977830808,0.0,2.434615384615385,0.0,4.08207601326605,0.0,3.422033898305085,0.0
medium,73,request_observed,0.92,QuantileMLP-JCSO,0.0,100.0,3.0071912656584474,3.9306606883822517,4.10211182903785,0.0,0.9850961538461538,33.310183781132416,0.7504154225464237,43.70151887800791,1.4047794730459608,0.0,2.3862832481799585,0.0,4.047043783391823,0.0,3.422033898305085,0.0
medium,73,request_observed,0.92,GAN-JCSO,0.0,100.0,2.982702417306596,3.933567756875554,4.09303684793803,0.0,0.9403846153846154,32.05317764817944,0.7574381144025066,37.21092907370409,1.352826186938056,0.0,2.434615384615385,0.0,4.016359736391056,0.0,3.422033898305085,0.0
medium,73,request_observed,0.92,Diffusion-JCSO,0.0,100.0,2.9878639276876067,3.9274788107276652,4.111439704044888,0.0,0.959014423076923,33.14099861491388,0.7507859044798479,42.94411083631143,1.3981032735753576,0.0,2.431450627335201,0.0,4.046598083682105,0.0,3.422033898305085,0.0
medium,73,request_observed,0.82,Independent,33.33333333333333,100.0,3.1974591194707624,4.150980489058726,4.160332046629157,33.33333333333333,1.0,27.11298322866226,0.8017635338845732,2.0000000000000018,1.019917644945231,0.0,2.5890588235294114,0.0,2.850980550005097,0.0,4.152362459132959,100.0
medium,73,request_observed,0.82,StaticReserve,14.374999999999998,91.875,3.947270130888892,8.8,14.96,6.802721088435375,1.0,33.603203049770386,0.7620078101107455,30.00542138799587,1.262805437389026,19.166666666666668,2.798646459466036,6.25,6.792316798807231,5.0,8.8,31.874999999999996
medium,73,request_observed,0.82,JointHeuristic,41.458333333333336,84.375,4.605568678381398,14.96,14.96,30.617283950617285,0.7322115384615385,27.23283996115938,0.7938154571510221,2.7473094701277687,1.0244160796256943,0.0,5.720000000000001,66.875,14.96,25.0,8.8,32.5
medium,73,request_observed,0.82,Persistence-JCSO,0.0,100.0,3.046190206540319,4.013244241039602,4.746986445910147,0.0,0.9739182692307693,35.31157572721481,0.7311927307557659,37.12745323831418,1.3294207450409194,0.0,2.434615384615385,0.0,4.616145315631102,0.0,3.422033898305085,0.0
medium,73,request_observed,0.82,MovingAverage-JCSO,0.0,100.0,3.0518814989284473,4.014200884551328,4.7660419942153815,0.0,0.9776442307692307,35.419324004012985,0.7308725622498354,37.07934874007496,1.3325409894909734,0.0,2.434615384615385,0.0,4.618955260454847,0.0,3.422033898305085,0.0
medium,73,request_observed,0.82,QuantileMLP-JCSO,0.0,100.0,3.0447688879733104,4.005488790454607,4.738804675093202,0.0,1.0,36.819093552632665,0.7208204109632008,43.89162342826453,1.3852855622009657,0.0,2.3862832481799585,0.0,4.6025034630295805,0.0,3.422033898305085,0.0
medium,73,request_observed,0.82,GAN-JCSO,0.0,100.0,3.0267441073729127,4.004153602896655,4.696885575048862,0.0,0.9664663461538462,35.45334366548028,0.7297938310925834,37.38344498829463,1.3348142672127725,0.0,2.434615384615385,0.0,4.359929080636858,0.0,3.422033898305085,0.0
medium,73,request_observed,0.82,Diffusion-JCSO,0.0,100.0,3.0360552655336686,4.003669377390841,4.740629336209687,0.0,0.9888221153846153,36.60523094238754,0.7225837568347785,43.13295956623205,1.3777121725808905,0.0,2.431450627335201,0.0,4.606249227950294,0.0,3.422033898305085,0.0
medium,73,proactive,1.0,Independent,67.70833333333334,87.5,4.669657392164129,8.8,14.96,63.095238095238095,0.896153846153846,22.28643353557034,0.8371396146294089,7.633902991652262,1.0223079361392375,44.375,5.720000000000001,98.125,14.96,8.125,8.8,96.875
medium,73,proactive,1.0,StaticReserve,14.374999999999998,91.875,3.947270130888892,8.8,14.96,6.802721088435375,1.0,27.554626500811715,0.8048464042908117,30.00542138799587,1.262805437389026,19.166666666666668,2.798646459466036,6.25,6.792316798807231,5.0,8.8,31.874999999999996
medium,73,proactive,1.0,JointHeuristic,71.45833333333333,66.04166666666667,6.522215343815931,14.96,17.851282023050604,56.782334384858046,0.5881009615384616,23.430073267369686,0.8214981945975005,11.672007493707197,1.0745197307643852,35.625,5.720000000000001,93.125,14.96,41.25,8.8,80.0
medium,73,proactive,1.0,Persistence-JCSO,18.75,90.20833333333333,3.9343351047356974,8.8,14.96,9.930715935334874,0.7941105769230768,28.379346722444858,0.7831658821206589,32.03676261115659,1.3011399310242735,8.333333333333332,5.720000000000001,21.25,14.96,10.0,8.8,25.0
medium,73,proactive,1.0,MovingAverage-JCSO,7.291666666666667,96.04166666666667,3.361702460528691,5.680089856543135,14.96,3.470715835140998,0.8717548076923076,29.481824404193674,0.7767327142891189,36.631038651025,1.351087795164131,5.0,2.9369224130916476,6.25,5.661836692634651,3.75,6.556433328307748,11.875
medium,73,proactive,1.0,QuantileMLP-JCSO,4.166666666666666,98.95833333333334,3.1243912325695864,4.235135093120185,6.433794226447727,3.1578947368421053,0.959014423076923,30.73047838756121,0.7700023945796872,43.22547162703128,1.408325852280738,3.125,2.4003695422814952,1.25,4.2603910416052795,0.625,4.624364573856796,10.625
medium,73,proactive,1.0,GAN-JCSO,8.333333333333332,96.04166666666667,3.305864395508059,5.3275697031206555,10.093599999999874,4.55531453362256,0.853125,29.50549226622976,0.7739389510395321,36.71687259609192,1.3534134523877828,4.166666666666666,3.086230307329087,10.0,5.133412283923038,3.125,5.923199415965643,11.875
medium,73,proactive,1.0,Diffusion-JCSO,3.5416666666666665,98.95833333333334,3.080028117193229,4.177351520118593,6.106512160753398,2.526315789473684,0.910576923076923,30.53479919345845,0.7698070052046017,42.236518651437926,1.3997653295418966,2.9166666666666665,2.4479038863277807,1.25,4.275546854938651,0.625,4.595280664293755,8.75
medium,73,proactive,0.92,Independent,68.75,87.5,4.687315696804628,8.8,14.96,64.28571428571429,0.9740384615384615,24.22438427779385,0.8231548790885009,7.633902991652262,1.0223079361392375,44.375,5.720000000000001,98.125,14.96,8.125,8.8,100.0
medium,73,proactive,0.92,StaticReserve,14.374999999999998,91.875,3.947270130888892,8.8,14.96,6.802721088435375,1.0,29.95068097914317,0.7878765264030559,30.00542138799587,1.262805437389026,19.166666666666668,2.798646459466036,6.25,6.792316798807231,5.0,8.8,31.874999999999996
medium,73,proactive,0.92,JointHeuristic,69.58333333333333,70.0,6.168469992285139,14.96,15.0342788361692,56.547619047619044,0.6569711538461539,25.24945351523279,0.8085289632682912,11.006354762417148,1.0653973508866081,37.708333333333336,5.720000000000001,93.125,14.96,37.5,8.8,78.125
medium,73,proactive,0.92,Persistence-JCSO,11.666666666666666,95.625,3.4773003207500013,5.720000000000001,14.96,7.625272331154684,0.865625,30.42913661785119,0.7674397913012765,31.091738812127925,1.2839853304597608,8.75,3.0378798756264778,10.625,6.110059691090414,3.75,6.545762114530658,20.625
medium,73,proactive,0.92,MovingAverage-JCSO,4.791666666666667,98.54166666666667,3.1821492853847304,4.301260362701022,6.95115036789162,3.382663847780127,0.9217548076923077,31.727176595604988,0.759240620008941,36.375780673657,1.3382931132544134,5.208333333333334,2.5051788327532685,2.5,4.443391234067641,1.25,4.643284895369796,10.625
medium,73,proactive,0.92,QuantileMLP-JCSO,4.166666666666666,98.95833333333334,3.144723892405127,4.246054829818399,6.459484626592915,3.1578947368421053,0.9813701923076923,33.10410641338972,0.751289491183495,43.245889450692765,1.3964867759681354,3.125,2.4003695422814952,1.25,4.292462018164956,0.625,4.624364573856796,10.625
medium,73,proactive,0.92,GAN-JCSO,6.25,97.70833333333333,3.2318030153160993,4.568909150248418,8.8,4.051172707889126,0.9167067307692307,31.83404402621161,0.757241050983189,36.69059271087493,1.3439677520758448,4.166666666666666,2.684140763387386,6.875000000000001,4.87848511586571,1.875,5.1541616245004125,10.0
medium,73,proactive,0.92,Diffusion-JCSO,3.5416666666666665,98.95833333333334,3.115972990108571,4.239075162270219,6.112730740168278,2.526315789473684,0.9552884615384615,32.88810457193367,0.7523278164754265,42.25659166855371,1.3877949550477608,2.9166666666666665,2.4479038863277807,1.25,4.303335637874238,0.625,4.595280664293755,8.75
medium,73,proactive,0.82,Independent,68.75,87.5,4.6903085732518495,8.8,14.96,64.28571428571429,1.0,27.176268731017096,0.8015202707374272,7.633902991652262,1.0222255810844685,44.375,5.720000000000001,98.125,14.96,8.125,8.8,100.0
medium,73,proactive,0.82,StaticReserve,14.374999999999998,91.875,3.947270130888892,8.8,14.96,6.802721088435375,1.0,33.603203049770386,0.7620078101107455,30.00542138799587,1.262805437389026,19.166666666666668,2.798646459466036,6.25,6.792316798807231,5.0,8.8,31.874999999999996
medium,73,proactive,0.82,JointHeuristic,66.875,76.66666666666667,5.61959643162049,14.96,14.96,56.79347826086957,0.7548076923076923,27.842358014551728,0.7894226942120719,9.90483625839012,1.04740232806016,41.875,5.720000000000001,91.25,14.96,31.874999999999996,8.8,77.5
medium,73,proactive,0.82,Persistence-JCSO,8.125,97.29166666666667,3.3833076585446897,5.164643996939088,8.8,5.567451820128479,0.9329326923076924,33.65071568718903,0.7422520428995969,31.06324331783684,1.2665900081676629,8.75,2.6268430575205888,6.25,5.286821193102246,1.875,5.911425479136508,16.25
medium,73,proactive,0.82,MovingAverage-JCSO,4.791666666666667,98.54166666666667,3.236129751592176,4.515663769425696,6.987695493140695,3.382663847780127,0.9701923076923077,35.1117696248118,0.7328095341402489,36.51209585218614,1.3211608885362234,5.208333333333334,2.5051788327532685,2.5,5.102066809497971,1.25,4.643284895369796,10.625
medium,73,proactive,0.82,QuantileMLP-JCSO,4.166666666666666,98.95833333333334,3.1792125371649034,4.486918725948275,6.505059850023195,3.1578947368421053,1.0,36.58840890199867,0.7221937179900956,43.39293349997816,1.3769591030164332,3.125,2.4003695422814952,1.25,4.730026948480313,0.625,4.624364573856796,10.625
medium,73,proactive,0.82,GAN-JCSO,4.791666666666667,98.33333333333333,3.2236772527861706,4.735284669468731,6.986812178219672,3.1779661016949152,0.959014423076923,35.18675135885713,0.7311666479006789,36.77952311837986,1.325066866430439,4.166666666666666,2.567179657436802,4.375,5.071188560034526,1.25,5.0827299367424255,8.75
medium,73,proactive,0.82,Diffusion-JCSO,3.5416666666666665,98.95833333333334,3.1635219563484527,4.365570711642935,6.122210298850963,2.526315789473684,0.992548076923077,36.33422610322946,0.7249225964983042,42.40125296780747,1.3678356706284727,2.9166666666666665,2.4479038863277807,1.25,4.731011365516828,0.625,4.595280664293755,8.75
medium,89,request_observed,1.0,Independent,33.33333333333333,100.0,3.159620800653595,4.150980392156863,4.150980392156863,33.33333333333333,0.844230769230769,22.790690847664123,0.8426020175382917,2.000000000000002,1.02,0.0,2.64205294117647,22.5,2.8509803921568624,0.0,4.150980392156863,77.5
medium,89,request_observed,1.0,StaticReserve,33.75,78.125,5.960174215370175,14.96,27.203767121472225,15.2,1.0,26.16099829088138,0.8055528084497778,23.9825328851605,1.1741018450145935,30.0,5.722881748460179,26.25,17.34536752779342,52.5,8.8,22.5
medium,89,request_observed,1.0,JointHeuristic,43.541666666666664,78.75,5.128277521492114,14.96,15.038781399411402,28.306878306878307,0.6793269230769231,23.23796888727372,0.8329865040923423,4.204577705767575,1.0399154382379043,0.0,5.720000000000001,68.75,14.96,28.749999999999996,8.8,33.125
medium,89,request_observed,1.0,Persistence-JCSO,3.3333333333333335,98.125,3.1767391707032213,4.318353936217022,8.8,1.48619957537155,0.9289663461538462,30.02713161180163,0.7803559592852409,37.4664146692549,1.3442730644721537,0.0,2.434615384615387,3.75,5.181744740921884,1.875,3.9687607019833058,4.375
medium,89,request_observed,1.0,MovingAverage-JCSO,2.083333333333333,98.75,3.110964147247487,4.06803951243408,5.720000000000001,0.8438818565400843,0.9302884615384615,30.139735568243925,0.7805813830517015,37.71464552868464,1.348319999031989,0.0,2.4346162565183067,2.5,4.384518703698714,1.25,3.51728682679876,2.5
medium,89,request_observed,1.0,QuantileMLP-JCSO,0.0,100.0,2.9955908765934094,3.9565489323344973,4.203814762435724,0.0,0.9739182692307692,31.043606825517312,0.7748286973952923,42.17328644218741,1.389511177209978,0.0,2.41858701787806,0.0,4.02024620846189,0.0,3.422033898305085,0.0
medium,89,request_observed,1.0,GAN-JCSO,5.625,96.875,3.3221273841523455,4.636833977802328,10.093599999999874,2.5806451612903225,0.9598557692307693,29.97164114668057,0.7855161385992496,36.777131761428954,1.3412122157019828,0.0,2.9837345252120824,8.125,5.221860072895874,3.125,4.238812160197198,5.625
medium,89,request_observed,1.0,Diffusion-JCSO,0.8333333333333334,99.375,3.079466764941704,3.982440664381618,4.7453150514292854,0.20964360587002098,0.9875,30.71232229295043,0.7807985068341938,40.74265800593971,1.3742264142238443,0.0,2.434615384615385,1.25,4.22009900489375,0.625,3.422033898305085,0.625
medium,89,request_observed,0.92,Independent,33.33333333333333,100.0,3.1845446241830064,4.150980392156863,4.150980392156863,33.33333333333333,0.948076923076923,24.772490051808838,0.828824936162848,2.000000000000002,1.02,0.0,2.64205294117647,7.5,2.8509803921568624,0.0,4.150980392156863,92.5
medium,89,request_observed,0.92,StaticReserve,33.75,78.125,5.960174215370175,14.96,27.203767121472225,15.2,1.0,28.435867707479762,0.7886443570106281,23.9825328851605,1.1741018450145935,30.0,5.722881748460179,26.25,17.34536752779342,52.5,8.8,22.5
medium,89,request_observed,0.92,JointHeuristic,42.083333333333336,81.25,4.926323186848848,14.96,14.96,28.717948717948715,0.7479567307692309,25.037600589838448,0.8199199603578814,3.653926575801992,1.031015511565606,0.0,5.720000000000001,67.5,14.96,27.500000000000004,8.8,31.25
medium,89,request_observed,0.92,Persistence-JCSO,0.4166666666666667,99.79166666666667,3.049411359586572,4.043222753291905,4.7971415286798935,0.20876826722338201,0.9478365384615385,32.15683672181467,0.761618543607525,37.35588696893125,1.3255101812707821,0.0,2.434615384615385,0.0,4.614116619227241,1.25,3.422033898305085,0.0
medium,89,request_observed,0.92,MovingAverage-JCSO,0.4166666666666667,99.79166666666667,3.04978470615689,4.030129291891021,4.835870195650106,0.20876826722338201,0.9478365384615385,32.29122582395661,0.762220113311385,37.76631217769856,1.330113679840321,0.0,2.434615384615385,0.0,4.614198692764534,1.25,3.422033898305085,0.0
medium,89,request_observed,0.92,QuantileMLP-JCSO,0.4166666666666667,99.79166666666667,3.0448188136833996,4.030129291891021,4.805156413736771,0.20876826722338201,0.9739182692307692,33.286614576034104,0.7549646405085042,42.36401895852841,1.3718750741813324,0.0,2.41858701787806,0.0,4.599463717630546,1.25,3.422033898305085,0.0
medium,89,request_observed,0.92,GAN-JCSO,0.4166666666666667,99.79166666666667,3.087343020785204,4.035055350597415,4.808500603539634,0.20876826722338201,0.9850961538461538,32.09106802828677,0.7672014802762013,36.67615389636654,1.3222248549954656,0.0,2.4281083471334792,0.0,4.614035902338622,1.25,3.422033898305085,0.0
medium,89,request_observed,0.92,Diffusion-JCSO,0.4166666666666667,99.79166666666667,3.0714982301308185,4.029982674207194,4.816079742835244,0.20876826722338201,0.992548076923077,32.92294682789733,0.7615827319346671,40.87569519703868,1.3564264521729803,0.0,2.433305116922309,0.0,4.608038893668561,1.25,3.422033898305085,0.0
medium,89,request_observed,0.82,Independent,33.33333333333333,100.0,3.199143390490247,4.150980392156863,4.150980392156863,33.33333333333333,0.995673076923077,27.786552267944476,0.8079510862349585,2.000000000000002,1.019759042634266,0.0,2.5890588235294114,0.625,2.8611002249508246,0.0,4.150980392156863,99.375
medium,89,request_observed,0.82,StaticReserve,33.75,78.125,5.960174215370175,14.96,27.203767121472225,15.2,1.0,31.903656452294367,0.7628692785972903,23.9825328851605,1.1741018450145935,30.0,5.722881748460179,26.25,17.34536752779342,52.5,8.8,22.5
medium,89,request_observed,0.82,JointHeuristic,37.291666666666664,88.54166666666666,4.348798056590902,9.78225427750856,14.96,29.176470588235293,0.8383413461538464,27.499186148971095,0.8009139412681001,2.3069216606539196,1.0097487569396562,0.0,5.720000000000001,62.5,14.96,24.375,8.8,25.0
medium,89,request_observed,0.82,Persistence-JCSO,1.875,99.16666666666667,3.2298040875754745,4.936631916236433,8.835381755591738,1.050420168067227,0.9552884615384615,35.38755686060166,0.7327736438977502,38.3118057472978,1.3018511659979508,0.0,2.434615384615385,0.0,7.344433175522314,5.625,3.422033898305085,0.0
medium,89,request_observed,0.82,MovingAverage-JCSO,1.875,99.16666666666667,3.2252974888809316,5.0765075654652705,8.879867640112511,1.050420168067227,0.9478365384615385,35.50093881550531,0.7322415414432933,38.71094990862181,1.3051498363229517,0.0,2.434615384615385,0.0,7.3456572796622375,5.625,3.422033898305085,0.0
medium,89,request_observed,0.82,QuantileMLP-JCSO,1.875,99.16666666666667,3.2238856743724513,5.0734874717152945,8.846572855242533,1.050420168067227,0.9776442307692307,36.6596459822825,0.7245723957634258,43.33356597428176,1.3484086183309616,0.0,2.41858701787806,0.0,7.32575240687003,5.625,3.422033898305085,0.0
medium,89,request_observed,0.82,GAN-JCSO,1.875,99.16666666666667,3.2645902263795157,5.0765075654652705,8.865647696523164,1.050420168067227,0.9850961538461538,35.376604892018435,0.7374849218980079,37.61888860889479,1.3008137625542107,0.0,2.4281083471334792,0.0,7.343216458757978,5.625,3.422033898305085,0.0
medium,89,request_observed,0.82,Diffusion-JCSO,1.875,99.16666666666667,3.2497873870051204,5.075976882726505,8.871204367975254,1.050420168067227,0.992548076923077,36.27222116370974,0.7310932208473094,41.85136941244279,1.333736702526484,0.0,2.433305116922309,0.0,7.334541114737125,5.625,3.422033898305085,0.0
medium,89,proactive,1.0,Independent,67.08333333333333,88.33333333333333,4.488681957549544,8.8,14.96,62.735849056603776,0.8485576923076922,22.834037984929758,0.8424112676640789,7.3802150220781,1.0218798056948843,43.125,5.720000000000001,99.375,6.633124804508683,5.0,8.8,96.875
medium,89,proactive,1.0,StaticReserve,33.75,78.125,5.960174215370175,14.96,27.203767121472225,15.2,1.0,26.16099829088138,0.8055528084497778,23.9825328851605,1.1741018450145935,30.0,5.722881748460179,26.25,17.34536752779342,52.5,8.8,22.5
medium,89,proactive,1.0,JointHeuristic,68.125,70.41666666666667,6.119379155798532,14.96,15.18692237455586,54.73372781065089,0.6905048076923077,23.749391942563765,0.829470150530258,10.920302029007164,1.0627969613015549,34.791666666666664,5.720000000000001,92.5,14.96,31.874999999999996,8.8,80.0
medium,89,proactive,1.0,Persistence-JCSO,21.458333333333332,91.66666666666666,3.879831554868969,8.8,14.96,14.318181818181818,0.880048076923077,28.715316022284043,0.7896852251723934,32.419942569377284,1.2853066822723556,7.916666666666666,5.720000000000001,19.375,14.96,10.625,8.8,34.375
medium,89,proactive,1.0,MovingAverage-JCSO,10.625,95.41666666666667,3.47853549449617,5.720000000000001,14.96,6.331877729257641,0.9225961538461538,29.912680046638595,0.7822715634445666,37.38213677475004,1.3384592589424233,5.208333333333334,3.279290633784133,11.875,6.143570744089642,4.375,8.8,15.625
medium,89,proactive,1.0,QuantileMLP-JCSO,2.9166666666666665,98.75,3.15101892441888,4.21708702873261,5.995524875192526,1.6877637130801686,0.9776442307692307,30.815265746219744,0.776114475784879,41.24282994666711,1.3796008117618022,3.125,2.462637973666587,3.125,4.7555097963360975,1.25,3.9176151160073056,4.375
medium,89,proactive,1.0,GAN-JCSO,13.750000000000002,93.75,3.658680100004605,5.89010151762973,14.96,8.0,0.9572115384615385,29.7110729849689,0.7872894317964936,36.1893901280749,1.330068879502449,5.0,5.720000000000001,17.5,14.96,5.625,8.8,18.125
medium,89,proactive,1.0,Diffusion-JCSO,4.791666666666667,97.91666666666666,3.25126084580524,4.481899665918294,8.8,2.7659574468085104,0.9837740384615385,30.462499073432436,0.7817465453248724,39.82570619090009,1.3633242676001935,3.75,2.670097199314901,5.625,4.964661129805554,1.875,4.183043907806074,6.875000000000001
medium,89,proactive,0.92,Independent,67.91666666666667,88.33333333333333,4.507225972481053,8.8,14.96,63.67924528301887,0.952403846153846,24.81960650535843,0.8286175993430515,7.3802150220781,1.0218798056948843,43.125,5.720000000000001,99.375,6.633124804508683,5.0,8.8,99.375
medium,89,proactive,0.92,StaticReserve,33.75,78.125,5.960174215370175,14.96,27.203767121472225,15.2,1.0,28.435867707479762,0.7886443570106281,23.9825328851605,1.1741018450145935,30.0,5.722881748460179,26.25,17.34536752779342,52.5,8.8,22.5
medium,89,proactive,0.92,JointHeuristic,67.29166666666667,73.33333333333333,5.898506115049914,14.96,14.96,55.39772727272727,0.7604567307692308,25.54595347099829,0.8162710471546184,10.395530406321797,1.0519804483375155,35.208333333333336,5.720000000000001,91.25,14.96,30.625000000000004,8.8,80.0
medium,89,proactive,0.92,Persistence-JCSO,15.0,94.375,3.646425565444283,6.524883840800661,14.96,9.933774834437086,0.9164663461538461,30.741682810398473,0.7723064269924939,31.98194404290806,1.266834085885278,8.333333333333332,3.130701650256434,12.5,7.3303175846013495,6.25,8.8,26.25
medium,89,proactive,0.92,MovingAverage-JCSO,5.0,97.91666666666666,3.2744289044052977,4.649718843408928,8.8,2.9787234042553195,0.9478365384615385,32.030142860854724,0.7637581086879028,37.21715227299634,1.3195759070732838,5.208333333333334,2.5902972837799614,5.0,5.402146110185605,2.5,4.2086683880139075,7.5
medium,89,proactive,0.92,QuantileMLP-JCSO,3.3333333333333335,98.54166666666667,3.1955054942469094,4.530790168668038,7.413650935677096,1.9027484143763214,0.9776442307692307,33.06314222570247,0.756401164517872,41.405618071270275,1.3629252904679727,3.125,2.462637973666587,3.125,5.380773054602178,2.5,3.9176151160073056,4.375
medium,89,proactive,0.92,GAN-JCSO,6.25,97.91666666666666,3.310280264051374,4.687091567861026,8.8,4.25531914893617,0.992548076923077,31.78544782592801,0.7694808547639087,35.91840320724955,1.3101106692665456,5.0,2.5690148341394963,5.0,5.395202013429025,2.5,4.579404648466406,11.25
medium,89,proactive,0.92,Diffusion-JCSO,3.958333333333333,98.33333333333333,3.241710667320748,4.6120844844171405,8.8,2.330508474576271,0.992548076923077,32.67196467704465,0.7628167895959745,39.932083246796786,1.346312372731695,3.75,2.4748230986530353,3.75,5.37542684425693,2.5,4.1109174644983915,5.625
medium,89,proactive,0.82,Independent,68.125,88.33333333333333,4.517234353328659,8.8,14.96,63.91509433962265,0.995673076923077,27.839414630463544,0.807736616406733,7.3802150220781,1.0216388483291505,43.125,5.720000000000001,99.375,6.633124804508683,5.0,8.8,100.0
medium,89,proactive,0.82,StaticReserve,33.75,78.125,5.960174215370175,14.96,27.203767121472225,15.2,1.0,31.903656452294367,0.7628692785972903,23.9825328851605,1.1741018450145935,30.0,5.722881748460179,26.25,17.34536752779342,52.5,8.8,22.5
medium,89,proactive,0.82,JointHeuristic,63.95833333333333,79.16666666666666,5.43573144091483,14.96,14.96,54.473684210526315,0.8471153846153847,28.094294484512805,0.7963540908340775,9.515003027659029,1.031706618955152,38.75,5.720000000000001,88.75,14.96,29.375,8.8,73.75
medium,89,proactive,0.82,Persistence-JCSO,13.125,95.625,3.6384552636991923,6.583158791709356,14.96,9.15032679738562,0.9427884615384616,33.82214228512742,0.7448077435881046,32.59095266230674,1.243820851433354,8.333333333333332,2.777067537803009,10.625,8.32184453795897,7.5,8.8,21.25
medium,89,proactive,0.82,MovingAverage-JCSO,6.25,97.5,3.4242834353094307,5.798755640452094,10.406977030833923,3.8461538461538463,0.9515625,35.253444641704455,0.7344487667173598,38.13020478989528,1.296224107211928,5.208333333333334,2.5902972837799614,5.0,8.117927126391622,6.25,4.2086683880139075,7.5
medium,89,proactive,0.82,QuantileMLP-JCSO,4.583333333333333,98.125,3.342815367847874,5.720000000000001,10.406977030833923,2.7600849256900215,0.9776442307692307,36.45025060884898,0.72562728717665,42.31868370213022,1.3408713064810511,3.125,2.462637973666587,3.125,8.109101111343637,6.25,3.9176151160073056,4.375
medium,89,proactive,0.82,GAN-JCSO,7.5,97.5,3.458634615322225,5.768898960842375,10.406977030833923,5.128205128205128,0.992548076923077,35.08402335406914,0.7399715930755649,36.82673689157605,1.290459455493356,5.0,2.5690148341394963,5.0,8.12219284861384,6.25,4.579404648466406,11.25
medium,89,proactive,0.82,Diffusion-JCSO,5.208333333333334,97.91666666666666,3.3904254891915566,5.720000000000001,10.406977030833923,3.1914893617021276,0.992548076923077,36.02355641343948,0.7325071573307187,40.85696509957423,1.3247543985168555,3.75,2.4748230986530353,3.75,8.121995365990076,6.25,4.1109174644983915,5.625
medium,97,request_observed,1.0,Independent,33.33333333333333,100.0,3.168146703140683,4.150980392156863,4.150980392156863,33.33333333333333,0.8615384615384615,22.759410484554323,0.8406342309779339,2.0000000000000018,1.019598985834721,0.0,2.64205294117647,20.0,2.891041626340094,0.0,4.150980392156863,80.0
medium,97,request_observed,1.0,StaticReserve,42.916666666666664,72.70833333333333,6.003948138580374,14.96,19.488583593730635,21.48997134670487,1.0,25.06543175934503,0.814467269323516,20.704398209469126,1.1267024114269182,37.291666666666664,10.157713368883304,51.87500000000001,14.96,35.625,8.8,41.25
medium,97,request_observed,1.0,JointHeuristic,31.458333333333332,89.58333333333334,4.29714738620005,12.951279936539981,14.96,23.488372093023255,0.8236778846153847,22.56397353269939,0.8375174095549308,2.7973462628912844,1.0114015944744275,0.0,5.720000000000001,54.37499999999999,14.96,21.875,8.8,18.125
medium,97,request_observed,1.0,Persistence-JCSO,3.3333333333333335,98.75,3.3037813885259486,3.977881760004619,14.96,2.109704641350211,0.9962740384615385,29.942413118792103,0.7806433222834709,39.455368777439304,1.3425800227728968,0.0,2.434615384615385,0.0,12.997373858003467,10.0,3.422033898308329,0.0
medium,97,request_observed,1.0,MovingAverage-JCSO,4.583333333333333,98.125,3.3680078706450938,4.428275253551374,14.96,2.7600849256900215,0.994951923076923,30.034968982391476,0.780359757738623,39.80334993857405,1.3457160762468536,0.0,2.4402563504176222,1.875,13.299530786341814,10.625,3.422033898305085,1.25
medium,97,request_observed,1.0,QuantileMLP-JCSO,3.3333333333333335,98.75,3.2922095712079287,3.977881760004619,14.96,2.109704641350211,1.0,30.631829417779983,0.7750325830568441,42.66004550279272,1.3733312006972014,0.0,2.434615384615385,0.0,12.991879367107332,10.0,3.422033898305085,0.0
medium,97,request_observed,1.0,GAN-JCSO,9.166666666666666,95.625,3.605892704754303,7.3038462160231,14.96,5.010893246187364,0.9747596153846153,29.526125059452102,0.7845801728632215,36.970829681115,1.3234283305197183,0.0,3.031982523585395,8.75,14.96,13.125,4.072801112792718,5.625
medium,97,request_observed,1.0,Diffusion-JCSO,3.3333333333333335,98.75,3.2900797013992293,3.977881760004619,14.96,2.109704641350211,0.9888221153846153,30.473573196518316,0.7772301012219062,41.88008150758336,1.365202877519709,0.0,2.434615384615385,0.0,13.022760221273456,10.0,3.422033898305085,0.0
medium,97,request_observed,0.92,Independent,33.33333333333333,100.0,3.2072996779146603,4.150980392156863,4.150980392156863,33.33333333333333,0.952403846153846,24.7059595610462,0.8266394981950483,2.0000000000000018,1.0183369592304783,0.0,2.64205294117647,6.875000000000001,3.2887894802793682,0.0,4.150980392156863,93.125
medium,97,request_observed,0.92,StaticReserve,42.916666666666664,72.70833333333333,6.003948138580374,14.96,19.488583593730635,21.48997134670487,1.0,27.245034521027208,0.7983339883951261,20.704398209469126,1.1267024114269182,37.291666666666664,10.157713368883304,51.87500000000001,14.96,35.625,8.8,41.25
medium,97,request_observed,0.92,JointHeuristic,29.583333333333332,89.375,4.424653452482607,14.96,16.342727566035922,21.21212121212121,0.8822115384615385,24.434527486509776,0.824019291665072,2.8981667421136996,1.007866107516321,0.0,5.720000000000001,52.5,14.96,21.25,8.8,15.0
medium,97,request_observed,0.92,Persistence-JCSO,3.958333333333333,97.29166666666667,3.516078017473025,4.018639873173754,14.96,1.284796573875803,1.0,32.24985141130262,0.7610705075916795,39.87260524584323,1.3312370939442466,0.0,2.434615384615385,0.0,14.96,11.875,3.422033898305085,0.0
medium,97,request_observed,0.92,MovingAverage-JCSO,3.958333333333333,97.29166666666667,3.520271787132168,4.010096921100028,14.96,1.284796573875803,1.0,32.33467505283548,0.7607941741959542,40.18492273973247,1.3337208660787443,0.0,2.434615384615385,0.0,14.96,11.875,3.422033898305085,0.0
medium,97,request_observed,0.92,QuantileMLP-JCSO,3.958333333333333,97.29166666666667,3.5021841819755495,4.010096921100028,14.96,1.284796573875803,1.0,32.989963555915935,0.7548604401098199,43.091809349389216,1.3616322160512284,0.0,2.434615384615385,0.0,14.96,11.875,3.422033898305085,0.0
medium,97,request_observed,0.92,GAN-JCSO,3.958333333333333,97.29166666666667,3.5273685145628892,4.021934161319057,14.96,1.284796573875803,1.0,31.750219785831867,0.7659651821904007,37.037471083808306,1.31003690441362,0.0,2.434615384615385,0.0,14.96,11.875,3.422033898305085,0.0
medium,97,request_observed,0.92,Diffusion-JCSO,3.958333333333333,97.29166666666667,3.5078167009493293,4.010096921100028,14.96,1.284796573875803,1.0,32.80441897418835,0.7578036520396014,42.3099304222384,1.3529783260680937,0.0,2.434615384615385,0.0,14.96,11.875,3.422033898305085,0.0
medium,97,request_observed,0.82,Independent,35.0,99.375,3.369744463813508,4.150980392156863,8.068433925206458,34.59119496855346,0.9870192307692307,27.582652151858433,0.8052803176167849,2.0000000000000018,1.0136263211755185,0.0,2.5890588235294114,1.875,6.31056351791371,5.0,4.150980392156863,98.125
medium,97,request_observed,0.82,StaticReserve,42.916666666666664,72.70833333333333,6.003948138580374,14.96,19.488583593730635,21.48997134670487,1.0,30.56759970651833,0.7737405723457512,20.704398209469126,1.1267024114269182,37.291666666666664,10.157713368883304,51.87500000000001,14.96,35.625,8.8,41.25
medium,97,request_observed,0.82,JointHeuristic,26.458333333333332,92.08333333333333,4.213767437899752,14.96,14.96,20.13574660633484,0.933533653846154,27.07681699167155,0.8039587770023073,2.3903958702553387,0.9959008135721307,0.0,4.958411868919994,48.75,14.96,19.375,7.462447733577643,11.25
medium,97,request_observed,0.82,Persistence-JCSO,4.166666666666666,96.875,3.5863067741085555,4.8343123839682445,14.96,1.0752688172043012,1.0,35.6923881498216,0.731585570848851,40.06523118582025,1.3143584050196533,0.0,2.434615384615385,0.0,14.96,12.5,3.422033898305085,0.0
medium,97,request_observed,0.82,MovingAverage-JCSO,4.166666666666666,96.875,3.5906552731322936,4.815982273346106,14.96,1.0752688172043012,1.0,35.75537865165088,0.7312781355381718,40.38181180092083,1.315728938477357,0.0,2.434615384615385,0.0,14.96,12.5,3.422033898305085,0.0
medium,97,request_observed,0.82,QuantileMLP-JCSO,4.166666666666666,96.875,3.5725094079233153,4.818490998964018,14.96,1.0752688172043012,1.0,36.51406771221558,0.724618797492611,43.28414077835174,1.3444528935712674,0.0,2.434615384615385,0.0,14.96,12.5,3.422033898305085,0.0
medium,97,request_observed,0.82,GAN-JCSO,4.166666666666666,96.875,3.597448671415802,4.8343123839682445,14.96,1.0752688172043012,1.0,35.137856446355684,0.7370909275585131,37.22346382668713,1.2933636622944242,0.0,2.434615384615385,0.0,14.96,12.5,3.422033898305085,0.0
medium,97,request_observed,0.82,Diffusion-JCSO,4.166666666666666,96.875,3.578528217231737,4.828494828825429,14.96,1.0752688172043012,1.0,36.305703905009096,0.7279022131050115,42.50403087924386,1.335791509935802,0.0,2.434615384615385,0.0,14.96,12.5,3.422033898305085,0.0
medium,97,proactive,1.0,Independent,67.91666666666667,85.0,4.818081775379816,8.8,14.96,62.254901960784316,0.8615384615384615,22.835588462153567,0.8402743618182683,8.070918451392652,1.0229048544117025,44.79166666666667,5.720000000000001,99.375,14.96,6.25,8.8,98.125
medium,97,proactive,1.0,StaticReserve,42.916666666666664,72.70833333333333,6.003948138580374,14.96,19.488583593730635,21.48997134670487,1.0,25.06543175934503,0.814467269323516,20.704398209469126,1.1267024114269182,37.291666666666664,10.157713368883304,51.87500000000001,14.96,35.625,8.8,41.25
medium,97,proactive,1.0,JointHeuristic,69.375,76.875,5.678438707493325,14.96,14.96,60.16260162601627,0.853485576923077,23.176365114058612,0.8337719691370988,10.584536361100534,1.0388224418156253,40.208333333333336,5.720000000000001,96.875,14.96,28.125,8.8,83.125
medium,97,proactive,1.0,Persistence-JCSO,19.583333333333332,92.5,3.9556034938358975,8.8,14.96,13.063063063063062,0.944951923076923,28.48369061989252,0.7909966371183494,33.31831618368293,1.276955773921812,11.041666666666666,5.720000000000001,21.25,14.96,13.125,8.8,24.375
medium,97,proactive,1.0,MovingAverage-JCSO,12.083333333333334,95.20833333333333,3.655566505132628,7.31664504889296,14.96,7.658643326039387,0.9899038461538462,29.833678436494544,0.7817739729375524,39.329239489473636,1.3369137726371672,6.25,3.3585659366923104,14.374999999999998,14.96,11.875,5.4060652500795605,10.0
medium,97,proactive,1.0,QuantileMLP-JCSO,8.75,96.45833333333333,3.5093719664659293,5.720000000000001,14.96,5.399568034557236,0.994951923076923,30.36329324878616,0.7768112020320065,41.48603820698895,1.361634394918799,3.75,3.0888038420959125,10.625,13.975821628371872,11.25,3.7430371800288946,4.375
medium,97,proactive,1.0,GAN-JCSO,11.875,95.20833333333333,3.6598641830371954,7.223428115111148,14.96,7.439824945295405,0.9848557692307693,29.295606943378772,0.7860720279359779,36.37693543455958,1.3136662308797578,5.416666666666667,3.494715562187026,16.875,14.96,12.5,4.212291301382005,6.25
medium,97,proactive,1.0,Diffusion-JCSO,11.666666666666666,95.41666666666667,3.618647930628167,7.111446504318829,14.96,7.423580786026202,0.9811298076923076,30.246246790663566,0.7787726130177329,40.928424436937135,1.3554182746133334,4.583333333333333,3.352753392584312,13.125,14.96,12.5,4.56749876041981,9.375
medium,97,proactive,0.92,Independent,68.125,85.0,4.834740173119202,8.8,14.96,62.5,0.952403846153846,24.788761710610586,0.826248336064977,8.070918451392652,1.0216428278074599,44.79166666666667,5.720000000000001,99.375,14.96,6.25,8.8,98.75
medium,97,proactive,0.92,StaticReserve,42.916666666666664,72.70833333333333,6.003948138580374,14.96,19.488583593730635,21.48997134670487,1.0,27.245034521027208,0.7983339883951261,20.704398209469126,1.1267024114269182,37.291666666666664,10.157713368883304,51.87500000000001,14.96,35.625,8.8,41.25
medium,97,proactive,0.92,JointHeuristic,68.75,77.29166666666667,5.747922610014428,14.96,15.392578196533554,59.56873315363881,0.8947115384615385,25.09776456839895,0.8196452124757482,10.710163015871471,1.035165702455777,41.041666666666664,5.720000000000001,96.25,14.96,27.500000000000004,8.8,82.5
medium,97,proactive,0.92,Persistence-JCSO,16.875,92.91666666666667,4.004955698430227,8.8,14.96,10.538116591928251,0.975,30.63954193085082,0.7731484856637509,33.420524285962344,1.2645039161199647,11.25,4.0415721650155705,17.5,14.96,13.750000000000002,8.8,19.375
medium,97,proactive,0.92,MovingAverage-JCSO,10.833333333333334,94.79166666666666,3.7664923417470484,8.8,14.96,5.934065934065933,1.0,32.10499054376955,0.762473439944445,39.64519769479663,1.324457868577402,6.25,3.078400045366513,11.25,14.96,12.5,4.864289267142445,8.75
medium,97,proactive,0.92,QuantileMLP-JCSO,8.333333333333332,95.41666666666667,3.6780663337005453,5.94758200825417,14.96,3.9301310043668125,1.0,32.70084404947916,0.756915081409433,41.86469455863082,1.3500171580216234,3.75,2.98310548052484,8.125,14.96,12.5,3.7430371800288946,4.375
medium,97,proactive,0.92,GAN-JCSO,9.166666666666666,95.20833333333333,3.729334370684207,6.105382674234545,14.96,4.595185995623632,1.0,31.55129178006489,0.7671979456857547,36.621501823961545,1.3023968285107943,5.416666666666667,2.9837903513135724,10.0,14.96,12.5,3.9225849362776226,5.0
medium,97,proactive,0.92,Diffusion-JCSO,9.375,95.625,3.675202352961056,5.731179108541761,14.96,5.228758169934641,1.0,32.52403369330197,0.759445554790811,41.18643487856852,1.3418007541592218,4.583333333333333,2.9837224029599345,9.375,14.96,12.5,4.052720449251828,6.25
medium,97,proactive,0.82,Independent,69.79166666666666,84.375,4.968621349779882,8.8,14.96,64.19753086419753,0.9870192307692307,27.675552124540438,0.8048414527879242,8.070918451392652,1.0169321897524999,44.79166666666667,5.720000000000001,99.375,14.96,11.25,8.8,98.75
medium,97,proactive,0.82,StaticReserve,42.916666666666664,72.70833333333333,6.003948138580374,14.96,19.488583593730635,21.48997134670487,1.0,30.56759970651833,0.7737405723457512,20.704398209469126,1.1267024114269182,37.291666666666664,10.157713368883304,51.87500000000001,14.96,35.625,8.8,41.25
medium,97,proactive,0.82,JointHeuristic,68.125,79.16666666666666,5.594410146430141,14.96,14.96,59.73684210526316,0.9385817307692308,27.798435809791854,0.7988933049469942,10.342152287034622,1.0224478670885009,41.875,5.720000000000001,96.25,14.96,25.624999999999996,8.8,82.5
medium,97,proactive,0.82,Persistence-JCSO,15.625,93.125,4.025959939717113,8.8,14.96,9.395973154362416,0.9912259615384615,33.91334517167456,0.7455199624857781,33.530076657931474,1.2485381064581982,11.25,3.617132353431751,16.25,14.96,13.750000000000002,8.8,16.875
medium,97,proactive,0.82,MovingAverage-JCSO,11.041666666666666,94.375,3.8367976070185956,8.8,14.96,5.739514348785872,1.0,35.51322097702737,0.733159931205851,39.84429976840535,1.3070037015753582,6.25,3.078400045366513,11.25,14.96,13.125,4.864289267142445,8.75
medium,97,proactive,0.82,QuantileMLP-JCSO,8.541666666666666,95.0,3.7482430790628127,6.344233904293664,14.96,3.7280701754385963,1.0,36.20753216494691,0.7269239360575823,42.05688191980039,1.3334548199140062,3.75,2.98310548052484,8.125,14.96,13.125,3.7430371800288946,4.375
medium,97,proactive,0.82,GAN-JCSO,9.375,94.79166666666666,3.799258154052685,8.066264932588007,14.96,4.395604395604396,1.0,34.93978081533828,0.7384690337905846,36.80972545592055,1.28659304238481,5.416666666666667,2.9837903513135724,10.0,14.96,13.125,3.9225849362776226,5.0
medium,97,proactive,0.82,Diffusion-JCSO,9.583333333333334,95.20833333333333,3.745368920103247,5.996330051691723,14.96,5.032822757111598,1.0,36.008946656204344,0.7297671919960637,41.379987269380294,1.325230115761587,4.583333333333333,2.9837224029599345,9.375,14.96,13.125,4.052720449251828,6.25
medium,113,request_observed,1.0,Independent,33.33333333333333,100.0,3.1627362785947715,4.150980392156863,4.150980392156863,33.33333333333333,0.8572115384615383,23.179612026988377,0.8317755228122816,2.0000000000000018,1.02,0.0,2.64205294117647,20.625,2.8509803921568624,0.0,4.150980392156863,79.375
medium,113,request_observed,1.0,StaticReserve,36.875,74.79166666666667,5.73747751213715,14.96,25.382124627825636,15.598885793871867,1.0,25.684614402153283,0.8102164439510575,19.72205807736256,1.133314281358539,37.5,5.720000000000001,25.0,14.96,25.0,12.851002731611707,60.62499999999999
medium,113,request_observed,1.0,JointHeuristic,55.00000000000001,70.41666666666667,5.898570317451265,14.96,18.68159184912198,36.09467455621302,0.598798076923077,23.958168971755835,0.81845581181428,5.585394339581707,1.0542379842440792,0.0,5.720000000000001,78.75,14.96,39.375,8.928042856061314,46.875
medium,113,request_observed,1.0,Persistence-JCSO,3.75,97.91666666666666,3.18934969818354,4.354669812308288,8.8,1.702127659574468,0.9028846153846153,30.865550690058175,0.7691758277891748,37.221944926877164,1.3575624698196491,0.0,2.434666187465236,3.125,5.577016472078847,3.125,3.856927056212422,5.0
medium,113,request_observed,1.0,MovingAverage-JCSO,2.7083333333333335,98.54166666666667,3.133474018798327,3.941676808996998,7.444469552460287,1.2684989429175475,0.9228365384615385,30.919628997347143,0.7697996620356056,37.29789009257296,1.3591382651570534,0.0,2.434615384615385,3.125,4.567277529185588,2.5,3.422033898305085,2.5
medium,113,request_observed,1.0,QuantileMLP-JCSO,0.4166666666666667,99.79166666666667,3.05176036470554,3.9281937741076756,4.208129680248032,0.20876826722338201,0.9850961538461538,31.659390788304954,0.7661646517856343,40.82490367161742,1.3923401919263365,0.0,2.3472390857725287,0.0,4.005003584121188,1.25,3.422033898305085,0.0
medium,113,request_observed,1.0,GAN-JCSO,8.333333333333332,95.41666666666667,3.4388306380652294,5.720000000000001,14.96,3.9301310043668125,0.9125,30.68987622171019,0.7725797066709778,36.40783590398817,1.3496767173650526,0.0,3.4861414290629047,10.0,7.4501929897015,6.25,5.344802395298201,8.75
medium,113,request_observed,1.0,Diffusion-JCSO,1.25,99.16666666666667,3.0877586635533008,3.9369738188759458,5.627447920959868,0.42016806722689076,0.9502403846153846,31.23637055457514,0.7677137776575348,38.82272867349302,1.3733342768762753,0.0,2.434615384615385,0.625,4.250334363100832,1.875,3.422033898305085,1.25
medium,113,request_observed,0.92,Independent,33.33333333333333,100.0,3.1862624115129816,4.150980392156863,4.150980392156863,33.33333333333333,0.948076923076923,25.19090306982085,0.8171556248961899,2.0000000000000018,1.0198351228957308,0.0,2.64205294117647,7.5,2.856438489396794,0.0,4.150980392156863,92.5
medium,113,request_observed,0.92,StaticReserve,36.875,74.79166666666667,5.73747751213715,14.96,25.382124627825636,15.598885793871867,1.0,27.91805913277531,0.7937135260337582,19.72205807736256,1.133314281358539,37.5,5.720000000000001,25.0,14.96,25.0,12.851002731611707,60.62499999999999
medium,113,request_observed,0.92,JointHeuristic,50.416666666666664,75.41666666666667,5.433169367402995,14.96,14.96,34.25414364640884,0.6578125000000001,25.765255029774703,0.8055505191043617,4.581220897737099,1.043091500563144,0.0,5.720000000000001,74.375,14.96,35.625,8.8,41.25
medium,113,request_observed,0.92,Persistence-JCSO,0.4166666666666667,99.79166666666667,3.0408733709451665,3.9438115355710255,5.001578924374895,0.20876826722338201,0.9441105769230769,33.2253616383817,0.7511748514985085,37.0519426766081,1.3451002134922712,0.0,2.434615384615385,0.0,4.185803242609452,1.25,3.422033898305085,0.0
medium,113,request_observed,0.92,MovingAverage-JCSO,0.4166666666666667,99.79166666666667,3.0541193479216493,3.9517737639808694,5.025111752265011,0.20876826722338201,0.959014423076923,33.30949687597651,0.7519168411896331,37.28844266457652,1.3477243594380217,0.0,2.434615384615385,0.0,4.185624012776914,1.25,3.422033898305085,0.0
medium,113,request_observed,0.92,QuantileMLP-JCSO,0.4166666666666667,99.79166666666667,3.0738882151212277,3.9574978900291535,5.013096314557852,0.20876826722338201,1.0,34.13986036795986,0.746577743784427,40.913802608806215,1.3819899482931406,0.0,2.3186293462285095,0.0,4.185561556634426,1.25,3.422033898305085,0.0
medium,113,request_observed,0.92,GAN-JCSO,1.25,99.16666666666667,3.12603604728569,3.9710784020234633,5.761413226153545,0.42016806722689076,0.9688701923076923,32.99362045511335,0.7554848432610355,35.990181257677875,1.3355287398164795,0.0,2.434615384615385,0.625,4.70713967820967,1.875,3.422033898305085,1.25
medium,113,request_observed,0.92,Diffusion-JCSO,0.4166666666666667,99.79166666666667,3.0628197394849184,3.957603394342941,5.0208093284525805,0.20876826722338201,0.9813701923076923,33.66117208823244,0.7490128338851213,38.86441158081225,1.3622356898237333,0.0,2.431865236779049,0.0,4.1854347323982735,1.25,3.422033898305085,0.0
medium,113,request_observed,0.82,Independent,33.33333333333333,100.0,3.2038903851063902,4.150980392156863,4.150980392156863,33.33333333333333,0.9913461538461539,28.25151271969087,0.7947695856857292,2.0000000000000018,1.0194462301210423,0.0,2.5890588235294114,1.25,2.8796387415302314,0.0,4.150980392156863,98.75
medium,113,request_observed,0.82,StaticReserve,36.875,74.79166666666667,5.73747751213715,14.96,25.382124627825636,15.598885793871867,1.0,31.322700490430837,0.7685566389647044,19.72205807736256,1.133314281358539,37.5,5.720000000000001,25.0,14.96,25.0,12.851002731611707,60.62499999999999
medium,113,request_observed,0.82,JointHeuristic,39.58333333333333,86.875,4.427729852271964,10.05757615886196,14.96,30.455635491606714,0.7835336538461539,28.11100121799546,0.7892469419741484,1.9442077093414798,1.0145149972177026,0.0,5.720000000000001,62.5,14.96,25.0,8.8,31.25
medium,113,request_observed,0.82,Persistence-JCSO,1.25,99.375,3.1425303154390054,3.9937697326347448,8.143878315484168,0.628930817610063,0.9776442307692307,36.689157566702974,0.7230409784262433,37.37163861452062,1.325126044837053,0.0,2.434615384615385,0.0,5.578433465936701,3.75,3.422033898305085,0.0
medium,113,request_observed,0.82,MovingAverage-JCSO,1.25,99.375,3.162206213332954,4.015045781960366,8.125086718423718,0.628930817610063,0.9962740384615385,36.78997609221278,0.7238777330234819,37.63641734773315,1.328053804419482,0.0,2.434615384615385,0.0,5.576145441978279,3.75,3.422033898305085,0.0
medium,113,request_observed,0.82,QuantileMLP-JCSO,1.25,99.375,3.1563446002655877,4.021474536036908,8.113299729581612,0.628930817610063,1.0,37.74488462329898,0.7150583581179072,41.2729080388705,1.3631630272403361,0.0,2.3186293462285095,0.0,5.574413876229511,3.75,3.422033898305085,0.0
medium,113,request_observed,0.82,GAN-JCSO,1.25,99.375,3.1696255991649336,4.0153699055942615,8.128569688098121,0.628930817610063,0.9962740384615385,36.45955244355022,0.7267890980777176,36.29447867685498,1.3166871628519128,0.0,2.434615384615385,0.0,5.57655682670062,3.75,3.422033898305085,0.0
medium,113,request_observed,0.82,Diffusion-JCSO,1.25,99.375,3.1591851338085593,4.021474536036908,8.124721709882312,0.628930817610063,1.0,37.189711780547206,0.7191570875137533,39.22526701422274,1.342792973875038,0.0,2.431865236779049,0.0,5.571907519793923,3.75,3.422033898305085,0.0
medium,113,proactive,1.0,Independent,68.54166666666667,88.125,4.708426189849572,8.8,14.96,64.30260047281324,0.8572115384615385,23.192565921328285,0.8315643367462613,7.60805348997083,1.0205630100918686,46.25,5.720000000000001,98.75,14.96,10.0,8.8,96.875
medium,113,proactive,1.0,StaticReserve,36.875,74.79166666666667,5.73747751213715,14.96,25.382124627825636,15.598885793871867,1.0,25.684614402153283,0.8102164439510575,19.72205807736256,1.133314281358539,37.5,5.720000000000001,25.0,14.96,25.0,12.851002731611707,60.62499999999999
medium,113,proactive,1.0,JointHeuristic,75.625,62.916666666666664,6.803642470065349,14.96,16.489833738066427,61.258278145695364,0.6150240384615385,24.42911050957978,0.8154252602985614,11.869312752090089,1.0749855905320553,33.33333333333333,5.914328870198591,97.5,14.96,45.625,9.211065404952707,83.75
medium,113,proactive,1.0,Persistence-JCSO,23.541666666666668,89.16666666666667,4.078988399830537,8.8,14.96,14.252336448598129,0.8276442307692309,29.44200089517397,0.7777275341827382,31.706511200224092,1.2950298196471866,8.75,5.720000000000001,23.125,14.96,12.5,8.8,35.0
medium,113,proactive,1.0,MovingAverage-JCSO,10.625,95.83333333333334,3.431538059685222,5.606454205405517,14.96,6.739130434782608,0.906610576923077,30.641049011069565,0.7708510243104193,36.7028039070055,1.3472314972911095,5.625,3.2517649950194585,10.625,5.9973571094004265,4.375,5.123597564711538,16.875
medium,113,proactive,1.0,QuantileMLP-JCSO,6.25,97.70833333333333,3.2979391617138036,4.550018131158614,8.8,4.051172707889126,0.9763221153846153,31.2484558223631,0.7682779224502703,39.33825009571491,1.3749567570650356,4.375,2.507457992604719,3.75,5.168674873218613,3.125,4.550018131158615,11.875
medium,113,proactive,1.0,GAN-JCSO,14.583333333333334,93.125,3.676404415776578,6.74426341117586,14.96,8.277404921700224,0.9026442307692306,30.280333030305627,0.7738017609940118,35.25645202827986,1.3323072450510183,6.875000000000001,5.720000000000001,14.374999999999998,14.96,6.25,8.8,23.125
medium,113,proactive,1.0,Diffusion-JCSO,7.5,97.08333333333333,3.3200597835370163,4.844265842954838,8.8,4.721030042918455,0.9502403846153846,30.90827244948881,0.769959538916602,37.87096755931135,1.3594866067088403,4.583333333333333,2.5684268097080976,5.0,5.5045496368293785,3.125,5.126690195155272,14.374999999999998
medium,113,proactive,0.92,Independent,68.95833333333333,88.125,4.726811042080658,8.8,14.96,64.77541371158392,0.948076923076923,25.20498338975553,0.8169260748244287,7.60805348997083,1.0203981329875993,46.25,5.720000000000001,98.125,14.96,10.0,8.8,98.75
medium,113,proactive,0.92,StaticReserve,36.875,74.79166666666667,5.73747751213715,14.96,25.382124627825636,15.598885793871867,1.0,27.91805913277531,0.7937135260337582,19.72205807736256,1.133314281358539,37.5,5.720000000000001,25.0,14.96,25.0,12.851002731611707,60.62499999999999
medium,113,proactive,0.92,JointHeuristic,72.91666666666666,67.5,6.408576292373629,14.96,14.96,59.876543209876544,0.6790865384615385,26.27356608284505,0.8023972817109462,11.134587065147608,1.0637031630222666,36.041666666666664,5.720000000000001,96.25,14.96,43.125,8.812786908305494,79.375
medium,113,proactive,0.92,Persistence-JCSO,11.875,95.20833333333333,3.543939395008061,5.720000000000001,14.96,7.439824945295405,0.9004807692307694,31.5833587734955,0.761582033519429,30.92815647205782,1.278601966662681,9.166666666666666,3.2582465511597234,10.625,6.0401346804026534,4.375,8.8,20.625
medium,113,proactive,0.92,MovingAverage-JCSO,7.5,97.5,3.296491937176247,4.737847936471647,8.8,5.128205128205128,0.9478365384615384,33.00204418350783,0.7530174844873029,36.57218571596598,1.3355767745880769,5.625,3.005273575654922,6.875000000000001,5.32562214745852,2.5,4.715928168464999,13.125
medium,113,proactive,0.92,QuantileMLP-JCSO,5.416666666666667,98.33333333333333,3.2645196850427083,4.543582375651642,8.8,3.8135593220338984,1.0,33.700323158833115,0.749224809529676,39.36087340908237,1.3648394783334448,4.375,2.3930379588939763,2.5,5.345352727502541,2.5,4.543582375651642,11.25
medium,113,proactive,0.92,GAN-JCSO,7.916666666666666,96.66666666666667,3.3864585523874,5.183725749451404,8.8,4.741379310344827,0.9813701923076923,32.58528671342586,0.7580638687878349,34.87407800706907,1.3195737038183453,6.875000000000001,3.0051411888424027,6.875000000000001,5.3627625600585525,2.5,6.471935788464883,14.374999999999998
medium,113,proactive,0.92,Diffusion-JCSO,6.458333333333334,97.70833333333333,3.2950051402507237,4.78202216204048,8.8,4.264392324093817,0.9813701923076923,33.328853246577324,0.751292449497662,37.909933802159564,1.3493139924796176,4.583333333333333,2.5050005387185146,3.75,5.311692901900463,2.5,5.034104663686195,13.125
medium,113,proactive,0.82,Independent,69.16666666666667,88.125,4.732846959983923,8.8,14.96,65.01182033096927,0.9913461538461539,28.26731015181271,0.7945120417027776,7.60805348997083,1.0200092402129106,46.25,5.720000000000001,98.125,14.96,10.0,8.8,99.375
medium,113,proactive,0.82,StaticReserve,36.875,74.79166666666667,5.73747751213715,14.96,25.382124627825636,15.598885793871867,1.0,31.322700490430837,0.7685566389647044,19.72205807736256,1.133314281358539,37.5,5.720000000000001,25.0,14.96,25.0,12.851002731611707,60.62499999999999
medium,113,proactive,0.82,JointHeuristic,68.125,77.5,5.588696607487111,14.96,14.96,58.87096774193549,0.7960336538461539,28.780692496273364,0.7842795427238255,9.517782246603034,1.0387345002035866,41.458333333333336,5.720000000000001,94.375,14.96,33.125,8.8,76.875
medium,113,proactive,0.82,Persistence-JCSO,10.833333333333334,95.83333333333334,3.548466582456089,5.7274973003784595,14.96,6.956521739130435,0.9478365384615385,34.92108445587393,0.7351634832680606,31.098574316702337,1.2611038465099027,9.166666666666666,3.0052735981232273,8.125,8.1792689054101,6.25,8.8,18.125
medium,113,proactive,0.82,MovingAverage-JCSO,8.333333333333332,97.08333333333333,3.4042842000097866,5.092608401753448,10.845003805742104,5.579399141630901,0.9850961538461538,36.47335152440087,0.725272181251049,36.923492199848326,1.3168304941893405,5.625,3.005273575654922,6.875000000000001,6.809194410769342,5.0,4.715928168464999,13.125
medium,113,proactive,0.82,QuantileMLP-JCSO,6.458333333333334,97.91666666666666,3.347762311829996,4.742335707889196,10.912919426148457,4.468085106382979,1.0,37.3101496504708,0.7180110753689923,39.71856164223891,1.3479964441227974,4.375,2.3930379588939763,2.5,6.957748135750065,5.625,4.543582375651642,11.25
medium,113,proactive,0.82,GAN-JCSO,9.166666666666666,96.25,3.4814920513467076,5.720000000000001,10.932547393079977,5.627705627705628,1.0,36.073491613271344,0.7294930053122369,35.22692496843078,1.3032160647880775,6.875000000000001,3.0051411888424027,6.875000000000001,7.001803901425868,5.625,6.471935788464883,15.0
medium,113,proactive,0.82,Diffusion-JCSO,7.291666666666667,97.29166666666667,3.3908863558322144,5.077970675261219,10.84500380525081,4.710920770877944,1.0,36.85949833029174,0.7217131495693667,38.269710029757036,1.3313193686972897,4.583333333333333,2.5050005387185146,3.75,6.809306062440266,5.0,5.034104663686195,13.125
medium,131,request_observed,1.0,Independent,33.33333333333333,100.0,3.162623501036003,4.150980392156863,4.150980392156863,33.33333333333333,0.8442307692307691,22.11481935855469,0.838094666759031,2.000000000000002,1.0197470115196894,0.0,2.64205294117647,22.5,2.860572456500666,0.0,4.150980392156863,77.5
medium,131,request_observed,1.0,StaticReserve,26.875,82.91666666666667,4.879227878061792,14.96,17.410582876190386,11.809045226130653,1.0,26.9312735612734,0.8073816652723715,29.43107060321052,1.2403192045395692,25.624999999999996,5.720000000000001,14.374999999999998,14.96,18.125,8.8,48.125
medium,131,request_observed,1.0,JointHeuristic,55.833333333333336,71.66666666666667,5.772463777494107,14.96,15.027454709603363,38.372093023255815,0.6163461538461539,22.78056297905305,0.828198608335974,5.938294189971349,1.0507507856173695,0.0,5.733701473396933,82.5,14.96,41.875,9.666216431547694,43.125
medium,131,request_observed,1.0,Persistence-JCSO,8.75,95.41666666666667,3.471918606968897,6.304225776562927,14.96,4.366812227074235,0.9087740384615385,29.172478000037984,0.7779811081467258,37.98488875660085,1.3456952923850558,0.0,3.346814685084057,8.75,10.147933322572191,6.875000000000001,5.778688985953139,10.625
medium,131,request_observed,1.0,MovingAverage-JCSO,5.416666666666667,97.29166666666667,3.306124084611318,5.681211225775655,10.996909977674521,2.7837259100642395,0.9239182692307691,29.018782898470274,0.77933048897009,37.23041663351805,1.3379148750205943,0.0,2.7131205417964455,6.25,6.631669111378384,5.0,3.823579556674074,5.0
medium,131,request_observed,1.0,QuantileMLP-JCSO,1.4583333333333333,99.16666666666667,3.1313913332186987,4.049748443432205,6.964752055801315,0.6302521008403361,0.946514423076923,29.69211403083896,0.7729158557930993,40.527486369659016,1.3687905955909303,0.0,2.4251034476605113,0.625,5.985559070789101,2.5,3.4243958043160903,1.25
medium,131,request_observed,1.0,GAN-JCSO,4.375,97.29166666666667,3.3162330510248084,5.276739449732697,10.969521893687862,1.7130620985010707,0.9201923076923076,28.96957227343246,0.7786126691376987,37.004941322298016,1.335418217016032,0.0,2.4701143792746976,3.75,6.422543253228819,4.375,3.974099452229659,5.0
medium,131,request_observed,1.0,Diffusion-JCSO,2.9166666666666665,98.54166666666667,3.17250343709703,4.487086646280423,8.8,1.4799154334038054,0.919110576923077,29.425606897911166,0.7749905800074216,39.17480696417412,1.3562377676925559,0.0,2.440507265418873,2.5,6.312431520220891,3.125,3.456763007993417,3.125
medium,131,request_observed,0.92,Independent,33.33333333333333,100.0,3.193346685919774,4.150980392156863,4.150980392156863,33.33333333333333,0.948076923076923,24.028232280654453,0.823964679753334,2.000000000000002,1.0193636967961754,0.0,2.64205294117647,7.5,2.879132658207416,0.0,4.150980392156863,92.5
medium,131,request_observed,0.92,StaticReserve,26.875,82.91666666666667,4.879227878061792,14.96,17.410582876190386,11.809045226130653,1.0,29.27312343616673,0.7906322448612734,29.43107060321052,1.2403192045395692,25.624999999999996,5.720000000000001,14.374999999999998,14.96,18.125,8.8,48.125
medium,131,request_observed,0.92,JointHeuristic,53.333333333333336,74.79166666666667,5.589139912646173,14.96,14.96,37.60445682451253,0.6740384615384616,24.505468220536113,0.814629920216061,5.382277265385334,1.0401317860832873,0.0,5.720000000000001,78.75,14.96,42.5,8.8026137177108,38.75
medium,131,request_observed,0.92,Persistence-JCSO,6.458333333333334,96.66666666666667,3.4496180949741775,5.720000000000001,14.96,3.2327586206896552,0.9587740384615385,31.391394963607162,0.7595201298356491,38.3184010600209,1.3330398872995708,0.0,2.434615384615385,3.75,14.96,10.625,3.70002987304015,5.0
medium,131,request_observed,0.92,MovingAverage-JCSO,2.9166666666666665,98.54166666666667,3.2861187333012376,3.9849515648403155,14.96,1.4799154334038054,0.9701923076923077,31.264582215559596,0.7607670809494356,37.67938618535989,1.3269229137798342,0.0,2.434615384615385,0.0,12.484879969095925,8.75,3.422033898305085,0.0
medium,131,request_observed,0.92,QuantileMLP-JCSO,2.9166666666666665,98.54166666666667,3.284197466089482,3.9748022768994553,14.96,1.4799154334038054,0.9813701923076923,32.03079841909345,0.7537923556111696,41.1959164604678,1.3593108506071032,0.0,2.4155735388902575,0.0,12.500026791598934,8.75,3.422033898305085,0.0
medium,131,request_observed,0.92,GAN-JCSO,2.9166666666666665,98.54166666666667,3.290822398975538,3.98047462848969,14.96,1.4799154334038054,0.9627403846153847,31.219137536691587,0.7598073781634914,37.47718112139036,1.324769292543813,0.0,2.4248083142526626,0.0,12.51243929493886,8.75,3.422033898305085,0.0
medium,131,request_observed,0.92,Diffusion-JCSO,2.9166666666666665,98.54166666666667,3.2679095189445784,3.9762706883474666,14.96,1.4799154334038054,0.959014423076923,31.71798003386785,0.756114868340935,39.775822201692144,1.3457942774967464,0.0,2.434615384615385,0.0,12.509361252489136,8.75,3.422033898305085,0.0
medium,131,request_observed,0.82,Independent,33.75,99.79166666666667,3.2627152380865185,4.150980392156863,4.331744643410779,33.61169102296451,0.9913461538461539,26.891802811916154,0.8024182171622668,2.000000000000002,1.0169935459661152,0.0,2.5890588235294114,1.25,3.8638679408928946,1.25,4.150980392156863,98.75
medium,131,request_observed,0.82,StaticReserve,26.875,82.91666666666667,4.879227878061792,14.96,17.410582876190386,11.809045226130653,1.0,32.843016538138286,0.7650995917955751,29.43107060321052,1.2403192045395692,25.624999999999996,5.720000000000001,14.374999999999998,14.96,18.125,8.8,48.125
medium,131,request_observed,0.82,JointHeuristic,46.041666666666664,82.29166666666666,4.985580633094931,14.96,14.96,34.43037974683544,0.7955528846153846,26.820973146338318,0.7971582913453219,3.407923098999398,1.015031608936715,0.0,5.720000000000001,71.25,14.96,33.125,8.8,33.75
medium,131,request_observed,0.82,Persistence-JCSO,3.958333333333333,97.29166666666667,3.4508686519239387,4.5898234192528955,14.96,1.284796573875803,0.9725961538461538,34.752283585304085,0.7305475391836287,38.51805976561819,1.316373965595054,0.0,2.434615384615385,0.625,14.96,10.0,3.4370226064975142,1.25
medium,131,request_observed,0.82,MovingAverage-JCSO,3.125,97.91666666666666,3.403087672566794,4.338568202748,14.96,1.0638297872340425,0.9813701923076923,34.62969016945047,0.7320375068381433,38.01919945485253,1.3110736975626542,0.0,2.434615384615385,0.0,14.96,9.375,3.422033898305085,0.0
medium,131,request_observed,0.82,QuantileMLP-JCSO,3.125,97.91666666666666,3.3986516259723922,4.300537531808157,14.96,1.0638297872340425,0.9888221153846153,35.50450060129471,0.7243684539636918,41.53536246993987,1.3439939256846225,0.0,2.4155735388902575,0.0,14.96,9.375,3.422033898305085,0.0
medium,131,request_observed,0.82,GAN-JCSO,3.125,97.91666666666666,3.4244951518305955,4.408530876519377,14.96,1.0638297872340425,0.992548076923077,34.61900331007989,0.732063720968066,37.84193057506469,1.3104134971648271,0.0,2.4248083142526626,0.0,14.96,9.375,3.422033898305085,0.0
medium,131,request_observed,0.82,Diffusion-JCSO,3.125,97.91666666666666,3.3950288061551657,4.281514404071936,14.96,1.0638297872340425,0.9850961538461538,35.1395902031911,0.7282899687058052,40.11126971695816,1.3299691743488715,0.0,2.434615384615385,0.0,14.96,9.375,3.422033898305085,0.0
medium,131,proactive,1.0,Independent,68.125,85.83333333333333,4.742766888329915,8.8,14.96,62.86407766990292,0.8442307692307691,22.101966662654746,0.8381314636573535,7.547629378231921,1.0191442485941231,43.958333333333336,5.720000000000001,98.125,14.96,10.0,8.8,96.25
medium,131,proactive,1.0,StaticReserve,26.875,82.91666666666667,4.879227878061792,14.96,17.410582876190386,11.809045226130653,1.0,26.9312735612734,0.8073816652723715,29.43107060321052,1.2403192045395692,25.624999999999996,5.720000000000001,14.374999999999998,14.96,18.125,8.8,48.125
medium,131,proactive,1.0,JointHeuristic,72.08333333333333,63.74999999999999,6.655745346776485,14.96,15.68159382093284,56.209150326797385,0.6213942307692308,23.13391298568841,0.8255043487855112,11.816383281885631,1.067112412748895,34.583333333333336,6.109414709297249,94.375,14.96,45.0,10.277855987667786,76.875
medium,131,proactive,1.0,Persistence-JCSO,25.416666666666664,88.54166666666666,4.214509864987404,8.8,14.96,15.764705882352942,0.8287259615384617,27.850960783064217,0.7870177182767766,32.35847391121565,1.2846890687930177,9.166666666666666,5.720000000000001,24.375,14.96,16.25,8.8,35.625
medium,131,proactive,1.0,MovingAverage-JCSO,11.458333333333332,94.79166666666666,3.5642732910623933,6.4173620476708715,14.96,6.593406593406594,0.9151442307692307,28.769802519217286,0.780917619197639,36.551280886469264,1.326691633768241,5.0,3.378211977714903,8.75,10.147933395445593,7.5,8.8,18.125
medium,131,proactive,1.0,QuantileMLP-JCSO,5.416666666666667,97.70833333333333,3.321244630860854,5.175507279109669,9.029880005494942,3.1982942430703627,0.953966346153846,29.392044820494352,0.7752482689355266,39.29980810084319,1.3552719854926447,4.375,2.439056067723379,1.875,6.395454485191731,3.75,4.789663255774517,10.625
medium,131,proactive,1.0,GAN-JCSO,14.583333333333334,93.33333333333333,3.730692612218296,8.511381501845982,14.96,8.482142857142858,0.9087740384615385,28.822096673849973,0.7790994502251518,36.663909223628714,1.3289853625783514,4.791666666666667,5.720000000000001,12.5,14.96,8.125,8.8,23.125
medium,131,proactive,1.0,Diffusion-JCSO,8.958333333333334,96.25,3.427375154037234,5.720000000000001,14.96,5.411255411255411,0.9103365384615385,29.199010131400893,0.7765116696513118,38.35314341270673,1.3461061837351909,4.375,2.7996099487372312,6.875000000000001,6.665215032138576,5.0,5.207470734320738,15.0
medium,131,proactive,0.92,Independent,68.75,85.83333333333333,4.762702822143739,8.8,14.96,63.59223300970874,0.948076923076923,24.014261959024076,0.8240046763819455,7.547629378231921,1.018760933870609,43.958333333333336,5.720000000000001,97.5,14.96,10.0,8.8,98.75
medium,131,proactive,0.92,StaticReserve,26.875,82.91666666666667,4.879227878061792,14.96,17.410582876190386,11.809045226130653,1.0,29.27312343616673,0.7906322448612734,29.43107060321052,1.2403192045395692,25.624999999999996,5.720000000000001,14.374999999999998,14.96,18.125,8.8,48.125
medium,131,proactive,0.92,JointHeuristic,71.04166666666667,67.70833333333334,6.387182968765325,14.96,14.96,57.230769230769226,0.6915865384615385,24.859459895664553,0.8123382703577597,11.291210354284518,1.0551978823446109,36.875,5.720000000000001,93.125,14.96,43.75,9.267132277791713,76.25
medium,131,proactive,0.92,Persistence-JCSO,19.375,92.08333333333333,3.996258247599852,8.8,14.96,12.44343891402715,0.917548076923077,29.89153790560491,0.7706624276373285,32.20596295966775,1.2692073472363488,9.791666666666666,4.067030601296476,13.750000000000002,14.96,15.625,8.8,28.749999999999996
medium,131,proactive,0.92,MovingAverage-JCSO,9.166666666666666,96.04166666666667,3.548635108497123,6.218360764463565,14.96,5.42299349240781,0.9539663461538461,31.000371101495215,0.7622224707272841,36.960200214367966,1.315923285243016,5.416666666666667,2.516650617785764,3.75,14.96,10.625,4.807295274075704,13.125
medium,131,proactive,0.92,QuantileMLP-JCSO,6.875000000000001,97.08333333333333,3.46814055297333,5.407591896866701,14.96,4.07725321888412,0.9813701923076923,31.72857021210952,0.7561037708669163,39.952373668866706,1.3467422234707092,4.375,2.4317472806691818,1.25,14.96,10.0,4.740910748488902,9.375
medium,131,proactive,0.92,GAN-JCSO,9.375,96.45833333333333,3.539321455856616,5.858215686771021,14.96,6.047516198704104,0.9739182692307692,31.02302154442156,0.7612599486306285,36.88379047726871,1.3167539027349142,4.791666666666667,2.4713379494358088,3.75,14.96,10.0,4.934585160946148,14.374999999999998
medium,131,proactive,0.92,Diffusion-JCSO,7.708333333333334,96.875,3.474695649780213,5.720000000000001,14.96,4.731182795698925,0.9664663461538462,31.478457432282227,0.7586144863756806,38.88492917255213,1.3358926434706306,4.375,2.4809408410627904,2.5,14.96,10.0,4.5023277854968065,10.625
medium,131,proactive,0.82,Independent,69.16666666666667,85.83333333333333,4.780865590017616,8.8,14.96,64.07766990291263,0.9913461538461539,26.87612879252598,0.8024630914285137,7.547629378231921,1.0163907830405488,43.958333333333336,5.720000000000001,97.5,14.96,10.625,8.8,99.375
medium,131,proactive,0.82,StaticReserve,26.875,82.91666666666667,4.879227878061792,14.96,17.410582876190386,11.809045226130653,1.0,32.843016538138286,0.7650995917955751,29.43107060321052,1.2403192045395692,25.624999999999996,5.720000000000001,14.374999999999998,14.96,18.125,8.8,48.125
medium,131,proactive,0.82,JointHeuristic,68.54166666666667,73.125,6.004980164450298,14.96,14.96,56.98005698005698,0.804326923076923,27.317126776515106,0.7934461055610063,10.213162735466302,1.033893859453212,39.375,5.720000000000001,90.625,14.96,38.75,8.8,76.25
medium,131,proactive,0.82,Persistence-JCSO,14.791666666666666,93.95833333333333,3.8912052309482297,8.8,14.96,9.312638580931264,0.9563701923076924,33.064846809040425,0.7439263731504298,32.15172120692584,1.252266349073358,10.0,2.8506183235809712,8.75,14.96,12.5,8.8,23.125
medium,131,proactive,0.82,MovingAverage-JCSO,8.125,96.04166666666667,3.613060829679937,5.885059852742077,14.96,4.3383947939262475,0.9813701923076923,34.33535898393135,0.7344152940185756,37.20442483788941,1.3001076017052446,5.416666666666667,2.5114805622005405,2.5,14.96,10.625,4.637013909712823,11.25
medium,131,proactive,0.82,QuantileMLP-JCSO,7.083333333333333,96.45833333333333,3.57673160087616,5.727744023463206,14.96,3.6717062634989204,0.9850961538461538,35.19039861181557,0.7263344418938884,40.25713346023031,1.3323135307205882,4.375,2.4317472806691818,1.25,14.96,10.625,4.740910748488902,9.375
medium,131,proactive,0.82,GAN-JCSO,9.583333333333334,95.83333333333334,3.660269674127342,6.086757024586184,14.96,5.6521739130434785,0.9888221153846153,34.41603909412197,0.7329371845037194,37.212416520796346,1.3029629930356097,4.791666666666667,2.4713379494358088,3.75,14.96,10.625,4.934585160946148,14.374999999999998
medium,131,proactive,0.82,Diffusion-JCSO,7.916666666666666,96.25,3.59074182751195,5.727744023463206,14.96,4.329004329004329,0.9813701923076923,34.899650835112794,0.7300591584092226,39.18771470004988,1.3210969988238428,4.375,2.4809408410627904,2.5,14.96,10.625,4.5023277854968065,10.625
heavy,3,request_observed,1.0,Independent,36.041666666666664,98.125,3.5961706125648694,4.150980392156863,14.96,34.81953290870488,0.9177884615384615,25.90858373271062,0.8244766065558613,2.0000000000000018,1.0045737716949703,0.0,2.64205294117647,11.875,14.96,8.125,4.150980392156863,88.125
heavy,3,request_observed,1.0,StaticReserve,35.41666666666667,76.04166666666666,6.096610872012042,14.96,36.62693484407415,15.068493150684931,1.0,28.636701956558884,0.7990396789258749,22.18348582135169,1.1128782308476093,34.583333333333336,5.720000000000001,25.0,14.96,37.5,8.804096882768242,43.75
heavy,3,request_observed,1.0,JointHeuristic,39.58333333333333,79.58333333333333,5.479085341495175,14.96,21.556500706780536,24.083769633507853,0.6885817307692308,26.01110934138703,0.8095919040231738,5.563072673399792,1.009731020553161,0.0,5.720000000000001,54.37499999999999,15.401076486834285,39.375,8.8,25.0
heavy,3,request_observed,1.0,Persistence-JCSO,11.875,93.125,4.015480644216378,14.96,14.96,5.369127516778524,0.8368990384615385,33.3164191527806,0.7479010114240665,41.85303315018983,1.2949477717943672,0.0,2.773990996404611,5.625,14.96,21.875,4.822108721715182,8.125
heavy,3,request_observed,1.0,MovingAverage-JCSO,7.916666666666666,95.0,3.8411279572876023,13.6690153355591,14.96,3.070175438596491,0.870673076923077,33.55284435755482,0.7478991052412861,43.110089361978694,1.3032886783229343,0.0,2.434615384615385,2.5,14.96,18.125,3.4584831667563685,3.125
heavy,3,request_observed,1.0,QuantileMLP-JCSO,5.625,96.25,3.7141123898310515,9.598280026112626,14.96,1.948051948051948,0.8770432692307694,33.81973895660787,0.7446208412301589,43.71863283235806,1.314157289158856,0.0,2.4266363617872946,0.0,14.96,16.875,3.422033898305085,0.0
heavy,3,request_observed,1.0,GAN-JCSO,13.333333333333334,92.5,4.101307879687141,14.96,14.96,6.306306306306306,0.8467548076923078,32.36798548783686,0.7565118211199862,36.479146406453374,1.2581041454729642,0.0,3.4540539801389576,7.5,14.96,23.125,6.590484560894126,9.375
heavy,3,request_observed,1.0,Diffusion-JCSO,7.916666666666666,95.0,3.8585291914454243,13.686354957385753,14.96,3.070175438596491,0.9079326923076924,33.849359724307924,0.7459532698009161,44.689691167520856,1.3148554823953091,0.0,2.5024096141480716,4.375,14.96,18.125,3.422033898305085,1.25
heavy,3,request_observed,0.92,Independent,36.25,98.125,3.644764585039263,4.150980392156863,14.96,35.03184713375796,0.9653846153846153,28.02768684008633,0.8091670775487827,2.0000000000000018,1.0000633908782333,0.0,2.5917085294117634,5.0,14.96,8.75,4.150980392156863,95.0
heavy,3,request_observed,0.92,StaticReserve,35.41666666666667,76.04166666666666,6.096610872012042,14.96,36.62693484407415,15.068493150684931,1.0,31.126849952781388,0.78156486839769,22.18348582135169,1.1128782308476093,34.583333333333336,5.720000000000001,25.0,14.96,37.5,8.804096882768242,43.75
heavy,3,request_observed,0.92,JointHeuristic,39.791666666666664,80.625,5.458078448288107,14.96,18.07753060140568,25.32299741602067,0.7111778846153847,27.913245369956176,0.7935557795336857,5.362374708054703,0.9974453122338258,0.0,5.720000000000001,53.125,16.248244962398996,40.625,8.8,25.624999999999996
heavy,3,request_observed,0.92,Persistence-JCSO,8.125,94.79166666666666,3.9840412470220854,14.96,14.96,3.076923076923077,0.9055288461538462,35.64142761292361,0.7294074204169506,41.99992396434476,1.2754646822045081,0.0,2.4346153846153853,0.625,14.96,21.875,3.4329260030371005,1.875
heavy,3,request_observed,0.92,MovingAverage-JCSO,7.083333333333333,95.41666666666667,3.9097473922738173,14.96,14.96,2.6200873362445414,0.9068509615384617,35.92892339876602,0.7271643807500497,43.49067175535884,1.2850736354161711,0.0,2.434615384615385,0.0,14.96,21.25,3.4220339144092495,0.0
heavy,3,request_observed,0.92,QuantileMLP-JCSO,7.083333333333333,95.41666666666667,3.9339011808952145,14.96,14.96,2.6200873362445414,0.9478365384615385,36.262064208542526,0.7265238448156668,44.25458596428971,1.2974000275773527,0.0,2.4266363617872946,0.0,14.96,21.25,3.422033898305085,0.0
heavy,3,request_observed,0.92,GAN-JCSO,8.333333333333332,94.79166666666666,3.999511727976911,14.96,14.96,3.296703296703297,0.9129807692307692,34.61243014552073,0.7384304848717498,36.49203887313648,1.2386469124896924,0.0,2.4346153846153857,1.25,14.96,21.875,3.4290087281316324,1.875
heavy,3,request_observed,0.92,Diffusion-JCSO,7.083333333333333,95.41666666666667,3.92142802537682,14.96,14.96,2.6200873362445414,0.9217548076923077,36.26329377512246,0.7240038718890972,45.13721941879932,1.2970211857922722,0.0,2.421294867984841,0.0,14.96,21.25,3.422033898305085,0.0
heavy,3,request_observed,0.82,Independent,39.791666666666664,96.875,3.8945659456478854,6.447473248421047,14.96,37.8494623655914,1.0,31.18248971584333,0.7857732756467041,2.0000000000000018,0.9921561338435767,0.0,2.603237437379532,5.625,14.96,13.750000000000002,4.150980392156863,100.0
heavy,3,request_observed,0.82,StaticReserve,35.41666666666667,76.04166666666666,6.096610872012042,14.96,36.62693484407415,15.068493150684931,1.0,34.92280726409619,0.7549264377144816,22.18348582135169,1.1128782308476093,34.583333333333336,5.720000000000001,25.0,14.96,37.5,8.804096882768242,43.75
heavy,3,request_observed,0.82,JointHeuristic,33.541666666666664,86.04166666666667,5.1207981520053645,14.96,15.655345083779064,22.760290556900724,0.7903846153846155,30.6063674696847,0.7709360140084703,4.728130384567331,0.9755671628352972,0.0,5.720000000000001,41.875,14.96,43.125,8.8,15.625
heavy,3,request_observed,0.82,Persistence-JCSO,10.833333333333334,93.33333333333333,4.32264319821979,14.96,14.96,4.464285714285714,0.9552884615384615,39.26446102229315,0.6981257656356521,43.29643604445292,1.253958289245471,0.0,2.434615384615385,0.0,14.96,32.5,3.422033898305085,0.0
heavy,3,request_observed,0.82,MovingAverage-JCSO,10.833333333333334,93.33333333333333,4.324733834366329,14.96,14.96,4.464285714285714,0.9739182692307693,39.610204985401644,0.6961405605730151,44.870696926911506,1.2644703472922991,0.0,2.434615384615385,0.0,14.96,32.5,3.422033898305085,0.0
heavy,3,request_observed,0.82,QuantileMLP-JCSO,10.833333333333334,93.33333333333333,4.324848078551012,14.96,14.96,4.464285714285714,0.9813701923076923,39.96277050807803,0.6940088142066125,45.62077707476163,1.2760391671486526,0.0,2.4266363617872946,0.0,14.96,32.5,3.422033898305085,0.0
heavy,3,request_observed,0.82,GAN-JCSO,10.833333333333334,93.33333333333333,4.352482903326742,14.96,14.96,4.464285714285714,0.9813701923076923,38.15934102966169,0.7092768337668504,37.74006356598402,1.2186550951451949,0.0,2.434615384615385,0.0,14.96,32.5,3.422033898305085,0.0
heavy,3,request_observed,0.82,Diffusion-JCSO,10.833333333333334,93.33333333333333,4.332799509087689,14.96,14.96,4.464285714285714,0.9850961538461538,39.94853759094606,0.6943356684787109,46.50620081746622,1.275102077431635,0.0,2.421294867984841,0.0,14.96,32.5,3.422033898305085,0.0
heavy,3,proactive,1.0,Independent,70.83333333333334,83.33333333333334,5.2781665518937295,9.996310128589542,14.96,65.0,0.9177884615384613,25.970261111282838,0.8240573239446741,7.994201436651432,1.0069064908452143,47.083333333333336,5.720000000000001,97.5,14.96,16.25,8.8,98.75
heavy,3,proactive,1.0,StaticReserve,35.41666666666667,76.04166666666666,6.096610872012042,14.96,36.62693484407415,15.068493150684931,1.0,28.636701956558884,0.7990396789258749,22.18348582135169,1.1128782308476093,34.583333333333336,5.720000000000001,25.0,14.96,37.5,8.804096882768242,43.75
heavy,3,proactive,1.0,JointHeuristic,72.91666666666666,68.125,6.755883183125286,14.96,21.571121334596334,60.24464831804281,0.6947115384615385,26.622867410490304,0.8053279630159664,12.544596137040188,1.0335398924576173,37.291666666666664,5.720000000000001,86.875,15.126241798685914,48.125,8.8,83.75
heavy,3,proactive,1.0,Persistence-JCSO,27.708333333333336,87.91666666666667,4.613557102294958,14.96,14.96,17.77251184834123,0.8018028846153846,31.876339025065683,0.7585495692304273,35.78979928856073,1.238730994100169,9.583333333333334,5.720000000000001,21.875,14.96,27.500000000000004,8.8,33.75
heavy,3,proactive,1.0,MovingAverage-JCSO,15.416666666666668,92.70833333333334,4.091547725455497,14.96,14.96,8.764044943820224,0.865625,33.28359329487082,0.7498396076687889,42.338792801380364,1.293025618841255,6.25,3.8915840472125027,10.625,14.96,20.625,6.0322616586289275,15.0
heavy,3,proactive,1.0,QuantileMLP-JCSO,11.458333333333332,94.58333333333333,3.88542231684024,10.313994132718902,14.96,6.387665198237885,0.8844951923076924,33.63175297633521,0.7460377431182477,42.943029281180756,1.3072068399397505,4.375,3.1220103315867593,6.875000000000001,14.96,18.125,4.681847017832937,9.375
heavy,3,proactive,1.0,GAN-JCSO,19.583333333333332,91.04166666666667,4.265121687982118,14.96,14.96,11.670480549199084,0.8443509615384615,32.28689536257977,0.7568621404801613,37.20818756228978,1.2551822998597133,5.833333333333333,5.720000000000001,13.125,14.96,23.75,8.8,21.875
heavy,3,proactive,1.0,Diffusion-JCSO,15.0,92.70833333333334,4.088871524342072,14.96,14.96,8.314606741573034,0.8991586538461538,33.62092160677717,0.7472149623529679,43.66668081761493,1.3062229461707624,5.0,3.426238466559953,12.5,14.96,20.0,5.040335781588441,12.5
heavy,3,proactive,0.92,Independent,71.66666666666667,83.33333333333334,5.310015586080016,10.427399252457237,14.96,66.0,0.9653846153846153,28.09472746896917,0.8087113355801012,7.994201436651432,1.0023961100284775,47.083333333333336,5.720000000000001,97.5,14.96,17.5,8.8,100.0
heavy,3,proactive,0.92,StaticReserve,35.41666666666667,76.04166666666666,6.096610872012042,14.96,36.62693484407415,15.068493150684931,1.0,31.126849952781388,0.78156486839769,22.18348582135169,1.1128782308476093,34.583333333333336,5.720000000000001,25.0,14.96,37.5,8.804096882768242,43.75
heavy,3,proactive,0.92,JointHeuristic,73.33333333333333,69.79166666666666,6.679258905784808,14.96,19.63159169290562,61.791044776119406,0.7223557692307694,28.565812565375097,0.7891117374553632,12.400977001392201,1.0208172144333407,38.333333333333336,5.720000000000001,86.875,15.537201987299923,49.375,8.8,83.75
heavy,3,proactive,0.92,Persistence-JCSO,22.291666666666668,90.625,4.4551995532775575,14.96,14.96,14.25287356321839,0.860576923076923,34.04652538661737,0.7406228780319211,35.70437238153357,1.2181168229735926,10.0,4.516074588185984,13.750000000000002,14.96,24.375,8.8,28.749999999999996
heavy,3,proactive,0.92,MovingAverage-JCSO,13.125,93.95833333333333,4.073904688518371,14.96,14.96,7.5388026607538805,0.910576923076923,35.59138597423942,0.729998643234595,42.55494279429255,1.2731732756854046,6.041666666666667,3.1220103315870613,6.875000000000001,14.96,21.25,4.870715116461301,11.25
heavy,3,proactive,0.92,QuantileMLP-JCSO,12.5,93.95833333333333,4.067794325983278,14.96,14.96,6.873614190687362,0.944110576923077,36.06586512527144,0.7272942922075492,43.41977613107925,1.2907066521637012,4.166666666666666,3.1220103315867593,6.875000000000001,14.96,21.25,4.681847017832937,9.375
heavy,3,proactive,0.92,GAN-JCSO,14.374999999999998,93.75,4.123885384807528,14.96,14.96,8.666666666666668,0.9217548076923077,34.536364431850025,0.7393144846377429,37.174979400665734,1.2361420067509796,5.833333333333333,3.122010331586766,6.875000000000001,14.96,21.25,4.961104765094496,15.0
heavy,3,proactive,0.92,Diffusion-JCSO,12.5,93.95833333333333,4.067289112059142,14.96,14.96,6.873614190687362,0.9254807692307692,36.01890417077202,0.7258157253846973,43.99339769915245,1.2885553577996458,4.791666666666667,3.1220103315867593,6.875000000000001,14.96,21.25,4.690161673635555,9.375
heavy,3,proactive,0.82,Independent,73.33333333333333,82.5,5.463691685490724,14.96,14.96,67.67676767676768,1.0,31.257706031175314,0.7852619553891589,7.994201436651432,0.9944888529938211,47.083333333333336,5.720000000000001,97.5,14.96,22.5,8.8,100.0
heavy,3,proactive,0.82,StaticReserve,35.41666666666667,76.04166666666666,6.096610872012042,14.96,36.62693484407415,15.068493150684931,1.0,34.92280726409619,0.7549264377144816,22.18348582135169,1.1128782308476093,34.583333333333336,5.720000000000001,25.0,14.96,37.5,8.804096882768242,43.75
heavy,3,proactive,0.82,JointHeuristic,71.25,74.375,6.393683407865203,14.96,15.451865619520534,61.34453781512605,0.809014423076923,31.333541605074945,0.7662952569633827,11.949817809741692,0.9988338580247903,40.0,5.720000000000001,82.5,14.96,48.75,8.8,82.5
heavy,3,proactive,0.82,Persistence-JCSO,21.875,91.25,4.5885355888954,14.96,14.96,14.383561643835616,0.9180288461538462,37.42132046653469,0.7112903694107299,36.46000756439284,1.1947301183531494,10.208333333333334,3.1630969817424375,8.75,14.96,31.874999999999996,5.486071832982598,25.0
heavy,3,proactive,0.82,MovingAverage-JCSO,16.875,91.875,4.487333835519979,14.96,14.96,9.523809523809524,0.966466346153846,39.23716387426903,0.6987577431158478,43.91993701789954,1.2526967784676233,6.041666666666667,3.1220103315867593,6.875000000000001,14.96,32.5,4.865880587051799,11.25
heavy,3,proactive,0.82,QuantileMLP-JCSO,16.25,91.875,4.464169658356769,14.96,14.96,8.843537414965986,0.9813701923076923,39.77669456005374,0.6952137650082229,44.72268997403438,1.270356020024535,3.958333333333333,3.1220103315867593,6.875000000000001,14.96,32.5,4.681847017832937,9.375
heavy,3,proactive,0.82,GAN-JCSO,18.125,91.66666666666666,4.5335686376668605,14.96,14.96,10.681818181818182,0.9813701923076923,38.10516436645264,0.7100284017231979,38.41803159454103,1.217109622839012,5.833333333333333,3.1220103315867593,6.875000000000001,14.96,32.5,4.961104765086893,15.0
heavy,3,proactive,0.82,Diffusion-JCSO,16.25,91.875,4.472024726361842,14.96,14.96,8.843537414965986,0.9739182692307693,39.7059303000017,0.6952837049292608,45.30044659344802,1.2675708792776312,4.583333333333333,3.1220103315867593,6.875000000000001,14.96,32.5,4.690161673635555,9.375
heavy,11,request_observed,1.0,Independent,35.0,99.375,3.343185075038345,4.150980392156863,10.28379578567139,34.59119496855346,0.8831730769230768,24.421484570919656,0.8287545735751319,2.0000000000000018,1.014644548359693,0.0,2.64205294117647,16.875,6.639331448119821,5.0,4.150980392156863,83.125
heavy,11,request_observed,1.0,StaticReserve,31.041666666666668,81.875,5.016873109582159,14.96,22.651488924412735,15.776081424936386,1.0,31.38381134993909,0.7816147022561719,36.529013194524055,1.3011124538892167,24.791666666666668,5.772297393085991,33.125,14.96,21.25,8.816808804878603,38.75
heavy,11,request_observed,1.0,JointHeuristic,38.333333333333336,78.75,5.1700902174191885,14.96,15.685230406429056,21.693121693121693,0.7266826923076924,24.47936378036923,0.8212146932838648,4.0481970316540385,1.0178551511668843,0.0,5.720000000000001,56.875,14.96,28.125,8.8,30.0
heavy,11,request_observed,1.0,Persistence-JCSO,8.333333333333332,95.0,3.6754394468193854,6.9981990563436325,14.96,3.508771929824561,0.9263221153846153,31.918794135494416,0.7623001854398972,39.59691735250226,1.3279384771754539,0.0,2.644614595705036,6.25,14.96,12.5,4.482115060006222,6.25
heavy,11,request_observed,1.0,MovingAverage-JCSO,5.0,96.875,3.5062153021744753,5.704810921981215,14.96,1.935483870967742,0.934014423076923,31.926689161246646,0.7620504023085224,40.18620898556882,1.3274796799944868,0.0,2.434615384615385,2.5,14.96,9.375,3.422033898305085,3.125
heavy,11,request_observed,1.0,QuantileMLP-JCSO,2.7083333333333335,98.125,3.3975539613615973,4.881403214347884,14.96,0.8492569002123143,0.9739182692307692,32.97025053931853,0.7545873917169594,44.39427477134349,1.3717395869850393,0.0,2.39692814994148,0.0,14.96,8.125,3.422033898305085,0.0
heavy,11,request_observed,1.0,GAN-JCSO,2.7083333333333335,98.125,3.3911837096400244,4.889717372178381,14.96,0.8492569002123143,0.9739182692307692,33.01398103380256,0.7553208346418284,44.11550418287872,1.373332672828915,0.0,2.431747348878489,0.0,14.96,8.125,3.422033898305085,0.0
heavy,11,request_observed,1.0,Diffusion-JCSO,2.7083333333333335,98.125,3.3992902933067852,4.885174754856645,14.96,0.8492569002123143,0.9701923076923077,32.7723845173877,0.7559621418411748,44.05852544881195,1.362719127565092,0.0,2.424987627322318,0.0,14.96,8.125,3.422033898344529,0.0
heavy,11,request_observed,0.92,Independent,35.41666666666667,98.75,3.466305873271684,4.150980392156863,14.96,34.59915611814346,0.948076923076923,26.47160188421873,0.8140233433932839,2.0000000000000018,1.0119957728709394,0.0,2.64205294117647,7.5,12.573963987391933,6.25,4.150980392156863,92.5
heavy,11,request_observed,0.92,StaticReserve,31.041666666666668,81.875,5.016873109582159,14.96,22.651488924412735,15.776081424936386,1.0,34.11283842384684,0.7626246763654043,36.529013194524055,1.3011124538892167,24.791666666666668,5.772297393085991,33.125,14.96,21.25,8.816808804878603,38.75
heavy,11,request_observed,0.92,JointHeuristic,37.083333333333336,82.08333333333333,5.0476939488773835,14.96,14.96,23.3502538071066,0.7731971153846156,26.33452473778881,0.8060711209053888,4.055020481887663,1.0078601859911578,0.0,5.720000000000001,51.87500000000001,14.96,35.0,8.8,24.375
heavy,11,request_observed,0.92,Persistence-JCSO,6.458333333333334,96.875,3.614050579186412,6.9964914901306265,14.96,3.4408602150537635,0.9614182692307693,34.45195382887846,0.7417386533887146,40.15184776558742,1.3193403527113734,0.0,2.434615384615385,1.25,14.96,16.875,3.422033898305085,1.25
heavy,11,request_observed,0.92,MovingAverage-JCSO,5.625,97.5,3.5590797026620153,6.983357792521273,14.96,3.205128205128205,0.9627403846153847,34.485046392208254,0.7414041290663549,40.900823152307346,1.319855753954437,0.0,2.434615384615385,0.0,14.96,16.875,3.422033898305085,0.0
heavy,11,request_observed,0.92,QuantileMLP-JCSO,5.416666666666667,97.5,3.563162959045634,6.977231081599462,14.96,2.9914529914529915,0.9962740384615385,35.66057091416718,0.7333887254872338,45.22921085140359,1.3656711873282548,0.0,2.3835090467418936,0.0,14.96,16.25,3.422033898305085,0.0
heavy,11,request_observed,0.92,GAN-JCSO,5.416666666666667,97.5,3.5559124369160693,6.976911884790414,14.96,2.9914529914529915,0.9962740384615385,35.71114150228123,0.7341983030214012,44.934194058262015,1.36737030353266,0.0,2.431747348878489,0.0,14.96,16.25,3.422033898305085,0.0
heavy,11,request_observed,0.92,Diffusion-JCSO,5.416666666666667,97.5,3.5560413805018296,6.982967830150932,14.96,2.9914529914529915,0.9813701923076923,35.44730764502578,0.7340648545031052,44.90168982296764,1.3567137809634804,0.0,2.424987627322318,0.0,14.96,16.25,3.422033898305085,0.0
heavy,11,request_observed,0.82,Independent,37.708333333333336,98.125,3.587347394234331,4.150980392156863,14.96,36.51804670912951,0.995673076923077,29.54789406547228,0.7912186819466749,2.0000000000000018,1.0071143215071867,0.0,2.603615237806056,5.625,14.96,8.125,4.150980392156863,99.375
heavy,11,request_observed,0.82,StaticReserve,57.291666666666664,52.5,7.950990154131416,14.96,17.987050346698016,18.650793650793652,1.0,19.726061495691514,0.8585488814453932,36.529013194524055,0.6793129052381609,24.791666666666668,5.772297393085991,33.125,14.96,100.0,8.816808804878603,38.75
heavy,11,request_observed,0.82,JointHeuristic,36.25,83.95833333333333,5.102057447409894,14.96,17.321727325221048,24.069478908188586,0.8433894230769232,29.120687007363284,0.7841451687493797,3.8369521883513307,0.9938826773322109,0.0,5.720000000000001,48.75,14.96,38.125,8.8,21.875
heavy,11,request_observed,0.82,Persistence-JCSO,7.708333333333334,94.58333333333333,3.9853287624993903,14.96,15.370210488963517,2.4229074889867843,0.9813701923076923,38.352119364733376,0.7097424773566391,41.038422360706534,1.309983238719429,0.0,2.434615384615385,0.0,14.96,23.125,3.422033898305085,0.0
heavy,11,request_observed,0.82,MovingAverage-JCSO,7.708333333333334,94.58333333333333,3.9892993375564383,14.96,15.326591684027505,2.4229074889867843,0.9850961538461538,38.39288782657619,0.7096001006164284,41.88278893209696,1.3106501525855963,0.0,2.434615384615385,0.0,14.96,23.125,3.422033898305085,0.0
heavy,11,request_observed,0.82,QuantileMLP-JCSO,7.708333333333334,94.58333333333333,3.980821094114362,14.96,15.347215027005984,2.4229074889867843,1.0,39.70766691552083,0.6994446624205253,46.19539210246437,1.3563350437181487,0.0,2.3835090467418936,0.0,14.96,23.125,3.422033898305085,0.0
heavy,11,request_observed,0.82,GAN-JCSO,7.708333333333334,94.58333333333333,3.973819469836671,14.96,15.36103028806249,2.4229074889867843,1.0,39.769038316028904,0.7003465116975052,45.876909104040436,1.358176574653257,0.0,2.431747348878489,0.0,14.96,23.125,3.422033898305085,0.0
heavy,11,request_observed,0.82,Diffusion-JCSO,7.708333333333334,94.58333333333333,3.9814275576006453,14.96,15.345425706068506,2.4229074889867843,0.9962740384615385,39.459803716630084,0.7011215232320219,45.876404728231435,1.3471018773175683,0.0,2.424987627322318,0.0,14.96,23.125,3.422033898305085,0.0
heavy,11,proactive,1.0,Independent,70.0,84.79166666666667,4.902794197893965,8.8,14.96,64.61916461916462,0.8788461538461536,24.412728009313817,0.82879652640062,7.894208441264107,1.0142874647358417,45.625,5.720000000000001,100.0,14.96,11.25,8.8,98.75
heavy,11,proactive,1.0,StaticReserve,31.041666666666668,81.875,5.016873109582159,14.96,22.651488924412735,15.776081424936386,1.0,31.38381134993909,0.7816147022561719,36.529013194524055,1.3011124538892167,24.791666666666668,5.772297393085991,33.125,14.96,21.25,8.816808804878603,38.75
heavy,11,proactive,1.0,JointHeuristic,68.33333333333333,67.5,6.385479805322567,14.96,16.69557673009889,53.086419753086425,0.7354567307692308,25.033612781184072,0.8171618366070014,11.515751341051352,1.0410493433279007,37.708333333333336,5.720000000000001,90.0,14.96,33.75,8.8,81.25
heavy,11,proactive,1.0,Persistence-JCSO,35.625,85.20833333333333,4.659887756359666,14.96,14.96,24.449877750611247,0.8598557692307693,30.44231245541929,0.7721447629611009,34.380457448889935,1.26655874737304,11.458333333333332,5.720000000000001,31.874999999999996,14.96,22.5,8.8,52.5
heavy,11,proactive,1.0,MovingAverage-JCSO,20.208333333333332,91.66666666666666,4.0349399584529975,8.8,14.96,12.954545454545455,0.9151442307692307,31.67114444260188,0.7634198746727066,39.81486017847221,1.3172227890376147,7.708333333333334,5.720000000000001,16.25,14.96,14.374999999999998,8.8,30.0
heavy,11,proactive,1.0,QuantileMLP-JCSO,8.125,96.45833333333333,3.5869164998365335,5.847442424987874,14.96,4.751619870410368,0.9739182692307692,32.60759662943586,0.7565985105957171,43.14049972534746,1.357112892848571,4.583333333333333,2.9184144295732892,6.25,14.96,8.75,4.572777433823616,9.375
heavy,11,proactive,1.0,GAN-JCSO,8.541666666666666,96.25,3.582443789977064,5.905590798598744,14.96,4.978354978354979,0.9701923076923077,32.570067873966245,0.7579181208270426,42.523725756303286,1.355427183939025,4.583333333333333,2.9914993226367192,8.75,14.96,8.75,4.462197517376412,8.125
heavy,11,proactive,1.0,Diffusion-JCSO,10.208333333333334,95.625,3.672408849861104,6.531049633066053,14.96,6.1002178649237475,0.9576923076923076,32.425615742361735,0.7576025767327733,42.882649957436406,1.3487330186539987,5.208333333333334,2.991862245064057,8.75,14.96,10.625,4.5947746553787265,11.25
heavy,11,proactive,0.92,Independent,70.41666666666667,84.16666666666667,5.020423952132276,8.8,14.96,64.85148514851485,0.948076923076923,26.46208388247325,0.8140459096327517,7.894208441264107,1.011638689247088,45.625,5.720000000000001,100.0,14.96,11.875,8.8,99.375
heavy,11,proactive,0.92,StaticReserve,31.041666666666668,81.875,5.016873109582159,14.96,22.651488924412735,15.776081424936386,1.0,34.11283842384684,0.7626246763654043,36.529013194524055,1.3011124538892167,24.791666666666668,5.772297393085991,33.125,14.96,21.25,8.816808804878603,38.75
heavy,11,proactive,0.92,JointHeuristic,69.79166666666666,70.20833333333333,6.316377952347673,14.96,15.401163764938337,56.97329376854599,0.789423076923077,26.954596916801766,0.8017261633731266,11.68646381441381,1.0317340465662503,37.916666666666664,5.720000000000001,88.125,14.96,40.0,8.8,81.25
heavy,11,proactive,0.92,Persistence-JCSO,30.208333333333332,90.41666666666667,4.301810248153465,9.4144308862849,14.96,22.811059907834103,0.9201923076923076,32.69047795920995,0.7536320541395327,34.186436234883075,1.2519062099167708,12.083333333333334,5.720000000000001,21.875,14.96,21.25,8.8,47.5
heavy,11,proactive,0.92,MovingAverage-JCSO,17.708333333333336,94.16666666666667,3.903642595715396,8.8,14.96,12.610619469026549,0.9590144230769232,34.154598920868466,0.7434211229334492,40.22712630496501,1.3075504959715953,7.916666666666666,3.143876953218592,10.625,14.96,18.75,5.752928229549878,23.75
heavy,11,proactive,0.92,QuantileMLP-JCSO,10.625,96.04166666666667,3.719510354801224,7.3973312838625604,14.96,6.941431670281996,0.9962740384615385,35.268730405931606,0.735703247866392,43.86421522348486,1.351093492635999,4.583333333333333,2.9184144295732892,6.25,14.96,16.25,4.572777433823616,9.375
heavy,11,proactive,0.92,GAN-JCSO,11.041666666666666,95.83333333333334,3.7141514898180663,7.406155120758476,14.96,7.173913043478261,0.992548076923077,35.23056776918266,0.7371385304964663,43.22939734533749,1.349498251654611,4.583333333333333,2.9914993226367192,8.75,14.96,16.25,4.462197517376412,8.125
heavy,11,proactive,0.92,Diffusion-JCSO,11.666666666666666,95.83333333333334,3.7392095669145777,8.390306453702019,14.96,7.82608695652174,0.9776442307692308,35.05206030032231,0.7363561259202368,43.538364384310206,1.3419862232419226,5.208333333333334,2.705097014696326,6.875000000000001,14.96,18.125,4.5651647922915295,10.0
heavy,11,proactive,0.82,Independent,71.04166666666667,83.54166666666667,5.126518751765962,8.8,14.96,65.33665835411472,0.995673076923077,29.53721533180662,0.7912440001665656,7.894208441264107,1.0067572378833354,45.625,5.720000000000001,100.0,14.96,13.125,8.8,100.0
heavy,11,proactive,0.82,StaticReserve,57.291666666666664,52.5,7.950990154131416,14.96,17.987050346698016,18.650793650793652,1.0,19.726061495691514,0.8585488814453932,36.529013194524055,0.6793129052381609,24.791666666666668,5.772297393085991,33.125,14.96,100.0,8.816808804878603,38.75
heavy,11,proactive,0.82,JointHeuristic,70.41666666666667,71.25,6.376239403957355,14.96,17.127557227806424,58.47953216374269,0.8433894230769232,29.83778053112952,0.7788332283786288,11.653316134834746,1.0184793477997551,38.75,5.720000000000001,87.5,14.96,41.875,8.8,81.875
heavy,11,proactive,0.82,Persistence-JCSO,26.458333333333332,90.20833333333333,4.47816671983949,14.96,15.408622199050216,18.475750577367204,0.9552884615384615,36.353718047980124,0.7234792272796217,34.777295831972204,1.2417055302837203,11.875,3.2387950291435197,16.25,14.96,23.75,8.8,39.375
heavy,11,proactive,0.82,MovingAverage-JCSO,19.375,91.45833333333333,4.301346359411697,14.96,15.36500339411423,11.845102505694761,0.9739182692307692,38.02891527775886,0.7114486068543442,41.090213588406264,1.2985376532054422,7.708333333333334,3.143876953218592,10.625,14.96,23.75,5.752928229549878,23.75
heavy,11,proactive,0.82,QuantileMLP-JCSO,12.916666666666668,93.125,4.1365620567954045,14.96,15.363187930126704,6.487695749440715,1.0,39.28452335489935,0.7020636947076755,44.76230368354261,1.3422822151002272,4.375,2.9184144295732892,6.25,14.96,23.125,4.572777433823616,9.375
heavy,11,proactive,0.82,GAN-JCSO,13.333333333333334,92.91666666666667,4.133303422553168,14.96,15.377371748867526,6.726457399103139,1.0,39.253815811130146,0.7039504834277108,44.101243250348276,1.3410694503656166,4.375,2.992146358764107,8.75,14.96,23.125,4.462197517376412,8.125
heavy,11,proactive,0.82,Diffusion-JCSO,13.333333333333334,93.125,4.142428219563544,14.96,15.365283359719335,6.935123042505594,1.0,39.03847546466174,0.704263117010051,44.41451076026648,1.33306441273712,5.0,2.705097014696326,6.875000000000001,14.96,23.125,4.5651647922915295,10.0
heavy,27,request_observed,1.0,Independent,33.33333333333333,100.0,3.1718260953843376,4.150980392156863,4.150980392156863,33.33333333333333,0.891826923076923,24.630643488143722,0.8277841313220986,2.0000000000000018,1.0199999999999998,0.0,2.64205294117647,15.625,2.8524523851279433,0.0,4.150980392156863,84.375
heavy,27,request_observed,1.0,StaticReserve,31.041666666666668,86.45833333333334,4.511683919298188,9.147436499910523,14.96,20.240963855421686,1.0,31.65051232597201,0.783556715445268,34.27404192763548,1.3069954348360746,27.500000000000004,5.882971985615398,35.625,11.363859582152166,13.125,8.98700224896501,44.375
heavy,27,request_observed,1.0,JointHeuristic,33.958333333333336,84.79166666666667,4.675560283114782,14.96,15.293905765580714,22.11302211302211,0.7633413461538463,24.828559959954752,0.8209082391044287,3.436108895201963,1.0284794932904011,0.0,5.720000000000001,58.12500000000001,14.96,21.875,8.8,21.875
heavy,27,request_observed,1.0,Persistence-JCSO,1.6666666666666667,99.16666666666667,3.183663977020845,4.603357834026319,6.3815939911761435,0.8403361344537815,0.9614182692307691,31.901589335685482,0.7631043845544037,38.56974690190051,1.3231109737766462,0.0,2.434615386821296,1.25,5.563719712778112,2.5,3.431428583502844,1.25
heavy,27,request_observed,1.0,MovingAverage-JCSO,0.8333333333333334,99.79166666666667,3.1321670692450376,4.215994520359802,5.873306270548788,0.6263048016701461,0.9739182692307692,32.0632356290809,0.763000967160418,39.32770643444851,1.3288162875494358,0.0,2.434615384615385,0.0,5.596177813098989,2.5,3.4220338983056298,0.0
heavy,27,request_observed,1.0,QuantileMLP-JCSO,0.8333333333333334,99.79166666666667,3.111265025642077,4.450431888325359,5.8529178652243825,0.6263048016701461,0.9850961538461538,33.36640571458038,0.752313941810143,46.978791592904415,1.3833507154508544,0.0,2.4194469759852333,0.0,5.6413552346482065,2.5,3.422033898305085,0.0
heavy,27,request_observed,1.0,GAN-JCSO,1.875,99.16666666666667,3.2034794329033387,4.896421798318667,8.319881391683115,1.050420168067227,0.9912259615384617,33.42162315179337,0.7526427969273539,46.66976392995174,1.386209374679239,0.0,2.07602112291174,1.25,5.834512940195067,3.75,3.422033898305085,0.625
heavy,27,request_observed,1.0,Diffusion-JCSO,1.875,99.16666666666667,3.2175374239561476,4.91712246053932,8.232288302394844,1.050420168067227,0.994951923076923,32.60556058480722,0.7599568751559602,43.076180649617825,1.3516050119411702,0.0,2.4211710093708043,1.25,5.8477358281815945,3.75,3.422033898305085,0.625
heavy,27,request_observed,0.92,Independent,33.33333333333333,100.0,3.196258686752747,4.150980392156863,4.150980392156863,33.33333333333333,0.9697115384615383,26.770119736851257,0.8125490287147453,2.0000000000000018,1.0199166968774407,0.0,2.5890588235294114,4.375,2.8631528138387425,0.0,4.150980392156863,95.625
heavy,27,request_observed,0.92,StaticReserve,60.0,54.37499999999999,7.822465276212124,14.96,14.96,26.436781609195403,1.0,17.25504990455393,0.8754566392728451,34.27404192763548,0.6652111866276348,27.500000000000004,5.882971985615398,35.625,14.96,100.0,8.98700224896501,44.375
heavy,27,request_observed,0.92,JointHeuristic,35.625,86.66666666666667,4.627914028602377,14.96,14.96,25.721153846153843,0.8207932692307693,26.71102528343002,0.8064165500751128,3.405660997661754,1.0183554250755216,0.0,5.720000000000001,57.49999999999999,14.96,27.500000000000004,8.8,21.875
heavy,27,request_observed,0.92,Persistence-JCSO,3.958333333333333,98.75,3.3730566488367475,5.378648494237949,14.96,2.7426160337552745,0.9701923076923077,34.28745604234402,0.7411007840816359,39.759285046174114,1.3095086906381983,0.0,2.434615384615385,0.0,10.223882214687482,11.875,3.422033898305085,0.0
heavy,27,request_observed,0.92,MovingAverage-JCSO,4.166666666666666,98.75,3.3812072632351744,5.424282346214481,14.96,2.9535864978902953,0.9776442307692307,34.44093948672178,0.7411332338905093,40.62622100384031,1.3144378367920129,0.0,2.434615384615385,0.0,10.072876321270517,12.5,3.422033898305085,0.0
heavy,27,request_observed,0.92,QuantileMLP-JCSO,4.166666666666666,98.75,3.3626050677787345,5.73301527443297,14.96,2.9535864978902953,0.9850961538461538,35.882043752355514,0.7291544026502306,48.41530034026293,1.3698633764583676,0.0,2.4194469759852333,0.0,10.459228132636984,12.5,3.422033898305085,0.0
heavy,27,request_observed,0.92,GAN-JCSO,4.375,98.75,3.395930722507908,6.085266414608153,14.96,3.1645569620253164,0.9962740384615385,35.96179291182718,0.729271186477493,47.980296835170265,1.3734865104470366,0.0,1.9306153846153846,0.0,10.90310429059705,13.125,3.422033898305085,0.0
heavy,27,request_observed,0.92,Diffusion-JCSO,4.375,98.75,3.401045383218343,5.815302851485322,14.96,3.1645569620253164,1.0,35.076766124205136,0.7371669250387061,44.36526364089091,1.338970536664236,0.0,2.4125545410727347,0.0,10.471227181521607,13.125,3.422033898305085,0.0
heavy,27,request_observed,0.82,Independent,33.541666666666664,100.0,3.252578294451261,4.150980392156863,4.179173652883266,33.541666666666664,0.995673076923077,29.973502925965246,0.7895979243089931,2.0000000000000018,1.017954993019709,0.0,2.5890588235294114,0.625,3.6451651194065557,0.625,4.150980392156863,99.375
heavy,27,request_observed,0.82,StaticReserve,60.0,54.37499999999999,7.822465276212124,14.96,14.96,26.436781609195403,1.0,19.35932428315806,0.8602684245500214,34.27404192763548,0.6652111866276348,27.500000000000004,5.882971985615398,35.625,14.96,100.0,8.98700224896501,44.375
heavy,27,request_observed,0.82,JointHeuristic,31.874999999999996,90.0,4.654076758998444,14.96,15.473294900345364,24.305555555555554,0.9098557692307694,29.380452232765965,0.7838191234222733,3.520378292867321,0.9993012025438314,0.0,5.720000000000001,48.75,14.96,32.5,8.8,14.374999999999998
heavy,27,request_observed,0.82,Persistence-JCSO,8.958333333333334,95.20833333333333,4.00682056533833,14.96,15.632474634672143,4.3763676148796495,0.9850961538461538,37.98537404714048,0.7081304764439732,41.81889242133146,1.2946258486233502,0.0,2.434615384615385,0.0,14.96,26.875,3.422033898305085,0.0
heavy,27,request_observed,0.82,MovingAverage-JCSO,8.75,95.0,4.04089904974726,14.96,15.134297614388274,3.9473684210526314,0.9888221153846153,38.108396938073874,0.7072271757164836,42.74906751971561,1.298090316644808,0.0,2.434615384615385,0.0,14.96,26.25,3.422033898305085,0.0
heavy,27,request_observed,0.82,QuantileMLP-JCSO,8.958333333333334,94.79166666666666,4.047363452069655,14.96,15.537782608779063,3.9560439560439558,1.0,39.83383996810696,0.692837881875672,50.70456567667743,1.3573350555429053,0.0,2.4194469759852333,0.0,14.96,26.875,3.422033898305085,0.0
heavy,27,request_observed,0.82,GAN-JCSO,8.958333333333334,94.79166666666666,4.060919123217512,14.96,15.538321943172065,3.9560439560439558,1.0,39.93660255273743,0.6923084982738137,50.18536686392237,1.3612738878385329,0.0,1.9306153846153846,0.0,14.96,26.875,3.422033898305085,0.0
heavy,27,request_observed,0.82,Diffusion-JCSO,9.166666666666666,94.79166666666666,4.07586981596584,14.96,15.54074046360136,4.175824175824175,1.0,38.901703509140454,0.7011433295650535,46.58666051880915,1.3252918255341548,0.0,2.4125545410727347,0.0,14.96,27.500000000000004,3.422033898305085,0.0
heavy,27,proactive,1.0,Independent,68.33333333333333,85.41666666666666,4.820155273689022,8.8,14.96,62.926829268292686,0.8875,24.69184279364604,0.8276561618611964,8.150117885971724,1.022421139007952,45.0,5.720000000000001,100.0,14.96,6.25,8.8,98.75
heavy,27,proactive,1.0,StaticReserve,31.041666666666668,86.45833333333334,4.511683919298188,9.147436499910523,14.96,20.240963855421686,1.0,31.65051232597201,0.783556715445268,34.27404192763548,1.3069954348360746,27.500000000000004,5.882971985615398,35.625,11.363859582152166,13.125,8.98700224896501,44.375
heavy,27,proactive,1.0,JointHeuristic,68.33333333333333,74.375,5.87976958556726,14.96,14.96520539799491,57.422969187675065,0.7758413461538461,25.41343699728319,0.8167741150285248,11.296720867731835,1.0527605537560167,39.375,5.720000000000001,95.0,14.96,28.125,8.8,81.875
heavy,27,proactive,1.0,Persistence-JCSO,18.333333333333332,94.16666666666667,3.7675171745658824,6.422886483351996,14.96,13.274336283185843,0.9276442307692306,30.336596859007557,0.7746135350924656,32.3452567587814,1.2579126170938804,11.875,3.2576453057937567,18.125,8.557232042563415,5.625,8.8,31.25
heavy,27,proactive,1.0,MovingAverage-JCSO,6.041666666666667,97.5,3.3519624204545346,5.238411237607546,8.8,3.632478632478633,0.9664663461538462,31.71265418546011,0.7653827714752838,38.33860457656245,1.3144751087176016,5.0,2.9993116191722713,5.625,6.073028777558622,3.125,4.775181729408268,9.375
heavy,27,proactive,1.0,QuantileMLP-JCSO,5.833333333333333,97.70833333333333,3.312805831539516,5.345039213737609,8.8,3.624733475479744,0.9776442307692308,32.95525610158958,0.7549423382455384,45.48715997208955,1.366613466776469,3.125,2.9972285985464624,5.625,6.208422413155181,3.75,4.60403029133557,8.125
heavy,27,proactive,1.0,GAN-JCSO,6.458333333333334,97.5,3.3985627501346025,5.643134824304695,9.734697571819646,4.05982905982906,0.994951923076923,33.0472546147621,0.7553287333554726,45.13229051267548,1.371097796960253,3.75,2.5459079100114104,4.375,6.756953809396298,5.0,4.713039689310227,10.0
heavy,27,proactive,1.0,Diffusion-JCSO,7.916666666666666,96.45833333333333,3.488086058119449,5.725275493689252,12.90314717412863,4.535637149028078,0.982451923076923,32.215573508862136,0.7620707006413028,41.633042915320544,1.335611036298706,4.583333333333333,3.023050899757427,6.25,7.2467329422272115,5.625,5.009819869829121,11.875
heavy,27,proactive,0.92,Independent,68.54166666666667,85.41666666666666,4.836644909835958,8.8,14.96,63.170731707317074,0.9697115384615383,26.82847516101581,0.8123799765276998,8.150117885971724,1.0220444920290037,45.0,5.720000000000001,99.375,14.96,6.25,8.8,100.0
heavy,27,proactive,0.92,StaticReserve,60.0,54.37499999999999,7.822465276212124,14.96,14.96,26.436781609195403,1.0,17.25504990455393,0.8754566392728451,34.27404192763548,0.6652111866276348,27.500000000000004,5.882971985615398,35.625,14.96,100.0,8.98700224896501,44.375
heavy,27,proactive,0.92,JointHeuristic,70.41666666666667,75.41666666666667,5.902004505640877,14.96,14.96,60.773480662983424,0.8245192307692308,27.345273918459878,0.8014742636935281,11.392572802385741,1.0427098066287848,40.0,5.720000000000001,95.0,14.96,35.0,8.8,81.25
heavy,27,proactive,0.92,Persistence-JCSO,19.375,94.58333333333333,3.8804285398940785,8.8,14.96,14.757709251101323,0.953966346153846,32.56816153601907,0.7544209818134644,33.45936624814505,1.2435861270565114,11.875,3.10660247004844,15.0,14.96,15.625,8.8,27.500000000000004
heavy,27,proactive,0.92,MovingAverage-JCSO,9.791666666666666,96.45833333333333,3.61961183781231,7.882623320204787,14.96,6.479481641468683,0.9701923076923077,34.0782893359661,0.7433120997540439,39.76748678544548,1.3008093589592113,5.0,2.9993104259743975,5.625,12.523644321156171,14.374999999999998,4.775181729401459,9.375
heavy,27,proactive,0.92,QuantileMLP-JCSO,9.375,96.66666666666667,3.5642574878178745,7.757052759658633,14.96,6.25,0.9776442307692308,35.43032793912563,0.7322453846220198,46.900519270777124,1.3528975736216033,3.125,2.9972285985464624,5.625,12.694684149518839,14.374999999999998,4.60403029133557,8.125
heavy,27,proactive,0.92,GAN-JCSO,9.166666666666666,97.08333333333333,3.587957937785171,7.859063929243686,14.96,6.437768240343347,1.0,35.57745314221433,0.7321054573834795,46.406025242754765,1.3592079491468296,3.75,2.5424830292196834,3.75,14.96,15.0,4.654285691666366,8.75
heavy,27,proactive,0.92,Diffusion-JCSO,9.791666666666666,96.66666666666667,3.6139176608449355,7.882555675049526,14.96,6.68103448275862,0.9962740384615385,34.641455903284026,0.7400575548298054,42.82164838264595,1.322510240091283,4.583333333333333,2.5169267086395473,4.375,13.7013264268414,15.0,4.717557084360094,10.0
heavy,27,proactive,0.82,Independent,68.75,85.41666666666666,4.864728720079239,8.8,14.96,63.41463414634146,0.995673076923077,30.02752316516368,0.789408256001576,8.150117885971724,1.0197161083507853,45.0,5.720000000000001,99.375,14.96,6.875000000000001,8.8,100.0
heavy,27,proactive,0.82,StaticReserve,60.0,54.37499999999999,7.822465276212124,14.96,14.96,26.436781609195403,1.0,19.35932428315806,0.8602684245500214,34.27404192763548,0.6652111866276348,27.500000000000004,5.882971985615398,35.625,14.96,100.0,8.98700224896501,44.375
heavy,27,proactive,0.82,JointHeuristic,69.16666666666667,79.375,5.8012861570714325,14.96,15.208312799332077,61.15485564304461,0.9111778846153846,30.00769730050169,0.7785582723908288,11.26324026838051,1.0208168898900134,41.041666666666664,5.720000000000001,88.125,14.96,38.75,8.8,80.625
heavy,27,proactive,0.82,Persistence-JCSO,23.125,91.875,4.425608075979513,14.96,15.54579854728824,16.3265306122449,0.9739182692307692,36.07405728894538,0.7226964015834996,35.34890889434465,1.229293033889789,11.666666666666666,3.0855576793260404,13.750000000000002,14.96,29.375,8.8,26.25
heavy,27,proactive,0.82,MovingAverage-JCSO,13.958333333333334,92.91666666666667,4.246297412669809,14.96,15.152007225037016,7.399103139013453,0.9850961538461538,37.696130174726875,0.7103807700241382,41.80071672230831,1.2842054319634206,5.0,2.9993104259743975,5.625,14.96,26.875,4.775181729401459,9.375
heavy,27,proactive,0.82,QuantileMLP-JCSO,13.750000000000002,92.91666666666667,4.218388169632571,14.96,15.537782620936952,7.174887892376682,0.992548076923077,39.31428170479382,0.6968375170602399,49.120679972529835,1.3398438158171497,3.125,2.9972285985464624,5.625,14.96,27.500000000000004,4.60403029133557,8.125
heavy,27,proactive,0.82,GAN-JCSO,13.333333333333334,93.33333333333333,4.220434636424902,14.96,15.538321955329954,7.142857142857142,1.0,39.49302960019242,0.6955767556582587,48.52497058544331,1.3464594439116122,3.75,2.5424830292196834,3.75,14.96,27.500000000000004,4.654285691666366,8.75
heavy,27,proactive,0.82,Diffusion-JCSO,13.958333333333334,92.91666666666667,4.264682947908531,14.96,15.54074047575925,7.399103139013453,0.9962740384615385,38.40989315588935,0.7047644413465527,44.994962006165224,1.3086417277279263,4.583333333333333,2.5169267086395473,4.375,14.96,27.500000000000004,4.717557084360094,10.0
heavy,41,request_observed,1.0,Independent,35.833333333333336,98.54166666666667,3.4820472064607007,4.150980392156863,14.96,34.883720930232556,0.8269230769230769,24.906276214970486,0.8305106742938928,2.000000000000002,1.0105665268064952,0.0,2.64205294117647,25.0,14.96,7.5,4.150980392156863,75.0
heavy,41,request_observed,1.0,StaticReserve,30.833333333333336,79.79166666666667,5.799793769577617,14.96,27.784697138786385,13.315926892950392,1.0,29.800507277937793,0.7886402488548896,30.606624387943807,1.2104251654121132,26.25,5.720000000000001,26.875,16.742171436266318,43.75,8.8,21.875
heavy,41,request_observed,1.0,JointHeuristic,50.0,75.41666666666667,5.675493542829613,14.96,20.3619021272952,33.70165745856354,0.5971153846153847,25.17948481051172,0.8153490336934006,5.9468134554087495,1.0227890140050488,0.0,5.720000000000001,72.5,15.353232438143971,40.625,8.8,36.875
heavy,41,request_observed,1.0,Persistence-JCSO,6.875000000000001,96.25,3.609089574458007,7.5594394284583935,14.96,3.2467532467532463,0.8483173076923076,32.08833470982176,0.7555778601594816,42.13552930573108,1.3055392281016718,0.0,2.4386605859818893,2.5,14.96,15.0,3.4422977602692066,3.125
heavy,41,request_observed,1.0,MovingAverage-JCSO,5.208333333333334,96.875,3.55233821078182,6.685967377685162,14.96,2.1505376344086025,0.8608173076923077,32.34714202459452,0.7546998074974981,43.237271151075255,1.3147575225981263,0.0,2.434615384615385,0.625,14.96,13.750000000000002,3.423622002186316,1.25
heavy,41,request_observed,1.0,QuantileMLP-JCSO,5.208333333333334,97.29166666666667,3.516766189065429,6.888764901427532,14.96,2.569593147751606,0.8919471153846154,33.11912847008353,0.747450292625827,46.41849798725494,1.3472085109559613,0.0,2.4299438174906483,0.0,14.96,15.625,3.422033898305085,0.0
heavy,41,request_observed,1.0,GAN-JCSO,5.208333333333334,97.29166666666667,3.5678618913552547,6.895634819394943,14.96,2.569593147751606,0.9403846153846154,32.64187298782705,0.7562475653585188,43.60807627744493,1.328119036684046,0.0,2.4248892922687992,0.0,14.96,15.625,3.422033898305085,0.0
heavy,41,request_observed,1.0,Diffusion-JCSO,7.083333333333333,96.04166666666667,3.704799031307988,7.837806875409432,14.96,3.2537960954446854,0.9563701923076924,33.488507321739974,0.7492397881506111,49.46625697532879,1.3611200879085745,0.0,2.41918813281264,1.875,14.96,16.875,3.5134731861837585,2.5
heavy,41,request_observed,0.92,Independent,36.041666666666664,98.125,3.582192905433643,4.150980392156863,14.96,34.81953290870488,0.9264423076923076,26.97521411083079,0.8154599411204366,2.000000000000002,1.0071548281204703,0.0,2.64205294117647,10.625,14.96,8.125,4.150980392156863,89.375
heavy,41,request_observed,0.92,StaticReserve,30.833333333333336,79.79166666666667,5.799793769577617,14.96,27.784697138786385,13.315926892950392,1.0,32.39185573688891,0.7702611400596627,30.606624387943807,1.2104251654121132,26.25,5.720000000000001,26.875,16.742171436266318,43.75,8.8,21.875
heavy,41,request_observed,0.92,JointHeuristic,47.91666666666667,79.79166666666667,5.411372783379432,14.96,21.371342812783183,34.72584856396867,0.6662259615384616,26.787215589971762,0.8014370571418515,5.116935424200003,1.001673565626943,0.0,5.720000000000001,68.75,15.081394922026357,41.25,8.8,33.75
heavy,41,request_observed,0.92,Persistence-JCSO,10.833333333333334,94.58333333333333,3.949386327913653,14.96,14.96,5.726872246696035,0.8930288461538461,34.49644414156016,0.7353162536846557,43.52629236646729,1.292377036049169,0.0,2.434615384615385,1.875,14.96,27.500000000000004,3.4422977602692066,3.125
heavy,41,request_observed,0.92,MovingAverage-JCSO,8.333333333333332,95.83333333333334,3.821867573691015,12.267630129725209,14.96,4.3478260869565215,0.8919471153846154,34.72953105581427,0.7334344444208243,44.57324422623321,1.2999438983104978,0.0,2.434615384615385,0.0,14.96,25.0,3.422033898305085,0.0
heavy,41,request_observed,0.92,QuantileMLP-JCSO,8.541666666666666,95.83333333333334,3.839456546265498,12.256262390710214,14.96,4.565217391304348,0.9441105769230769,35.62303746217966,0.7271002157796451,47.76726228396617,1.3343348595473923,0.0,2.4299438174906483,0.0,14.96,25.624999999999996,3.422033898305085,0.0
heavy,41,request_observed,0.92,GAN-JCSO,8.541666666666666,95.83333333333334,3.872356685635164,12.268405929253005,14.96,4.565217391304348,0.9627403846153845,35.12117557335315,0.7347810138379776,44.94002385578189,1.3158651633990779,0.0,2.4248892922687992,0.0,14.96,25.624999999999996,3.422033898305085,0.0
heavy,41,request_observed,0.92,Diffusion-JCSO,9.166666666666666,95.625,3.9153994306760933,13.017524015558466,14.96,5.010893246187364,0.9776442307692307,36.03487448914709,0.7262362183439117,50.81593730653577,1.3486709308587772,0.0,2.3637878790521674,0.0,14.96,27.500000000000004,3.422033898305085,0.0
heavy,41,request_observed,0.82,Independent,36.45833333333333,97.70833333333333,3.717950947124563,4.48723953803794,14.96,34.9680170575693,0.9913461538461539,30.02664168427246,0.7929260140150681,2.000000000000002,0.9996729712597918,0.0,2.5890588235294114,1.25,14.96,9.375,4.150980392156863,98.75
heavy,41,request_observed,0.82,StaticReserve,30.833333333333336,79.79166666666667,5.799793769577617,14.96,27.784697138786385,13.315926892950392,1.0,36.3420820462656,0.7422442059205971,30.606624387943807,1.2104251654121132,26.25,5.720000000000001,26.875,16.742171436266318,43.75,8.8,21.875
heavy,41,request_observed,0.82,JointHeuristic,35.833333333333336,86.04166666666667,5.1175182708862055,14.96,21.972502161489405,25.423728813559322,0.7842548076923077,29.308327975498532,0.7796911894864673,4.542299485151258,0.9777772191425891,0.0,5.720000000000001,53.125,17.570531792810083,38.125,8.8,16.25
heavy,41,request_observed,0.82,Persistence-JCSO,11.666666666666666,92.08333333333333,4.482742647617815,14.96,19.091723547813775,4.072398190045249,0.9441105769230769,38.0894823379286,0.705148996787314,45.09122530933107,1.2732072068906248,0.0,2.434615384615385,0.0,15.068980954623603,35.0,3.422033898305085,0.0
heavy,41,request_observed,0.82,MovingAverage-JCSO,11.458333333333332,92.08333333333333,4.471062299290268,14.96,19.055670029989628,3.8461538461538463,0.9329326923076924,38.30557876893681,0.7025629051949713,46.36964354577845,1.279522215684083,0.0,2.434615384615385,0.0,15.069714718695417,34.375,3.422033898305085,0.0
heavy,41,request_observed,0.82,QuantileMLP-JCSO,11.875,91.875,4.506285510308728,14.96,19.071462766252868,4.081632653061225,0.9627403846153847,39.348559447611,0.694645480655564,49.5822962917512,1.3150250345925978,0.0,2.4299438174906483,0.0,15.069939179110257,35.625,3.422033898305085,0.0
heavy,41,request_observed,0.82,GAN-JCSO,11.875,91.875,4.527063549876224,14.96,19.08634847140492,4.081632653061225,0.9776442307692307,38.889040743833704,0.7016836930798254,46.73007438865014,1.3000942424978663,0.0,2.4248892922687992,0.0,15.070432814692367,35.625,3.422033898305085,0.0
heavy,41,request_observed,0.82,Diffusion-JCSO,11.875,91.66666666666666,4.554495486685151,14.96,19.068394458797304,3.8636363636363633,0.9888221153846153,39.925039724452446,0.6911252079940453,52.5823488277588,1.3333857906874764,0.0,2.3637878790521674,0.0,15.069846830179841,35.625,3.422033898305085,0.0
heavy,41,proactive,1.0,Independent,71.66666666666667,83.125,5.227532281809491,9.157998410698013,14.96,65.91478696741855,0.8269230769230769,24.908057822537728,0.8304420791905083,8.868934402211988,1.0106576123206015,46.875,5.720000000000001,98.75,14.96,19.375,8.8,96.875
heavy,41,proactive,1.0,StaticReserve,30.833333333333336,79.79166666666667,5.799793769577617,14.96,27.784697138786385,13.315926892950392,1.0,29.800507277937793,0.7886402488548896,30.606624387943807,1.2104251654121132,26.25,5.720000000000001,26.875,16.742171436266318,43.75,8.8,21.875
heavy,41,proactive,1.0,JointHeuristic,73.95833333333334,65.0,6.830840190167551,14.96,20.55218104342451,59.93589743589743,0.6109375,25.70675090700624,0.8112398025900738,13.771862287333136,1.0443456973078915,38.958333333333336,5.809704548786853,96.25,15.684898338023189,48.75,8.8,76.875
heavy,41,proactive,1.0,Persistence-JCSO,28.125,87.91666666666667,4.470745096544494,14.96,14.96,18.246445497630333,0.795673076923077,30.453859934463985,0.7678764439353969,35.59986806597653,1.2388793425367768,11.666666666666666,5.720000000000001,30.0,14.96,23.75,8.8,30.625000000000004
heavy,41,proactive,1.0,MovingAverage-JCSO,16.666666666666664,93.125,3.9742273583695655,8.8,14.96,10.51454138702461,0.8520432692307691,31.98326094235009,0.7570279093692323,42.5956092380746,1.300385536339262,7.708333333333334,4.083516881712212,13.750000000000002,14.96,17.5,5.853832571222504,18.75
heavy,41,proactive,1.0,QuantileMLP-JCSO,11.25,95.0,3.778444848722655,8.8,14.96,6.578947368421052,0.8844951923076921,32.59217130359319,0.750280763783574,44.378317787288026,1.326195098401624,5.625,3.060706942537196,8.75,14.96,19.375,4.00205039457091,5.625
heavy,41,proactive,1.0,GAN-JCSO,12.916666666666668,94.375,3.9211443144267872,8.810997199988076,14.96,7.72626931567329,0.946514423076923,32.16344796240882,0.759503085427456,42.171833440520814,1.309200848812771,6.458333333333334,3.2895803086433726,10.0,14.96,20.0,4.854703695399721,8.75
heavy,41,proactive,1.0,Diffusion-JCSO,12.083333333333334,93.75,3.9762673553289374,9.050846904913232,14.96,6.222222222222222,0.967548076923077,33.04823679108021,0.7528491380004144,47.65820489447979,1.3435706903586502,4.791666666666667,3.3003716016016966,8.75,14.96,20.625,4.4086406534688996,6.875000000000001
heavy,41,proactive,0.92,Independent,72.29166666666667,82.70833333333333,5.31807752768017,14.96,14.96,66.49874055415617,0.9264423076923076,26.977150640795188,0.8153853812254533,8.868934402211988,1.0072459136345766,46.875,5.720000000000001,98.75,14.96,20.0,8.8,98.125
heavy,41,proactive,0.92,StaticReserve,30.833333333333336,79.79166666666667,5.799793769577617,14.96,27.784697138786385,13.315926892950392,1.0,32.39185573688891,0.7702611400596627,30.606624387943807,1.2104251654121132,26.25,5.720000000000001,26.875,16.742171436266318,43.75,8.8,21.875
heavy,41,proactive,0.92,JointHeuristic,73.125,69.16666666666667,6.548059627844782,14.96,16.382432677744177,61.14457831325302,0.6787259615384617,27.413149053397767,0.7966522114365767,13.355114466977332,1.025249129799427,40.833333333333336,5.720000000000001,94.375,14.970502951843114,48.75,8.8,76.25
heavy,41,proactive,0.92,Persistence-JCSO,27.916666666666668,88.33333333333333,4.583675433948901,14.96,14.96,18.39622641509434,0.840625,32.688909881567476,0.7482158428110038,36.47608726530393,1.2244891059229204,11.666666666666666,5.720000000000001,23.75,14.96,31.874999999999996,8.8,28.125
heavy,41,proactive,0.92,MovingAverage-JCSO,19.375,92.29166666666667,4.217919809445311,14.96,14.96,12.641083521444695,0.890625,34.34254003459473,0.7365546500489423,43.81467687357352,1.285805638504416,7.5,3.5268197155000696,11.875,14.96,28.749999999999996,5.540546024417311,17.5
heavy,41,proactive,0.92,QuantileMLP-JCSO,14.166666666666666,93.75,4.072673780213859,14.96,14.96,8.444444444444445,0.9366586538461539,35.08334523466815,0.7303123389410715,45.600102167585995,1.3145081027167482,5.416666666666667,3.060706942537196,8.75,14.96,28.125,4.00205039457091,5.625
heavy,41,proactive,0.92,GAN-JCSO,14.791666666666666,93.75,4.1328122976042705,14.96,14.96,9.11111111111111,0.966466346153846,34.61933506567133,0.738130270483466,43.3110328808555,1.2975422594248742,6.25,3.2145893181594984,8.75,14.96,28.125,4.490367552580192,7.5
heavy,41,proactive,0.92,Diffusion-JCSO,14.166666666666666,93.54166666666667,4.155190232362013,14.96,14.96,8.240534521158128,0.9888221153846153,35.573354133330575,0.7303040433340839,48.88116923932019,1.3317011884423606,4.791666666666667,3.063927299500978,7.5,14.96,30.625000000000004,3.904408549445647,4.375
heavy,41,proactive,0.82,Independent,73.125,82.5,5.384610114461621,14.96,14.96,67.42424242424242,0.9913461538461539,30.028814376427633,0.7928423614499651,8.868934402211988,0.9997640567738979,46.875,5.720000000000001,98.75,14.96,20.625,8.8,100.0
heavy,41,proactive,0.82,StaticReserve,30.833333333333336,79.79166666666667,5.799793769577617,14.96,27.784697138786385,13.315926892950392,1.0,36.3420820462656,0.7422442059205971,30.606624387943807,1.2104251654121132,26.25,5.720000000000001,26.875,16.742171436266318,43.75,8.8,21.875
heavy,41,proactive,0.82,JointHeuristic,69.79166666666666,73.54166666666667,6.428841159133354,14.96,19.506833973599992,58.92351274787535,0.7954326923076923,30.01208625550835,0.7745728769305453,13.07798137561988,1.0014602696401231,41.458333333333336,5.720000000000001,86.875,15.101927898583803,47.5,8.8,75.0
heavy,41,proactive,0.82,Persistence-JCSO,27.291666666666664,87.08333333333333,5.019887315410516,14.96,19.167240218318817,16.507177033492823,0.9217548076923077,36.05491464085192,0.7206692591827508,37.59996085401919,1.2050367399700321,11.458333333333332,4.084207365362853,19.375,15.078657398321146,37.5,8.8,25.0
heavy,41,proactive,0.82,MovingAverage-JCSO,20.833333333333336,89.16666666666667,4.800476816548885,14.96,19.122842522452416,11.214953271028037,0.9329326923076924,37.92486134478715,0.7055124239036505,45.38981854022634,1.267167913388557,7.291666666666667,3.47735089295064,11.25,15.078657398321146,36.25,5.000937649089498,15.0
heavy,41,proactive,0.82,QuantileMLP-JCSO,17.083333333333332,90.0,4.704749877189387,14.96,19.143176452665283,7.87037037037037,0.9664663461538462,38.78158252318049,0.6989802325888339,47.17386006199958,1.2964116815918234,5.208333333333334,3.060706942537196,8.75,15.078657398321146,36.875,4.00205039457091,5.625
heavy,41,proactive,0.82,GAN-JCSO,18.125,89.79166666666667,4.7756083690584505,14.96,19.15578597533279,8.816705336426914,0.9850961538461538,38.354284675509014,0.7060064689702102,44.86774341086624,1.2826202146730987,6.041666666666667,3.2145893181594984,8.75,15.078657398321146,38.125,4.490367552580192,7.5
heavy,41,proactive,0.82,Diffusion-JCSO,16.666666666666664,89.58333333333334,4.777294406645601,14.96,19.142055657764296,6.976744186046512,0.992548076923077,39.44054029622747,0.6950736967024446,50.499110983750505,1.3174413663413482,4.583333333333333,3.063927299500978,7.5,16.810873831897528,38.125,3.904408549445647,4.375
heavy,59,request_observed,1.0,Independent,33.33333333333333,100.0,3.1598825517601856,4.150980392156863,4.150980392156863,33.33333333333333,0.8442307692307691,23.53286775531743,0.8339967888308429,2.0000000000000018,1.02,0.0,2.64205294117647,22.5,2.8514731761529624,0.0,4.150980392156863,77.5
heavy,59,request_observed,1.0,StaticReserve,25.833333333333336,86.25,4.374689608175734,8.805779245508207,15.46388235802056,14.009661835748794,1.0,31.296214602747213,0.7827431126158134,38.701694763596855,1.352110535307754,22.291666666666668,5.882526645304095,36.875,14.96,9.375,8.80577924550821,31.25
heavy,59,request_observed,1.0,JointHeuristic,52.916666666666664,69.79166666666666,5.939725581193717,14.96,14.96,32.537313432835816,0.6645432692307693,24.169430691713327,0.823041979509058,5.335141091454535,1.0479141775623109,0.0,5.720000000000001,67.5,14.96,43.75,8.802049780552823,47.5
heavy,59,request_observed,1.0,Persistence-JCSO,8.541666666666666,95.20833333333333,3.4926728956751467,5.720607899605266,14.96,3.938730853391685,0.8975961538461539,30.9983834937964,0.7679938673979495,38.900830666797965,1.344529488244548,0.0,2.73076806495211,7.5,14.96,8.125,4.854590061689195,10.0
heavy,59,request_observed,1.0,MovingAverage-JCSO,5.416666666666667,97.08333333333333,3.3412855378815447,5.236165461456641,14.96,2.575107296137339,0.9276442307692306,31.04708267798206,0.7692178758723334,39.36580361653414,1.3457676837344095,0.0,2.434615384615385,4.375,7.2212455432521345,6.875000000000001,3.987582982473083,5.0
heavy,59,request_observed,1.0,QuantileMLP-JCSO,1.25,99.58333333333333,3.130306280651745,4.173580496590714,6.947582559014297,0.8368200836820083,0.9850961538461538,32.13245284780791,0.7607691317625006,44.38273725434447,1.3934159927279548,0.0,2.3617600533283376,0.0,5.606268991194652,3.75,3.422033898305085,0.0
heavy,59,request_observed,1.0,GAN-JCSO,1.4583333333333333,99.58333333333333,3.146665527313205,4.179535888163703,6.952365960629155,1.0460251046025104,0.9813701923076923,31.35816113531232,0.7671117637150398,40.51870034919526,1.3595077750158786,0.0,2.3791327707024723,0.0,5.721831565940335,4.375,3.422033898305085,0.0
heavy,59,request_observed,1.0,Diffusion-JCSO,3.3333333333333335,98.33333333333333,3.263865610628831,4.762887751947591,9.796410807593544,1.694915254237288,0.9824519230769232,31.975183295139303,0.7640703384431216,43.94219151545,1.384905140289236,0.0,2.411157569499806,1.875,6.117994523793589,5.0,3.5407767590587538,3.125
heavy,59,request_observed,0.92,Independent,33.33333333333333,100.0,3.187614093127353,4.150980392156863,4.150980392156863,33.33333333333333,0.948076923076923,25.572000810715334,0.8196083926300031,2.0000000000000018,1.019729413365129,0.0,2.64205294117647,7.5,2.8933911435673165,0.0,4.150980392156863,92.5
heavy,59,request_observed,0.92,StaticReserve,25.833333333333336,86.25,4.374689608175734,8.805779245508207,15.46388235802056,14.009661835748794,1.0,34.01762456820349,0.7638512093650147,38.701694763596855,1.352110535307754,22.291666666666668,5.882526645304095,36.875,14.96,9.375,8.80577924550821,31.25
heavy,59,request_observed,0.92,JointHeuristic,52.29166666666667,72.29166666666667,5.778270455145603,14.96,14.96,34.00576368876081,0.6948317307692309,25.93312916008038,0.8088985499560504,4.73760976182168,1.034718638051759,0.0,5.720000000000001,65.625,14.96,46.25,8.8,45.0
heavy,59,request_observed,0.92,Persistence-JCSO,3.75,97.91666666666666,3.369306304263753,5.076577954548853,14.96,1.702127659574468,0.953966346153846,33.34189096230127,0.7492310393905359,39.310941764463955,1.3313183461429103,0.0,2.434615384615385,1.25,14.96,8.125,3.42502842320541,1.875
heavy,59,request_observed,0.92,MovingAverage-JCSO,2.9166666666666665,98.33333333333333,3.3463187640360457,4.692038478128614,14.96,1.2711864406779663,0.9627403846153847,33.40973031343536,0.7491888407438314,40.00827661108406,1.3332933729584926,0.0,2.434615384615385,0.0,14.96,8.75,3.422033898305085,0.0
heavy,59,request_observed,0.92,QuantileMLP-JCSO,2.9166666666666665,98.33333333333333,3.342553547671426,4.685186560711322,14.96,1.2711864406779663,0.992548076923077,34.62715470107328,0.739374843928607,45.18465506666386,1.3824313921703522,0.0,2.3617600533283376,0.0,14.96,8.75,3.422033898305085,0.0
heavy,59,request_observed,0.92,GAN-JCSO,2.9166666666666665,98.33333333333333,3.3559749862394095,4.6934787026144305,14.96,1.2711864406779663,0.9850961538461538,33.817507191173966,0.7459032330448121,41.304873220007515,1.3497494405485553,0.0,2.3791327707024723,0.0,14.96,8.75,3.422033898305085,0.0
heavy,59,request_observed,0.92,Diffusion-JCSO,2.9166666666666665,98.33333333333333,3.3541468756431296,4.709605639799381,14.96,1.2711864406779663,0.992548076923077,34.41656499813399,0.7426814038491664,44.607739097983924,1.3723725221642524,0.0,1.9306153846153846,0.0,14.96,8.75,3.422033898305085,0.0
heavy,59,request_observed,0.82,Independent,33.33333333333333,100.0,3.241915688931947,4.150980392156863,4.361725383130175,33.33333333333333,1.0,28.609943289273875,0.7974852185079712,2.0000000000000018,1.0170310127772313,0.0,2.5890588235294114,0.0,3.899570581761918,0.0,4.150980392156863,100.0
heavy,59,request_observed,0.82,StaticReserve,56.041666666666664,54.58333333333333,7.737868127210442,14.96,14.96,19.46564885496183,1.0,18.957696435447158,0.860549062883208,38.701694763596855,0.681773285811509,22.291666666666668,5.882526645304095,36.875,14.96,100.0,8.80577924550821,31.25
heavy,59,request_observed,0.82,JointHeuristic,47.91666666666667,78.125,5.457551139028133,14.96,14.96,33.33333333333333,0.7777644230769232,28.473730250544648,0.7884338498067767,4.016010904373763,1.0132561387043448,0.0,5.720000000000001,57.49999999999999,14.96,48.125,8.8,38.125
heavy,59,request_observed,0.82,Persistence-JCSO,6.458333333333334,96.875,3.63499749660272,8.031796287854753,14.96,3.4408602150537635,0.9701923076923077,36.94479822917816,0.7179656598045108,40.592218240997305,1.3161165361823552,0.0,2.434615384615385,0.0,14.96,19.375,3.422033898305085,0.0
heavy,59,request_observed,0.82,MovingAverage-JCSO,6.458333333333334,96.875,3.6498004718303587,8.312496494522586,14.96,3.4408602150537635,0.992548076923077,37.02935303758394,0.7186227634043889,41.26921171153743,1.3185216719610136,0.0,2.434615384615385,0.0,14.96,19.375,3.422033898305085,0.0
heavy,59,request_observed,0.82,QuantileMLP-JCSO,6.458333333333334,96.875,3.6256055639946014,8.32242668702353,14.96,3.4408602150537635,0.992548076923077,38.3980323995983,0.705710779013261,46.46770941568887,1.3677038152685428,0.0,2.3617600533283376,0.0,14.96,19.375,3.422033898305085,0.0
heavy,59,request_observed,0.82,GAN-JCSO,6.458333333333334,96.875,3.6463385127757686,8.331311548727156,14.96,3.4408602150537635,0.9962740384615385,37.517937045243364,0.713621084442815,42.56110488710004,1.3360363879298833,0.0,2.3791327707024723,0.0,14.96,19.375,3.422033898305085,0.0
heavy,59,request_observed,0.82,Diffusion-JCSO,6.458333333333334,96.875,3.6395890276296683,8.32458248643952,14.96,3.4408602150537635,0.9962740384615385,38.17110488004815,0.709570669098797,45.923322458693306,1.3579873072026543,0.0,1.9306153846153846,0.0,14.96,19.375,3.422033898305085,0.0
heavy,59,proactive,1.0,Independent,68.125,86.45833333333334,4.753227472291039,8.8,14.96,63.132530120481924,0.8442307692307693,23.606379720522686,0.8335612836465305,8.163346820688346,1.023124825542716,43.958333333333336,5.720000000000001,98.75,14.96,8.75,8.8,96.875
heavy,59,proactive,1.0,StaticReserve,25.833333333333336,86.25,4.374689608175734,8.805779245508207,15.46388235802056,14.009661835748794,1.0,31.296214602747213,0.7827431126158134,38.701694763596855,1.352110535307754,22.291666666666668,5.882526645304095,36.875,14.96,9.375,8.80577924550821,31.25
heavy,59,proactive,1.0,JointHeuristic,80.0,61.04166666666667,6.99080602186184,14.96,15.051769117377127,67.23549488054607,0.6645432692307693,24.728554041397803,0.8187982707267413,12.629943706222464,1.0722134276453072,33.33333333333333,5.815067203075174,98.125,14.96,54.37499999999999,9.145985950969171,87.5
heavy,59,proactive,1.0,Persistence-JCSO,36.25,83.125,4.672081889920971,14.96,14.96,23.308270676691727,0.814423076923077,29.60233646567113,0.7782135034792936,33.54932502996158,1.2839689734029185,8.958333333333334,5.720000000000001,36.875,14.96,23.75,8.8,48.125
heavy,59,proactive,1.0,MovingAverage-JCSO,12.708333333333332,94.58333333333333,3.580594642668657,6.831307037014525,14.96,7.709251101321586,0.9164663461538461,30.771120133223107,0.7701602413101559,38.83886122235218,1.334049949351202,5.0,5.720000000000001,12.5,12.142559380189445,10.0,8.8,15.625
heavy,59,proactive,1.0,QuantileMLP-JCSO,5.833333333333333,97.91666666666666,3.3057530889210867,5.05352073543769,9.792710698000045,3.829787234042553,0.9850961538461538,31.861843449123857,0.7622042214335615,43.41625453502633,1.3820771178483262,3.125,2.7885007311683845,6.25,7.078116528439118,6.875000000000001,3.789486871766736,4.375
heavy,59,proactive,1.0,GAN-JCSO,7.708333333333334,97.29166666666667,3.3770927057198117,5.437112343732132,9.800072236252623,5.139186295503212,0.9850961538461538,31.00171819871883,0.7692227094781134,39.25413220877795,1.3446319714674047,4.166666666666666,3.1331525713642425,7.5,7.099072778305203,7.5,4.33521174460524,8.125
heavy,59,proactive,1.0,Diffusion-JCSO,7.083333333333333,97.08333333333333,3.384821579694771,5.434990227039461,9.795868386809,4.291845493562231,0.9875,31.697522851758276,0.7657925189843034,42.93798613856177,1.373156786860743,3.75,3.1993309638816685,8.125,7.031979023076721,6.25,4.56212632074986,6.875000000000001
heavy,59,proactive,0.92,Independent,68.95833333333333,86.45833333333334,4.775927481432457,8.8,14.96,64.09638554216868,0.948076923076923,25.65190512072104,0.8191350174296635,8.163346820688346,1.022854238907845,43.958333333333336,5.720000000000001,98.75,14.96,8.75,8.8,99.375
heavy,59,proactive,0.92,StaticReserve,25.833333333333336,86.25,4.374689608175734,8.805779245508207,15.46388235802056,14.009661835748794,1.0,34.01762456820349,0.7638512093650147,38.701694763596855,1.352110535307754,22.291666666666668,5.882526645304095,36.875,14.96,9.375,8.80577924550821,31.25
heavy,59,proactive,0.92,JointHeuristic,80.0,63.95833333333333,6.748660883134835,14.96,14.96,68.72964169381108,0.7060096153846154,26.505941789385073,0.8050485663520301,12.038140343195865,1.0576640756289364,35.208333333333336,5.720000000000001,97.5,14.96,55.625,8.8,86.875
heavy,59,proactive,0.92,Persistence-JCSO,24.375,89.79166666666667,4.162414451549252,8.8,14.96,15.777262180974477,0.8899038461538462,31.684640458309755,0.7609601152224469,33.16555000667047,1.2650686890633773,9.166666666666666,5.720000000000001,22.5,14.96,15.625,8.8,35.0
heavy,59,proactive,0.92,MovingAverage-JCSO,9.166666666666666,96.04166666666667,3.5588875949534944,6.000597017310795,14.96,5.42299349240781,0.959014423076923,33.115801614455485,0.7508220976708652,39.38735788144381,1.3217667520422962,5.0,3.1333683365509963,7.5,14.96,10.0,4.650012954374625,10.0
heavy,59,proactive,0.92,QuantileMLP-JCSO,7.083333333333333,96.875,3.4845569016078364,5.720000000000001,14.96,4.086021505376344,0.992548076923077,34.33845356543605,0.741059464624054,44.11291786376252,1.3712609941520264,3.125,2.7885007311683845,6.25,14.96,10.625,3.789486871766736,4.375
heavy,59,proactive,0.92,GAN-JCSO,8.75,96.25,3.5533076123019343,5.733654371184682,14.96,5.194805194805195,0.9888221153846153,33.443212705559425,0.7483455667889254,39.93365215140733,1.3353302710680828,4.166666666666666,3.1331525713642425,7.5,14.96,10.625,4.33521174460524,8.125
heavy,59,proactive,0.92,Diffusion-JCSO,7.291666666666667,96.66666666666667,3.500217121110062,5.720000000000001,14.96,4.094827586206897,0.992548076923077,34.13360390547221,0.7445882238072563,43.573357312151614,1.3613286487763072,3.75,3.1303795624304325,7.5,14.96,8.75,4.16137025955473,5.625
heavy,59,proactive,0.82,Independent,69.16666666666667,86.45833333333334,4.817592953448584,8.8,14.96,64.33734939759036,1.0,28.699592027329057,0.7969541146246633,8.163346820688346,1.0201558383199474,43.958333333333336,5.720000000000001,98.75,14.96,8.75,8.8,100.0
heavy,59,proactive,0.82,StaticReserve,56.041666666666664,54.58333333333333,7.737868127210442,14.96,14.96,19.46564885496183,1.0,18.957696435447158,0.860549062883208,38.701694763596855,0.681773285811509,22.291666666666668,5.882526645304095,36.875,14.96,100.0,8.80577924550821,31.25
heavy,59,proactive,0.82,JointHeuristic,78.125,70.41666666666667,6.402362654996057,14.96,14.96,68.93491124260355,0.7953125,29.102939694262997,0.7840969097934555,11.52501177010062,1.0357226684934528,37.5,5.720000000000001,95.0,14.96,54.37499999999999,8.8,85.0
heavy,59,proactive,0.82,Persistence-JCSO,18.333333333333332,93.33333333333333,4.013791765655927,9.322915571109476,14.96,12.5,0.9502403846153845,35.02503043078832,0.7321028893698474,34.044507905909526,1.2476336218773636,9.583333333333334,3.3447748101876567,13.750000000000002,14.96,20.0,8.8,21.25
heavy,59,proactive,0.82,MovingAverage-JCSO,12.291666666666666,94.79166666666666,3.830394901503984,8.825541136689722,14.96,7.472527472527473,0.9813701923076923,36.691440587813055,0.7202031848609699,40.61607811063199,1.3066623615937405,5.0,3.1333683365509963,7.5,14.96,19.375,4.650012954374625,10.0
heavy,59,proactive,0.82,QuantileMLP-JCSO,10.0,95.625,3.7406255221314413,8.825388728620489,14.96,5.88235294117647,0.992548076923077,38.080374474889354,0.7076684975806697,45.34831875216769,1.3567280265024637,3.125,2.7885007311683845,6.25,14.96,19.375,3.789486871766736,4.375
heavy,59,proactive,0.82,GAN-JCSO,11.666666666666666,95.0,3.811383896202265,8.825821485395995,14.96,7.017543859649122,0.992548076923077,37.11636352212512,0.715866760922286,41.13863662403229,1.3222169465775624,4.166666666666666,3.1331525713642425,7.5,14.96,19.375,4.33521174460524,8.125
heavy,59,proactive,0.82,Diffusion-JCSO,10.833333333333334,95.20833333333333,3.785326654691838,8.825169671790016,14.96,6.3457330415754925,0.9962740384615385,37.85586421528801,0.71170519051777,44.881103630094,1.3470172686270103,3.75,3.1303795624304325,7.5,14.96,19.375,4.16137025955473,5.625
heavy,73,request_observed,1.0,Independent,33.33333333333333,100.0,3.165851859089881,4.150980392156863,4.150980392156863,33.33333333333333,0.8701923076923075,24.05810866327996,0.8303182964991276,2.0000000000000018,1.02,0.0,2.64205294117647,18.75,2.8509805852293493,0.0,4.150980392156863,81.25
heavy,73,request_observed,1.0,StaticReserve,22.083333333333332,86.66666666666667,4.422851176839458,8.8,18.566296849373124,10.096153846153847,1.0,32.268983692483474,0.7844756811816476,40.13410325016407,1.3631476897881198,19.375,6.081498072308971,24.375,5.778547672790827,3.125,8.857920444140381,38.75
heavy,73,request_observed,1.0,JointHeuristic,44.583333333333336,73.75,5.492750744451962,14.96,17.61003372916964,24.858757062146893,0.6203125,24.70094522015954,0.8147631130331228,5.141154145855743,1.0474434348106973,0.0,5.7239735830190694,63.74999999999999,14.96,34.375,9.65935776516396,35.625
heavy,73,request_observed,1.0,Persistence-JCSO,3.5416666666666665,98.125,3.1493100974861057,4.615254010339614,8.8,1.6985138004246285,0.8544471153846154,31.728010839527084,0.7590115879643852,37.88019691223165,1.3454143895659496,0.0,2.434615664575487,3.75,5.410338929458725,1.875,3.9055649924254494,5.0
heavy,73,request_observed,1.0,MovingAverage-JCSO,1.25,99.375,3.0383860548166846,4.105217293668342,5.695300144697683,0.628930817610063,0.8757211538461538,31.987711635242455,0.7590664698288517,38.56565247780996,1.3552914130877922,0.0,2.4346153847996277,1.25,4.837439704487906,0.625,3.422103235758904,1.875
heavy,73,request_observed,1.0,QuantileMLP-JCSO,0.0,100.0,3.0203106858836066,3.9712381715417395,4.811189307752964,0.0,0.9813701923076923,33.52911380188471,0.7517548592614635,47.40967145507072,1.4206756868985182,0.0,1.9306153846153846,0.0,4.524414775716342,0.0,3.422033898305085,0.0
heavy,73,request_observed,1.0,GAN-JCSO,1.25,99.375,3.034549218119408,4.0027739480645685,5.650740350362438,0.628930817610063,0.8682692307692308,31.980625085313154,0.7598367037218937,39.65590004311992,1.3540001020268302,0.0,2.4351252702622483,1.875,4.62711712236622,0.625,3.422385864092848,1.25
heavy,73,request_observed,1.0,Diffusion-JCSO,1.25,99.375,3.0116336410244404,4.070529225375564,5.675793983532729,0.628930817610063,0.8682692307692307,32.903907857994696,0.7507034400365356,44.11111846398102,1.3951155021739885,0.0,2.43461538462466,1.25,4.795132941336103,0.625,3.4220795323232727,1.875
heavy,73,request_observed,0.92,Independent,33.33333333333333,100.0,3.192852676929754,4.150980392156863,4.150980392156863,33.33333333333333,0.9826923076923076,26.150118112260824,0.8154291838168486,2.0000000000000018,1.02,0.0,2.5890588235294114,2.5,2.850980602203909,0.0,4.150980392156863,97.5
heavy,73,request_observed,0.92,StaticReserve,54.37499999999999,53.75,8.020532020192976,14.96,18.566296849373124,15.11627906976744,1.0,17.359688149508944,0.8789674000688705,40.13410325016407,0.6847616917064338,19.375,6.081498072308971,24.375,14.96,100.0,8.857920444140381,38.75
heavy,73,request_observed,0.92,JointHeuristic,45.0,75.625,5.429379405389011,14.96,15.513438460157987,27.27272727272727,0.6442307692307694,26.60818511108925,0.7996285743443253,4.7352397791623595,1.0382913073259687,0.0,5.7225552176608865,63.125,14.96,36.25,8.8250443782789,35.625
heavy,73,request_observed,0.92,Persistence-JCSO,1.6666666666666667,99.375,3.1133885883054093,4.002063524352579,7.691379390165048,1.0482180293501049,0.903125,34.03795039159309,0.7397000910875945,38.10436820307569,1.3289434338170596,0.0,2.434615384615385,0.0,6.763362349777683,5.0,3.422033898305085,0.0
heavy,73,request_observed,0.92,MovingAverage-JCSO,1.6666666666666667,99.375,3.1057302854863083,4.002779269629645,7.702829649790777,1.0482180293501049,0.895673076923077,34.35289516159708,0.738442462602827,38.924347738657055,1.3400990313195777,0.0,2.434615384615385,0.0,6.7738716927139215,5.0,3.422033898305085,0.0
heavy,73,request_observed,0.92,QuantileMLP-JCSO,1.6666666666666667,99.375,3.150290379604026,4.169386778846761,7.688822454049307,1.0482180293501049,0.9888221153846153,36.04323991692989,0.7300055956998224,47.958267040102065,1.4061082215633038,0.0,1.9306153846153846,0.0,6.751624731378564,5.0,3.422033898305085,0.0
heavy,73,request_observed,0.92,GAN-JCSO,1.6666666666666667,99.375,3.0961107132792858,4.0021458059496595,7.703235576163637,1.0482180293501049,0.8770432692307694,34.32028320992579,0.738624828813834,40.070681019522645,1.3379032981041388,0.0,2.434615384615385,0.0,6.774077584017997,5.0,3.422033898305085,0.0
heavy,73,request_observed,0.92,Diffusion-JCSO,1.6666666666666667,99.375,3.08982168017471,3.97268850011626,7.688203376732994,1.0482180293501049,0.903125,35.303568773167065,0.7305213892621688,44.49078673925921,1.3782489602513421,0.0,2.434615384615385,0.0,6.749060735781765,5.0,3.422033898305085,0.0
heavy,73,request_observed,0.82,Independent,35.208333333333336,100.0,3.215441186292902,4.150980392156863,4.150980392156863,35.208333333333336,1.0,29.302169876471957,0.7928964305271661,2.0000000000000018,1.018787764127655,0.0,2.60232189104238,5.625,3.15491540537891,0.0,4.150980392156863,100.0
heavy,73,request_observed,0.82,StaticReserve,54.37499999999999,53.75,8.020532020192976,14.96,18.566296849373124,15.11627906976744,1.0,19.476723289692966,0.8642073269065376,40.13410325016407,0.6847616917064338,19.375,6.081498072308971,24.375,14.96,100.0,8.857920444140381,38.75
heavy,73,request_observed,0.82,JointHeuristic,37.708333333333336,85.20833333333333,4.689507289270638,14.96,14.96,26.894865525672373,0.7412259615384615,29.08914463537694,0.7791837087023664,3.0526220918267524,1.0121403060146608,0.0,5.720000000000001,53.75,14.96,30.625000000000004,8.8,28.749999999999996
heavy,73,request_observed,0.82,Persistence-JCSO,3.958333333333333,98.125,3.3940906135668305,5.303232846624914,14.96,2.1231422505307855,0.9254807692307692,37.51093963643258,0.7087730477078742,39.363263260376876,1.3068552091931813,0.0,2.434615384615385,0.0,14.96,11.875,3.422033898305085,0.0
heavy,73,request_observed,0.82,MovingAverage-JCSO,3.958333333333333,98.125,3.391816390991898,5.306615361926075,14.96,2.1231422505307855,0.9254807692307692,37.88646149647229,0.7071321064790864,40.196276910948136,1.3189018926430276,0.0,2.434615384615385,0.0,14.96,11.875,3.422033898305085,0.0
heavy,73,request_observed,0.82,QuantileMLP-JCSO,4.375,97.91666666666666,3.4590912678519006,5.927318245158247,14.96,2.3404255319148937,0.992548076923077,39.81337233742281,0.6951877697310138,49.49286344185129,1.3861073591178776,0.0,1.9306153846153846,0.0,14.96,13.125,3.422033898305085,0.0
heavy,73,request_observed,0.82,GAN-JCSO,3.958333333333333,98.125,3.3745539461855687,5.29722785648343,14.96,2.1231422505307855,0.8993990384615385,37.84019818418997,0.7073688103879067,41.36940290537003,1.3163543324016942,0.0,2.434615384615385,0.0,14.96,11.875,3.422033898305085,0.0
heavy,73,request_observed,0.82,Diffusion-JCSO,3.958333333333333,98.125,3.374894012231518,5.267258711347728,14.96,2.1231422505307855,0.9292067307692307,38.843419233579546,0.7003966568386227,45.832545101867886,1.3530685258564554,0.0,2.434615384615385,0.0,14.96,11.875,3.422033898305085,0.0
heavy,73,proactive,1.0,Independent,68.54166666666667,88.54166666666666,4.66413643644781,8.8,14.96,64.47058823529412,0.8701923076923075,24.15172996231096,0.8300681074352683,7.8992166777031505,1.0238135792639815,44.166666666666664,5.720000000000001,99.375,14.96,8.75,8.8,97.5
heavy,73,proactive,1.0,StaticReserve,22.083333333333332,86.66666666666667,4.422851176839458,8.8,18.566296849373124,10.096153846153847,1.0,32.268983692483474,0.7844756811816476,40.13410325016407,1.3631476897881198,19.375,6.081498072308971,24.375,5.778547672790827,3.125,8.857920444140381,38.75
heavy,73,proactive,1.0,JointHeuristic,71.875,65.41666666666667,6.561534893837225,14.96,17.89287739876607,57.00636942675159,0.625360576923077,25.309870813003066,0.8106290618069408,12.232822397636516,1.0731012630115075,34.791666666666664,5.747895533468569,93.75,14.96,41.875,10.120699007319466,80.0
heavy,73,proactive,1.0,Persistence-JCSO,22.708333333333332,90.41666666666667,3.923779203535077,8.8,14.96,14.516129032258066,0.7879807692307692,30.27053370653378,0.7693314424280284,32.37818745000546,1.2836249684319152,8.333333333333332,5.720000000000001,25.0,14.96,10.0,8.8,33.125
heavy,73,proactive,1.0,MovingAverage-JCSO,10.0,96.66666666666667,3.321518875720133,5.45224570717544,8.8,6.896551724137931,0.8669471153846153,31.69360498254403,0.760952911261646,37.97827477795927,1.3431003676889517,5.416666666666667,2.943704727301643,10.0,5.612159168024156,3.125,5.570213286323995,16.875
heavy,73,proactive,1.0,QuantileMLP-JCSO,5.416666666666667,98.125,3.2142597640510995,4.620550913695444,8.8,3.6093418259023355,0.9813701923076923,33.235162427838354,0.7534825301414795,46.52906762603035,1.4086168742092864,2.5,2.589907536348902,5.0,5.184762748120238,1.875,4.660556621923107,9.375
heavy,73,proactive,1.0,GAN-JCSO,9.375,97.29166666666667,3.278937256247739,5.025083381037073,8.8,6.852248394004283,0.8682692307692308,31.706928344907592,0.7615295538316973,39.127502474736744,1.3428340260195595,5.625,2.8186426493910024,8.75,5.278239148206634,2.5,5.455831229884901,16.875
heavy,73,proactive,1.0,Diffusion-JCSO,8.333333333333332,97.08333333333333,3.231758363519744,5.19215699229616,8.8,5.579399141630901,0.8570913461538462,32.57568412141779,0.7523800934468825,43.2232917252358,1.3816223341364606,4.166666666666666,2.9432180592056274,8.75,5.488874687386336,2.5,5.455806553141688,13.750000000000002
heavy,73,proactive,0.92,Independent,69.375,88.54166666666666,4.6887027056065005,8.8,14.96,65.41176470588236,0.9826923076923076,26.251880393816258,0.8151572391822188,7.8992166777031505,1.0238135792639815,44.166666666666664,5.720000000000001,99.375,14.96,8.75,8.8,100.0
heavy,73,proactive,0.92,StaticReserve,54.37499999999999,53.75,8.020532020192976,14.96,18.566296849373124,15.11627906976744,1.0,17.359688149508944,0.8789674000688705,40.13410325016407,0.6847616917064338,19.375,6.081498072308971,24.375,14.96,100.0,8.857920444140381,38.75
heavy,73,proactive,0.92,JointHeuristic,71.45833333333333,68.54166666666667,6.3756715488169995,14.96,16.010660381566602,58.35866261398176,0.6617788461538462,27.24081049544479,0.7956729418207422,11.793647108043833,1.0628160339912949,36.666666666666664,5.746098192720734,93.75,14.96,41.25,8.965380378543005,79.375
heavy,73,proactive,0.92,Persistence-JCSO,13.541666666666666,95.83333333333334,3.5259824828116035,5.916839167328866,14.96,9.782608695652174,0.8719951923076923,32.44442301621408,0.7516035784115299,32.101876044156825,1.2665379505198406,8.333333333333332,3.2779009694461565,12.5,7.568327652056343,6.875000000000001,5.987976958448713,21.25
heavy,73,proactive,0.92,MovingAverage-JCSO,8.958333333333334,97.5,3.3062966634148214,5.562581119076164,8.8,6.623931623931624,0.8919471153846154,34.03917019613553,0.740646978391195,38.25324819671983,1.3280851167629297,5.208333333333334,2.694612607855481,7.5,7.022990859350372,5.625,4.9159030701680235,13.750000000000002
heavy,73,proactive,0.92,QuantileMLP-JCSO,6.666666666666667,97.70833333333333,3.3097594685122895,5.455802524879015,8.8,4.477611940298507,0.9850961538461538,35.72602531390833,0.7317675942978651,46.99773869923518,1.3941060046807343,2.5,2.589907536348902,5.0,7.022222400596706,5.625,4.660556621923107,9.375
heavy,73,proactive,0.92,GAN-JCSO,9.583333333333334,97.5,3.3185844549812087,5.563377073054104,8.8,7.264957264957266,0.8770432692307694,34.034914954095285,0.7405755645363853,39.50995252390736,1.327179655513641,5.625,2.655271330440728,6.875000000000001,7.022996225333873,5.625,5.013398005976059,16.25
heavy,73,proactive,0.92,Diffusion-JCSO,8.541666666666666,97.29166666666667,3.2788443883559095,5.5714118693248365,8.8,5.995717344753747,0.8882211538461536,34.962405870704345,0.7322555416562686,43.55402737652208,1.3653164132509432,4.166666666666666,2.7315769544004187,7.5,7.022597710782925,5.625,4.915849144375541,12.5
heavy,73,proactive,0.82,Independent,69.375,88.54166666666666,4.690905155189098,8.8,14.96,65.41176470588236,1.0,29.416342192363427,0.7925913219127034,7.8992166777031505,1.0226013433916363,44.166666666666664,5.720000000000001,99.375,14.96,8.75,8.8,100.0
heavy,73,proactive,0.82,StaticReserve,54.37499999999999,53.75,8.020532020192976,14.96,18.566296849373124,15.11627906976744,1.0,19.476723289692966,0.8642073269065376,40.13410325016407,0.6847616917064338,19.375,6.081498072308971,24.375,14.96,100.0,8.857920444140381,38.75
heavy,73,proactive,0.82,JointHeuristic,68.125,76.25,5.81650558467921,14.96,14.96,58.19672131147541,0.7574519230769232,29.810212458085473,0.7744462315136037,10.752718417577663,1.0372027792375251,39.58333333333333,5.720000000000001,89.375,14.96,36.25,8.8,78.75
heavy,73,proactive,0.82,Persistence-JCSO,14.583333333333334,95.20833333333333,3.7449354246297606,8.313032414355716,14.96,10.284463894967178,0.9068509615384615,35.80769360315098,0.7221420315406397,33.18286036444301,1.2473143384320788,8.125,3.0534748695438427,11.25,14.96,13.125,5.596062822197951,19.375
heavy,73,proactive,0.82,MovingAverage-JCSO,11.25,96.25,3.5964927517492304,7.296440024186716,14.96,7.792207792207792,0.9292067307692307,37.55500176938442,0.7101824992734249,39.51590168458402,1.3075483946983526,5.208333333333334,2.694612607855481,7.5,14.96,12.5,4.9159030701680235,13.750000000000002
heavy,73,proactive,0.82,QuantileMLP-JCSO,8.958333333333334,96.45833333333333,3.5966830956278772,6.636912951786042,14.96,5.615550755939525,0.992548076923077,39.500377134745094,0.6975184818901988,48.496736239132574,1.375500994815511,2.5,2.589907536348902,5.0,14.96,12.5,4.660556621923107,9.375
heavy,73,proactive,0.82,GAN-JCSO,11.875,96.25,3.5969830004156353,7.296583613040086,14.96,8.441558441558442,0.8993990384615383,37.56743863052151,0.7095144929737118,40.79773665672259,1.3071941617395206,5.625,2.655271330440728,6.875000000000001,14.96,12.5,5.013398005976059,16.25
heavy,73,proactive,0.82,Diffusion-JCSO,10.833333333333334,96.04166666666667,3.568243586674816,7.28357506821653,14.96,7.158351409978309,0.9217548076923077,38.51480189352544,0.7026865739613688,44.88213199472239,1.3419427500638235,4.166666666666666,2.7315769544004187,7.5,14.96,12.5,4.915849144375541,12.5
heavy,89,request_observed,1.0,Independent,36.45833333333333,97.91666666666666,3.6453951461849687,4.150980392156863,14.96,35.1063829787234,0.8658653846153845,26.48886905070248,0.821425487310057,2.000000000000002,1.0003281742478236,0.0,2.64205294117647,19.375,14.96,9.375,4.150980392156863,80.625
heavy,89,request_observed,1.0,StaticReserve,46.458333333333336,67.91666666666667,7.432474094903611,14.96,42.48356102305882,21.165644171779142,1.0,27.934477748338566,0.7887288907491364,20.721493785000295,1.0604957739254917,38.54166666666667,9.41039862079799,41.25,23.239975788372604,67.5,8.8,30.625000000000004
heavy,89,request_observed,1.0,JointHeuristic,41.66666666666667,77.5,5.653579583910844,14.96,22.583712677496457,24.731182795698924,0.7453125,26.56652829247917,0.8120527792949529,5.312395665969947,1.004443052980801,0.0,5.720000000000001,56.875,18.825407148439545,36.25,8.8,31.874999999999996
heavy,89,request_observed,1.0,Persistence-JCSO,8.75,94.79166666666666,3.8999511331378227,8.847286018423178,14.96,3.7362637362637363,0.9438701923076923,33.63646056179949,0.7492198874974845,41.63735766107337,1.2743959749032148,0.0,2.545470100286137,5.0,14.96,16.875,3.4238871548615086,4.375
heavy,89,request_observed,1.0,MovingAverage-JCSO,6.25,96.04166666666667,3.7904152390862547,7.200115164099135,14.96,2.386117136659436,0.9614182692307693,33.99767485412924,0.748543800130269,43.47047313180928,1.2868925584626318,0.0,2.4346154183704014,1.875,14.96,15.625,3.422033898305109,1.25
heavy,89,request_observed,1.0,QuantileMLP-JCSO,5.0,96.66666666666667,3.721868575015395,5.783291935513876,14.96,1.7241379310344827,0.9701923076923077,34.549663316740066,0.7432852439082931,45.13075579776333,1.3087656816377242,0.0,2.3993337353685193,0.0,14.96,15.0,3.422033898305085,0.0
heavy,89,request_observed,1.0,GAN-JCSO,5.0,96.66666666666667,3.7508729853230167,5.783698796030219,14.96,1.7241379310344827,0.9776442307692307,33.676335870362095,0.750261336745977,40.89659524890101,1.2750251895449511,0.0,2.4018567655855456,0.0,14.96,15.0,3.422033898305085,0.0
heavy,89,request_observed,1.0,Diffusion-JCSO,6.041666666666667,96.04166666666667,3.799023741895966,7.200527301158626,14.96,2.1691973969631237,0.9763221153846153,34.60345128500924,0.742192667081927,66.49337240482282,1.3104084298286536,0.0,2.385408914732198,1.875,14.96,15.625,3.422033976674825,0.625
heavy,89,request_observed,0.92,Independent,36.875,97.5,3.7491180478452293,4.150980392156863,14.96,35.256410256410255,0.952403846153846,28.66775112207251,0.8058375053479316,2.000000000000002,0.9962383868033043,0.0,2.64205294117647,6.875000000000001,14.96,10.625,4.150980392156863,93.125
heavy,89,request_observed,0.92,StaticReserve,46.458333333333336,67.91666666666667,7.432474094903611,14.96,42.48356102305882,21.165644171779142,1.0,30.36356276993322,0.7703574899447133,20.721493785000295,1.0604957739254917,38.54166666666667,9.41039862079799,41.25,23.239975788372604,67.5,8.8,30.625000000000004
heavy,89,request_observed,0.92,JointHeuristic,41.041666666666664,80.625,5.490486691643507,14.96,17.442196700004214,26.873385012919897,0.812860576923077,28.411974987625744,0.7964109192769244,5.191191917174344,0.9889483495044538,0.0,5.720000000000001,53.75,15.002720375370993,38.75,8.8,30.625000000000004
heavy,89,request_observed,0.92,Persistence-JCSO,8.333333333333332,95.20833333333333,4.020531209019753,14.96,14.96,3.7199124726477026,0.9651442307692306,35.99949971021714,0.7267813329612925,42.61053730810752,1.2562363675830508,0.0,2.4346155058825922,0.625,14.96,23.125,3.422037663506511,1.25
heavy,89,request_observed,0.92,MovingAverage-JCSO,7.5,95.83333333333334,3.9648267685038054,12.762873202828743,14.96,3.4782608695652173,0.9739182692307692,36.38372931741321,0.7257281127689288,44.5216746713735,1.268513080111606,0.0,2.434615384615385,0.0,14.96,22.5,3.422033898305085,0.0
heavy,89,request_observed,0.92,QuantileMLP-JCSO,7.291666666666667,95.83333333333334,3.9518178118885277,12.770521373337491,14.96,3.260869565217391,0.9739182692307692,37.00862609976652,0.7197196916207582,46.237705991638364,1.2911965237785645,0.0,2.3993337353685193,0.0,14.96,21.875,3.422033898305085,0.0
heavy,89,request_observed,0.92,GAN-JCSO,7.916666666666666,95.625,4.0115720434083375,14.96,14.96,3.7037037037037033,0.9813701923076923,36.10584016929847,0.7270533872059236,42.04534787084627,1.2590369822941319,0.0,2.4018567655855456,0.0,14.96,23.75,3.422033898305085,0.0
heavy,89,request_observed,0.92,Diffusion-JCSO,7.708333333333334,95.625,4.006024723397702,14.96,14.96,3.485838779956427,0.9850961538461538,36.989730806937985,0.7199564431213478,67.77149908237479,1.2899790296527271,0.0,2.3775548677692875,0.0,14.96,23.125,3.422033898305085,0.0
heavy,89,request_observed,0.82,Independent,39.375,96.875,3.8892688229442975,4.150980392156863,14.96,37.41935483870968,0.995673076923077,31.924956953546108,0.7821266999407526,2.000000000000002,0.9892446246438997,0.0,2.611829252072598,6.25,14.96,12.5,4.150980392156863,99.375
heavy,89,request_observed,0.82,StaticReserve,46.458333333333336,67.91666666666667,7.432474094903611,14.96,42.48356102305882,21.165644171779142,1.0,34.06643627846167,0.7423523057916296,20.721493785000295,1.0604957739254917,38.54166666666667,9.41039862079799,41.25,23.239975788372604,67.5,8.8,30.625000000000004
heavy,89,request_observed,0.82,JointHeuristic,33.958333333333336,85.20833333333333,5.414267684608672,14.96,24.97786468097996,22.493887530562347,0.8923076923076924,31.03364841934605,0.7713097621624623,5.3330153102557265,0.9640654054724588,0.0,5.720000000000001,38.75,16.152644085595323,47.5,8.8,15.625
heavy,89,request_observed,0.82,Persistence-JCSO,14.166666666666666,91.25,4.754434631018481,14.96,20.18115645347641,5.93607305936073,0.9739182692307692,39.66386527561779,0.6903523014290245,45.152618088785495,1.23557021031332,0.0,2.434615384615385,0.0,16.014935585943146,42.5,3.422033898305085,0.0
heavy,89,request_observed,0.82,MovingAverage-JCSO,14.374999999999998,91.25,4.763634707419758,14.96,20.189978997162434,6.164383561643835,0.9776442307692307,40.0300942678988,0.6890165528925518,47.24270515145876,1.2460729924488112,0.0,2.434615384615385,0.0,16.015212668971714,43.125,3.422033898305085,0.0
heavy,89,request_observed,0.82,QuantileMLP-JCSO,14.374999999999998,91.25,4.7417190607992,14.96,20.191171732079887,6.164383561643835,0.9739182692307692,40.726893956757046,0.6829811995288744,48.86512577743578,1.268393606295823,0.0,2.3993337353685193,0.0,16.015039505482907,43.125,3.422033898305085,0.0
heavy,89,request_observed,0.82,GAN-JCSO,15.0,91.04166666666667,4.792265218981511,14.96,20.199606486438718,6.636155606407322,0.9813701923076923,39.824772640148744,0.6897179567164673,44.6117562386628,1.239759348024188,0.0,2.4018567655855456,0.0,16.016055644069947,45.0,3.422033898305085,0.0
heavy,89,request_observed,0.82,Diffusion-JCSO,15.208333333333332,90.83333333333333,4.8138797704961105,14.96,20.190158047523315,6.651376146788992,0.9850961538461538,40.70138005006353,0.6836841321481867,70.49804278182526,1.2669710412818072,0.0,2.3775548677692875,0.0,16.015479399578172,45.625,3.422033898305085,0.0
heavy,89,proactive,1.0,Independent,70.83333333333334,83.54166666666667,5.2046003786064485,8.8,14.96,65.08728179551122,0.8701923076923077,26.582311114960422,0.8210764233070051,8.112473259669079,1.0037511483110562,44.375,5.720000000000001,98.75,14.96,15.625,8.8,98.125
heavy,89,proactive,1.0,StaticReserve,46.458333333333336,67.91666666666667,7.432474094903611,14.96,42.48356102305882,21.165644171779142,1.0,27.934477748338566,0.7887288907491364,20.721493785000295,1.0604957739254917,38.54166666666667,9.41039862079799,41.25,23.239975788372604,67.5,8.8,30.625000000000004
heavy,89,proactive,1.0,JointHeuristic,73.75,67.08333333333333,6.805282188736629,14.96,23.21445745385463,60.86956521739131,0.7564903846153846,27.238692442931633,0.8074405630698432,12.684523471165276,1.0298673870033153,35.625,5.7203882528874495,95.0,19.20508658828263,42.5,8.8,83.75
heavy,89,proactive,1.0,Persistence-JCSO,25.208333333333332,89.58333333333334,4.489796504823653,14.96,14.96,16.511627906976745,0.9276442307692309,32.0834646968873,0.7615335151835803,35.329337599744285,1.2152356886346345,10.208333333333334,3.438056373995689,13.750000000000002,14.96,20.625,8.8,41.25
heavy,89,proactive,1.0,MovingAverage-JCSO,14.791666666666666,92.91666666666667,4.144921162000329,14.528101051534705,14.96,8.295964125560538,0.9563701923076924,33.718816720372104,0.7504964419398431,42.41595880309337,1.276550613649242,6.041666666666667,2.791524459299801,6.25,14.96,18.75,8.8,19.375
heavy,89,proactive,1.0,QuantileMLP-JCSO,8.958333333333334,95.0,3.937718645286021,8.84922975991135,14.96,4.166666666666666,0.9664663461538462,34.19757182605467,0.7453541948813159,43.540484918852904,1.2958543192665792,4.583333333333333,2.4503686237387265,2.5,14.96,17.5,4.5354012611095715,6.875000000000001
heavy,89,proactive,1.0,GAN-JCSO,11.875,94.375,4.0505768096258015,8.84956746650319,14.96,6.622516556291391,0.9776442307692308,33.228993674783716,0.7534117371127278,39.35547617423173,1.2584664632784914,7.083333333333333,2.440127893085602,1.875,14.96,17.5,5.156656569024498,16.25
heavy,89,proactive,1.0,Diffusion-JCSO,10.833333333333334,94.58333333333333,4.004197860977764,10.021202259019166,14.96,5.726872246696035,0.9725961538461538,34.30864587022212,0.7434738376744552,65.52510758796531,1.299571966732451,4.375,2.5251002662938142,5.0,14.96,18.125,4.536675953923675,9.375
heavy,89,proactive,0.92,Independent,71.45833333333333,83.33333333333334,5.269664751993772,8.808868930903259,14.96,65.75,0.952403846153846,28.769318583222443,0.8054809844942566,8.112473259669079,0.9996613608665368,44.375,5.720000000000001,98.75,14.96,16.25,8.8,99.375
heavy,89,proactive,0.92,StaticReserve,46.458333333333336,67.91666666666667,7.432474094903611,14.96,42.48356102305882,21.165644171779142,1.0,30.36356276993322,0.7703574899447133,20.721493785000295,1.0604957739254917,38.54166666666667,9.41039862079799,41.25,23.239975788372604,67.5,8.8,30.625000000000004
heavy,89,proactive,0.92,JointHeuristic,73.125,69.79166666666666,6.662923994929381,14.96,18.592320787926695,61.49253731343284,0.8179086538461539,29.108702359559956,0.7913640978639455,12.555022054326708,1.0132754426102326,35.625,5.720000000000001,92.5,16.531802318595076,44.375,8.8,82.5
heavy,89,proactive,0.92,Persistence-JCSO,25.208333333333332,90.0,4.602348598977028,14.96,14.96,16.89814814814815,0.9489182692307692,34.35697725657016,0.7397934477827075,36.271500616407444,1.1985707271882955,10.416666666666668,3.431322173907113,10.0,14.96,26.875,8.8,38.75
heavy,89,proactive,0.92,MovingAverage-JCSO,16.666666666666664,92.70833333333334,4.314898088708989,14.96,14.96,10.112359550561797,0.9651442307692306,36.107729378334405,0.7273512559366353,43.51136621683789,1.2590725088123267,6.041666666666667,2.701967607462955,6.875000000000001,14.96,25.624999999999996,5.452982211323415,17.5
heavy,89,proactive,0.92,QuantileMLP-JCSO,11.458333333333332,94.16666666666667,4.163667091417332,14.96,14.96,5.9734513274336285,0.9701923076923077,36.65968839946482,0.7219363207521615,44.679412681767126,1.2794017724836713,4.583333333333333,2.4503686237387265,2.5,14.96,25.0,4.5354012611095715,6.875000000000001
heavy,89,proactive,0.92,GAN-JCSO,14.791666666666666,93.33333333333333,4.307729906565,14.96,14.96,8.705357142857142,0.9813701923076923,35.65133602821135,0.7301251171451859,40.551641195960165,1.2435324004812487,7.083333333333333,2.440127893085602,1.875,14.96,26.25,5.156656569024498,16.25
heavy,89,proactive,0.92,Diffusion-JCSO,12.291666666666666,94.16666666666667,4.207648460179673,14.96,14.96,6.8584070796460175,0.9813701923076923,36.69540340537692,0.7213104926289959,66.85611321053557,1.2800100561802494,4.375,2.406600607698856,2.5,14.96,26.25,4.232313962743762,8.125
heavy,89,proactive,0.82,Independent,72.29166666666667,82.70833333333333,5.387026821757616,14.96,14.96,66.49874055415617,0.995673076923077,32.03891069044603,0.7817267009341904,8.112473259669079,0.9926675987071324,44.375,5.720000000000001,98.75,14.96,18.125,8.8,100.0
heavy,89,proactive,0.82,StaticReserve,46.458333333333336,67.91666666666667,7.432474094903611,14.96,42.48356102305882,21.165644171779142,1.0,34.06643627846167,0.7423523057916296,20.721493785000295,1.0604957739254917,38.54166666666667,9.41039862079799,41.25,23.239975788372604,67.5,8.8,30.625000000000004
heavy,89,proactive,0.82,JointHeuristic,74.16666666666667,73.33333333333333,6.618544026533868,14.96,22.5416903045005,64.77272727272727,0.8960336538461539,31.76535448948129,0.7664119393448586,12.680087386427756,0.9868546691739631,37.291666666666664,5.720000000000001,88.75,16.37328503027907,51.87500000000001,8.8,81.875
heavy,89,proactive,0.82,Persistence-JCSO,28.958333333333336,86.875,5.2373316428348575,14.96,20.697865777583782,18.225419664268586,0.9701923076923077,37.854042974508026,0.7050684222481661,38.41954445164397,1.1788651054191148,10.416666666666668,2.7874638582750872,7.5,16.203283335258067,43.75,8.8,35.625
heavy,89,proactive,0.82,MovingAverage-JCSO,21.875,88.75,5.042360485212295,14.96,20.6957264802851,11.971830985915492,0.9739182692307692,39.705154049483866,0.6913212382302948,45.989255598439016,1.2360614144212851,6.041666666666667,2.574859922823151,3.75,16.187898594175735,45.0,5.140110248677729,16.875
heavy,89,proactive,0.82,QuantileMLP-JCSO,18.125,89.58333333333334,4.939865584933194,14.96,20.697865902950273,8.604651162790699,0.9701923076923077,40.341672814291805,0.6858278291777502,47.116872703687164,1.2567137722579795,4.583333333333333,2.4503686237387265,2.5,16.196314449431245,45.0,4.5354012611095715,6.875000000000001
heavy,89,proactive,0.82,GAN-JCSO,21.666666666666668,88.75,5.0748854651964965,14.96,20.697866380108124,11.737089201877934,0.9813701923076923,39.34572617213704,0.6932876965438058,42.94882917734128,1.225131032064959,7.083333333333333,2.4332254576614507,1.875,16.20336988680825,46.875,5.156656569024498,16.25
heavy,89,proactive,0.82,Diffusion-JCSO,19.375,89.375,5.001043116243504,14.96,20.697863483266577,9.79020979020979,0.9813701923076923,40.37320378967825,0.6856490070097017,69.37079118729842,1.2569770813792902,4.375,2.406600607698856,2.5,16.196457315499835,47.5,4.232313962743762,8.125
heavy,97,request_observed,1.0,Independent,35.833333333333336,99.375,3.400119346951025,4.150980392156863,10.053081195361989,35.42976939203354,0.8788461538461536,24.857003154364392,0.8327303633987102,2.000000000000002,1.0107146554451845,0.0,2.64205294117647,17.5,7.962944885368958,7.5,4.150980392156863,82.5
heavy,97,request_observed,1.0,StaticReserve,32.708333333333336,80.20833333333334,5.708698725628912,14.96,27.130073630439934,16.103896103896105,1.0,29.212696970659017,0.7849776925406787,28.32099232166434,1.1903414894822524,28.749999999999996,7.236165870757538,45.0,17.19031478382668,45.0,4.540625159344189,8.125
heavy,97,request_observed,1.0,JointHeuristic,47.5,70.83333333333334,6.134146914872654,14.96,19.96689080786092,25.882352941176475,0.7185096153846154,25.153611606935268,0.8209591563271988,5.99896640755486,1.0239649482762623,0.0,5.720000000000001,56.25,14.96477801214326,47.5,8.8,38.75
heavy,97,request_observed,1.0,Persistence-JCSO,11.458333333333332,92.70833333333334,4.062790119002638,14.96,14.96,4.49438202247191,0.9473557692307694,32.02783862901093,0.7624985646524958,42.14137166065388,1.305825466225066,0.0,2.695256263871361,6.875000000000001,14.96,20.0,4.566826246354613,7.5
heavy,97,request_observed,1.0,MovingAverage-JCSO,11.041666666666666,93.33333333333333,4.031915233087563,14.96,14.96,4.6875,0.9598557692307693,32.239340846895836,0.7625844835783414,43.37054841007816,1.3133403760544862,0.0,2.64821846242766,6.875000000000001,14.96,19.375,4.373263959751843,6.875000000000001
heavy,97,request_observed,1.0,QuantileMLP-JCSO,5.416666666666667,96.45833333333333,3.7143970286137336,7.633418649969269,14.96,1.9438444924406046,0.9888221153846153,33.48774045824119,0.7514392725729604,48.856333855782715,1.3650913046224693,0.0,2.383640027708983,0.0,14.96,16.25,3.422033898305085,0.0
heavy,97,request_observed,1.0,GAN-JCSO,5.416666666666667,96.45833333333333,3.726863375260089,7.634391184120623,14.96,1.9438444924406046,0.9888221153846153,33.00277843826013,0.7539667908511769,46.96608043600773,1.3451395527027088,0.0,2.388188342489216,0.0,14.96,16.25,3.422033898305085,0.0
heavy,97,request_observed,1.0,Diffusion-JCSO,6.25,95.83333333333334,3.7960394023247943,8.744481016379789,14.96,2.1739130434782608,0.9837740384615383,32.591375197708956,0.7599625959418932,44.52113230946127,1.3279082109051108,0.0,2.428461652978676,0.625,14.96,16.875,3.4221233669514075,1.25
heavy,97,request_observed,0.92,Independent,37.083333333333336,97.5,3.7295570625685697,4.150980392156863,14.96,35.47008547008547,0.9567307692307692,26.880920134624876,0.8184136716627922,2.000000000000002,1.0058558216662685,0.0,2.64205294117647,6.25,14.96,11.25,4.150980392156863,93.75
heavy,97,request_observed,0.92,StaticReserve,32.708333333333336,80.20833333333334,5.708698725628912,14.96,27.130073630439934,16.103896103896105,1.0,31.752931489846763,0.7662801005876944,28.32099232166434,1.1903414894822524,28.749999999999996,7.236165870757538,45.0,17.19031478382668,45.0,4.540625159344189,8.125
heavy,97,request_observed,0.92,JointHeuristic,46.041666666666664,74.79166666666667,5.879210097707143,14.96,14.980076048580836,27.85515320334262,0.7762019230769232,26.89425825081642,0.8066082250997362,5.620269328895457,1.0078603504876156,0.0,5.720000000000001,51.87500000000001,14.96,51.87500000000001,8.8,34.375
heavy,97,request_observed,0.92,Persistence-JCSO,9.166666666666666,94.79166666666666,3.9776609509068854,13.03740612002456,14.96,4.175824175824175,0.967548076923077,34.355254986214305,0.7411600586315272,42.71108220513263,1.2897880038928342,0.0,2.434615384615385,1.25,14.96,23.125,3.528857312410096,3.125
heavy,97,request_observed,0.92,MovingAverage-JCSO,7.291666666666667,96.04166666666667,3.8730773081172893,10.10364133823211,14.96,3.470715835140998,0.9850961538461538,34.55553691869773,0.7414154368085489,43.84624683859622,1.2962182514628657,0.0,2.4293481778658643,0.0,14.96,21.875,3.422033898305085,0.0
heavy,97,request_observed,0.92,QuantileMLP-JCSO,7.291666666666667,96.04166666666667,3.8396552019985752,10.068379509111347,14.96,3.470715835140998,0.992548076923077,35.98071244371136,0.7289651884166386,49.610938121726875,1.3505425149175947,0.0,2.383640027708983,0.0,14.96,21.875,3.422033898305085,0.0
heavy,97,request_observed,0.92,GAN-JCSO,7.291666666666667,96.04166666666667,3.84942516283509,10.062068832975012,14.96,3.470715835140998,0.9888221153846153,35.46354894597179,0.7315756854526773,47.71948341590657,1.3309176377207168,0.0,2.388188342489216,0.0,14.96,21.875,3.422033898305085,0.0
heavy,97,request_observed,0.92,Diffusion-JCSO,7.291666666666667,96.04166666666667,3.86162613409081,10.090393105599407,14.96,3.470715835140998,0.9888221153846153,35.00190800388284,0.7382372635482755,45.207314467988994,1.3131394665284943,0.0,2.3977039551009938,0.0,14.96,21.875,3.422033898305085,0.0
heavy,97,request_observed,0.82,Independent,40.0,96.45833333333333,3.913003723364746,5.504356156925841,14.96,37.79697624190065,0.9913461538461539,29.942784337768146,0.7962817583721045,2.000000000000002,0.9990463869120902,0.0,2.6298070165101,6.875000000000001,14.96,14.374999999999998,4.150980392156863,98.75
heavy,97,request_observed,0.82,StaticReserve,32.708333333333336,80.20833333333334,5.708698725628912,14.96,27.130073630439934,16.103896103896105,1.0,35.62524020812075,0.737777673830096,28.32099232166434,1.1903414894822524,28.749999999999996,7.236165870757538,45.0,17.19031478382668,45.0,4.540625159344189,8.125
heavy,97,request_observed,0.82,JointHeuristic,40.208333333333336,80.83333333333333,5.5955167411325615,14.96,19.07655244710949,26.03092783505155,0.8567307692307693,29.358186880848848,0.7849346071074746,5.060759102651319,0.9815955068266329,0.0,5.720000000000001,43.75,14.96,50.0,8.8,26.875
heavy,97,request_observed,0.82,Persistence-JCSO,10.416666666666668,93.95833333333333,4.275842677548011,14.96,15.72793353002572,4.656319290465632,0.9776442307692307,37.95583358859675,0.7075386368541798,44.256111275441036,1.27163429825,0.0,2.434615384615385,0.0,14.96,31.25,3.422033898305085,0.0
heavy,97,request_observed,0.82,MovingAverage-JCSO,10.416666666666668,93.95833333333333,4.287086982095195,14.96,15.736573893945318,4.656319290465632,0.9850961538461538,38.18506947443113,0.7072452830736549,45.56070834149948,1.2783478827740307,0.0,2.4293481778658643,0.0,14.96,31.25,3.422033898305085,0.0
heavy,97,request_observed,0.82,QuantileMLP-JCSO,10.416666666666668,93.95833333333333,4.254152104718532,14.96,15.733539570602145,4.656319290465632,0.992548076923077,39.81275282602371,0.6930693713487217,51.3461447279113,1.3336108443852577,0.0,2.383640027708983,0.0,14.96,31.25,3.422033898305085,0.0
heavy,97,request_observed,0.82,GAN-JCSO,10.416666666666668,93.95833333333333,4.263449034461607,14.96,15.733813816385338,4.656319290465632,0.9888221153846153,39.2285904941913,0.6962333825793892,49.44689051493112,1.3138208718100128,0.0,2.388188342489216,0.0,14.96,31.25,3.422033898305085,0.0
heavy,97,request_observed,0.82,Diffusion-JCSO,10.416666666666668,93.95833333333333,4.275463112994987,14.96,15.73776800111713,4.656319290465632,0.9888221153846153,38.714061633403155,0.7037732675961128,46.91577619088762,1.296136625427725,0.0,2.3977039551009938,0.0,14.96,31.25,3.422033898305085,0.0
heavy,97,proactive,1.0,Independent,71.66666666666667,85.41666666666666,4.981965445392889,8.8,14.96,66.82926829268293,0.8831730769230768,24.91327908519117,0.8325008237582429,8.47919945234998,1.0129042655173435,45.625,5.720000000000001,100.0,14.96,15.625,8.8,99.375
heavy,97,proactive,1.0,StaticReserve,32.708333333333336,80.20833333333334,5.708698725628912,14.96,27.130073630439934,16.103896103896105,1.0,29.212696970659017,0.7849776925406787,28.32099232166434,1.1903414894822524,28.749999999999996,7.236165870757538,45.0,17.19031478382668,45.0,4.540625159344189,8.125
heavy,97,proactive,1.0,JointHeuristic,76.45833333333333,62.291666666666664,7.059074751172771,14.96,17.23694093482356,62.207357859531776,0.7286057692307694,25.663622151938213,0.8173379396994924,13.182571469303623,1.044728948249658,34.583333333333336,5.720000000000001,93.125,14.982728714062723,55.00000000000001,8.8,81.25
heavy,97,proactive,1.0,Persistence-JCSO,35.41666666666667,83.95833333333333,4.933218278536119,14.96,14.96,23.076923076923077,0.8883413461538462,30.512234401986717,0.7739547072774393,35.8740619712852,1.2437366345225258,9.791666666666666,5.720000000000001,33.75,14.96,28.749999999999996,8.8,43.75
heavy,97,proactive,1.0,MovingAverage-JCSO,19.375,90.41666666666667,4.341166390241138,14.96,14.96,10.829493087557603,0.9510817307692306,31.964185642412758,0.7639679631619024,42.925726575064054,1.3024032051524557,5.833333333333333,5.720000000000001,15.625,14.96,21.875,8.8,20.625
heavy,97,proactive,1.0,QuantileMLP-JCSO,11.041666666666666,94.375,3.9239150619952263,8.852556099323488,14.96,5.739514348785872,0.9888221153846153,33.140451409085244,0.7534938851686812,47.5316833580097,1.3512226499853803,3.5416666666666665,3.2660590056565604,10.0,14.96,17.5,4.0033470363009895,5.625
heavy,97,proactive,1.0,GAN-JCSO,12.083333333333334,93.54166666666667,4.013212498913225,9.991412158172393,14.96,6.013363028953229,0.9912259615384617,32.64472091271412,0.7568273411840364,45.67046563751333,1.330967086027592,3.75,3.49926360849092,11.875,14.96,18.125,4.179557655712281,6.25
heavy,97,proactive,1.0,Diffusion-JCSO,11.666666666666666,94.16666666666667,3.9521758529257673,8.8,14.96,6.1946902654867255,0.9850961538461538,32.187712399883154,0.7623229364610902,43.16958975910925,1.3118061053515306,4.375,3.2660624243605048,10.0,14.96,16.875,4.523043521900927,8.125
heavy,97,proactive,0.92,Independent,72.70833333333333,83.95833333333333,5.236141456715887,14.96,14.96,67.4937965260546,0.9567307692307692,26.942089624653974,0.8181374358547686,8.47919945234998,1.008045431738427,45.625,5.720000000000001,100.0,14.96,18.125,8.8,100.0
heavy,97,proactive,0.92,StaticReserve,32.708333333333336,80.20833333333334,5.708698725628912,14.96,27.130073630439934,16.103896103896105,1.0,31.752931489846763,0.7662801005876944,28.32099232166434,1.1903414894822524,28.749999999999996,7.236165870757538,45.0,17.19031478382668,45.0,4.540625159344189,8.125
heavy,97,proactive,0.92,JointHeuristic,76.875,66.45833333333333,6.789261270863915,14.96,14.96,65.20376175548589,0.7950721153846154,27.394618657578633,0.8031208415677116,12.762300674503345,1.0266142100041507,36.45833333333333,5.720000000000001,93.125,14.96,56.25,8.8,81.25
heavy,97,proactive,0.92,Persistence-JCSO,31.25,87.70833333333333,4.697905043278926,14.96,14.96,21.61520190023753,0.9348557692307693,32.654077326273445,0.7547993380653588,36.07121898390763,1.2255622222600036,10.0,5.720000000000001,26.25,14.96,28.749999999999996,8.8,38.75
heavy,97,proactive,0.92,MovingAverage-JCSO,14.166666666666666,93.75,4.123799942875157,13.090829152942199,14.96,8.444444444444445,0.9813701923076923,34.23480490303697,0.7432745146843571,43.25845079691994,1.2844035014958326,5.833333333333333,3.1599845511612425,8.125,14.96,23.125,4.705850323887747,11.25
heavy,97,proactive,0.92,QuantileMLP-JCSO,12.916666666666668,93.95833333333333,4.046939386979108,13.086396926309513,14.96,7.317073170731707,0.992548076923077,35.608150757586515,0.7312734413967721,48.24932575935008,1.3368301329598449,3.3333333333333335,3.2660590056565604,10.0,14.96,23.125,4.0033470363009895,5.625
heavy,97,proactive,0.92,GAN-JCSO,13.125,93.75,4.075633635648742,13.09766052049923,14.96,7.333333333333333,0.9962740384615385,35.06568609615467,0.7347986329124299,46.33094353051469,1.3164074027118229,3.5416666666666665,3.2660727659963875,10.625,14.96,23.125,4.096968093631473,5.625
heavy,97,proactive,0.92,Diffusion-JCSO,13.541666666666666,93.75,4.073081847700721,10.66852240365423,14.96,7.777777777777778,0.9850961538461538,34.57472188105082,0.7407825553290369,43.87624399239395,1.29745288086301,4.166666666666666,3.2660624243605048,10.0,14.96,22.5,4.523043521900927,8.125
heavy,97,proactive,0.82,Independent,73.33333333333333,83.125,5.373019794206145,14.96,14.96,67.91979949874687,0.9913461538461539,30.011413521703247,0.7959718352704194,8.47919945234998,1.0012359969842493,45.625,5.720000000000001,100.0,14.96,20.0,8.8,100.0
heavy,97,proactive,0.82,StaticReserve,32.708333333333336,80.20833333333334,5.708698725628912,14.96,27.130073630439934,16.103896103896105,1.0,35.62524020812075,0.737777673830096,28.32099232166434,1.1903414894822524,28.749999999999996,7.236165870757538,45.0,17.19031478382668,45.0,4.540625159344189,8.125
heavy,97,proactive,0.82,JointHeuristic,75.41666666666667,71.45833333333333,6.576183565206941,14.96,16.323471251045376,65.59766763848397,0.866826923076923,29.946937607605285,0.780714835930028,12.363538886783541,1.0013168221874136,39.58333333333333,5.720000000000001,91.875,14.96,54.37499999999999,8.8,80.0
heavy,97,proactive,0.82,Persistence-JCSO,25.833333333333336,90.0,4.718574847382717,14.96,15.890916525584757,17.59259259259259,0.9776442307692307,35.98678809625874,0.7239679719579268,37.16488171193138,1.2053050171134974,10.0,3.4702066069885427,17.5,14.96,32.5,8.8,27.500000000000004
heavy,97,proactive,0.82,MovingAverage-JCSO,17.291666666666668,91.66666666666666,4.528449825628092,14.96,15.887823310423093,9.772727272727273,0.9813701923076923,37.82216156224679,0.7095598843780024,44.84978520064516,1.2663893639406658,5.833333333333333,3.1599845511612425,8.125,14.96,32.5,4.705850323887747,11.25
heavy,97,proactive,0.82,QuantileMLP-JCSO,16.041666666666668,91.875,4.451474660690377,14.96,15.87583208202137,8.616780045351474,0.992548076923077,39.40226123620795,0.6958677317005878,49.85621646289988,1.3201008849187872,3.3333333333333335,3.2660590056565604,10.0,14.96,32.5,4.0033470363009895,5.625
heavy,97,proactive,0.82,GAN-JCSO,16.25,91.66666666666666,4.480092295159335,14.96,15.883845672222888,8.636363636363637,0.9962740384615385,38.81079510006712,0.6997194061777009,47.92892853250757,1.3002405152412317,3.5416666666666665,3.2660727659963875,10.625,14.96,32.5,4.096968093631473,5.625
heavy,97,proactive,0.82,Diffusion-JCSO,16.666666666666664,91.66666666666666,4.47739750824646,14.96,15.869312059435387,9.090909090909092,0.9850961538461538,38.23366034519158,0.7068948596268195,45.45475868882536,1.2803596268637258,4.166666666666666,3.2660624243605048,10.0,14.96,31.874999999999996,4.523043521900927,8.125
heavy,113,request_observed,1.0,Independent,33.33333333333333,100.0,3.222931034425564,4.150980392156863,4.211771097783619,33.33333333333333,0.9307692307692307,27.006871638636486,0.8136218075637199,2.0000000000000018,1.017428215944986,0.0,2.64205294117647,10.0,3.6382103547830056,0.0,4.150980392156863,90.0
heavy,113,request_observed,1.0,StaticReserve,48.95833333333333,67.29166666666667,7.123871337314544,14.96,37.003755425674385,24.148606811145513,1.0,26.906475989004214,0.8056260097293924,16.72769141834998,1.0191178573525745,44.166666666666664,7.000495762029948,38.125,15.195162753123999,50.625,10.349091666764776,58.12500000000001
heavy,113,request_observed,1.0,JointHeuristic,43.125,78.75,5.608340884933928,14.96,22.57268401804982,27.77777777777778,0.7293269230769232,27.355822711758083,0.8016250654018645,5.587339366216035,1.031561472298352,0.0,5.720000000000001,60.0,15.903141521633666,38.75,8.875280931140901,30.625000000000004
heavy,113,request_observed,1.0,Persistence-JCSO,11.041666666666666,94.79166666666666,3.7880557664114773,8.8,14.96,6.153846153846154,0.8903846153846153,34.82317419890277,0.7397129373940551,40.40487767770231,1.3147044658554412,0.0,2.703348998946374,6.875000000000001,14.96,17.5,4.554912665915874,8.75
heavy,113,request_observed,1.0,MovingAverage-JCSO,7.708333333333334,96.45833333333333,3.6577303363922757,8.013094704341402,14.96,4.319654427645788,0.9278846153846153,34.972162367366685,0.7405364382362438,41.58817462069299,1.3195211535213673,0.0,2.434615386738513,2.5,14.96,17.5,3.4409363680297242,3.125
heavy,113,request_observed,1.0,QuantileMLP-JCSO,5.416666666666667,97.08333333333333,3.576169239038095,7.260051058232341,14.96,2.575107296137339,0.9552884615384615,35.32113426997685,0.7372406957546497,42.793832351829295,1.3335731516303437,0.0,2.387024400580233,0.0,14.96,16.25,3.422033898305085,0.0
heavy,113,request_observed,1.0,GAN-JCSO,6.25,96.66666666666667,3.580502376933512,7.275523343721252,14.96,3.0172413793103448,0.8868990384615383,33.35187658577071,0.7502007942398482,33.47784489759205,1.2589733166554817,0.0,2.434615384615385,1.875,14.96,15.625,3.422809942492319,1.25
heavy,113,request_observed,1.0,Diffusion-JCSO,7.916666666666666,95.83333333333334,3.6818041479580255,8.73382250871612,14.96,3.91304347826087,0.9228365384615383,34.98272323653395,0.7375394478037582,43.68798676269812,1.3203805276460445,0.0,2.473872694446972,3.75,14.96,17.5,3.422033898305085,2.5
heavy,113,request_observed,0.92,Independent,35.208333333333336,98.95833333333334,3.4371735967860064,4.155381276851379,12.556396463919379,34.526315789473685,0.9740384615384615,29.24868329255908,0.7973458267519434,2.0000000000000018,1.0139339976032693,0.0,2.5890588235294114,3.75,6.853647013947964,5.625,4.151712589347913,96.25
heavy,113,request_observed,0.92,StaticReserve,48.95833333333333,67.29166666666667,7.123871337314544,14.96,37.003755425674385,24.148606811145513,1.0,29.24616955326544,0.7887239236189049,16.72769141834998,1.0191178573525745,44.166666666666664,7.000495762029948,38.125,15.195162753123999,50.625,10.349091666764776,58.12500000000001
heavy,113,request_observed,0.92,JointHeuristic,44.375,80.20833333333334,5.525244263163364,14.96,17.772631490835654,30.649350649350648,0.7532451923076924,29.37651561568807,0.7845570290139664,5.644406433191165,1.0197308046035136,0.0,5.720000000000001,58.75,15.535147995456645,45.0,8.8,29.375
heavy,113,request_observed,0.92,Persistence-JCSO,7.916666666666666,96.25,3.7691142165125453,10.644514473837996,14.96,4.329004329004329,0.9254807692307692,37.29112456642826,0.7174435837646504,40.960925577922545,1.2964288494523082,0.0,2.434615384722176,0.625,14.96,21.25,3.4483499267844375,1.875
heavy,113,request_observed,0.92,MovingAverage-JCSO,7.291666666666667,96.04166666666667,3.7821052653603546,11.955206808061373,14.96,3.470715835140998,0.9478365384615384,37.48185324918739,0.7178501887381235,42.27071909532467,1.3022866418364512,0.0,2.434615384615385,0.0,14.96,21.875,3.422033898305085,0.0
heavy,113,request_observed,0.92,QuantileMLP-JCSO,7.291666666666667,96.04166666666667,3.78373424260121,11.910161740003435,14.96,3.470715835140998,0.9627403846153847,37.910003230080164,0.7135670113654287,43.66832570425118,1.3180293623735309,0.0,2.387024400580233,0.0,14.96,21.875,3.422033898305085,0.0
heavy,113,request_observed,0.92,GAN-JCSO,7.083333333333333,96.25,3.7367246600171757,10.665037496014422,14.96,3.463203463203463,0.8993990384615383,35.80626133251726,0.728018518683721,34.25659669755709,1.2445534736970005,0.0,2.434615384615385,0.0,14.96,21.25,3.422033898305085,0.0
heavy,113,request_observed,0.92,Diffusion-JCSO,7.291666666666667,96.04166666666667,3.774529234854265,11.90955433303339,14.96,3.470715835140998,0.9403846153846154,37.48625592100143,0.7142465846604912,44.48149227168158,1.3029309722864608,0.0,2.434615384615385,0.0,14.96,21.875,3.422033898305085,0.0
heavy,113,request_observed,0.82,Independent,38.75,97.70833333333333,3.700749410161764,5.139497791862184,14.96,37.3134328358209,0.995673076923077,32.591676097502365,0.7725993131329494,2.0000000000000018,1.0073927198542807,0.0,2.611041301573427,6.25,14.96,10.625,4.169778359451819,99.375
heavy,113,request_observed,0.82,StaticReserve,48.95833333333333,67.29166666666667,7.123871337314544,14.96,37.003755425674385,24.148606811145513,1.0,32.81277559634659,0.7629585484504784,16.72769141834998,1.0191178573525745,44.166666666666664,7.000495762029948,38.125,15.195162753123999,50.625,10.349091666764776,58.12500000000001
heavy,113,request_observed,0.82,JointHeuristic,38.958333333333336,85.41666666666666,5.185014618750054,14.96,16.634130130785852,28.536585365853657,0.8212740384615385,32.1727174651438,0.760730207139517,4.849791365797629,0.9961595607260703,0.0,5.720000000000001,50.625,15.059390912604336,45.0,8.8,21.25
heavy,113,request_observed,0.82,Persistence-JCSO,11.041666666666666,93.75,4.185022177636987,14.96,15.153438378008572,5.111111111111112,0.9292067307692307,40.968712202579795,0.6818846217732709,42.353234849766885,1.2712417108055656,0.0,2.434615384615385,0.0,14.96,33.125,3.4225894666318792,0.0
heavy,113,request_observed,0.82,MovingAverage-JCSO,11.041666666666666,93.75,4.19514729897324,14.96,15.150852976766013,5.111111111111112,0.9515625,41.24984324446082,0.6812542368302591,43.744242226303584,1.2792904982371778,0.0,2.434615384615385,0.0,14.96,33.125,3.4220352116819943,0.0
heavy,113,request_observed,0.82,QuantileMLP-JCSO,11.041666666666666,93.75,4.1948685935205345,14.96,15.152047710250871,5.111111111111112,0.9627403846153847,41.706008063644404,0.6767459529480677,45.109795429848766,1.2942159334678311,0.0,2.387024400580233,0.0,14.96,33.125,3.4237359182214537,0.0
heavy,113,request_observed,0.82,GAN-JCSO,10.833333333333334,93.75,4.193256799430304,14.96,15.153438378008572,4.888888888888889,0.918028846153846,39.385035183863536,0.6951726404746459,35.70200146430315,1.2216873890632516,0.0,2.434615384615385,0.0,14.96,32.5,3.4247983265233968,0.0
heavy,113,request_observed,0.82,Diffusion-JCSO,11.041666666666666,93.75,4.196103020956071,14.96,15.151766508235811,5.111111111111112,0.9552884615384615,41.20624062203729,0.6787698772023358,45.926078476560434,1.2783673714672217,0.0,2.434615384615385,0.0,14.96,33.125,3.422976656244622,0.0
heavy,113,proactive,1.0,Independent,70.83333333333334,86.45833333333334,4.992990613689852,8.8,14.96,66.26506024096386,0.9264423076923076,27.010929427395762,0.8135043927116167,8.001483152663033,1.0175776679055655,46.458333333333336,5.720000000000001,98.125,14.96,14.374999999999998,8.8,100.0
heavy,113,proactive,1.0,StaticReserve,48.95833333333333,67.29166666666667,7.123871337314544,14.96,37.003755425674385,24.148606811145513,1.0,26.906475989004214,0.8056260097293924,16.72769141834998,1.0191178573525745,44.166666666666664,7.000495762029948,38.125,15.195162753123999,50.625,10.349091666764776,58.12500000000001
heavy,113,proactive,1.0,JointHeuristic,75.41666666666667,68.95833333333333,6.7910640126737825,14.96,21.150264272291327,64.35045317220543,0.7317307692307693,27.97576568569552,0.7969598911548248,12.929822901208784,1.0550395253381317,38.333333333333336,5.720000000000001,93.125,15.80137558678383,48.125,8.809271656083911,85.0
heavy,113,proactive,1.0,Persistence-JCSO,28.125,88.33333333333333,4.499856429857198,14.96,14.96,18.632075471698112,0.8502403846153846,33.24112659702217,0.7510334134702892,34.32142829597714,1.2548588746683136,9.375,5.720000000000001,25.0,14.96,24.375,8.8,35.0
heavy,113,proactive,1.0,MovingAverage-JCSO,15.416666666666668,93.125,4.0041007479034985,8.845535497252412,14.96,9.172259507829978,0.9191105769230768,34.62912476213699,0.7423815915518639,40.77729303057694,1.3068724138995236,6.458333333333334,3.578186707635095,10.0,14.96,20.625,8.8,15.625
heavy,113,proactive,1.0,QuantileMLP-JCSO,12.083333333333334,94.79166666666666,3.855476281324266,8.80591042200036,14.96,7.252747252747254,0.9478365384615384,34.883166011806246,0.739355342817853,41.13550203411951,1.317579850649083,5.625,2.5580576363116356,5.0,14.96,18.125,5.097733007213036,13.125
heavy,113,proactive,1.0,GAN-JCSO,17.083333333333332,92.70833333333334,4.023099719637774,9.000114048751604,14.96,10.561797752808989,0.8743990384615383,33.35809976473374,0.7493911012514515,34.45818758624933,1.2594947803155527,7.916666666666666,3.5524246152528995,11.875,14.96,18.75,8.8,20.625
heavy,113,proactive,1.0,Diffusion-JCSO,13.125,94.16666666666667,3.8876620099299233,8.800136886989886,14.96,7.7433628318584065,0.9278846153846153,34.57685085740044,0.7398691250878782,42.23654073578149,1.305546196632391,5.833333333333333,3.248685813614845,10.0,14.96,18.125,5.105744802286288,11.25
heavy,113,proactive,0.92,Independent,71.875,85.83333333333333,5.114962513076048,8.8,14.96,67.23300970873787,0.9697115384615383,29.25309393251482,0.7972182019127004,8.001483152663033,1.014083449563849,46.458333333333336,5.720000000000001,98.125,14.96,17.5,8.8,100.0
heavy,113,proactive,0.92,StaticReserve,48.95833333333333,67.29166666666667,7.123871337314544,14.96,37.003755425674385,24.148606811145513,1.0,29.24616955326544,0.7887239236189049,16.72769141834998,1.0191178573525745,44.166666666666664,7.000495762029948,38.125,15.195162753123999,50.625,10.349091666764776,58.12500000000001
heavy,113,proactive,0.92,JointHeuristic,76.04166666666666,71.04166666666667,6.672581561813956,14.96,20.595396962907177,66.27565982404691,0.7569711538461539,30.02933358902629,0.779440594061396,12.875100527392721,1.0425024921111508,38.75,5.720000000000001,92.5,14.963959296721086,50.625,8.8,85.0
heavy,113,proactive,0.92,Persistence-JCSO,26.25,89.79166666666667,4.469131071283365,14.96,14.96,17.865429234338748,0.8778846153846154,35.61689812966722,0.7295410987734927,34.689253590537824,1.237990842729985,9.375,5.720000000000001,18.75,14.96,28.125,8.8,31.874999999999996
heavy,113,proactive,0.92,MovingAverage-JCSO,16.458333333333332,92.08333333333333,4.174028545903558,14.96,14.96,9.276018099547512,0.9265625,37.1346157150546,0.7194366850826678,41.44170342614606,1.2904669303271608,6.458333333333334,3.172354836051901,10.0,14.96,24.375,8.8,15.0
heavy,113,proactive,0.92,QuantileMLP-JCSO,13.958333333333334,93.75,4.0573461903292,14.96,14.96,8.222222222222223,0.9552884615384617,37.48110809564539,0.7159157880639577,41.94779401432838,1.303566233137718,5.625,2.5580576363116356,5.0,14.96,23.75,5.097733007213036,13.125
heavy,113,proactive,0.92,GAN-JCSO,15.833333333333332,92.91666666666667,4.108619907182668,14.96,14.96,9.417040358744394,0.8919471153846154,35.77060533626201,0.7276477581633373,35.06385775009023,1.2435769752262316,7.916666666666666,3.1723548360436915,8.125,14.96,23.125,6.693318973322355,16.25
heavy,113,proactive,0.92,Diffusion-JCSO,13.750000000000002,93.75,4.030080229970996,14.909996937518775,14.96,8.0,0.9366586538461539,37.094178530672785,0.7164962008929343,43.039363918566785,1.28971244023825,5.625,3.1723548360436795,8.125,14.96,23.125,4.719360351568772,10.0
heavy,113,proactive,0.82,Independent,73.125,85.0,5.278827497851395,10.760298187733959,14.96,68.38235294117648,0.995673076923077,32.59662462037952,0.7724550367132127,8.001483152663033,1.0075421718148607,46.458333333333336,5.720000000000001,98.125,14.96,21.25,8.8,100.0
heavy,113,proactive,0.82,StaticReserve,48.95833333333333,67.29166666666667,7.123871337314544,14.96,37.003755425674385,24.148606811145513,1.0,32.81277559634659,0.7629585484504784,16.72769141834998,1.0191178573525745,44.166666666666664,7.000495762029948,38.125,15.195162753123999,50.625,10.349091666764776,58.12500000000001
heavy,113,proactive,0.82,JointHeuristic,73.75,75.41666666666667,6.416796758267854,14.96,17.143086602224507,65.19337016574586,0.8287259615384615,32.93155312748778,0.754865805185405,12.36270437750004,1.0198144566116591,39.58333333333333,5.720000000000001,88.75,14.970140744237975,50.0,8.8,82.5
heavy,113,proactive,0.82,Persistence-JCSO,22.916666666666664,89.79166666666667,4.639288166305661,14.96,15.435030343470395,14.153132250580047,0.9018028846153847,39.07852300530892,0.6966781661933291,35.49618926737073,1.2121835361789803,9.791666666666666,3.2488451006623027,11.875,14.96,35.625,8.8,21.25
heavy,113,proactive,0.82,MovingAverage-JCSO,18.125,91.04166666666667,4.455227248341185,14.96,15.34446067214581,10.068649885583524,0.944110576923077,40.843856362052406,0.6838271506170226,42.62243724907813,1.2668771551396623,6.666666666666667,2.8370394351027692,6.875000000000001,14.96,33.75,6.693318996652263,13.750000000000002
heavy,113,proactive,0.82,QuantileMLP-JCSO,17.5,91.66666666666666,4.436288189577973,14.96,15.419574513578715,10.0,0.959014423076923,41.27245216300176,0.6797842924408233,43.20493477007096,1.281114391963162,5.625,2.5580576363116356,5.0,14.96,34.375,5.097733007213036,13.125
heavy,113,proactive,0.82,GAN-JCSO,19.375,90.625,4.520125489378827,14.96,15.237463457469758,11.03448275862069,0.9068509615384615,39.32427113572071,0.6950815266578718,36.29232330355187,1.219969905698146,7.916666666666666,3.1723548360436915,8.125,14.96,33.75,6.693318973322355,16.25
heavy,113,proactive,0.82,Diffusion-JCSO,17.291666666666668,91.66666666666666,4.416987882510864,14.96,15.371980063176302,9.772727272727273,0.9515625,40.79740186744271,0.6814823945969801,44.32212849902452,1.2660223311157268,5.625,3.1723548360436795,8.125,14.96,33.75,4.719360351568772,10.0
heavy,131,request_observed,1.0,Independent,33.958333333333336,99.79166666666667,3.2523021061496147,4.150980392156863,5.338463995344148,33.82045929018789,0.8442307692307693,24.333053404637496,0.8246114074511816,2.000000000000002,1.0156339808939558,0.0,2.64205294117647,22.5,4.550114192749629,1.875,4.150980392156863,77.5
heavy,131,request_observed,1.0,StaticReserve,34.791666666666664,75.0,5.512188026619981,14.96,33.65756541736265,13.055555555555557,1.0,31.45670102929639,0.792322435892178,38.85169788063279,1.3075131424406605,31.25,5.761568102669862,33.75,14.96,10.0,15.435174794787184,60.62499999999999
heavy,131,request_observed,1.0,JointHeuristic,36.45833333333333,87.70833333333333,4.461847533878134,14.96,16.426931727008164,27.55344418052256,0.8210336538461538,24.12989013799831,0.8239785884009324,2.743671095548388,1.0078411510115493,0.0,5.720000000000001,71.875,14.96,21.25,8.8,16.25
heavy,131,request_observed,1.0,Persistence-JCSO,5.208333333333334,96.66666666666667,3.533528561333337,5.3140839105956115,14.96,1.9396551724137931,0.9899038461538462,31.556145842147803,0.7648483786765805,39.27576473931734,1.3191113319131387,0.0,2.434730935308382,2.5,14.96,10.625,3.513101272325192,2.5
heavy,131,request_observed,1.0,MovingAverage-JCSO,4.166666666666666,97.29166666666667,3.476363693960273,4.314929322242327,14.96,1.4989293361884368,0.994951923076923,31.75932770158364,0.7643333204783136,40.007555651846076,1.326444321958879,0.0,2.434615397489427,1.25,14.96,10.0,3.431016589964756,1.25
heavy,131,request_observed,1.0,QuantileMLP-JCSO,3.125,97.91666666666666,3.4198205453759916,4.174132171061208,14.96,1.0638297872340425,1.0,32.425821759602705,0.7557703310955441,43.22664977015639,1.3545462280267837,0.0,2.4249019574841943,0.0,14.96,9.375,3.422033898305085,0.0
heavy,131,request_observed,1.0,GAN-JCSO,9.375,94.16666666666667,3.7749502100012142,8.8,14.96,3.761061946902655,0.9697115384615385,32.17967088873914,0.7596681778794272,42.08348983701804,1.3440199219816626,0.0,2.976810745319783,7.5,14.96,13.125,4.504605590994523,7.5
heavy,131,request_observed,1.0,Diffusion-JCSO,3.125,97.91666666666666,3.407045796204724,4.174350971899221,14.96,1.0638297872340425,0.992548076923077,32.49245977168481,0.7562366665624054,43.60772995874505,1.3564562563531257,0.0,2.434615384615385,0.0,14.96,9.375,3.422033898305085,0.0
heavy,131,request_observed,0.92,Independent,35.833333333333336,98.95833333333334,3.434591132135937,4.150980392156863,14.96,35.1578947368421,0.948076923076923,26.364683083235196,0.808594563394259,2.000000000000002,1.01258364068762,0.0,2.64205294117647,7.5,10.257418180941242,7.5,4.150980392156863,92.5
heavy,131,request_observed,0.92,StaticReserve,64.79166666666667,43.958333333333336,8.783024268540943,14.96,30.80262634183322,19.90521327014218,1.0,16.269167608097092,0.8881274118012286,38.85169788063279,0.6322039056601697,31.25,5.761568102669862,33.75,14.96,100.0,15.435174794787184,60.62499999999999
heavy,131,request_observed,0.92,JointHeuristic,35.625,88.75,4.455197568727696,14.96,14.96,27.464788732394368,0.8832932692307693,26.028490899742916,0.8099830276706005,2.745250835128267,1.0005508437423767,0.0,5.720000000000001,70.625,14.96,20.625,8.8,15.625
heavy,131,request_observed,0.92,Persistence-JCSO,3.3333333333333335,97.70833333333333,3.4928027915041233,5.150025534111393,14.96,1.0660980810234542,1.0,33.97601605552899,0.7440385491790652,39.55654617745785,1.307456906758008,0.0,2.434615384615385,0.0,14.96,10.0,3.422033898305085,0.0
heavy,131,request_observed,0.92,MovingAverage-JCSO,3.3333333333333335,97.70833333333333,3.492477861494062,5.176619956000819,14.96,1.0660980810234542,1.0,34.195338047184386,0.743351985142558,40.35446099361016,1.314768487090788,0.0,2.434615384615385,0.0,14.96,10.0,3.422033898305085,0.0
heavy,131,request_observed,0.92,QuantileMLP-JCSO,3.3333333333333335,97.70833333333333,3.492186286850601,5.166429624503242,14.96,1.0660980810234542,1.0,34.95007677921332,0.7339187645100406,43.62740173371528,1.3440004797545622,0.0,2.4249019574841943,0.0,14.96,10.0,3.422033898305085,0.0
heavy,131,request_observed,0.92,GAN-JCSO,3.3333333333333335,97.70833333333333,3.5059287461235686,5.170464150178893,14.96,1.0660980810234542,1.0,34.58697320084688,0.7389008674361036,42.13694035734695,1.3297979244239473,0.0,2.4313949795704377,0.0,14.96,10.0,3.422033898305085,0.0
heavy,131,request_observed,0.92,Diffusion-JCSO,3.3333333333333335,97.70833333333333,3.4846411653408103,5.170464150178893,14.96,1.0660980810234542,1.0,35.01369704478816,0.7347803228856709,44.01078516464144,1.345591095503804,0.0,2.434615384615385,0.0,14.96,10.0,3.422033898305085,0.0
heavy,131,request_observed,0.82,Independent,38.958333333333336,97.91666666666666,3.6194834806047065,4.150980392156863,14.96,37.659574468085104,0.9913461538461539,29.43310516592195,0.784937613934627,2.000000000000002,1.0078490245190892,0.0,2.6429887496922895,8.75,14.96,9.375,4.150980392156863,98.75
heavy,131,request_observed,0.82,StaticReserve,64.79166666666667,43.958333333333336,8.783024268540943,14.96,30.80262634183322,19.90521327014218,1.0,18.253212438352843,0.8744844132404028,38.85169788063279,0.6322039056601697,31.25,5.761568102669862,33.75,14.96,100.0,15.435174794787184,60.62499999999999
heavy,131,request_observed,0.82,JointHeuristic,35.833333333333336,90.41666666666667,4.493779861370941,14.96,15.012858859837287,29.03225806451613,0.9322115384615385,28.81644174407293,0.787375163363923,2.867858772912135,0.9879577563181893,0.0,5.720000000000001,66.875,14.96,28.749999999999996,8.8,11.875
heavy,131,request_observed,0.82,Persistence-JCSO,6.666666666666667,95.83333333333334,3.8292928010094274,14.869411818037934,14.96,2.608695652173913,1.0,37.72521308913082,0.7106280360231357,40.73613507543115,1.2951889414794262,0.0,2.434615384615385,0.0,14.96,20.0,3.422033898305085,0.0
heavy,131,request_observed,0.82,MovingAverage-JCSO,6.875000000000001,95.83333333333334,3.8290750609506614,14.890151598149576,14.96,2.8260869565217392,1.0,37.90572038642161,0.7099092754486531,41.57718360156314,1.3003858109581372,0.0,2.434615384615385,0.0,14.96,20.625,3.422033898305085,0.0
heavy,131,request_observed,0.82,QuantileMLP-JCSO,6.666666666666667,95.83333333333334,3.828677535771119,14.876232756621542,14.96,2.608695652173913,1.0,38.7942902195806,0.699296036614087,44.85496978128689,1.3309719581088677,0.0,2.4249019574841943,0.0,14.96,20.0,3.422033898305085,0.0
heavy,131,request_observed,0.82,GAN-JCSO,6.666666666666667,95.83333333333334,3.8422946951524257,14.884553704531564,14.96,2.608695652173913,1.0,38.3792169852348,0.7049378722221041,43.34143020097877,1.3165104994385344,0.0,2.4313949795704377,0.0,14.96,20.0,3.422033898305085,0.0
heavy,131,request_observed,0.82,Diffusion-JCSO,6.666666666666667,95.83333333333334,3.8223741745979596,14.87771372606165,14.96,2.608695652173913,1.0,38.85891139447664,0.7001051496502437,45.24976004200387,1.332343820272196,0.0,2.434615384615385,0.0,14.96,20.0,3.422033898305085,0.0
heavy,131,proactive,1.0,Independent,68.95833333333333,85.83333333333333,4.846011836926964,8.8,14.96,63.834951456310684,0.8485576923076923,24.352206596410532,0.8242738305117655,8.056775691398851,1.0164101986790919,43.541666666666664,5.720000000000001,98.75,14.96,11.25,8.8,96.875
heavy,131,proactive,1.0,StaticReserve,34.791666666666664,75.0,5.512188026619981,14.96,33.65756541736265,13.055555555555557,1.0,31.45670102929639,0.792322435892178,38.85169788063279,1.3075131424406605,31.25,5.761568102669862,33.75,14.96,10.0,15.435174794787184,60.62499999999999
heavy,131,proactive,1.0,JointHeuristic,65.41666666666667,75.20833333333333,5.876415088693064,14.96,17.03213854145381,54.016620498614955,0.843389423076923,24.79502547825548,0.8193307588567311,10.927615911012426,1.0356447075174153,39.375,5.720000000000001,94.375,14.96,30.625000000000004,8.8,71.25
heavy,131,proactive,1.0,Persistence-JCSO,21.666666666666668,91.875,4.1137679098500906,8.8,14.96,14.73922902494331,0.9486778846153847,30.010400176095832,0.7757997780112077,33.10848886088966,1.254447020568539,10.833333333333334,5.720000000000001,26.875,14.96,13.750000000000002,8.8,24.375
heavy,131,proactive,1.0,MovingAverage-JCSO,12.708333333333332,94.16666666666667,3.8318162601592713,8.8,14.96,7.300884955752212,0.9848557692307693,31.469515211141296,0.7660006508507333,39.43214232611609,1.3146909590494296,5.625,3.9528324150113643,13.750000000000002,14.96,12.5,4.830187827533958,11.875
heavy,131,proactive,1.0,QuantileMLP-JCSO,8.958333333333334,96.04166666666667,3.6544425870040422,5.720000000000001,14.96,5.206073752711497,1.0,31.94949392470091,0.759280759190107,41.4087594523355,1.3350775104687163,5.625,3.0448657968557473,6.875000000000001,14.96,10.625,4.466199653784786,9.375
heavy,131,proactive,1.0,GAN-JCSO,19.375,91.25,4.119807232907152,8.8,14.96,11.643835616438356,0.9609375,31.677475268731314,0.7631181528904547,40.21751147817151,1.3236791819181888,6.458333333333334,5.720000000000001,16.875,14.96,15.0,8.8,26.25
heavy,131,proactive,1.0,Diffusion-JCSO,8.333333333333332,96.25,3.609385981089423,5.720000000000001,14.96,4.761904761904762,0.9813701923076923,32.130819682279345,0.7583365061850607,42.21778371370706,1.3416361362918425,4.791666666666667,3.0448658333797307,7.5,14.96,10.625,4.086918666891546,6.875000000000001
heavy,131,proactive,0.92,Independent,70.20833333333333,85.20833333333333,4.9749792203527825,8.8,14.96,65.03667481662592,0.9524038461538462,26.38550176994502,0.808227631938372,8.056775691398851,1.0133598584727561,43.541666666666664,5.720000000000001,98.125,14.96,15.0,8.8,97.5
heavy,131,proactive,0.92,StaticReserve,64.79166666666667,43.958333333333336,8.783024268540943,14.96,30.80262634183322,19.90521327014218,1.0,16.269167608097092,0.8881274118012286,38.85169788063279,0.6322039056601697,31.25,5.761568102669862,33.75,14.96,100.0,15.435174794787184,60.62499999999999
heavy,131,proactive,0.92,JointHeuristic,65.625,75.83333333333333,5.877145175939215,14.96,14.96,54.670329670329664,0.8832932692307693,26.730423083890965,0.8045535268283104,10.931086318648967,1.0275995230892365,39.375,5.720000000000001,94.375,14.96,31.25,8.8,71.25
heavy,131,proactive,0.92,Persistence-JCSO,17.708333333333336,93.95833333333333,4.005296883474612,8.8,14.96,12.416851441241686,0.9875,32.278115400668696,0.7569694842174653,33.238432698554966,1.2420498417408656,11.041666666666666,3.216427758069608,20.625,14.96,12.5,8.8,20.0
heavy,131,proactive,0.92,MovingAverage-JCSO,9.166666666666666,95.83333333333334,3.728305946911193,5.928310899893629,14.96,5.217391304347826,1.0,33.84847804813818,0.7455038833354379,39.59714858139665,1.30176750750182,5.625,3.0573167432779425,8.75,14.96,11.25,4.403479217495481,7.5
heavy,131,proactive,0.92,QuantileMLP-JCSO,9.166666666666666,95.83333333333334,3.722119563680519,5.918374693323469,14.96,5.217391304347826,1.0,34.44595812523992,0.7377950438189347,41.759171861181684,1.3250107852356776,5.416666666666667,3.0573151503492664,6.875000000000001,14.96,11.25,4.466199653784786,9.375
heavy,131,proactive,0.92,GAN-JCSO,11.875,95.41666666666667,3.7950762086998377,6.5470506813233,14.96,7.641921397379912,1.0,34.04586446256985,0.743172087876452,40.16837704946886,1.3095830401118762,6.458333333333334,3.0539644207344465,8.125,14.96,11.25,5.207127999786187,16.25
heavy,131,proactive,0.92,Diffusion-JCSO,8.541666666666666,96.04166666666667,3.6900368604884286,5.876521014360676,14.96,4.772234273318872,1.0,34.63020317358119,0.737531353119474,42.570701753280545,1.3311044648334123,4.583333333333333,3.0573151871947006,7.5,14.96,11.25,4.086918666891546,6.875000000000001
heavy,131,proactive,0.82,Independent,71.04166666666667,84.375,5.122923388768816,8.917515787770757,14.96,65.67901234567901,0.9913461538461539,29.456462716864674,0.784553575636429,8.056775691398851,1.008625242304225,43.541666666666664,5.720000000000001,98.125,14.96,15.625,8.8,99.375
heavy,131,proactive,0.82,StaticReserve,64.79166666666667,43.958333333333336,8.783024268540943,14.96,30.80262634183322,19.90521327014218,1.0,18.253212438352843,0.8744844132404028,38.85169788063279,0.6322039056601697,31.25,5.761568102669862,33.75,14.96,100.0,15.435174794787184,60.62499999999999
heavy,131,proactive,0.82,JointHeuristic,67.08333333333333,77.91666666666667,5.836946262249978,14.96,14.961492151703734,57.75401069518716,0.943389423076923,29.523341353950705,0.7822220431108237,10.864323408267165,1.0123089227730673,39.58333333333333,5.720000000000001,93.125,14.96,36.875,8.8,71.25
heavy,131,proactive,0.82,Persistence-JCSO,19.791666666666664,92.91666666666667,4.255339488800464,14.96,14.96,13.67713004484305,1.0,35.85632071724157,0.7257295753939332,34.24149334269433,1.2309007332922923,10.833333333333334,3.1350695154068977,19.375,14.96,21.875,5.5416252431223745,18.125
heavy,131,proactive,0.82,MovingAverage-JCSO,12.291666666666666,94.16666666666667,4.034731299728759,14.96,14.96,6.8584070796460175,1.0,37.53418408319343,0.712413850995213,40.747020258999264,1.28793444408402,5.416666666666667,3.0873875483854776,8.75,14.96,20.625,4.403479217495481,7.5
heavy,131,proactive,0.82,QuantileMLP-JCSO,12.291666666666666,94.16666666666667,4.025000640153132,14.96,14.96,6.8584070796460175,1.0,38.25802956411305,0.7038136238642798,42.875588896501284,1.3128932965588263,5.416666666666667,3.0873859554568015,6.875000000000001,14.96,20.625,4.466199653784786,9.375
heavy,131,proactive,0.82,GAN-JCSO,15.0,93.75,4.096973557745132,14.96,14.96,9.333333333333334,1.0,37.820978863464106,0.7099058162174086,41.251248390181864,1.2978348835086984,6.25,3.0840352258419816,8.125,14.96,20.625,5.207127999786187,16.25
heavy,131,proactive,0.82,Diffusion-JCSO,11.666666666666666,94.375,3.9936395891247107,14.96,14.96,6.401766004415011,1.0,38.45275432005108,0.7033833688161774,43.7015753555221,1.3186020006752495,4.583333333333333,3.087385992302236,7.5,14.96,20.625,4.086918666891546,6.875000000000001
extreme,3,request_observed,1.0,Independent,47.291666666666664,95.41666666666667,4.326411033700804,14.96,15.861838018691234,44.75982532751092,0.9091346153846154,29.806457030734073,0.803170015930656,2.000000000000002,0.9772901174014074,0.0,3.0465087610819443,29.375,14.96,25.624999999999996,4.150980392156863,86.875
extreme,3,request_observed,1.0,StaticReserve,51.24999999999999,63.125,7.848580662948892,14.96,55.594871236837704,22.772277227722775,1.0,29.999710337728107,0.7907833909937481,19.14559903988122,0.9883713214859849,44.79166666666667,9.847093226249536,45.0,15.251784982338078,51.24999999999999,11.336791971194987,57.49999999999999
extreme,3,request_observed,1.0,JointHeuristic,45.83333333333333,71.25,6.64533766475097,14.96,28.89237490070166,23.976608187134502,0.7415865384615384,29.55934484146946,0.7882903279059625,6.832207568419082,0.9714242319227716,0.0,5.720000000000001,55.625,16.840217551794886,58.75,8.8,23.125
extreme,3,request_observed,1.0,Persistence-JCSO,17.083333333333332,88.33333333333333,5.1256172913110865,14.96,22.25990044645744,6.132075471698113,0.9015625,37.1077161147327,0.7186787189316111,45.570311482332286,1.222422615125761,0.0,2.4455240516799366,5.0,14.96,40.625,4.09021063202783,5.625
extreme,3,request_observed,1.0,MovingAverage-JCSO,14.791666666666666,89.79166666666667,4.987333331990167,14.96,22.188246246582352,5.104408352668213,0.9377403846153847,37.5995128126803,0.7164692767455562,47.980584618786864,1.2379308713815955,0.0,2.434615384615385,2.5,14.96,39.375,3.422048390895266,2.5
extreme,3,request_observed,1.0,QuantileMLP-JCSO,13.333333333333334,90.625,4.932987857864375,14.96,22.20642319424313,4.3678160919540225,0.9627403846153847,38.368664025754434,0.7093295043505975,50.72395501332363,1.264007052997243,0.0,2.4252918839515294,0.0,14.96,40.0,3.422033898305085,0.0
extreme,3,request_observed,1.0,GAN-JCSO,13.541666666666666,90.625,4.957219839395185,14.96,22.210912210913975,4.597701149425287,0.9664663461538462,37.34291313260435,0.7190488150530572,46.62263390408548,1.229703232462153,0.0,2.434615384615385,0.0,14.96,40.625,3.422033898305085,0.0
extreme,3,request_observed,1.0,Diffusion-JCSO,13.541666666666666,90.41666666666667,4.97905823200737,14.96,20.71686599784758,4.377880184331797,0.9813701923076923,38.32856795225019,0.7085546426078216,51.86870769982804,1.2628667304170307,0.0,2.415122404271267,0.0,14.96,40.625,3.422033898305085,0.0
extreme,3,request_observed,0.92,Independent,50.0,92.70833333333334,4.7890758909694755,14.96,22.828583218345358,46.06741573033708,0.9740384615384615,31.970700375371365,0.785609450562081,2.000000000000002,0.9650578659056093,0.0,4.895948768833984,24.375,16.285028650903307,29.375,4.150980392156863,96.25
extreme,3,request_observed,0.92,StaticReserve,51.24999999999999,63.125,7.848580662948892,14.96,55.594871236837704,22.772277227722775,1.0,32.60838080187837,0.772590642384509,19.14559903988122,0.9883713214859849,44.79166666666667,9.847093226249536,45.0,15.251784982338078,51.24999999999999,11.336791971194987,57.49999999999999
extreme,3,request_observed,0.92,JointHeuristic,48.333333333333336,73.125,6.731837880962301,14.96,17.90238179963482,29.34472934472934,0.7793269230769231,31.606281239530137,0.7704494988757158,6.929603144345181,0.9562923074224354,0.0,5.720000000000001,56.875,15.023913790717504,65.0,8.8,23.125
extreme,3,request_observed,0.92,Persistence-JCSO,14.374999999999998,88.75,5.239574648997981,14.96,19.46909032516229,3.5211267605633805,0.9292067307692307,39.445861734467854,0.69606446198246,46.24401512821791,1.1967754880328967,0.0,2.4346158652924332,0.0,16.884397142277532,43.125,3.422033898305085,0.0
extreme,3,request_observed,0.92,MovingAverage-JCSO,14.374999999999998,88.75,5.2454963094901155,14.96,19.508252847372106,3.5211267605633805,0.9478365384615384,39.97535854827017,0.6923312701820488,48.824531705150925,1.2122531892306943,0.0,2.4346153846209915,0.0,17.000663734030063,43.125,3.422033898305085,0.0
extreme,3,request_observed,0.92,QuantileMLP-JCSO,15.0,88.54166666666666,5.268708505895016,14.96,19.507516844677106,4.0,0.9701923076923077,40.941782953161784,0.6841504906331454,51.54502162494653,1.2422991865135624,0.0,2.4269504377337587,0.0,17.24410958933555,45.0,3.422033898305085,0.0
extreme,3,request_observed,0.92,GAN-JCSO,15.0,88.54166666666666,5.290678786200032,14.96,19.511216130089164,4.0,0.9664663461538462,39.81306388569116,0.6945199350683608,47.41673578005873,1.2074841630818955,0.0,2.434615384615389,0.0,17.190760624468933,45.0,3.422033898305085,0.0
extreme,3,request_observed,0.92,Diffusion-JCSO,15.0,88.54166666666666,5.281402927755134,14.96,19.504763712880663,4.0,0.9850961538461538,40.86507119108237,0.6840591067269055,52.59397242443114,1.2399921083201586,0.0,2.4201788959129433,0.0,17.264161747001427,45.0,3.422033898305085,0.0
extreme,3,request_observed,0.82,Independent,53.95833333333333,89.58333333333334,5.354789618366025,14.96,19.236768836659742,48.604651162790695,0.995673076923077,35.07925559307081,0.7592784342801602,2.000000000000002,0.9449081119963825,0.0,5.720000000000001,26.875,14.96,35.625,4.150980392156863,99.375
extreme,3,request_observed,0.82,StaticReserve,51.24999999999999,63.125,7.848580662948892,14.96,55.594871236837704,22.772277227722775,1.0,36.5850126069855,0.7448577938948147,19.14559903988122,0.9883713214859849,44.79166666666667,9.847093226249536,45.0,15.251784982338078,51.24999999999999,11.336791971194987,57.49999999999999
extreme,3,request_observed,0.82,JointHeuristic,47.91666666666667,77.08333333333334,6.602523351514293,14.96,27.073479056521155,32.432432432432435,0.8322115384615385,34.382699380204166,0.7450026046836667,6.756091426571358,0.9283107844091405,0.0,5.720000000000001,60.0,16.72463896529372,62.5,8.8,21.25
extreme,3,request_observed,0.82,Persistence-JCSO,17.916666666666668,87.5,5.543613582546039,14.96,28.261776135352566,6.190476190476191,0.9366586538461537,42.9475882428562,0.66195750763116,47.157674865444676,1.1630506793751345,0.0,2.718327517256485,5.625,18.120587933801104,48.125,3.422033898305085,0.0
extreme,3,request_observed,0.82,MovingAverage-JCSO,18.125,87.08333333333333,5.601005730710701,14.96,33.863920129184315,5.980861244019139,0.9552884615384615,43.55861083802014,0.6564620756161339,49.79684647068762,1.179175672379653,0.0,2.7031080146004713,5.625,15.579915727476127,48.75,3.422033898305085,0.0
extreme,3,request_observed,0.82,QuantileMLP-JCSO,18.333333333333332,86.875,5.610551113441078,14.96,32.914738711389205,5.995203836930456,0.9813701923076923,44.74399174143937,0.6467755489030877,52.41777178213097,1.2119767120702782,0.0,2.706551278407029,5.625,15.22556511274415,49.375,3.422033898305085,0.0
extreme,3,request_observed,0.82,GAN-JCSO,18.333333333333332,86.875,5.630198405690084,14.96,32.914738711389205,5.995203836930456,0.9776442307692307,43.50858308587702,0.6577905348742933,48.27795010390708,1.1780359673231426,0.0,2.724813320137327,5.625,15.226271007439049,49.375,3.422033898305085,0.0
extreme,3,request_observed,0.82,Diffusion-JCSO,18.333333333333332,86.875,5.62006203084869,14.96,32.914738711389205,5.995203836930456,0.9888221153846153,44.61424153743609,0.6469232067948884,53.45762455429677,1.2083495033317406,0.0,2.718436203659909,5.625,15.225583765372804,49.375,3.422033898305085,0.0
extreme,3,proactive,1.0,Independent,77.08333333333334,81.66666666666667,5.911063644287325,14.96,15.874586672765433,71.93877551020408,0.9091346153846154,29.933269647206163,0.8022034262690376,8.28436646369409,0.9814011450737774,46.458333333333336,6.065744234980228,100.0,14.96,31.25,8.8,100.0
extreme,3,proactive,1.0,StaticReserve,51.24999999999999,63.125,7.848580662948892,14.96,55.594871236837704,22.772277227722775,1.0,29.999710337728107,0.7907833909937481,19.14559903988122,0.9883713214859849,44.79166666666667,9.847093226249536,45.0,15.251784982338078,51.24999999999999,11.336791971194987,57.49999999999999
extreme,3,proactive,1.0,JointHeuristic,80.20833333333334,60.83333333333333,7.804538503783907,14.96,27.65617601731292,67.46575342465754,0.7466346153846153,30.38826021070826,0.7817381196843194,14.250221005338132,0.9987775972345082,34.375,5.720000000000001,94.375,17.46159088158176,63.125,8.8,83.125
extreme,3,proactive,1.0,Persistence-JCSO,35.0,82.70833333333333,5.75706678520555,14.96,21.784756459410172,21.41057934508816,0.8739182692307693,35.59747114128658,0.7316798245633602,38.96528570528856,1.1722803012383904,9.791666666666666,5.720000000000001,18.125,14.96,45.625,8.8,41.25
extreme,3,proactive,1.0,MovingAverage-JCSO,22.708333333333332,87.29166666666667,5.256537375290009,14.96,21.68896450843416,11.455847255369928,0.934014423076923,37.29530870914498,0.7189695912558947,46.95855618542869,1.2280533522491937,5.625,2.9813724796709025,7.5,14.96,40.0,8.8,20.625
extreme,3,proactive,1.0,QuantileMLP-JCSO,17.708333333333336,89.58333333333334,5.040495171371115,14.96,21.755186417263577,8.13953488372093,0.959014423076923,37.97586432299737,0.7122334618005206,48.46447040737673,1.2513497555237636,3.75,2.4875946512829596,3.75,14.96,40.0,4.809560227485093,9.375
extreme,3,proactive,1.0,GAN-JCSO,20.833333333333336,88.125,5.197220737174861,14.96,21.71276667227548,10.16548463356974,0.9576923076923076,36.82748326440613,0.7230649212418822,43.9394793404805,1.2130006146594812,5.0,2.8079643164378694,6.25,14.96,39.375,7.242870286798483,16.875
extreme,3,proactive,1.0,Diffusion-JCSO,18.541666666666668,89.16666666666667,5.107221202514188,14.96,20.500283943275974,8.644859813084112,0.9813701923076923,37.908085352354604,0.7119246324672268,49.445597642716876,1.2491756033286505,4.375,2.5423274413187653,5.0,14.96,40.625,4.861474321364513,10.0
extreme,3,proactive,0.92,Independent,78.125,79.16666666666666,6.307510279896549,14.96,23.403383474477994,72.36842105263158,0.9740384615384615,32.10854017588451,0.7845588096255393,8.28436646369409,0.9691688935779794,46.458333333333336,6.132209716464789,100.0,16.298032755790082,34.375,8.8,100.0
extreme,3,proactive,0.92,StaticReserve,51.24999999999999,63.125,7.848580662948892,14.96,55.594871236837704,22.772277227722775,1.0,32.60838080187837,0.772590642384509,19.14559903988122,0.9883713214859849,44.79166666666667,9.847093226249536,45.0,15.251784982338078,51.24999999999999,11.336791971194987,57.49999999999999
extreme,3,proactive,0.92,JointHeuristic,81.66666666666667,62.708333333333336,7.878983558051626,14.96,18.39663843063412,70.7641196013289,0.7881009615384615,32.46102319391885,0.7638040823177039,14.196341998809269,0.9822825901877564,34.583333333333336,5.723241047492302,94.375,15.03490789025721,67.5,8.8,83.125
extreme,3,proactive,0.92,Persistence-JCSO,27.916666666666668,85.625,5.634540083100403,14.96,19.207023348505768,15.815085158150852,0.9204326923076923,37.80163007677732,0.7107704749286998,39.27046961541759,1.1464922781335307,9.791666666666666,2.8237637368622104,10.0,14.96,43.125,8.8,30.625000000000004
extreme,3,proactive,0.92,MovingAverage-JCSO,22.291666666666668,86.45833333333334,5.492491739026593,14.96,19.510216256379117,10.120481927710843,0.944110576923077,39.67588562727353,0.6949146631670782,47.715930270454216,1.2032948930992393,5.416666666666667,2.602361790384876,5.625,17.001765934973783,43.125,7.303999016489276,18.125
extreme,3,proactive,0.92,QuantileMLP-JCSO,19.375,87.29166666666667,5.410616786347513,14.96,20.06254669600281,7.637231503579953,0.9664663461538462,40.53857761932072,0.6877000605130501,49.29376140447123,1.2302455358047995,3.75,2.562121771231462,3.75,17.028076866934654,45.0,4.809560227485093,9.375
extreme,3,proactive,0.92,GAN-JCSO,22.083333333333332,86.45833333333334,5.516397277541858,14.96,19.51251135465212,9.879518072289157,0.9627403846153847,39.28260613426874,0.6988812075998515,44.74472648902643,1.1916327639300086,5.0,2.602361790384876,5.625,17.012966402234817,45.0,6.43094728027067,15.625
extreme,3,proactive,0.92,Diffusion-JCSO,20.0,87.08333333333333,5.443628590702358,14.96,19.760791378400963,8.133971291866029,0.9850961538461538,40.44402056334395,0.6877641408185203,50.19268210135447,1.2273207041455048,4.375,2.5863133646120353,5.0,17.278109169012527,45.0,4.861474321364512,10.0
extreme,3,proactive,0.82,Independent,80.20833333333334,76.25,6.7850152682316995,14.96,19.324363910393053,74.04371584699454,0.995673076923077,35.23390512535384,0.7580996664001377,8.28436646369409,0.9490191396687527,46.458333333333336,6.525940405950733,100.0,14.96,40.625,8.8,100.0
extreme,3,proactive,0.82,StaticReserve,51.24999999999999,63.125,7.848580662948892,14.96,55.594871236837704,22.772277227722775,1.0,36.5850126069855,0.7448577938948147,19.14559903988122,0.9883713214859849,44.79166666666667,9.847093226249536,45.0,15.251784982338078,51.24999999999999,11.336791971194987,57.49999999999999
extreme,3,proactive,0.82,JointHeuristic,81.04166666666667,66.875,7.688345695346644,14.96,27.95781760927058,71.65109034267913,0.8423076923076923,35.246562741385056,0.7378757105795996,13.86913430148587,0.9518010872553185,35.833333333333336,5.720000000000001,95.0,17.099281317234887,66.25,8.8,81.875
extreme,3,proactive,0.82,Persistence-JCSO,31.041666666666668,84.58333333333333,5.941176175759121,14.96,28.228325983977,18.472906403940886,0.9329326923076924,41.16174925534316,0.6782035852692291,40.130172194984894,1.1143019445882814,9.791666666666666,3.4104789817986187,15.625,17.90525429153566,48.125,8.8,29.375
extreme,3,proactive,0.82,MovingAverage-JCSO,26.458333333333332,84.79166666666667,5.848693844013612,14.96,33.63355776347063,13.267813267813267,0.9515625,43.248211512448876,0.6592723663500202,48.632758429278574,1.1708835684206584,5.416666666666667,3.4052607445302545,12.5,15.580203471812041,48.75,7.303999016489276,18.125
extreme,3,proactive,0.82,QuantileMLP-JCSO,23.125,85.625,5.746611117147682,14.96,32.94621686340463,10.218978102189782,0.9739182692307692,44.30791641045187,0.6507567074287114,50.11538971379385,1.200261344843442,3.75,3.4062378676172886,10.625,15.225607453323002,49.375,4.809560227485093,9.375
extreme,3,proactive,0.82,GAN-JCSO,25.833333333333336,84.79166666666667,5.855974844568996,14.96,32.94750366215645,12.530712530712531,0.9739182692307692,42.9313009283042,0.6628700211248423,45.556965324037456,1.1626096581964638,5.0,3.4073970238978473,12.5,15.22633714490355,49.375,6.452763974470132,15.625
extreme,3,proactive,0.82,Diffusion-JCSO,23.75,85.41666666666666,5.778976689315081,14.96,32.95338682240877,10.731707317073171,0.9888221153846153,44.18649786934914,0.6508439987950039,51.010080055980424,1.1968581373134248,4.375,3.4067663462013256,11.875,15.225626105951658,49.375,4.948444646791798,10.0
extreme,11,request_observed,1.0,Independent,36.041666666666664,98.125,3.5699693710996514,4.150980392156863,14.96,34.81953290870488,0.8745192307692307,26.236136085555863,0.8148020139476919,2.000000000000002,1.0074700504455836,0.0,2.64205294117647,18.125,14.96,8.125,4.150980392156863,81.875
extreme,11,request_observed,1.0,StaticReserve,39.58333333333333,73.95833333333334,5.89497444082906,14.96,30.229115471968168,18.30985915492958,1.0,33.452728662344185,0.7776609621082934,37.167720110783584,1.2811960979323616,31.874999999999996,6.059252000852799,30.625000000000004,14.96,23.125,14.011191744289473,65.0
extreme,11,request_observed,1.0,JointHeuristic,48.333333333333336,71.66666666666667,6.3356479400266625,14.96,21.36312648984574,27.906976744186046,0.7695913461538463,26.464893487848002,0.8075068369158359,6.309037607649005,1.0177583945261528,0.0,5.770879476073155,58.12500000000001,19.040582630394887,49.375,8.903686555246955,37.5
extreme,11,request_observed,1.0,Persistence-JCSO,12.083333333333334,92.5,4.228371902160548,14.96,17.07895137367274,4.954954954954955,0.9760817307692307,34.03836669281871,0.7447108899848889,41.95965135883215,1.3101432399666446,0.0,2.654316738543207,5.625,14.96,26.25,3.81679754911741,4.375
extreme,11,request_observed,1.0,MovingAverage-JCSO,8.75,94.375,4.055812115980456,14.96,17.026855152593384,3.3112582781456954,0.994951923076923,34.23643406560323,0.743123158404069,43.51292435824876,1.316717210280284,0.0,2.434615384617981,1.875,14.96,23.125,3.426532350441065,1.25
extreme,11,request_observed,1.0,QuantileMLP-JCSO,7.5,95.0,3.9848110570132396,14.96,17.046143420008065,2.631578947368421,1.0,35.218457323272574,0.7312407046044365,47.010973685113996,1.3551567668509341,0.0,1.9306153846153846,0.0,14.96,22.5,3.422033898305085,0.0
extreme,11,request_observed,1.0,GAN-JCSO,9.583333333333334,93.75,4.093816897688085,14.96,17.052976779771345,3.5555555555555554,0.9899038461538462,34.9046416565573,0.7339697242240207,45.00632281227422,1.3435977228634468,0.0,2.4346153846183545,3.125,14.96,23.75,3.4645183716501506,1.875
extreme,11,request_observed,1.0,Diffusion-JCSO,7.5,95.0,3.983778734165142,14.96,17.051425825157576,2.631578947368421,1.0,35.33733654807237,0.7331496656617091,48.13410609370641,1.35871683402878,0.0,1.9306153846153846,0.0,14.96,22.5,3.422033898305085,0.0
extreme,11,request_observed,0.92,Independent,36.041666666666664,98.125,3.640566387377949,4.1527317530431205,14.96,34.81953290870488,0.94375,28.34693714946831,0.7987407476804325,2.000000000000002,1.001777307510728,0.0,2.64205294117647,8.125,14.96,8.125,4.150980392156863,91.875
extreme,11,request_observed,0.92,StaticReserve,65.20833333333333,45.83333333333333,8.604237351745725,14.96,22.951778694594086,24.09090909090909,1.0,18.397666868801863,0.8737697853869844,37.167720110783584,0.6568142579258955,31.874999999999996,6.059252000852799,30.625000000000004,14.96,100.0,14.011191744289473,65.0
extreme,11,request_observed,0.92,JointHeuristic,45.208333333333336,75.83333333333333,6.016097736512651,14.96,19.577819490785732,27.747252747252748,0.8262019230769232,28.31635818491094,0.7929086783006161,5.4760695386352145,1.0021681771624227,0.0,5.720000000000001,53.75,14.96,49.375,8.8,32.5
extreme,11,request_observed,0.92,Persistence-JCSO,7.916666666666666,94.375,4.096704578742798,14.96,17.334118470898318,2.4282560706401766,1.0,36.60610449976115,0.7227820830208989,41.909431138101056,1.2969834368424908,0.0,2.434615384615385,0.0,14.96,23.75,3.422033898305085,0.0
extreme,11,request_observed,0.92,MovingAverage-JCSO,7.916666666666666,94.375,4.095499822466106,14.96,17.27630834296551,2.4282560706401766,1.0,36.881933548768316,0.7205052405150296,43.70714312238558,1.3057075287940767,0.0,2.434615384615385,0.0,14.96,23.75,3.422033898305085,0.0
extreme,11,request_observed,0.92,QuantileMLP-JCSO,7.916666666666666,94.375,4.082551182070765,14.96,17.301952273619044,2.4282560706401766,1.0,37.97861860877034,0.7074285730069156,47.26366964120156,1.3451644859747975,0.0,1.9306153846153846,0.0,14.96,23.75,3.422033898305085,0.0
extreme,11,request_observed,0.92,GAN-JCSO,7.916666666666666,94.375,4.075362246326905,14.96,17.309302378720243,2.4282560706401766,1.0,37.60378887651844,0.7107189102013077,45.123373923948144,1.3324020270809271,0.0,2.431301292519667,0.0,14.96,23.75,3.422033898305085,0.0
extreme,11,request_observed,0.92,Diffusion-JCSO,7.916666666666666,94.375,4.0814953212754315,14.96,17.306329186331414,2.4282560706401766,1.0,38.10763718080739,0.7095083718838358,48.38640163324195,1.3487169006776978,0.0,1.9306153846153846,0.0,14.96,23.75,3.422033898305085,0.0
extreme,11,request_observed,0.82,Independent,39.58333333333333,96.25,4.020350676919255,11.318509566812804,14.96,37.22943722943723,0.995673076923077,31.49887094534618,0.7740177918897758,2.000000000000002,0.992705850922406,0.0,2.5890588235294114,0.625,14.96,18.75,4.150980392156863,99.375
extreme,11,request_observed,0.82,StaticReserve,65.20833333333333,45.83333333333333,8.604237351745725,14.96,22.951778694594086,24.09090909090909,1.0,20.64128477963136,0.858375856775641,37.167720110783584,0.6568142579258955,31.874999999999996,6.059252000852799,30.625000000000004,14.96,100.0,14.011191744289473,65.0
extreme,11,request_observed,0.82,JointHeuristic,39.791666666666664,82.08333333333333,5.486642921317749,14.96,19.49488437285391,26.649746192893403,0.8966346153846155,31.05781103526459,0.7707480434293206,4.338868489129946,0.9802803179476522,0.0,5.720000000000001,46.875,14.96,44.375,8.8,28.125
extreme,11,request_observed,0.82,Persistence-JCSO,8.333333333333332,93.95833333333333,4.1746288291839555,14.96,18.43843375365701,2.4390243902439024,1.0,40.61039164505272,0.6883710164086235,42.13168648834454,1.2833897079612893,0.0,2.434615384615385,0.0,14.96,25.0,3.422033898305085,0.0
extreme,11,request_observed,0.82,MovingAverage-JCSO,8.333333333333332,93.95833333333333,4.173148639420654,14.96,18.380623625717288,2.4390243902439024,1.0,40.8763325680046,0.6859143427139258,43.926018531638285,1.2908168216237657,0.0,2.434615384615385,0.0,14.96,25.0,3.422033898305085,0.0
extreme,11,request_observed,0.82,QuantileMLP-JCSO,8.333333333333332,93.95833333333333,4.159713686530823,14.96,18.40626755637082,2.4390243902439024,1.0,42.13427029225533,0.6714879734056791,47.491050175399295,1.3310611802869061,0.0,1.9306153846153846,0.0,14.96,25.0,3.422033898305085,0.0
extreme,11,request_observed,0.82,GAN-JCSO,8.333333333333332,93.95833333333333,4.152919701479876,14.96,18.413617661472017,2.4390243902439024,1.0,41.72246281849006,0.6749126583730789,45.342380708046605,1.3185935345914803,0.0,2.431301292519667,0.0,14.96,25.0,3.422033898305085,0.0
extreme,11,request_observed,0.82,Diffusion-JCSO,8.333333333333332,93.95833333333333,4.1587388557092915,14.96,18.41064446908319,2.4390243902439024,1.0,42.263796335306445,0.6738450953501219,48.615646252506345,1.3341561723686555,0.0,1.9306153846153846,0.0,14.96,25.0,3.422033898305085,0.0
extreme,11,proactive,1.0,Independent,70.83333333333334,83.75,5.193189962369344,8.812003792449467,14.96,65.17412935323384,0.8745192307692307,26.23515676031077,0.8147811107029217,8.351728531896834,1.0074417791195687,45.416666666666664,5.720000000000001,99.375,14.96,13.750000000000002,8.8,99.375
extreme,11,proactive,1.0,StaticReserve,39.58333333333333,73.95833333333334,5.89497444082906,14.96,30.229115471968168,18.30985915492958,1.0,33.452728662344185,0.7776609621082934,37.167720110783584,1.2811960979323616,31.874999999999996,6.059252000852799,30.625000000000004,14.96,23.125,14.011191744289473,65.0
extreme,11,proactive,1.0,JointHeuristic,79.79166666666667,60.416666666666664,7.500655417344876,14.96,22.319442772827188,66.55172413793103,0.7695913461538463,27.059365194018614,0.8029301712957124,13.913134957320295,1.0407081991496288,34.166666666666664,5.824469321242921,92.5,15.654975963272449,55.625,8.804372952024615,91.25
extreme,11,proactive,1.0,Persistence-JCSO,37.916666666666664,85.0,5.112965281978737,14.96,18.84499642172464,26.96078431372549,0.9370192307692309,32.36460721918177,0.7577279464201493,36.33476290850385,1.2456964900764689,11.458333333333332,5.720000000000001,29.375,14.96,32.5,8.8,51.87500000000001
extreme,11,proactive,1.0,MovingAverage-JCSO,21.458333333333332,91.66666666666666,4.391226629221416,14.96,17.06867379947935,14.318181818181818,0.994951923076923,33.858308241369805,0.7458493914448259,42.93704583260256,1.3025737335350445,7.708333333333334,3.49979867543835,11.875,14.96,25.624999999999996,5.6972695580509125,26.875
extreme,11,proactive,1.0,QuantileMLP-JCSO,18.333333333333332,92.08333333333333,4.301772610570396,14.96,17.087962346097722,11.312217194570136,1.0,34.83841070679558,0.7332400198485234,46.0899044558922,1.3410859207956904,6.666666666666667,3.296780861320781,8.75,14.96,24.375,5.37565151719602,21.875
extreme,11,proactive,1.0,GAN-JCSO,18.75,91.25,4.374187953167802,14.96,17.09479687724274,10.95890410958904,0.9861778846153847,34.46536005867063,0.7362624836684695,43.95041372315179,1.3274636801774597,5.833333333333333,3.7636804213899144,11.875,14.96,25.624999999999996,5.57558634029886,18.75
extreme,11,proactive,1.0,Diffusion-JCSO,16.666666666666664,92.5,4.266337285400679,14.96,17.09324475124723,9.90990990990991,1.0,34.91120919683179,0.7362280387323343,46.851138870246444,1.3427680321668556,6.25,3.0595116977362355,8.125,14.96,24.375,5.268315700222404,17.5
extreme,11,proactive,0.92,Independent,71.04166666666667,83.75,5.237880290996628,8.812003792449467,14.96,65.4228855721393,0.94375,28.34587266550626,0.7987180267622038,8.351728531896834,1.0017490361847128,45.416666666666664,5.720000000000001,99.375,14.96,13.750000000000002,8.8,100.0
extreme,11,proactive,0.92,StaticReserve,65.20833333333333,45.83333333333333,8.604237351745725,14.96,22.951778694594086,24.09090909090909,1.0,18.397666868801863,0.8737697853869844,37.167720110783584,0.6568142579258955,31.874999999999996,6.059252000852799,30.625000000000004,14.96,100.0,14.011191744289473,65.0
extreme,11,proactive,0.92,JointHeuristic,78.125,64.16666666666667,7.2304321236391065,14.96,19.61159982891715,65.9090909090909,0.8211538461538463,29.009346518189894,0.7875709220858942,13.456477665062552,1.0268325426133071,35.41666666666667,5.766949444980783,89.375,14.96,55.625,8.8,89.375
extreme,11,proactive,0.92,Persistence-JCSO,31.041666666666668,88.75,4.7845758184480705,14.96,17.376111632214926,22.300469483568076,0.9811298076923076,34.72074432779456,0.7376169400161486,35.92709122279,1.230143443540261,11.666666666666666,4.949011276668872,20.625,14.96,27.500000000000004,8.8,45.0
extreme,11,proactive,0.92,MovingAverage-JCSO,20.208333333333332,91.45833333333333,4.445438219531652,14.96,17.31813440999428,12.756264236902052,1.0,36.48376594619956,0.7235010154334558,43.06323672523408,1.291992577199205,7.708333333333334,3.297071530080282,8.75,14.96,25.0,5.696263211079206,26.875
extreme,11,proactive,0.92,QuantileMLP-JCSO,18.541666666666668,91.45833333333333,4.397554011943397,14.96,17.34377834064781,10.933940774487471,1.0,37.58278157387963,0.7096403550556329,46.27447833917328,1.3316611395698847,6.666666666666667,3.296780861320781,8.75,14.96,25.0,5.37565151719602,21.875
extreme,11,proactive,0.92,GAN-JCSO,16.875,91.875,4.353664209552955,14.96,17.35112844574901,9.523809523809524,0.9962740384615385,37.141149497409906,0.7132696333602055,43.98947997066491,1.3167442911450233,5.833333333333333,3.296780904619456,8.75,14.96,25.0,5.075723598034561,16.875
extreme,11,proactive,0.92,Diffusion-JCSO,16.875,91.875,4.362096618868539,14.96,17.348155253360183,9.523809523809524,1.0,37.66303658396261,0.7128954102758529,47.03937608674682,1.33337927322386,6.041666666666667,3.0595116977362355,8.125,14.96,25.0,5.268315700222404,17.5
extreme,11,proactive,0.82,Independent,74.375,82.29166666666666,5.5362526200471125,14.96,14.96,68.86075949367088,0.995673076923077,31.497676646266804,0.7739923001278607,8.351728531896834,0.9926775795963908,45.416666666666664,5.720000000000001,99.375,14.96,23.75,8.8,100.0
extreme,11,proactive,0.82,StaticReserve,65.20833333333333,45.83333333333333,8.604237351745725,14.96,22.951778694594086,24.09090909090909,1.0,20.64128477963136,0.858375856775641,37.167720110783584,0.6568142579258955,31.874999999999996,6.059252000852799,30.625000000000004,14.96,100.0,14.011191744289473,65.0
extreme,11,proactive,0.82,JointHeuristic,74.58333333333333,70.625,6.70159064965023,14.96,19.66019946250164,64.0117994100295,0.905408653846154,31.802023654875907,0.7649892338426489,12.589442471338808,1.0039464516256646,38.54166666666667,5.720000000000001,86.25,14.96,48.125,8.8,89.375
extreme,11,proactive,0.82,Persistence-JCSO,28.541666666666664,89.79166666666667,4.717987575291528,14.96,18.480436696664583,20.417633410672853,1.0,38.47151189484087,0.7056911988241608,35.94026986582433,1.2157381808097198,11.875,3.3998051780152143,15.625,14.96,26.25,8.8,43.75
extreme,11,proactive,0.82,MovingAverage-JCSO,20.625,91.04166666666667,4.517458649536809,14.96,18.422461317070375,12.814645308924485,1.0,40.4516190178945,0.6893324474706471,43.2500711465708,1.2777442418323495,7.708333333333334,3.297071530080282,8.75,14.96,26.25,5.696263211079206,26.875
extreme,11,proactive,0.82,QuantileMLP-JCSO,18.958333333333332,91.04166666666667,4.468925412855414,14.96,18.448105247723905,10.983981693363845,1.0,41.71633053940857,0.67404510520521,46.463131489301034,1.3183216057732823,6.666666666666667,3.296780861320781,8.75,14.96,26.25,5.37565151719602,21.875
extreme,11,proactive,0.82,GAN-JCSO,17.291666666666668,91.45833333333333,4.426614303513244,14.96,18.45545535282511,9.567198177676538,1.0,41.23304362163074,0.6783155481362945,44.17296384372964,1.3038034523448152,5.833333333333333,3.296780904619456,8.75,14.96,26.25,5.075723598034561,16.875
extreme,11,proactive,0.82,Diffusion-JCSO,17.291666666666668,91.45833333333333,4.433529045437609,14.96,18.45248216043628,9.567198177676538,1.0,41.79399543496539,0.6777191505340632,47.22891362845104,1.319667375249515,6.041666666666667,3.0595116977362355,8.125,14.96,26.25,5.268315700222404,17.5
extreme,27,request_observed,1.0,Independent,37.5,97.08333333333333,3.83788184425392,4.150980392156863,14.96,35.622317596566525,0.8615384615384615,26.519506717670595,0.8159014737108554,2.0000000000000018,0.9932849998934178,0.0,2.64205294117647,20.0,14.96,12.5,4.150980392156863,80.0
extreme,27,request_observed,1.0,StaticReserve,50.0,57.291666666666664,7.632817557207304,14.96,15.054640557223786,12.727272727272727,1.0,17.611945748747964,0.8801739526828565,37.97368875763293,0.6656337233847891,22.708333333333332,5.720000000000001,10.0,14.96,100.0,8.8,40.0
extreme,27,request_observed,1.0,JointHeuristic,43.333333333333336,78.54166666666667,5.6882496501733275,14.96,21.544094267373147,27.851458885941643,0.7194711538461539,26.47654233894885,0.8054856583110912,5.731208242396502,0.9932317850551236,0.0,5.720000000000001,64.375,17.49161908609223,38.75,8.8,26.875
extreme,27,request_observed,1.0,Persistence-JCSO,8.541666666666666,95.0,4.101478731455219,14.96,15.14680682228281,3.7280701754385963,0.9614182692307693,33.46974550470807,0.7420555770488064,43.45172841004825,1.2586479899056722,0.0,2.4346153846209315,1.25,14.96,22.5,3.433075322305225,1.875
extreme,27,request_observed,1.0,MovingAverage-JCSO,7.5,95.625,4.063869754967395,14.96,15.79246359902431,3.2679738562091507,0.966466346153846,33.6945505024033,0.7404306663477419,45.183531208089065,1.266237181109793,0.0,2.4346153846153853,0.0,14.96,22.5,3.4220388536545534,0.0
extreme,27,request_observed,1.0,QuantileMLP-JCSO,7.5,95.625,4.06353826222116,14.96,15.770591582985878,3.2679738562091507,1.0,35.48509687939191,0.7259808795033768,53.40973503752469,1.3333153454992799,0.0,2.3608135576951677,0.0,14.96,22.5,3.422033898305085,0.0
extreme,27,request_observed,1.0,GAN-JCSO,6.25,96.25,3.9170545500845595,11.626238041446385,15.109385388533566,2.5974025974025974,0.9366586538461539,33.768148276009605,0.7385700271724914,44.106197734178345,1.2698809325508629,0.0,2.434615384615385,0.0,14.96,18.75,3.422033898305085,0.0
extreme,27,request_observed,1.0,Diffusion-JCSO,10.625,93.75,4.234807262485565,14.96,15.782252507876853,4.666666666666667,0.9625,34.338645950549754,0.7358378632062974,49.00708876347794,1.2904794834998714,0.0,2.4538399756137994,3.75,14.96,24.375,3.6144143157428954,3.75
extreme,27,request_observed,0.92,Independent,37.708333333333336,97.08333333333333,3.9101528608668996,4.644717609770978,14.96,35.836909871244636,0.9567307692307692,28.673114506704405,0.7995538500848202,2.0000000000000018,0.9883232873213116,0.0,2.64205294117647,6.25,14.96,13.125,4.150980392156863,93.75
extreme,27,request_observed,0.92,StaticReserve,50.0,57.291666666666664,7.632817557207304,14.96,15.054640557223786,12.727272727272727,1.0,19.143419292117354,0.8697542963944092,37.97368875763293,0.6656337233847891,22.708333333333332,5.720000000000001,10.0,14.96,100.0,8.8,40.0
extreme,27,request_observed,0.92,JointHeuristic,43.541666666666664,81.45833333333333,5.648374207376255,14.96,20.83854831796473,30.69053708439898,0.7971153846153847,28.247615723335016,0.7899651618987749,5.683235340135584,0.9756889546001474,0.0,5.720000000000001,61.875,14.987821179491284,45.625,8.8,23.125
extreme,27,request_observed,0.92,Persistence-JCSO,11.666666666666666,93.54166666666667,4.477841136447198,14.96,20.462353353334823,5.56792873051225,0.9813701923076923,35.953701458300905,0.7195982422171788,44.88344435918575,1.245111662080503,0.0,2.434615384615385,0.0,14.96,35.0,3.422033898305085,0.0
extreme,27,request_observed,0.92,MovingAverage-JCSO,11.875,93.54166666666667,4.480175478382135,14.96,20.570669425635028,5.79064587973274,0.9850961538461538,36.18732378948016,0.7173118372538293,46.6452747573028,1.2524797176922438,0.0,2.434615384615385,0.0,14.96,35.625,3.422033898305085,0.0
extreme,27,request_observed,0.92,QuantileMLP-JCSO,11.666666666666666,93.54166666666667,4.467060228180227,14.96,20.546122724658098,5.56792873051225,1.0,38.17656939767994,0.6999165487757345,54.92926767711798,1.3209562558901848,0.0,2.3608135576951677,0.0,14.96,35.0,3.422033898305085,0.0
extreme,27,request_observed,0.92,GAN-JCSO,11.25,93.75,4.417549860867436,14.96,17.805036594065793,5.333333333333334,0.9552884615384615,36.28238268355806,0.7159392554465864,45.813711517493026,1.2565012370861701,0.0,2.434615384615385,0.0,14.96,33.75,3.422033898305085,0.0
extreme,27,request_observed,0.92,Diffusion-JCSO,11.666666666666666,93.54166666666667,4.482199364009898,14.96,20.55911231208502,5.56792873051225,0.992548076923077,36.88473168792711,0.7120346317489862,50.37860833644772,1.2765452978903096,0.0,2.4165803567892072,0.0,14.96,35.0,3.422033898305085,0.0
extreme,27,request_observed,0.82,Independent,39.166666666666664,96.45833333333333,4.112186636019283,8.73530774354478,15.212476493706589,36.933045356371494,0.9913461538461539,31.825700197272344,0.7749609949550351,2.0000000000000018,0.978339417851145,0.0,2.5890588235294114,1.25,14.96,17.5,4.150980392156863,98.75
extreme,27,request_observed,0.82,StaticReserve,50.0,57.291666666666664,7.632817557207304,14.96,15.054640557223786,12.727272727272727,1.0,21.477982620424346,0.8538706740034832,37.97368875763293,0.6656337233847891,22.708333333333332,5.720000000000001,10.0,14.96,100.0,8.8,40.0
extreme,27,request_observed,0.82,JointHeuristic,41.25,83.95833333333333,5.795905033550071,14.96,26.692445003317,30.024813895781637,0.9024038461538464,30.888316660000797,0.7655901505248611,6.024777430491245,0.9522539603991729,0.0,5.720000000000001,51.87500000000001,16.85103772139238,56.25,8.8,15.625
extreme,27,request_observed,0.82,Persistence-JCSO,17.708333333333336,88.54166666666666,5.2804555083389255,14.96,25.682673513806414,7.0588235294117645,1.0,39.831759492485055,0.6846372504784981,46.90429518854525,1.231000973437365,0.0,2.434615384615385,0.0,17.01382905075868,53.125,3.422033898305085,0.0
extreme,27,request_observed,0.82,MovingAverage-JCSO,17.708333333333336,88.54166666666666,5.281643031394168,14.96,25.658282168148823,7.0588235294117645,1.0,39.98559237999749,0.6816780262842584,48.72164790403862,1.2351773509268773,0.0,2.434615384615385,0.0,17.007169167397006,53.125,3.422033898305085,0.0
extreme,27,request_observed,0.82,QuantileMLP-JCSO,17.708333333333336,88.54166666666666,5.257640376236511,14.96,25.663712730391175,7.0588235294117645,1.0,42.24574566740921,0.6608487006924832,57.0629492876844,1.3044055073640752,0.0,2.3608135576951677,0.0,16.98493615839064,53.125,3.422033898305085,0.0
extreme,27,request_observed,0.82,GAN-JCSO,17.708333333333336,88.75,5.230807277408905,14.96,26.927488892376605,7.276995305164319,0.9776442307692307,40.09054818242085,0.6818195875562367,47.86292716602861,1.23894738958005,0.0,2.434615384615385,0.0,17.119851806694633,53.125,3.422033898305085,0.0
extreme,27,request_observed,0.82,Diffusion-JCSO,17.708333333333336,88.54166666666666,5.27840075762314,14.96,25.67787299543591,7.0588235294117645,1.0,40.82194154122723,0.6748472587781982,52.49597010114937,1.2608056206545022,0.0,2.4165803567892072,0.0,17.007871376689753,53.125,3.422033898305085,0.0
extreme,27,proactive,1.0,Independent,72.29166666666667,83.54166666666667,5.418630672487867,14.96,14.96,66.83291770573567,0.8615384615384614,26.588409058141536,0.8157239758398852,8.558529631462399,0.9957383361820452,43.958333333333336,5.720000000000001,99.375,14.96,18.75,8.8,98.75
extreme,27,proactive,1.0,StaticReserve,50.0,57.291666666666664,7.632817557207304,14.96,15.054640557223786,12.727272727272727,1.0,17.611945748747964,0.8801739526828565,37.97368875763293,0.6656337233847891,22.708333333333332,5.720000000000001,10.0,14.96,100.0,8.8,40.0
extreme,27,proactive,1.0,JointHeuristic,73.95833333333334,69.16666666666667,6.785338001190653,14.96,22.100995773027158,62.34939759036144,0.7356971153846155,27.065775822707995,0.8013360313056597,13.319246491635976,1.0154971884978565,36.666666666666664,5.720000000000001,96.25,15.809410128745695,43.75,8.8,81.875
extreme,27,proactive,1.0,Persistence-JCSO,26.875,89.16666666666667,4.722346171630109,14.96,15.862119068106184,17.990654205607477,0.9201923076923076,31.86981723056672,0.7545102708324342,37.0068371644094,1.1981847286298624,11.666666666666666,5.720000000000001,21.25,14.96,25.624999999999996,8.8,33.75
extreme,27,proactive,1.0,MovingAverage-JCSO,17.916666666666668,92.70833333333334,4.361096489346687,14.96,15.788558811463297,11.46067415730337,0.9627403846153845,33.38977649475676,0.7427492755796831,44.331912024881106,1.2549686731780112,6.041666666666667,3.2700620864543115,9.375,14.96,23.75,6.446074485932122,20.625
extreme,27,proactive,1.0,QuantileMLP-JCSO,13.958333333333334,93.75,4.272641687307997,14.96,15.770591585542526,8.222222222222223,1.0,35.04957387824493,0.729863480414388,51.42222278447091,1.3171693125459831,4.375,2.6911356001745634,5.625,14.96,23.125,4.816348794519584,13.125
extreme,27,proactive,1.0,GAN-JCSO,15.625,93.33333333333333,4.223399259484548,12.154342675539764,15.136200209548603,9.598214285714286,0.9292067307692307,33.28031139411175,0.7417080345530813,41.95336746373381,1.2518029478888786,6.25,3.265694430640524,10.0,14.96,19.375,6.228457598274649,17.5
extreme,27,proactive,1.0,Diffusion-JCSO,19.375,91.25,4.5099220880897555,14.96,15.78225247199583,11.643835616438356,0.9625,33.864975489440056,0.7396437882729143,47.14766873387811,1.2728949828469776,5.0,3.180031411331995,10.625,14.96,25.0,8.8,22.5
extreme,27,proactive,0.92,Independent,72.70833333333333,83.54166666666667,5.474263721474265,14.96,14.96,67.33167082294264,0.9567307692307692,28.73984279496528,0.7993609176163744,8.558529631462399,0.9905108393500868,43.958333333333336,5.720000000000001,98.75,14.96,19.375,8.8,100.0
extreme,27,proactive,0.92,StaticReserve,50.0,57.291666666666664,7.632817557207304,14.96,15.054640557223786,12.727272727272727,1.0,19.143419292117354,0.8697542963944092,37.97368875763293,0.6656337233847891,22.708333333333332,5.720000000000001,10.0,14.96,100.0,8.8,40.0
extreme,27,proactive,0.92,JointHeuristic,75.83333333333333,71.66666666666667,6.755352317247794,14.96,21.456732291116133,66.27906976744185,0.8045673076923077,28.886722746504347,0.7849098356051631,13.350581977735699,0.9979657088194316,37.083333333333336,5.720000000000001,95.0,14.97937867631381,51.24999999999999,8.8,81.25
extreme,27,proactive,0.92,Persistence-JCSO,27.083333333333332,89.375,4.9510976845778165,14.96,20.39674533336887,18.414918414918414,0.9552884615384615,34.188453920740514,0.7329813577840939,38.18965679436046,1.1837425227854432,11.458333333333332,3.6828649562988796,16.25,14.96,36.875,8.8,28.125
extreme,27,proactive,0.92,MovingAverage-JCSO,21.875,90.625,4.777968461607172,14.96,20.62056832544298,13.793103448275861,0.9813701923076923,35.871460847836026,0.7199794447537418,45.79491029620839,1.2417380363351813,6.041666666666667,3.2700620864543106,9.375,14.96,35.625,6.44607366209398,20.625
extreme,27,proactive,0.92,QuantileMLP-JCSO,18.125,91.66666666666666,4.67588354541812,14.96,20.58397571442671,10.681818181818182,1.0,37.7199302030965,0.7040530092123847,52.932090558861574,1.3053732580233044,4.375,2.6911356001745634,5.625,14.96,35.625,4.816348794519584,13.125
extreme,27,proactive,0.92,GAN-JCSO,20.833333333333336,90.83333333333333,4.720580130595692,14.96,17.814226580455212,12.844036697247708,0.9515625,35.779380901974534,0.71933935949204,43.59406164817944,1.2393692728721348,6.25,3.265694430640524,10.0,14.96,35.0,6.228457598274649,17.5
extreme,27,proactive,0.92,Diffusion-JCSO,20.625,91.04166666666667,4.758364371115148,14.96,20.58081483870001,12.814645308924485,0.992548076923077,36.379390168806765,0.7163845318224971,48.51793688574883,1.259269966446988,5.0,2.7149634717293165,6.875000000000001,14.96,35.625,6.7848326418190315,19.375
extreme,27,proactive,0.82,Independent,74.16666666666667,82.91666666666667,5.631808211797725,14.96,15.637532724231308,68.84422110552764,0.9913461538461539,31.889114381554464,0.7747445341367791,8.558529631462399,0.9801947395551057,43.958333333333336,5.720000000000001,98.75,14.96,23.75,8.8,100.0
extreme,27,proactive,0.82,StaticReserve,50.0,57.291666666666664,7.632817557207304,14.96,15.054640557223786,12.727272727272727,1.0,21.477982620424346,0.8538706740034832,37.97368875763293,0.6656337233847891,22.708333333333332,5.720000000000001,10.0,14.96,100.0,8.8,40.0
extreme,27,proactive,0.82,JointHeuristic,75.83333333333333,73.125,6.975419930576214,14.96,27.603422856136177,66.95156695156696,0.9111778846153846,31.60022686377025,0.7601531694661798,13.706549266034365,0.9743878282787671,37.708333333333336,5.720000000000001,88.125,17.532050331643898,59.375,8.8,80.0
extreme,27,proactive,0.82,Persistence-JCSO,32.29166666666667,84.58333333333333,5.723247665510845,14.96,26.3497007545865,19.950738916256157,0.9813701923076923,37.83349224850311,0.700435988408908,39.96611260913682,1.1689512003952873,11.458333333333332,3.682864955319138,16.25,17.174633421111324,51.87500000000001,8.8,28.749999999999996
extreme,27,proactive,0.82,MovingAverage-JCSO,27.916666666666668,85.625,5.579901312805758,14.96,26.124964210902128,15.815085158150852,0.9962740384615385,39.64118770822812,0.6846159690423661,47.85811089165332,1.2246994671018767,6.041666666666667,3.2700620864543106,9.375,17.195822809154887,53.75,6.446073543256775,20.625
extreme,27,proactive,0.82,QuantileMLP-JCSO,24.375,86.66666666666667,5.468532347812681,14.96,26.134803383943805,12.740384615384615,1.0,41.77427741251826,0.6649485723304596,55.04762946301458,1.2900799263256242,4.375,2.6911356001745634,5.625,17.174167118229388,53.75,4.816348794519584,13.750000000000002
extreme,27,proactive,0.82,GAN-JCSO,27.083333333333332,85.83333333333333,5.533399533669962,14.96,26.919273672236994,15.048543689320388,0.9739182692307692,39.53506312058849,0.6856715554829688,45.584827522871734,1.2220247790777312,6.041666666666667,3.265694430640524,10.0,17.30692752810361,53.75,6.228457598274649,17.5
extreme,27,proactive,0.82,Diffusion-JCSO,26.666666666666668,86.04166666666667,5.555544153949173,14.96,25.956901251311066,14.769975786924938,1.0,40.28425652304545,0.6794356221831753,50.61855668502227,1.244411987895008,5.0,2.7149634717293165,6.875000000000001,17.19710233619178,53.75,6.797490910938729,19.375
extreme,41,request_observed,1.0,Independent,40.208333333333336,97.91666666666666,3.7068926151371007,4.70381983010322,14.96,38.93617021276596,0.835576923076923,27.440103004096272,0.8144429814134362,2.0000000000000013,0.9974694467639028,0.0,2.7768904293057997,35.0,14.96,9.375,4.150980392156863,76.25
extreme,41,request_observed,1.0,StaticReserve,38.75,75.0,6.495168078353705,14.96,37.6040643620738,18.333333333333332,1.0,31.915843619864425,0.7774297648653763,29.305089077808823,1.161960593583194,32.29166666666667,5.744905892749591,25.0,18.438177089393932,48.125,12.332668548796825,43.125
extreme,41,request_observed,1.0,JointHeuristic,53.333333333333336,70.41666666666667,6.431184611893515,14.96,20.348452713266706,33.72781065088758,0.6131009615384617,27.59340090095515,0.7937541925094493,7.4166562548501185,1.005076785755596,0.0,5.720000000000001,66.875,16.199572313913496,58.12500000000001,8.8,35.0
extreme,41,request_observed,1.0,Persistence-JCSO,19.583333333333332,88.95833333333333,4.7342307181453585,14.96,19.220019660242475,9.601873536299765,0.823076923076923,34.8111707522097,0.7275483125607576,45.868246305927514,1.2707830787553829,0.0,3.1298041092747346,8.75,14.96,38.75,5.0805915903432375,11.25
extreme,41,request_observed,1.0,MovingAverage-JCSO,13.750000000000002,91.45833333333333,4.480901083621053,14.96,19.169537414619693,5.694760820045558,0.8395432692307694,35.09130016253893,0.7257566185151058,47.51953775901617,1.2800819155843037,0.0,2.434615384615385,2.5,14.96,35.0,3.603344457954782,3.75
extreme,41,request_observed,1.0,QuantileMLP-JCSO,13.541666666666666,92.29166666666667,4.582710950249274,14.96,19.197868528421775,6.320541760722348,1.0,36.20857276712709,0.7224177808458992,51.762408940998526,1.321916775767546,0.0,1.9306153846153846,0.0,14.986767219813865,40.625,3.422033898305085,0.0
extreme,41,request_observed,1.0,GAN-JCSO,12.5,92.70833333333334,4.509093109677281,14.96,19.22313105177536,5.617977528089887,0.959014423076923,35.01833470056061,0.7351492728563669,45.75626415402238,1.278413861997867,0.0,2.4217579138096057,0.0,14.987818951342865,37.5,3.422033898305085,0.0
extreme,41,request_observed,1.0,Diffusion-JCSO,13.541666666666666,92.29166666666667,4.578098631596305,14.96,19.19693143735986,6.320541760722348,0.9962740384615385,36.615362115964686,0.717236384203561,61.507771885318526,1.3363100112758817,0.0,1.9306173795303474,0.0,14.98663733150228,40.625,3.422033898305085,0.0
extreme,41,request_observed,0.92,Independent,43.333333333333336,96.25,4.055159436249566,8.165292037431067,14.96,41.125541125541126,0.948076923076923,29.509859371894688,0.7980547476903787,2.0000000000000013,0.9874592337900611,0.0,4.340820656229884,20.0,14.96,17.5,4.150980392156863,92.5
extreme,41,request_observed,0.92,StaticReserve,38.75,75.0,6.495168078353705,14.96,37.6040643620738,18.333333333333332,1.0,34.69113436941786,0.7580758313754092,29.305089077808823,1.161960593583194,32.29166666666667,5.744905892749591,25.0,18.438177089393932,48.125,12.332668548796825,43.125
extreme,41,request_observed,0.92,JointHeuristic,53.75,70.625,6.700325237991137,14.96,32.104779039502574,34.51327433628318,0.6633413461538462,29.468583191600437,0.7772946769398387,7.297904329235798,0.9882474832121766,0.0,5.720000000000001,66.875,16.398696004481693,63.125,8.8,31.25
extreme,41,request_observed,0.92,Persistence-JCSO,17.5,87.91666666666667,5.029835064864419,14.96,27.60931217844515,6.161137440758294,0.860576923076923,37.11614229638467,0.706378590624076,46.37781271239163,1.2477138267868364,0.0,2.594707199310448,5.0,14.971699528474286,41.875,4.02283390140871,5.625
extreme,41,request_observed,0.92,MovingAverage-JCSO,14.583333333333334,89.58333333333334,4.885124017735086,14.96,26.501710244339247,4.651162790697675,0.8794471153846153,37.387334885558545,0.7043787757421486,48.26730509581854,1.2560739876878249,0.0,2.434615386089492,1.25,14.970195007610464,40.625,3.422033898305085,1.875
extreme,41,request_observed,0.92,QuantileMLP-JCSO,14.791666666666666,89.79166666666667,4.958906731199041,14.96,27.570642839913543,5.104408352668213,1.0,38.77976157643194,0.6975281904709238,52.1703657126211,1.3038010225605117,0.0,2.0400547406758283,0.625,15.725669565341235,43.75,3.422033898305085,0.0
extreme,41,request_observed,0.92,GAN-JCSO,14.374999999999998,89.79166666666667,4.950247029792579,14.96,27.590003835567288,4.640371229698376,0.9627403846153847,37.505110482540495,0.7121030446344218,46.33049846844178,1.260826417153684,0.0,2.426181028055911,0.625,15.382776041762648,42.5,3.422033898305085,0.0
extreme,41,request_observed,0.92,Diffusion-JCSO,14.791666666666666,89.79166666666667,4.954922384012668,14.96,27.570526177156403,5.104408352668213,0.9962740384615385,39.15548073080187,0.6930523527820008,61.93301418013521,1.3158540344184388,0.0,2.066267839236453,0.625,15.724569155924446,43.75,3.422033898305085,0.0
extreme,41,request_observed,0.82,Independent,49.166666666666664,92.70833333333334,4.701002966847811,14.96,16.306260874022477,45.1685393258427,0.9870192307692307,32.46033521135889,0.7733899081660498,2.0000000000000013,0.9691747163557713,0.0,5.720000000000001,15.625,14.96,33.75,4.150980392156863,98.125
extreme,41,request_observed,0.82,StaticReserve,38.75,75.0,6.495168078353705,14.96,37.6040643620738,18.333333333333332,1.0,38.921760512029806,0.7285728839821664,29.305089077808823,1.161960593583194,32.29166666666667,5.744905892749591,25.0,18.438177089393932,48.125,12.332668548796825,43.125
extreme,41,request_observed,0.82,JointHeuristic,53.125,74.79166666666667,6.483482486778218,14.96,27.306082706651768,37.32590529247911,0.7385817307692308,32.12974004412361,0.7541511324476519,6.618033574576624,0.961328982485444,0.0,5.720000000000001,69.375,18.362124774918907,61.875,8.8,28.125
extreme,41,request_observed,0.82,Persistence-JCSO,16.666666666666664,88.75,5.120688558377922,14.96,29.398254953086685,6.103286384976526,0.9143028846153844,40.64588134593786,0.6749757599402483,46.83969585473375,1.2193468769009237,0.0,2.4460228479214106,5.0,17.11858011612238,45.0,3.422033898305085,0.0
extreme,41,request_observed,0.82,MovingAverage-JCSO,16.875,88.75,5.120326649632716,14.96,28.488169765831003,6.338028169014084,0.9143028846153847,40.84874830122024,0.6720525064719932,48.971674158545774,1.22490857706002,0.0,2.446022752799664,5.0,17.001745581045977,45.625,3.422033898305085,0.0
extreme,41,request_observed,0.82,QuantileMLP-JCSO,17.083333333333332,88.54166666666666,5.1892117046999475,14.96,31.38566108934616,6.352941176470588,1.0,42.669102638285494,0.6595952239783482,52.86261451895243,1.2803064988234119,0.0,2.4265530492192586,5.0,18.332333440837182,46.25,3.422033898305085,0.0
extreme,41,request_observed,0.82,GAN-JCSO,17.083333333333332,88.54166666666666,5.1981279970362175,14.96,31.405964861687263,6.352941176470588,0.9813701923076923,41.283850032107836,0.6773060942041299,46.999648005149666,1.2387092823664754,0.0,2.4585364830186176,5.0,18.358077334652723,46.25,3.422033898305085,0.0
extreme,41,request_observed,0.82,Diffusion-JCSO,17.083333333333332,88.54166666666666,5.188048473391628,14.96,31.37574001104357,6.352941176470588,1.0,43.001536920333535,0.6565376435547254,62.632013928976825,1.2895356962324405,0.0,2.4395161992478984,5.0,18.33605365464102,46.25,3.422033898305085,0.0
extreme,41,proactive,1.0,Independent,72.29166666666667,83.75,5.406304075326371,14.96,14.96,66.91542288557214,0.8399038461538462,27.44292478021057,0.8142457486207931,8.967854293786868,0.9975754444374036,47.291666666666664,5.720000000000001,100.0,14.96,21.25,8.8,95.625
extreme,41,proactive,1.0,StaticReserve,38.75,75.0,6.495168078353705,14.96,37.6040643620738,18.333333333333332,1.0,31.915843619864425,0.7774297648653763,29.305089077808823,1.161960593583194,32.29166666666667,5.744905892749591,25.0,18.438177089393932,48.125,12.332668548796825,43.125
extreme,41,proactive,1.0,JointHeuristic,77.70833333333333,61.458333333333336,7.465021347993087,14.96,22.521167179133872,63.72881355932203,0.6256009615384617,28.07732142711429,0.7901127208615666,14.920574331304968,1.0228912419779934,35.41666666666667,5.76136550578506,92.5,19.765333068156654,62.5,8.811314784012312,78.125
extreme,41,proactive,1.0,Persistence-JCSO,41.66666666666667,80.83333333333333,5.611059422789506,14.96,19.221732957918828,27.835051546391753,0.7752403846153847,33.16352015868282,0.7419111978998185,38.982591472280056,1.2103150861240142,10.0,5.720000000000001,34.375,14.989503661481795,48.125,8.8,42.5
extreme,41,proactive,1.0,MovingAverage-JCSO,23.958333333333336,88.125,4.843474039453612,14.96,19.169537427973683,13.711583924349883,0.833173076923077,34.678428441870665,0.7292638817149433,46.44119225841614,1.265264543511178,7.083333333333333,5.166667516716348,15.0,14.96,37.5,8.8,19.375
extreme,41,proactive,1.0,QuantileMLP-JCSO,18.125,90.83333333333333,4.745961734209914,14.96,19.197868537204414,9.862385321100918,1.0,35.65915390223997,0.7267909279499436,49.04861530072806,1.3019487107006933,4.791666666666667,2.9082022910957437,6.25,14.986767220161774,41.25,4.34753239006641,6.875000000000001
extreme,41,proactive,1.0,GAN-JCSO,24.791666666666668,88.54166666666666,4.941244926842455,14.96,19.2216436356475,15.058823529411763,0.941466346153846,34.56625223924336,0.7378539415992073,44.27255022632651,1.2622617078818659,7.708333333333334,3.436224218152621,10.625,14.988126650007526,41.875,8.8,21.875
extreme,41,proactive,1.0,Diffusion-JCSO,18.333333333333332,90.83333333333333,4.743495767050087,14.96,19.196931446142496,10.091743119266056,1.0,36.14195010385512,0.7215701672839331,59.08436581523299,1.3190740547645599,4.375,2.890866930897835,6.25,14.986726611825858,41.25,4.357406691710401,7.5
extreme,41,proactive,0.92,Independent,74.79166666666667,83.125,5.586764170730395,14.96,14.96,69.67418546365914,0.948076923076923,29.512926519845006,0.7978265286505123,8.967854293786868,0.9875652314635619,47.291666666666664,5.720000000000001,100.0,14.96,26.25,8.8,98.125
extreme,41,proactive,0.92,StaticReserve,38.75,75.0,6.495168078353705,14.96,37.6040643620738,18.333333333333332,1.0,34.69113436941786,0.7580758313754092,29.305089077808823,1.161960593583194,32.29166666666667,5.744905892749591,25.0,18.438177089393932,48.125,12.332668548796825,43.125
extreme,41,proactive,0.92,JointHeuristic,78.95833333333333,61.875,7.653465570392812,14.96,33.07319358424117,65.993265993266,0.6721153846153847,29.97650666471451,0.7730274132799677,14.736109482031015,1.0054726676754475,35.625,5.720000000000001,92.5,18.697328215615897,66.875,9.246877152531146,77.5
extreme,41,proactive,0.92,Persistence-JCSO,37.708333333333336,80.83333333333333,5.770604326050992,14.96,27.61916993191203,22.938144329896907,0.8103365384615385,35.35425897442132,0.7212637586413942,39.15376937719319,1.1881386031658303,10.0,5.720000000000001,28.125,14.971709186939455,49.375,8.8,35.625
extreme,41,proactive,0.92,MovingAverage-JCSO,21.666666666666668,87.5,5.118749657334806,14.96,26.511062009643517,10.476190476190476,0.8757211538461538,36.94689413020846,0.7079608031445987,46.98470721838599,1.2414637045422783,7.083333333333333,3.0432207548254424,9.375,14.970195007611462,41.25,5.447993152707264,14.374999999999998
extreme,41,proactive,0.92,QuantileMLP-JCSO,19.166666666666668,88.33333333333333,5.116992288776146,14.96,27.57064339391576,8.49056603773585,1.0,38.21880523111769,0.7023656571680265,49.4054357987973,1.2849620307494367,4.791666666666667,2.90933191514941,6.25,15.725530180032377,44.375,4.34753239006641,6.875000000000001
extreme,41,proactive,0.92,GAN-JCSO,23.333333333333332,87.08333333333333,5.235148084257714,14.96,27.594865478183227,11.961722488038278,0.966466346153846,37.007096015688504,0.7158491179181914,44.539831997206335,1.2443665844862128,7.708333333333334,2.966816870875382,7.5,15.38098594617522,43.75,8.8,18.75
extreme,41,proactive,0.92,Diffusion-JCSO,19.375,88.33333333333333,5.115167296230701,14.96,27.571937354774224,8.726415094339622,1.0,38.674231854898125,0.6978365496778951,59.46876453020245,1.299658009521695,4.375,2.8919965549517395,6.25,15.724569522337314,44.375,4.357406691710401,7.5
extreme,41,proactive,0.82,Independent,79.58333333333333,80.0,6.107747103554279,14.96,16.95926206184883,74.47916666666666,0.9870192307692307,32.46377640174218,0.7731338575359559,8.967854293786868,0.9692807140292724,47.291666666666664,5.745869144743028,100.0,14.96,39.375,8.8,99.375
extreme,41,proactive,0.82,StaticReserve,38.75,75.0,6.495168078353705,14.96,37.6040643620738,18.333333333333332,1.0,38.921760512029806,0.7285728839821664,29.305089077808823,1.161960593583194,32.29166666666667,5.744905892749591,25.0,18.438177089393932,48.125,12.332668548796825,43.125
extreme,41,proactive,0.82,JointHeuristic,78.75,65.625,7.464069869706831,14.96,29.078126039793762,67.61904761904762,0.7473557692307693,32.69755578652458,0.7492060170654397,14.267150958778318,0.9785498412195704,38.125,5.720000000000001,93.75,17.336742737048016,65.0,8.8,77.5
extreme,41,proactive,0.82,Persistence-JCSO,29.583333333333332,85.20833333333333,5.51746726615626,14.96,29.38265641785039,17.359413202933986,0.9031249999999998,38.584376216677704,0.6928540232733756,39.05893978933559,1.157155687829408,10.208333333333334,3.751558234308812,18.75,17.1117140430015,45.625,8.8,24.375
extreme,41,proactive,0.82,MovingAverage-JCSO,23.541666666666668,86.66666666666667,5.348711779106074,14.96,29.387294471366772,11.778846153846153,0.918028846153846,40.42021052990058,0.6763617512353605,47.61247247649913,1.2122522579091366,7.083333333333333,3.4476087608682926,11.25,16.994493309425017,46.875,5.371299152984776,12.5
extreme,41,proactive,0.82,QuantileMLP-JCSO,21.25,87.08333333333333,5.334718477540901,14.96,31.37526660677937,9.569377990430622,1.0,42.06622450584151,0.665237720541988,49.98139854809464,1.262174312639131,4.791666666666667,3.433568703168223,9.375,18.332835002471843,47.5,4.34753239006641,6.875000000000001
extreme,41,proactive,0.82,GAN-JCSO,25.624999999999996,85.83333333333333,5.466671184396828,14.96,31.375266606676156,13.349514563106796,0.9739182692307693,40.68758898157737,0.6817927283049633,45.108712565384934,1.2208615381881232,7.708333333333334,3.447608760868291,10.625,18.360085150652996,47.5,8.8,18.75
extreme,41,proactive,0.82,Diffusion-JCSO,21.458333333333332,87.08333333333333,5.333033842972092,14.96,31.37330979447324,9.808612440191387,1.0,42.49420870956456,0.6618308324640003,60.055200602990105,1.2742238703359563,4.375,3.445601900150809,9.375,18.337307206879963,47.5,4.357406691710401,7.5
extreme,59,request_observed,1.0,Independent,33.33333333333333,100.0,3.206758555137521,4.150980392156863,4.279525394564336,33.33333333333333,0.8572115384615383,25.31670197640057,0.8239284446375674,2.0000000000000018,1.0171724100212187,0.0,2.64205294117647,20.625,3.640089833146773,0.0,4.150980392156863,79.375
extreme,59,request_observed,1.0,StaticReserve,51.87500000000001,58.54166666666667,7.515263984226805,14.96,14.96,17.793594306049823,1.0,17.801607743277486,0.8723173476048593,43.667346652217255,0.7211601202851159,21.25,5.720000000000001,20.0,14.96,100.0,8.930255864986403,35.625
extreme,59,request_observed,1.0,JointHeuristic,52.5,71.04166666666667,6.213595928758447,14.96,18.363187404727494,33.137829912023456,0.709735576923077,25.851237584311924,0.8133289245944759,6.947416793770365,1.039933490512313,0.0,6.150694662253876,67.5,15.711146589503393,52.5,9.613399523199796,37.5
extreme,59,request_observed,1.0,Persistence-JCSO,12.083333333333334,93.95833333333333,3.934703242423207,11.688673662077697,14.96,6.430155210643015,0.9561298076923077,32.55420507353591,0.7556001509158581,41.29917506431012,1.3113350725379267,0.0,2.6304242497743826,6.25,14.96,21.875,4.439886482372961,8.125
extreme,59,request_observed,1.0,MovingAverage-JCSO,8.333333333333332,95.625,3.800267478358222,10.23784073290802,14.96,4.139433551198257,0.9899038461538462,32.64111792660942,0.7554001887128681,42.53216259162117,1.3142289238701965,0.0,2.434615384620969,1.875,14.96,20.625,3.5554151104801526,2.5
extreme,59,request_observed,1.0,QuantileMLP-JCSO,6.458333333333334,96.875,3.661174721333472,9.226985718124197,14.96,3.4408602150537635,0.9962740384615385,33.83460860205249,0.7446250623648587,48.095821148793036,1.3623686841303193,0.0,2.413061654996082,0.0,14.96,19.375,3.422033898305085,0.0
extreme,59,request_observed,1.0,GAN-JCSO,6.458333333333334,96.875,3.630351834762337,9.229002616371972,14.96,3.4408602150537635,0.9813701923076923,35.75991473749462,0.7327585687196195,56.1943714244286,1.4364879994783624,0.0,1.9306153846153846,0.0,14.96,19.375,3.422033898305085,0.0
extreme,59,request_observed,1.0,Diffusion-JCSO,6.458333333333334,96.875,3.665733536452831,9.221873515124534,14.96,3.4408602150537635,0.9888221153846153,33.59991879052905,0.7465943344786371,47.202275641349935,1.3514335976987588,0.0,2.414173929338628,0.0,14.96,19.375,3.422033898305085,0.0
extreme,59,request_observed,0.92,Independent,34.375,99.58333333333333,3.354422174695741,4.150980392156863,6.7563212244442505,34.10041841004184,0.952403846153846,27.407210425959,0.8084909404592497,2.0000000000000018,1.0133014572944261,0.0,2.64205294117647,6.875000000000001,5.37415535795893,3.125,4.150980392156863,93.125
extreme,59,request_observed,0.92,StaticReserve,51.87500000000001,58.54166666666667,7.515263984226805,14.96,14.96,17.793594306049823,1.0,19.34957363399727,0.8612145082661515,43.667346652217255,0.7211601202851159,21.25,5.720000000000001,20.0,14.96,100.0,8.930255864986403,35.625
extreme,59,request_observed,0.92,JointHeuristic,52.916666666666664,73.54166666666667,6.145194823893113,14.96,19.798004408185133,35.977337110481585,0.7823317307692308,27.599702761621547,0.7991707177231906,6.30081985496523,1.0219490169160506,0.0,5.720000000000001,67.5,17.103723387673185,54.37499999999999,8.8,36.875
extreme,59,request_observed,0.92,Persistence-JCSO,8.541666666666666,95.20833333333333,3.9749898167915965,14.96,16.252147567816166,3.938730853391685,0.9850961538461538,34.91349622542296,0.7336894963749854,42.02007334931177,1.2949982169538752,0.0,2.434615384615385,0.0,14.96,25.624999999999996,3.422033898305085,0.0
extreme,59,request_observed,0.92,MovingAverage-JCSO,8.541666666666666,95.20833333333333,3.986061478925706,14.96,17.257367288997774,3.938730853391685,1.0,35.061949865254384,0.732756509524321,43.43192702163795,1.2999552334485451,0.0,2.434615384615385,0.0,14.96,25.624999999999996,3.422033898305085,0.0
extreme,59,request_observed,0.92,QuantileMLP-JCSO,8.541666666666666,95.20833333333333,3.9632898367450666,14.96,17.280197087916797,3.938730853391685,1.0,36.40432055420983,0.7209844039902833,49.11369031114278,1.3497343692788861,0.0,2.413061654996082,0.0,14.96,25.624999999999996,3.422033898305085,0.0
extreme,59,request_observed,0.92,GAN-JCSO,8.541666666666666,95.20833333333333,3.9352213592255834,14.96,17.281002077064915,3.938730853391685,0.9888221153846153,38.40722239050967,0.7084832670088189,57.226280286058596,1.4207214174920062,0.0,1.9306153846153846,0.0,14.96,25.624999999999996,3.422033898305085,0.0
extreme,59,request_observed,0.92,Diffusion-JCSO,8.541666666666666,95.20833333333333,3.970472437855354,14.96,16.259917383200786,3.938730853391685,0.9962740384615385,36.14258394650068,0.7232650433580942,48.24214409427963,1.3385661196657122,0.0,2.414173929338628,0.0,14.96,25.624999999999996,3.422033898305085,0.0
extreme,59,request_observed,0.82,Independent,37.916666666666664,97.5,3.7464665839298426,6.3072741175289435,14.96,36.324786324786324,1.0,30.499169735697564,0.7849573508121167,2.0000000000000018,1.0055148897533537,0.0,2.5890588235299696,0.0,14.96,13.750000000000002,4.150980392156863,100.0
extreme,59,request_observed,0.82,StaticReserve,51.87500000000001,58.54166666666667,7.515263984226805,14.96,14.96,17.793594306049823,1.0,21.70927773570425,0.844289448298609,43.667346652217255,0.7211601202851159,21.25,5.720000000000001,20.0,14.96,100.0,8.930255864986403,35.625
extreme,59,request_observed,0.82,JointHeuristic,52.083333333333336,76.45833333333333,6.057863317325606,14.96,19.68368428866016,37.32970027247956,0.8426682692307693,30.250458358338072,0.7763668684871801,5.758760850234173,0.9991965078267577,0.0,5.720000000000001,63.125,14.989562816269764,58.75,8.8,34.375
extreme,59,request_observed,0.82,Persistence-JCSO,11.666666666666666,92.5,4.446733242370743,14.96,19.537088404649634,4.504504504504505,0.9850961538461538,38.62021073379671,0.6994229926181059,43.327896259876916,1.27821478099169,0.0,2.434615384615385,0.0,14.96,35.0,3.422033898305085,0.0
extreme,59,request_observed,0.82,MovingAverage-JCSO,11.666666666666666,92.5,4.437757609305227,14.96,19.566132364725533,4.504504504504505,1.0,38.79319182629373,0.6977359851967121,44.74923006769717,1.2835081928776257,0.0,2.434615384615385,0.0,14.96,35.0,3.422033898305085,0.0
extreme,59,request_observed,0.82,QuantileMLP-JCSO,11.666666666666666,92.5,4.43249181405796,14.96,19.928998015718154,4.504504504504505,1.0,40.319090891861286,0.6843796572943102,50.4829321295952,1.333926777622375,0.0,2.413061654996084,0.0,14.96,35.0,3.422033898305085,0.0
extreme,59,request_observed,0.82,GAN-JCSO,11.666666666666666,92.5,4.411370283914986,14.96,19.928295284620326,4.504504504504505,0.9962740384615385,42.29428266291066,0.6711073250592221,58.62137305067052,1.3964440043702187,0.0,1.93061538461539,0.0,14.96,35.0,3.422033898305085,0.0
extreme,59,request_observed,0.82,Diffusion-JCSO,11.666666666666666,92.5,4.4394436245904805,14.96,19.937936696810358,4.504504504504505,0.9962740384615385,40.01166230664589,0.6871955594676671,49.61322313767137,1.3222833628067996,0.0,2.414173929338628,0.0,14.96,35.0,3.422033898305085,0.0
extreme,59,proactive,1.0,Independent,68.75,86.875,4.820418846867488,8.8,14.96,64.02877697841727,0.8572115384615385,25.38955291772313,0.8234579400596758,8.114963205455139,1.019998101843942,43.75,5.720000000000001,98.125,14.96,10.0,8.8,98.125
extreme,59,proactive,1.0,StaticReserve,51.87500000000001,58.54166666666667,7.515263984226805,14.96,14.96,17.793594306049823,1.0,17.801607743277486,0.8723173476048593,43.667346652217255,0.7211601202851159,21.25,5.720000000000001,20.0,14.96,100.0,8.930255864986403,35.625
extreme,59,proactive,1.0,JointHeuristic,75.41666666666667,62.708333333333336,7.137706568316811,14.96,18.666378405079204,60.797342192691026,0.7134615384615385,26.343887344007257,0.8095410691316655,13.715871663020742,1.0598022251128714,32.916666666666664,5.89718361817706,96.25,15.31818718766578,57.49999999999999,9.921817630777,72.5
extreme,59,proactive,1.0,Persistence-JCSO,33.958333333333336,85.83333333333333,4.733455685875199,14.96,14.96,23.058252427184467,0.8995192307692307,31.087247686037312,0.7673040559875217,35.36298841906626,1.2519933762624265,8.125,5.720000000000001,30.625000000000004,14.96,31.25,8.8,40.0
extreme,59,proactive,1.0,MovingAverage-JCSO,15.416666666666668,93.54166666666667,3.991138854479137,10.198872744276924,14.96,9.57683741648107,0.9861778846153847,32.36083815676968,0.7573513003851868,41.78835454901118,1.3030642258305736,5.416666666666667,3.3760212257289854,11.25,14.96,20.625,5.5288888898638575,14.374999999999998
extreme,59,proactive,1.0,QuantileMLP-JCSO,10.208333333333334,95.625,3.766594774567637,9.22655931363052,14.96,6.1002178649237475,0.9962740384615385,33.51033093433834,0.7467827850022204,46.624317954753856,1.3495023863311824,2.9166666666666665,2.7825094156888732,6.25,14.96,19.375,3.9915530879011647,5.0
extreme,59,proactive,1.0,GAN-JCSO,10.416666666666668,95.625,3.7429040362578596,9.228576211878254,14.96,6.318082788671024,0.9813701923076923,35.51500311925741,0.7353648281918875,54.95481535532904,1.4268091141840127,2.7083333333333335,2.5121257942915474,4.375,14.96,19.375,4.160633930477646,7.5
extreme,59,proactive,1.0,Diffusion-JCSO,11.25,95.41666666666667,3.798740113237204,9.221447110630884,14.96,6.986899563318777,0.9850961538461538,33.33227594541971,0.7481088551316682,46.005103742681754,1.3408530366222364,3.5416666666666665,2.7842930867544426,6.875000000000001,14.96,19.375,4.273291472340131,7.5
extreme,59,proactive,0.92,Independent,70.625,86.45833333333334,4.943222336250403,8.8,14.96,66.02409638554217,0.952403846153846,27.486396231744394,0.8079523870918335,8.114963205455139,1.016127149117149,43.75,5.720000000000001,98.125,14.96,14.374999999999998,8.8,99.375
extreme,59,proactive,0.92,StaticReserve,51.87500000000001,58.54166666666667,7.515263984226805,14.96,14.96,17.793594306049823,1.0,19.34957363399727,0.8612145082661515,43.667346652217255,0.7211601202851159,21.25,5.720000000000001,20.0,14.96,100.0,8.930255864986403,35.625
extreme,59,proactive,0.92,JointHeuristic,76.04166666666666,65.20833333333333,7.055576298129654,14.96,17.885446256513394,63.25878594249201,0.7823317307692308,28.16790091788729,0.7946719316853215,13.328584045173942,1.0430827249384653,34.583333333333336,5.720000000000001,96.25,15.584362753891314,59.375,8.901143473198195,72.5
extreme,59,proactive,0.92,Persistence-JCSO,26.041666666666668,89.16666666666667,4.577093173249548,14.96,16.28830019375024,17.056074766355138,0.9524038461538462,33.24712106725053,0.7472827185378603,35.62047276909675,1.2329153173712517,8.541666666666666,5.720000000000001,20.0,14.96,28.125,8.8,30.0
extreme,59,proactive,0.92,MovingAverage-JCSO,15.208333333333332,93.125,4.177196454981886,14.96,17.257367288993613,8.94854586129754,0.9962740384615385,34.75596413364428,0.734919016533737,42.678856858599616,1.2887324565723373,5.416666666666667,3.1882877162371996,8.75,14.96,25.0,4.87916091878352,11.875
extreme,59,proactive,0.92,QuantileMLP-JCSO,12.291666666666666,93.95833333333333,4.068611681311266,14.96,17.280197087916797,6.651884700665188,1.0,36.05240269686572,0.7233187982725686,47.62685533381801,1.3368862304584688,2.9166666666666665,2.7825094156888732,6.25,14.96,25.624999999999996,3.9915530879011647,5.0
extreme,59,proactive,0.92,GAN-JCSO,12.5,93.95833333333333,4.047598499552253,14.96,17.281002077064915,6.873614190687362,0.9888221153846153,38.140480682550326,0.7111760248044208,55.97140032617065,1.4110215219246032,2.7083333333333335,2.5121257942915474,4.375,14.96,25.624999999999996,4.160633930477646,7.5
extreme,59,proactive,0.92,Diffusion-JCSO,13.333333333333334,93.75,4.105417839067195,14.96,16.259918209991977,7.555555555555555,0.9962740384615385,35.851324427048304,0.7251393016292988,47.030386471383416,1.327972036531785,3.5416666666666665,2.7842930867544426,6.875000000000001,14.96,25.624999999999996,4.273291472340131,7.5
extreme,59,proactive,0.82,Independent,73.54166666666667,85.20833333333333,5.190019550356641,12.823601178661322,14.96,68.94865525672371,1.0,30.588012347066538,0.7843531202047717,8.114963205455139,1.0083405815760766,43.75,5.720000000000001,98.125,14.96,22.5,8.8,100.0
extreme,59,proactive,0.82,StaticReserve,51.87500000000001,58.54166666666667,7.515263984226805,14.96,14.96,17.793594306049823,1.0,21.70927773570425,0.844289448298609,43.667346652217255,0.7211601202851159,21.25,5.720000000000001,20.0,14.96,100.0,8.930255864986403,35.625
extreme,59,proactive,0.82,JointHeuristic,77.70833333333333,68.95833333333333,6.911266376955077,14.96,18.156314292894677,67.6737160120846,0.8564903846153846,30.83872233755628,0.7718029925400934,12.78907274105839,1.018704133875076,36.25,5.720000000000001,96.25,14.96,64.375,8.8,72.5
extreme,59,proactive,0.82,Persistence-JCSO,23.125,89.58333333333334,4.764848188223584,14.96,19.488937184672906,14.186046511627906,0.9776442307692308,36.69198901466072,0.7152777621681482,36.589526919788966,1.2141452804830368,8.541666666666666,3.188368770768839,13.750000000000002,14.96,35.0,8.8,20.625
extreme,59,proactive,0.82,MovingAverage-JCSO,18.541666666666668,90.41666666666667,4.645390604942251,14.96,19.92799256331305,9.90783410138249,0.9962740384615385,38.43783561283324,0.700344689134871,44.02008729804748,1.2718717079203088,5.416666666666667,3.1882877162371996,8.75,14.96,35.0,4.87916091878352,11.875
extreme,59,proactive,0.82,QuantileMLP-JCSO,15.416666666666668,91.25,4.537743315911543,14.96,19.928998015718154,7.30593607305936,1.0,39.92430561627163,0.68701251573072,48.978187257974625,1.3210773947837233,2.9166666666666665,2.7825094156888905,6.25,14.96,35.0,3.9915530879011647,5.0
extreme,59,proactive,0.82,GAN-JCSO,15.625,91.25,4.526155378578081,14.96,19.928295284620326,7.534246575342466,1.0,41.99736854097534,0.6745695005347117,57.347980686366206,1.386825386874146,2.7083333333333335,2.5121257942915474,4.375,14.96,35.0,4.160633930477646,7.5
extreme,59,proactive,0.82,Diffusion-JCSO,16.458333333333332,91.04166666666667,4.574329812148369,14.96,19.93748826679018,8.237986270022883,0.9962740384615385,39.68436778863177,0.6893126992612283,48.38612732348272,1.3116703639740301,3.5416666666666665,2.7842930867544453,6.875000000000001,14.96,35.0,4.273291472340131,7.5
extreme,73,request_observed,1.0,Independent,33.33333333333333,100.0,3.1778082033739112,4.150980392156863,4.150980392156863,33.33333333333333,0.8874999999999998,26.167100699847456,0.8188820100407602,2.0000000000000013,1.0194141492603594,0.0,2.64205294117647,16.25,2.994927376418713,0.0,4.150980392156863,83.75
extreme,73,request_observed,1.0,StaticReserve,55.41666666666667,55.00000000000001,7.952002764704537,14.96,18.13620952785908,18.939393939393938,1.0,18.22699355177129,0.8746736320367969,43.98104592437908,0.7166063412994604,20.833333333333336,7.981346734502177,25.0,14.96,100.0,8.946887538889044,41.25
extreme,73,request_observed,1.0,JointHeuristic,45.83333333333333,76.875,5.525207011675695,14.96,17.054195916726997,29.539295392953928,0.748798076923077,26.493916221455972,0.8113302099120736,4.9495324702736685,1.0328925871122436,0.0,5.720000000000001,63.125,14.96,40.625,8.8,33.75
extreme,73,request_observed,1.0,Persistence-JCSO,4.791666666666667,98.125,3.3895932983277874,5.38962122969185,14.96,2.9723991507431,0.9725961538461538,33.71141970190593,0.7509109296743673,39.67370968741575,1.3158160399544674,0.0,2.4346153846153973,1.25,11.401691334926035,11.875,3.4267536440699806,1.25
extreme,73,request_observed,1.0,MovingAverage-JCSO,3.75,98.75,3.3376531893899055,5.0235536558808445,14.96,2.5316455696202533,0.9813701923076923,34.21243240908889,0.7487576818645862,41.285542678244376,1.334012917589269,0.0,2.434615384615385,0.0,10.570808604080392,11.25,3.422033898305085,0.0
extreme,73,request_observed,1.0,QuantileMLP-JCSO,3.75,98.75,3.3345471894110066,5.820975598241724,14.96,2.5316455696202533,1.0,35.82837501173131,0.7341780831264269,50.14782841171235,1.3975688764674505,0.0,1.9306153846153846,0.0,10.547771772736807,11.25,3.422033898305085,0.0
extreme,73,request_observed,1.0,GAN-JCSO,6.875000000000001,96.875,3.5031977584664538,6.869442053483263,14.96,3.870967741935484,0.9736778846153846,34.4144413069903,0.7466894866396268,42.8760348955951,1.3418534128647284,0.0,2.4328431847319485,3.75,14.96,13.750000000000002,3.422033898305085,3.125
extreme,73,request_observed,1.0,Diffusion-JCSO,3.75,98.75,3.3150209648189675,5.018309176942148,14.96,2.5316455696202533,0.9850961538461538,35.495740695630325,0.7391248933472625,49.15169617884811,1.3849681048075544,0.0,2.4064720487475517,0.0,10.546153428738739,11.25,3.422033898305085,0.0
extreme,73,request_observed,0.92,Independent,33.33333333333333,100.0,3.2215152033118413,4.150980392156863,4.150980392156863,33.33333333333333,0.9783653846153847,28.4040431627563,0.8028295393532379,2.0000000000000013,1.0181115843570083,0.0,2.5908919233769696,3.125,3.468752491750516,0.0,4.150980392156863,96.875
extreme,73,request_observed,0.92,StaticReserve,55.41666666666667,55.00000000000001,7.952002764704537,14.96,18.13620952785908,18.939393939393938,1.0,19.81194951279488,0.8637756869965185,43.98104592437908,0.7166063412994604,20.833333333333336,7.981346734502177,25.0,14.96,100.0,8.946887538889044,41.25
extreme,73,request_observed,0.92,JointHeuristic,45.625,79.16666666666666,5.453607871149675,14.96,16.15190386162137,31.31578947368421,0.7939903846153846,28.380751724351068,0.795817267802321,4.761394851885862,1.0184776414030992,0.0,5.720000000000001,62.5,14.96,41.875,8.8,32.5
extreme,73,request_observed,0.92,Persistence-JCSO,5.208333333333334,97.08333333333333,3.6481191083193067,7.047617071743111,14.96,2.3605150214592276,0.9776442307692307,36.19028348942162,0.7279444651310388,40.74401720802024,1.3007644554259656,0.0,2.434615384615385,0.0,14.96,15.625,3.422033898305085,0.0
extreme,73,request_observed,0.92,MovingAverage-JCSO,5.625,96.875,3.6826018462100354,7.495598349541145,14.96,2.5806451612903225,0.9813701923076923,36.71291120089225,0.7254913968696102,42.48941016386438,1.3182509864485696,0.0,2.434615384615385,0.0,14.96,16.875,3.422033898305085,0.0
extreme,73,request_observed,0.92,QuantileMLP-JCSO,5.833333333333333,96.66666666666667,3.7051058161659256,8.827681747251695,14.96,2.586206896551724,1.0,38.525846829453684,0.7089381039348612,51.48644367668321,1.3838759934139113,0.0,1.9306153846153846,0.0,14.96,17.5,3.422033898305085,0.0
extreme,73,request_observed,0.92,GAN-JCSO,5.625,97.08333333333333,3.6642450963633784,7.492170769731986,14.96,2.7896995708154506,0.9888221153846153,36.93827022075822,0.723438444914565,43.93541754368019,1.3262374566342117,0.0,2.414589007753521,0.0,14.96,16.875,3.422033898305085,0.0
extreme,73,request_observed,0.92,Diffusion-JCSO,5.625,96.875,3.6615159587515276,7.527437438081609,14.96,2.5806451612903225,0.9850961538461538,38.1228918037198,0.7150696253095636,50.46308581537603,1.3697032026261098,0.0,2.4064720487475517,0.0,14.96,16.875,3.422033898305085,0.0
extreme,73,request_observed,0.82,Independent,37.916666666666664,99.16666666666667,3.427290120490058,4.150980392156863,8.119245856356487,37.39495798319328,1.0,31.6871724187343,0.778590555096156,2.0000000000000013,1.012654132752163,0.0,2.631622547366672,8.125,6.833657667028394,5.625,4.150980392156863,100.0
extreme,73,request_observed,0.82,StaticReserve,55.41666666666667,55.00000000000001,7.952002764704537,14.96,18.13620952785908,18.939393939393938,1.0,22.22804091679426,0.8471629658985329,43.98104592437908,0.7166063412994604,20.833333333333336,7.981346734502177,25.0,14.96,100.0,8.946887538889044,41.25
extreme,73,request_observed,0.82,JointHeuristic,39.375,84.79166666666667,5.246353312739395,14.96,15.16626526994331,28.501228501228503,0.8995192307692308,31.079325192343454,0.7731258614353146,4.257285107267145,0.994937235822736,0.0,5.720000000000001,50.0,14.96,45.625,8.8,22.5
extreme,73,request_observed,0.82,Persistence-JCSO,11.666666666666666,93.33333333333333,4.2999169199934135,14.96,15.102372822216044,5.357142857142857,0.9776442307692307,40.02435757257709,0.6921150194418432,42.804512466040855,1.283783306119073,0.0,2.434615384615385,0.0,14.96,35.0,3.422033898305085,0.0
extreme,73,request_observed,0.82,MovingAverage-JCSO,11.666666666666666,93.33333333333333,4.2946303944635105,14.96,15.105421176438593,5.357142857142857,0.9850961538461538,40.53710075431717,0.6893876967031203,44.50168095246534,1.2991146517816123,0.0,2.434615384615385,0.0,14.96,35.0,3.422033898305085,0.0
extreme,73,request_observed,0.82,QuantileMLP-JCSO,11.666666666666666,93.33333333333333,4.286760225538031,14.96,15.100290795035718,5.357142857142857,1.0,42.574745582059926,0.6696688837516012,53.50794828428852,1.3650101349601635,0.0,1.9306153846153846,0.0,14.96,35.0,3.422033898305085,0.0
extreme,73,request_observed,0.82,GAN-JCSO,11.666666666666666,93.33333333333333,4.304037526213425,14.96,15.10235906834206,5.357142857142857,0.992548076923077,40.86130304248414,0.6864220826841461,45.99011001146956,1.309392004220107,0.0,2.414589007753521,0.0,14.96,35.0,3.422033898305085,0.0
extreme,73,request_observed,0.82,Diffusion-JCSO,11.666666666666666,93.33333333333333,4.27619042086854,14.96,15.099972420333197,5.357142857142857,0.992548076923077,42.150430550330064,0.677206384673253,52.60715792332187,1.3517286766995842,0.0,2.4064720487475517,0.0,14.96,35.0,3.422033898305085,0.0
extreme,73,proactive,1.0,Independent,67.70833333333334,87.70833333333333,4.803731335075368,8.8,14.96,63.18289786223278,0.8874999999999998,26.278304523563957,0.8185678678362575,8.264386128535994,1.0235745020572158,43.75,5.720000000000001,95.0,14.96,10.0,8.8,98.125
extreme,73,proactive,1.0,StaticReserve,55.41666666666667,55.00000000000001,7.952002764704537,14.96,18.13620952785908,18.939393939393938,1.0,18.22699355177129,0.8746736320367969,43.98104592437908,0.7166063412994604,20.833333333333336,7.981346734502177,25.0,14.96,100.0,8.946887538889044,41.25
extreme,73,proactive,1.0,JointHeuristic,71.45833333333333,70.0,6.422876426401354,14.96,15.889087174664567,59.226190476190474,0.7626201923076923,27.09340484393553,0.8072067777338742,12.095013879500039,1.0562107610828086,36.25,5.940611698962617,86.25,14.96,46.25,8.840865845029436,81.875
extreme,73,proactive,1.0,Persistence-JCSO,20.625,92.29166666666667,4.015613636562908,8.8,14.96,13.99548532731377,0.9399038461538461,32.152332743638105,0.763883000510538,33.61359173897118,1.2547218665511166,9.166666666666666,5.720000000000001,15.625,14.96,15.625,8.8,30.625000000000004
extreme,73,proactive,1.0,MovingAverage-JCSO,11.875,96.25,3.579416960641002,7.370896362609295,14.96,8.441558441558442,0.9725961538461538,33.85646409393199,0.7513090735657765,40.524645104501765,1.3203862770158954,4.791666666666667,2.756472729439672,6.875000000000001,11.401691334926232,11.875,5.20027271622669,16.875
extreme,73,proactive,1.0,QuantileMLP-JCSO,9.166666666666666,97.08333333333333,3.4951429870631214,6.398918695007698,14.96,6.437768240343347,1.0,35.40810615880326,0.7372747867413973,48.74843093141683,1.3815285502371233,3.5416666666666665,2.6342755309896675,5.625,10.546904517972536,11.25,4.921734390472683,10.625
extreme,73,proactive,1.0,GAN-JCSO,15.208333333333332,94.375,3.765270332224621,8.8,14.96,10.154525386313466,0.9723557692307694,33.84890855480802,0.7511509422087699,40.95339189114667,1.3201440519842516,5.625,3.38029655533694,10.625,14.96,15.625,8.8,19.375
extreme,73,proactive,1.0,Diffusion-JCSO,10.208333333333334,96.875,3.490874866091177,6.542546004877362,14.96,7.311827956989248,0.9813701923076923,35.053333736852395,0.7423828645003688,47.73160735625593,1.3680095970397723,4.375,2.645062792565565,5.625,10.544914030744005,11.25,5.019082547302867,13.750000000000002
extreme,73,proactive,0.92,Independent,68.33333333333333,87.70833333333333,4.8185037371823265,8.8,14.96,63.895486935866984,0.9783653846153847,28.524916884187277,0.8024880804353002,8.264386128535994,1.0222719371538642,43.75,5.720000000000001,95.0,14.96,10.0,8.8,100.0
extreme,73,proactive,0.92,StaticReserve,55.41666666666667,55.00000000000001,7.952002764704537,14.96,18.13620952785908,18.939393939393938,1.0,19.81194951279488,0.8637756869965185,43.98104592437908,0.7166063412994604,20.833333333333336,7.981346734502177,25.0,14.96,100.0,8.946887538889044,41.25
extreme,73,proactive,0.92,JointHeuristic,72.29166666666667,71.66666666666667,6.412726299603731,14.96,14.96,61.337209302325576,0.8064903846153847,29.027596237699864,0.791622651236479,12.016193701323708,1.041657293223986,37.083333333333336,5.720000000000001,86.25,14.96,48.75,8.8,81.875
extreme,73,proactive,0.92,Persistence-JCSO,17.083333333333332,93.54166666666667,4.0571435081593314,8.8,14.96,11.358574610244988,0.9651442307692306,34.47336175054112,0.7424380744848804,34.36057743999305,1.238804951072722,9.166666666666666,3.177109367954086,9.375,14.96,16.875,8.8,25.0
extreme,73,proactive,0.92,MovingAverage-JCSO,12.708333333333332,95.0,3.866272552735675,8.8,14.96,8.114035087719298,0.9776442307692307,36.32124000259827,0.728419262311489,41.66617922209477,1.3044205940315998,4.791666666666667,2.645510654764997,5.625,14.96,16.875,5.018133129216687,15.625
extreme,73,proactive,0.92,QuantileMLP-JCSO,11.25,95.0,3.865163065238492,8.833114940347457,14.96,6.578947368421052,1.0,38.07937782377323,0.7123287851484186,50.06936229356438,1.3681806345763845,3.5416666666666665,2.6342755309896675,5.625,14.96,17.5,4.921734390472683,10.625
extreme,73,proactive,0.92,GAN-JCSO,13.125,94.79166666666666,3.9162942947180093,9.130287921763978,14.96,8.35164835164835,0.992548076923077,36.347631057743804,0.7281622461694974,42.009095427971495,1.3053787538290615,5.625,2.6450169498795777,5.625,14.96,17.5,5.025655754712321,16.25
extreme,73,proactive,0.92,Diffusion-JCSO,12.083333333333334,95.0,3.8369692531335935,8.80329967704933,14.96,7.456140350877193,0.9813701923076923,37.656312078070464,0.7186053323459587,49.028017881547726,1.3532307089247642,4.375,2.645062792565565,5.625,14.96,16.875,5.019082547302867,13.750000000000002
extreme,73,proactive,0.82,Independent,69.16666666666667,87.5,4.897436485610386,8.8,14.96,64.76190476190476,1.0,31.822786837900765,0.7782074548467623,8.264386128535994,1.0168144855490193,43.75,5.720000000000001,95.0,14.96,12.5,8.8,100.0
extreme,73,proactive,0.82,StaticReserve,55.41666666666667,55.00000000000001,7.952002764704537,14.96,18.13620952785908,18.939393939393938,1.0,22.22804091679426,0.8471629658985329,43.98104592437908,0.7166063412994604,20.833333333333336,7.981346734502177,25.0,14.96,100.0,8.946887538889044,41.25
extreme,73,proactive,0.82,JointHeuristic,70.83333333333334,76.875,6.192417146693891,14.96,15.220192991157468,62.05962059620597,0.8995192307692308,31.821030254914113,0.7678761021105038,11.849618116657725,1.0186955413681291,39.791666666666664,5.720000000000001,81.875,14.96,48.75,8.8,81.875
extreme,73,proactive,0.82,Persistence-JCSO,22.291666666666668,90.83333333333333,4.601406379600272,14.96,15.20017157050057,14.449541284403669,0.9701923076923077,38.082208191844394,0.708858602571165,36.199720347948166,1.22124217196584,9.166666666666666,3.170570481175674,8.125,14.96,35.0,8.8,23.75
extreme,73,proactive,0.82,MovingAverage-JCSO,18.75,91.45833333333333,4.473425020406319,14.96,15.102372822216044,11.161731207289293,0.9813701923076923,40.09850067211534,0.6928873717025175,43.60991987216584,1.2852675732003522,4.791666666666667,2.645510654764997,5.625,14.96,35.0,5.018133129216687,15.625
extreme,73,proactive,0.82,QuantileMLP-JCSO,17.083333333333332,91.66666666666666,4.440205713957732,14.96,15.100290795035718,9.545454545454547,1.0,42.104893213716096,0.6735982756244713,52.00235511542849,1.350228075503095,3.5416666666666665,2.6342755309896675,5.625,14.96,35.0,4.921734390472683,10.625
extreme,73,proactive,0.82,GAN-JCSO,19.166666666666668,91.25,4.5225122333097625,14.96,15.10235906834206,11.415525114155251,0.992548076923077,40.21831876526994,0.6917254366511918,43.94421897127864,1.2890529768963608,5.625,2.6450169498795777,5.625,14.96,35.625,5.025655754712321,16.25
extreme,73,proactive,0.82,Diffusion-JCSO,18.125,91.45833333333333,4.4459713472307,14.96,15.099972420333197,10.478359908883828,0.9888221153846153,41.64733939030832,0.6814761761837176,51.08737979460148,1.3357961704078614,4.375,2.645062792565565,5.625,14.96,35.0,5.019082547302867,13.750000000000002
extreme,89,request_observed,1.0,Independent,40.416666666666664,96.66666666666667,3.939904686468621,5.752272301956264,14.96,38.362068965517246,0.891826923076923,29.142907371674358,0.8062348279279835,2.000000000000002,0.9864465774164004,0.0,2.962466039680572,24.375,14.96,12.5,4.150980392156863,84.375
extreme,89,request_observed,1.0,StaticReserve,50.208333333333336,67.5,7.586554068539546,14.96,48.03554879093641,26.234567901234566,1.0,31.82239081582056,0.7660490624178614,23.950538827856175,1.0809933609653284,42.291666666666664,12.24191964530567,55.625,24.466665423418394,61.875,8.8,33.125
extreme,89,request_observed,1.0,JointHeuristic,56.666666666666664,65.0,7.229199804864893,14.96,22.277694272133967,33.33333333333333,0.7342548076923078,29.366438094011,0.7904785735549683,8.593360465433106,0.9964907473206486,0.0,6.731064601169743,58.75,19.021698890805915,71.25,10.640333476760617,40.0
extreme,89,request_observed,1.0,Persistence-JCSO,21.041666666666668,89.16666666666667,4.9143904588552125,14.96,17.38375803735083,11.448598130841122,0.9385817307692307,36.49390404211469,0.7231635642672717,45.99889268382006,1.2414576070536165,0.0,5.720000000000001,11.875,14.96,41.875,5.348411753215216,9.375
extreme,89,request_observed,1.0,MovingAverage-JCSO,15.416666666666668,92.5,4.658315870896948,14.96,17.79625769476715,8.558558558558559,0.9912259615384615,37.04377307748537,0.7224129209729048,49.0609303583804,1.2590969116981863,0.0,2.4456118200349075,5.0,14.96,40.0,3.4302333301858368,1.25
extreme,89,request_observed,1.0,QuantileMLP-JCSO,14.166666666666666,93.33333333333333,4.529219947242395,14.96,17.786249776891292,8.035714285714286,0.9850961538461538,38.264856440247186,0.7103024360173116,53.75177488206569,1.3011289943014241,0.0,2.434615384615385,3.75,14.96,38.75,3.422033898305085,0.0
extreme,89,request_observed,1.0,GAN-JCSO,13.750000000000002,93.125,4.501761481951504,14.96,17.692617314476237,7.38255033557047,1.0,45.68432201973149,0.640619265892503,101.88335236651506,1.5489833148046896,0.0,1.9306153846153868,3.75,14.96,37.5,3.387466024858388,0.0
extreme,89,request_observed,1.0,Diffusion-JCSO,14.374999999999998,93.125,4.57614618543775,14.96,17.78557810198178,8.053691275167784,0.9962740384615385,38.51958336478695,0.7103951161379595,57.32229326550679,1.3088344389981312,0.0,2.411251480757938,3.75,14.96,39.375,3.422033898305085,0.0
extreme,89,request_observed,0.92,Independent,42.291666666666664,96.45833333333333,4.0512145505531345,6.131463390319352,15.06225716515585,40.17278617710583,0.9653846153846153,31.43341651172113,0.7892298261136315,2.000000000000002,0.9792553387673275,0.0,3.1213387574623668,19.375,14.96,12.5,4.150980392156863,95.0
extreme,89,request_observed,0.92,StaticReserve,50.208333333333336,67.5,7.586554068539546,14.96,48.03554879093641,26.234567901234566,1.0,34.58955523458755,0.74570550262811,23.950538827856175,1.0809933609653284,42.291666666666664,12.24191964530567,55.625,24.466665423418394,61.875,8.8,33.125
extreme,89,request_observed,0.92,JointHeuristic,58.333333333333336,65.83333333333333,7.492543572912838,14.96,27.435031023831442,36.708860759493675,0.7746394230769231,31.27212921895728,0.7720819676421635,8.898530975285162,0.9772652070426681,0.0,6.0428327020643575,56.25,21.917182397700635,81.25,9.10494761956859,37.5
extreme,89,request_observed,0.92,Persistence-JCSO,18.75,89.16666666666667,5.2510381958872205,14.96,24.477799237330018,8.878504672897195,0.9739182692307692,39.02828710459053,0.6972822750271952,47.59503587083665,1.2228871439269002,0.0,2.43461538461539,3.75,18.24646857559893,52.5,3.422033898305085,0.0
extreme,89,request_observed,0.92,MovingAverage-JCSO,18.75,88.54166666666666,5.339393862014859,14.96,27.73554564026776,8.235294117647058,0.9962740384615385,39.67968820723505,0.6951413643610707,50.84752318664675,1.2424035504866462,0.0,2.43461538461539,3.75,21.715545203259705,52.5,3.422033898305085,0.0
extreme,89,request_observed,0.92,QuantileMLP-JCSO,18.75,88.75,5.2810458009729135,14.96,24.476448023356348,8.450704225352112,0.9888221153846153,40.96766772806545,0.683287608242539,55.680433692816024,1.2831172368430257,0.0,2.434615384615385,3.75,21.184653204523876,52.5,3.422033898305085,0.0
extreme,89,request_observed,0.92,GAN-JCSO,18.75,88.54166666666666,5.245842480761486,14.96,27.63936014833502,8.235294117647058,1.0,48.44808357780631,0.6075933007845681,104.45036287444917,1.5136460995885483,0.0,1.9328350128876,3.75,21.628413995673366,52.5,3.387466024858388,0.0
extreme,89,request_observed,0.92,Diffusion-JCSO,18.75,88.54166666666666,5.313986088053244,14.96,27.721033527281815,8.235294117647058,0.9962740384615385,41.27159298974755,0.6825236159176573,59.19707779156935,1.29168366420686,0.0,2.418417517312133,3.75,21.71997578762465,52.5,3.422033898305085,0.0
extreme,89,request_observed,0.82,Independent,46.666666666666664,94.58333333333333,4.543107253746087,14.96,15.274978566227313,43.61233480176212,0.995673076923077,34.63792138961422,0.7633480949525049,2.000000000000002,0.9627132431274575,0.0,3.9338529233320196,16.875,14.96,23.75,4.150980392156863,99.375
extreme,89,request_observed,0.82,StaticReserve,50.208333333333336,67.5,7.586554068539546,14.96,48.03554879093641,26.234567901234566,1.0,38.80779367782994,0.7146939785583674,23.950538827856175,1.0809933609653284,42.291666666666664,12.24191964530567,55.625,24.466665423418394,61.875,8.8,33.125
extreme,89,request_observed,0.82,JointHeuristic,53.541666666666664,70.20833333333333,7.392697483532234,14.96,41.533802702143674,33.82789317507419,0.855408653846154,33.90131879802256,0.7469258177468234,7.990589457901686,0.945380624881582,0.0,5.720000000000001,50.0,26.840354826576494,81.25,8.8,29.375
extreme,89,request_observed,0.82,Persistence-JCSO,21.875,83.75,6.026561298055638,14.96,39.91566079248684,6.7164179104477615,0.9739182692307692,42.84136824546525,0.660243581717336,48.66730407724166,1.1980013366526077,0.0,2.4346169280989907,4.375,24.29763278744415,61.25000000000001,3.422033898305085,0.0
extreme,89,request_observed,0.82,MovingAverage-JCSO,22.083333333333332,83.75,6.03193556369805,14.96,39.89813425096043,6.965174129353234,1.0,43.51815129548065,0.6569231308575842,52.03170888397923,1.2163300621244908,0.0,2.4346155983673876,4.375,24.25182129368119,61.875,3.422033898305085,0.0
extreme,89,request_observed,0.82,QuantileMLP-JCSO,22.083333333333332,83.75,6.003788863070046,14.96,39.89775657433359,6.965174129353234,0.992548076923077,44.90323628153013,0.6447523105278814,56.82835732359444,1.255286115376309,0.0,2.4346155983673876,4.375,24.27083150557558,61.875,3.422033898305085,0.0
extreme,89,request_observed,0.82,GAN-JCSO,22.083333333333332,83.75,5.944901747635076,14.96,39.83886384180459,6.965174129353234,1.0,52.00604965460901,0.5660948284742916,106.07092190384867,1.4507336929823873,0.0,2.1022761633679115,4.375,24.208848270834018,61.875,3.387466024858388,0.0
extreme,89,request_observed,0.82,Diffusion-JCSO,21.875,83.75,6.0047777095638795,14.96,39.89762429592735,6.7164179104477615,0.9962740384615385,45.26634656155512,0.6430271392718184,60.36435556797608,1.2644916893950575,0.0,2.418417731177298,4.375,24.270007080031426,61.25000000000001,3.422033898305085,0.0
extreme,89,proactive,1.0,Independent,72.91666666666666,82.91666666666667,5.503396573177579,14.96,14.96,67.33668341708542,0.891826923076923,29.27674724292143,0.805609267776364,8.640983494197856,0.9908953365802532,44.166666666666664,5.792750236143308,100.0,14.96,19.375,8.8,99.375
extreme,89,proactive,1.0,StaticReserve,50.208333333333336,67.5,7.586554068539546,14.96,48.03554879093641,26.234567901234566,1.0,31.82239081582056,0.7660490624178614,23.950538827856175,1.0809933609653284,42.291666666666664,12.24191964530567,55.625,24.466665423418394,61.875,8.8,33.125
extreme,89,proactive,1.0,JointHeuristic,86.25,56.875,8.159079413866946,14.96,26.834731916224417,75.82417582417582,0.7393028846153846,30.023462205656447,0.785707846685403,15.66904528982716,1.0188460459917525,30.0,7.655442072852508,97.5,18.935380316358227,73.125,10.237084229024216,88.125
extreme,89,proactive,1.0,Persistence-JCSO,45.83333333333333,80.41666666666667,5.8061466233813315,14.96,17.48194681967124,32.64248704663213,0.8957932692307693,34.91049602142403,0.7358376422751622,40.055753974789,1.187382935210124,9.375,5.720000000000001,36.875,14.96,50.625,8.8,50.0
extreme,89,proactive,1.0,MovingAverage-JCSO,28.125,87.70833333333333,5.148926256011223,14.96,18.46927937528043,18.052256532066508,0.9686298076923077,36.72830574682352,0.7238970929834441,48.32065130348154,1.248634919408763,6.25,5.720000000000001,17.5,14.96,44.375,8.8,22.5
extreme,89,proactive,1.0,QuantileMLP-JCSO,20.0,91.04166666666667,4.773651504127404,14.96,18.482880101188176,12.128146453089245,0.9776442307692307,37.76729244444853,0.7136128824508235,51.69223624645908,1.2844513651338256,4.166666666666666,3.4624864749213207,10.0,14.96,40.625,4.94879345118583,9.375
extreme,89,proactive,1.0,GAN-JCSO,17.5,92.08333333333333,4.621868145230004,14.96,17.692617314476237,10.407239819004525,1.0,45.526132751346125,0.6417721559185374,101.2750858457522,1.5434391622328498,2.2916666666666665,2.6145679187575683,5.625,14.96,37.5,4.558530914431158,9.375
extreme,89,proactive,1.0,Diffusion-JCSO,20.625,91.04166666666667,4.828967418110511,14.96,18.46823268913952,12.814645308924485,0.992548076923077,38.146245734584234,0.7126759007420109,56.107878630920034,1.2963057336064,4.166666666666666,3.2719136922170997,8.75,14.96,41.25,4.95046345715875,11.875
extreme,89,proactive,0.92,Independent,72.91666666666666,82.70833333333333,5.576814409332232,14.96,15.145747040662473,67.2544080604534,0.9653846153846153,31.571866896509924,0.7885498694270887,8.640983494197856,0.9834966826461529,44.166666666666664,5.792750236143308,100.0,14.96,19.375,8.8,99.375
extreme,89,proactive,0.92,StaticReserve,50.208333333333336,67.5,7.586554068539546,14.96,48.03554879093641,26.234567901234566,1.0,34.58955523458755,0.74570550262811,23.950538827856175,1.0809933609653284,42.291666666666664,12.24191964530567,55.625,24.466665423418394,61.875,8.8,33.125
extreme,89,proactive,0.92,JointHeuristic,88.75,56.458333333333336,8.444760127546564,14.96,30.57103857684061,80.07380073800738,0.7746394230769231,32.00699036473452,0.7668282300563788,15.98005174761105,1.0002981767164614,30.416666666666664,6.63812799042553,97.5,19.273134539222067,81.25,8.948954305371316,87.5
extreme,89,proactive,0.92,Persistence-JCSO,40.416666666666664,82.29166666666666,5.9394505848248915,14.96,24.592229867011316,27.59493670886076,0.9462740384615385,37.247804817486724,0.7119250216362362,41.073198276246764,1.16684029886534,9.583333333333334,5.720000000000001,24.375,18.320403943486507,55.625,8.8,41.25
extreme,89,proactive,0.92,MovingAverage-JCSO,27.708333333333336,85.83333333333333,5.618669299990019,14.96,26.830617278400297,15.776699029126215,0.9888221153846153,39.298224957418896,0.6975478034474406,49.83266114416234,1.2306470461202232,6.458333333333334,3.8374395343898056,12.5,21.702210449736572,53.75,5.501729681239108,16.875
extreme,89,proactive,0.92,QuantileMLP-JCSO,24.375,86.66666666666667,5.48672596914281,14.96,24.58618681338867,12.740384615384615,0.9813701923076923,40.43355572214132,0.6872093799951047,53.4945453906312,1.266574643328273,4.166666666666666,3.8308662680001837,10.0,21.186428149897473,53.75,4.94879345118583,9.375
extreme,89,proactive,0.92,GAN-JCSO,22.5,87.5,5.365958394932848,14.96,27.63936014833502,11.428571428571429,1.0,48.274394128910565,0.6088464613863878,103.84194521360862,1.508050453634265,2.2916666666666665,2.692743782949305,5.625,21.628413995673366,52.5,4.558530914431158,9.375
extreme,89,proactive,0.92,Diffusion-JCSO,24.791666666666668,86.66666666666667,5.527571792441279,14.96,27.722398271694935,13.221153846153847,0.992548076923077,40.88174077816012,0.6851390801324493,57.83663628509548,1.2795995488588328,4.166666666666666,3.429741968466077,8.75,21.701988804174874,53.75,4.95046345715875,11.875
extreme,89,proactive,0.82,Independent,76.66666666666667,81.04166666666667,5.958455435057081,14.96,15.492711602670749,71.2082262210797,0.995673076923077,34.783399996265395,0.7625852167188226,8.640983494197856,0.9666953178999984,44.166666666666664,5.973097059822618,100.0,14.96,30.0,8.8,100.0
extreme,89,proactive,0.82,StaticReserve,50.208333333333336,67.5,7.586554068539546,14.96,48.03554879093641,26.234567901234566,1.0,38.80779367782994,0.7146939785583674,23.950538827856175,1.0809933609653284,42.291666666666664,12.24191964530567,55.625,24.466665423418394,61.875,8.8,33.125
extreme,89,proactive,0.82,JointHeuristic,86.66666666666667,61.875,8.252722550580089,14.96,41.12678813476251,78.45117845117845,0.8604567307692308,34.67435070914661,0.7413667083972918,15.251438128273557,0.967026932557981,33.125,5.720000000000001,94.375,27.277654914119925,78.125,8.8,87.5
extreme,89,proactive,0.82,Persistence-JCSO,38.54166666666667,79.79166666666667,6.43711547373817,14.96,39.92442288926332,22.97650130548303,0.9664663461538462,40.839606450379115,0.67703260598946,41.83197835701515,1.1417490393096494,9.791666666666666,5.720000000000001,20.0,27.071659285656597,61.25000000000001,8.8,34.375
extreme,89,proactive,0.82,MovingAverage-JCSO,30.833333333333336,81.45833333333333,6.260913436505979,14.96,39.894368450871006,15.089514066496163,0.992548076923077,43.10392499851417,0.6598671856663749,50.898100263347786,1.2048922447904316,6.458333333333334,5.720000000000001,13.750000000000002,24.25182129368119,61.875,5.501729681239108,16.875
extreme,89,proactive,0.82,QuantileMLP-JCSO,27.291666666666664,82.08333333333333,6.1568484352969906,14.96,39.89775657433359,11.421319796954315,0.9850961538461538,44.32534474011353,0.6493422384412435,54.52253585766548,1.239263720891484,4.166666666666666,5.720000000000001,10.625,24.28658773026672,61.875,4.94879345118583,9.375
extreme,89,proactive,0.82,GAN-JCSO,25.833333333333336,82.70833333333333,6.065026127606918,14.96,39.83886384180459,10.327455919395465,1.0,51.807206222564105,0.5675008772358126,105.46187496165139,1.445033540589814,2.2916666666666665,3.18871247080853,6.25,24.208848270834018,61.875,4.558530914431158,9.375
extreme,89,proactive,0.82,Diffusion-JCSO,27.500000000000004,82.29166666666666,6.159461211263429,14.96,39.89762429592735,11.89873417721519,0.992548076923077,44.85157311029321,0.6463053304693183,58.883938314390655,1.252944203193045,4.166666666666666,4.426107269864256,9.375,24.294861072392894,61.25000000000001,4.95046345715875,11.875
extreme,97,request_observed,1.0,Independent,40.208333333333336,95.0,4.25042872143128,14.96,16.97736863541922,37.06140350877193,0.8485576923076923,26.71381656610945,0.8206874335543652,2.0000000000000013,0.986793922475951,0.0,2.64205294117647,21.875,14.96,20.625,4.150980392156863,78.125
extreme,97,request_observed,1.0,StaticReserve,35.833333333333336,77.29166666666667,6.371509290157121,14.96,36.45988349573955,16.9811320754717,1.0,32.318371940061,0.7705296484247395,32.42554708565915,1.1954940643229055,29.583333333333332,5.720000000000001,30.625000000000004,23.382642874625443,52.5,8.8,24.375
extreme,97,request_observed,1.0,JointHeuristic,53.75,67.08333333333333,7.057681383672303,14.96,29.550331229733537,31.05590062111801,0.7185096153846156,26.737985964430344,0.8064134705463454,8.284775458795947,0.9903294273887626,0.0,5.764573227837586,58.12500000000001,21.44935380394778,66.25,8.825396888459748,36.875
extreme,97,request_observed,1.0,Persistence-JCSO,16.458333333333332,90.20833333333333,4.811875953863472,14.96,20.841205690503134,7.390300230946882,0.9611778846153847,33.81129649428808,0.7420612952090601,46.712325548119104,1.254912838004938,0.0,2.630220932017489,6.25,16.158636068232532,38.125,3.889342717698636,5.0
extreme,97,request_observed,1.0,MovingAverage-JCSO,17.291666666666668,89.58333333333334,4.873337712819425,14.96,20.70161154865983,7.674418604651163,0.9635817307692307,34.18575682056311,0.7401682683147922,49.24037384142798,1.2676975201768412,0.0,2.832151240228084,6.875000000000001,16.19767711087444,38.125,4.380481523736325,6.875000000000001
extreme,97,request_observed,1.0,QuantileMLP-JCSO,11.666666666666666,92.70833333333334,4.56506751282719,14.96,20.719753640026134,4.719101123595506,0.9888221153846153,35.48755710051038,0.7287187365683317,54.85137625993282,1.3164427204027551,0.0,2.2976697624969162,0.0,16.180095645868644,35.0,3.422033898305085,0.0
extreme,97,request_observed,1.0,GAN-JCSO,16.25,90.20833333333333,4.8087065005969505,14.96,20.72543788080035,7.159353348729793,0.9686298076923077,34.45526664898018,0.7373789271521354,49.76546459286758,1.2777756624419416,0.0,2.6231846416173576,5.625,16.19286606215688,38.125,3.8702379807930556,5.0
extreme,97,request_observed,1.0,Diffusion-JCSO,12.916666666666668,92.08333333333333,4.63386487955337,14.96,20.736078256649435,5.429864253393665,0.9837740384615385,34.61054574395933,0.7370359706880315,49.4852102520423,1.28344388514154,0.0,2.4165123022398984,1.875,16.201772908101358,35.625,3.4220734787507068,1.25
extreme,97,request_observed,0.92,Independent,42.291666666666664,94.58333333333333,4.389648081152952,14.96,17.581440769158043,38.986784140969164,0.94375,28.771958005273003,0.8054077206266832,2.0000000000000013,0.9782820249064824,0.0,2.64205294117648,11.25,14.96,23.75,4.150980392156863,91.875
extreme,97,request_observed,0.92,StaticReserve,35.833333333333336,77.29166666666667,6.371509290157121,14.96,36.45988349573955,16.9811320754717,1.0,35.12866515224022,0.7505757048094993,32.42554708565915,1.1954940643229055,29.583333333333332,5.720000000000001,30.625000000000004,23.382642874625443,52.5,8.8,24.375
extreme,97,request_observed,0.92,JointHeuristic,53.75,67.70833333333334,7.154152896874458,14.96,29.759003233556534,31.692307692307693,0.7610576923076924,28.577511285111456,0.7904740570446245,8.225787919919352,0.9745636577486393,0.0,5.988586355198335,56.25,25.185399695622472,69.375,8.8,35.625
extreme,97,request_observed,0.92,Persistence-JCSO,15.208333333333332,90.20833333333333,4.977016818755505,14.96,27.806933281987305,6.0046189376443415,0.9763221153846153,36.30098491285042,0.7184312107921051,47.42009363095803,1.240652763842588,0.0,2.434615384615385,2.5,20.726594399983387,42.5,3.422033898305085,0.625
extreme,97,request_observed,0.92,MovingAverage-JCSO,13.958333333333334,90.83333333333333,4.931483304829885,14.96,27.787091142802822,5.275229357798166,0.9888221153846153,36.644643764189354,0.7165627742103098,49.942867295109586,1.2513528947537211,0.0,2.434615384615385,0.0,20.59836785125367,41.875,3.422033898305085,0.0
extreme,97,request_observed,0.92,QuantileMLP-JCSO,13.958333333333334,90.83333333333333,4.904104209889912,14.96,27.791029213193017,5.275229357798166,0.9888221153846153,38.12345098790731,0.70359665693073,55.81748826607192,1.3022959093895097,0.0,2.2976697624969162,0.0,20.608006028791436,41.875,3.422033898305085,0.0
extreme,97,request_observed,0.92,GAN-JCSO,13.958333333333334,90.83333333333333,4.921630443387608,14.96,27.800031860296468,5.275229357798166,0.9888221153846153,36.95514967555563,0.7135303352075129,50.495787276927956,1.262012092773563,0.0,2.434615384615385,0.0,20.620272385766445,41.875,3.422033898305085,0.0
extreme,97,request_observed,0.92,Diffusion-JCSO,13.958333333333334,90.83333333333333,4.916861003377652,14.96,27.805131911330424,5.275229357798166,0.9888221153846153,37.1892528242595,0.7126389261829082,50.39147244848466,1.269909572519119,0.0,2.366962042675055,0.0,20.62087774679267,41.875,3.422033898305085,0.0
extreme,97,request_observed,0.82,Independent,45.416666666666664,93.95833333333333,4.604948535175371,14.96,18.3226407154162,41.90687361419069,0.995673076923077,31.76464322044558,0.7816398692876831,2.0000000000000013,0.9634956597074547,0.0,2.6347635285601747,6.875000000000001,14.96,30.0,4.150980392156863,99.375
extreme,97,request_observed,0.82,StaticReserve,35.833333333333336,77.29166666666667,6.371509290157121,14.96,36.45988349573955,16.9811320754717,1.0,39.412648707391455,0.7201581078350482,32.42554708565915,1.1954940643229055,29.583333333333332,5.720000000000001,30.625000000000004,23.382642874625443,52.5,8.8,24.375
extreme,97,request_observed,0.82,JointHeuristic,50.625,72.91666666666666,6.895328817403173,14.96,35.22799257552307,32.285714285714285,0.8540865384615385,31.05714295748167,0.7678529179719706,7.216996664332756,0.9449629746924,0.0,5.720000000000001,51.87500000000001,22.226688898591245,68.125,8.8,31.874999999999996
extreme,97,request_observed,0.82,Persistence-JCSO,17.083333333333332,87.08333333333333,5.469440165000756,14.96,32.607922551541094,4.784688995215311,0.9813701923076923,40.10196814172513,0.6829332637986028,48.34702436486869,1.2229268306653238,0.0,2.434615384615385,0.0,22.966561688432044,51.24999999999999,3.422033898305085,0.0
extreme,97,request_observed,0.82,MovingAverage-JCSO,17.291666666666668,86.875,5.509759447438273,14.96,32.59295460301859,4.796163069544365,0.992548076923077,40.43714287268374,0.6805668877191796,51.04831679720161,1.2323205163707445,0.0,2.434615384615385,0.0,23.042436105699483,51.87500000000001,3.422033898305085,0.0
extreme,97,request_observed,0.82,QuantileMLP-JCSO,17.291666666666668,86.875,5.478474563803788,14.96,32.59557660268264,4.796163069544365,0.9888221153846153,42.05983005295225,0.6659179959715338,56.91332078024622,1.2821521575624677,0.0,2.2976697624969162,0.0,23.010719499440434,51.87500000000001,3.422033898305085,0.0
extreme,97,request_observed,0.82,GAN-JCSO,17.291666666666668,86.875,5.49965751948245,14.96,32.60037998175461,4.796163069544365,0.992548076923077,40.78835035288614,0.6771763439412123,51.57259554242745,1.2430579812620488,0.0,2.434615384615385,0.0,23.071599120456003,51.87500000000001,3.422033898305085,0.0
extreme,97,request_observed,0.82,Diffusion-JCSO,17.291666666666668,86.875,5.490394952272535,14.96,32.60448102851755,4.796163069544365,0.9888221153846153,41.067050234541455,0.6759401787452376,51.45050671216969,1.2513760516827754,0.0,2.366962042675055,0.0,23.006937310511102,51.87500000000001,3.422033898305085,0.0
extreme,97,proactive,1.0,Independent,75.20833333333333,80.83333333333333,5.8244789176617875,14.96,17.036383082804846,69.3298969072165,0.8528846153846154,26.785893259870186,0.8203904579588691,9.056028504651009,0.9893522775707877,44.583333333333336,5.720000000000001,100.0,14.96,28.125,8.8,97.5
extreme,97,proactive,1.0,StaticReserve,35.833333333333336,77.29166666666667,6.371509290157121,14.96,36.45988349573955,16.9811320754717,1.0,32.318371940061,0.7705296484247395,32.42554708565915,1.1954940643229055,29.583333333333332,5.720000000000001,30.625000000000004,23.382642874625443,52.5,8.8,24.375
extreme,97,proactive,1.0,JointHeuristic,83.33333333333334,58.333333333333336,7.979575714027192,14.96,22.232721513549137,71.42857142857143,0.7323317307692309,27.276662645162368,0.8025414296757767,15.524984762951046,1.0102378000495547,32.29166666666667,6.055872116217979,96.25,19.36605776435717,70.625,8.83918331002967,83.125
extreme,97,proactive,1.0,Persistence-JCSO,48.95833333333333,77.91666666666667,6.02035091229835,14.96,20.88756673506428,34.49197860962567,0.876923076923077,32.24252616325032,0.7547377876304637,40.24524845303794,1.1964296640370233,11.041666666666666,5.720000000000001,46.875,16.609774264534266,50.0,8.8,50.0
extreme,97,proactive,1.0,MovingAverage-JCSO,26.666666666666668,86.45833333333334,5.21020715835124,14.96,20.746043610498848,15.180722891566264,0.9585336538461539,33.85497527003826,0.7425789280464997,48.43233173036955,1.2556823638124581,6.666666666666667,5.720000000000001,20.625,16.609727602446583,40.625,8.8,18.75
extreme,97,proactive,1.0,QuantileMLP-JCSO,18.125,90.20833333333333,4.811557696116323,14.96,20.764185701865152,9.237875288683602,0.9888221153846153,34.9348514766303,0.7328499387851208,52.57713239477089,1.2962367305662184,4.166666666666666,3.5049646483961707,11.875,16.609344999266483,36.25,4.252966657526652,6.25
extreme,97,proactive,1.0,GAN-JCSO,22.5,88.33333333333333,5.018569442439026,14.96,20.769869942647738,12.264150943396226,0.9736778846153846,33.820808328171765,0.7422317356753466,47.39422894254779,1.2545908874090421,6.458333333333334,5.720000000000001,18.125,16.62331051514417,38.125,4.700854423873833,11.25
extreme,97,proactive,1.0,Diffusion-JCSO,22.916666666666664,88.125,5.020729466695657,14.96,20.781830953568463,12.529550827423167,0.9736778846153846,34.10952299037445,0.7409335311347692,47.755131281127674,1.265152063935171,5.208333333333334,5.720000000000001,19.375,16.68447527360142,38.125,5.208562666146777,11.25
extreme,97,proactive,0.92,Independent,76.66666666666667,80.625,5.919960246181502,14.96,17.432934543111173,71.0594315245478,0.94375,28.850302237621626,0.8050927503897676,9.056028504651009,0.9808403800013191,44.583333333333336,5.720000000000001,100.0,14.96,30.625000000000004,8.8,99.375
extreme,97,proactive,0.92,StaticReserve,35.833333333333336,77.29166666666667,6.371509290157121,14.96,36.45988349573955,16.9811320754717,1.0,35.12866515224022,0.7505757048094993,32.42554708565915,1.1954940643229055,29.583333333333332,5.720000000000001,30.625000000000004,23.382642874625443,52.5,8.8,24.375
extreme,97,proactive,0.92,JointHeuristic,84.375,58.333333333333336,8.102569410328812,14.96,28.53295212168951,73.21428571428571,0.7735576923076923,29.17470607399769,0.786218866816115,15.540709079795299,0.9949165216848653,33.541666666666664,6.015300096689423,96.25,22.290294885967096,73.75,8.8,83.125
extreme,97,proactive,0.92,Persistence-JCSO,34.166666666666664,85.41666666666666,5.497793497826373,14.96,27.815203014073795,22.926829268292686,0.9600961538461539,34.36335701477579,0.7345421327937668,39.9646563813805,1.1741127088913286,11.25,5.720000000000001,26.25,20.756336278933905,45.0,8.8,31.25
extreme,97,proactive,0.92,MovingAverage-JCSO,22.5,88.54166666666666,5.180854254882786,14.96,27.78235184922368,12.470588235294118,0.9888221153846153,36.264956129728326,0.7195763200591618,48.975629723637645,1.2385973274699256,6.875000000000001,3.309831697209946,12.5,20.610482575995032,43.125,4.684763415988645,11.875
extreme,97,proactive,0.92,QuantileMLP-JCSO,20.416666666666668,88.54166666666666,5.118051943110917,14.96,27.786598911459603,10.117647058823529,0.9888221153846153,37.53641723906502,0.7082325971429431,53.45944546297487,1.2825008589192723,4.166666666666666,3.5049646483961707,11.875,20.622467876299837,43.125,4.252966657526652,6.25
extreme,97,proactive,0.92,GAN-JCSO,21.458333333333332,88.54166666666666,5.158706498931498,14.96,27.787742241003507,11.294117647058824,0.9888221153846153,36.2890254280649,0.7189265682035891,48.11361159831674,1.2395714122271977,6.458333333333334,3.2626939634025622,13.750000000000002,20.63444953136887,43.125,4.497611778734787,7.5
extreme,97,proactive,0.92,Diffusion-JCSO,21.666666666666668,88.33333333333333,5.1583737151667775,14.96,27.790504504856006,11.320754716981133,0.9888221153846153,36.620819447556066,0.7173824943643602,48.465053812388376,1.2507312000184267,5.208333333333334,3.871965640655534,14.374999999999998,20.634508168916366,43.125,4.531912404946525,7.5
extreme,97,proactive,0.82,Independent,78.54166666666667,80.0,6.091823848374921,14.96,18.447860364231794,73.17708333333334,0.995673076923077,31.85254162747087,0.7812864880462655,9.056028504651009,0.9660540148022914,44.583333333333336,5.720000000000001,100.0,14.96,35.625,8.8,100.0
extreme,97,proactive,0.82,StaticReserve,35.833333333333336,77.29166666666667,6.371509290157121,14.96,36.45988349573955,16.9811320754717,1.0,39.412648707391455,0.7201581078350482,32.42554708565915,1.1954940643229055,29.583333333333332,5.720000000000001,30.625000000000004,23.382642874625443,52.5,8.8,24.375
extreme,97,proactive,0.82,JointHeuristic,83.125,62.083333333333336,7.938072964689659,14.96,32.53223719963246,72.81879194630872,0.8540865384615385,31.756132161171603,0.7627169063052285,14.867044937392269,0.9662756996371279,34.583333333333336,5.720000000000001,95.625,24.09388605232793,71.875,8.8,81.875
extreme,97,proactive,0.82,Persistence-JCSO,34.583333333333336,82.91666666666667,5.93420674992694,14.96,32.60792255154181,21.105527638190953,0.9776442307692307,37.95504405595948,0.7013110359173755,40.76594205815992,1.157162667293444,11.25,4.380924627957678,22.5,23.117301220131235,51.87500000000001,8.8,29.375
extreme,97,proactive,0.82,MovingAverage-JCSO,25.624999999999996,84.79166666666667,5.725318179459552,14.96,32.59295460301868,12.285012285012286,0.9888221153846153,40.01589010431529,0.683634685509562,50.00070203771146,1.2196761035061903,6.875000000000001,3.309831697209946,13.125,23.05162729967021,51.87500000000001,4.684763415988645,11.875
extreme,97,proactive,0.82,QuantileMLP-JCSO,23.333333333333332,84.79166666666667,5.663378722094213,14.96,32.59557660268274,9.582309582309582,0.9888221153846153,41.42969123261942,0.6711588162944222,54.493020881370796,1.2631617720324848,4.166666666666666,3.5049646483961707,11.875,23.05891403519294,51.87500000000001,4.252966657526652,6.25
extreme,97,proactive,0.82,GAN-JCSO,24.375,84.79166666666667,5.7073559467310035,14.96,32.600379981754706,10.81081081081081,0.992548076923077,40.069116760782656,0.6832564567344288,49.11828491536042,1.2214176947274415,6.458333333333334,3.2781759675445423,13.750000000000002,23.141109458570295,51.87500000000001,4.497611778734787,7.5
extreme,97,proactive,0.82,Diffusion-JCSO,24.583333333333332,84.58333333333333,5.704050248449588,14.96,32.60355571012764,10.83743842364532,0.9888221153846153,40.449580271800386,0.6812631268734222,49.46198470578574,1.2327613211924493,5.208333333333334,3.8838935162683854,14.374999999999998,23.11830843835578,51.87500000000001,4.5606052008218105,7.5
extreme,113,request_observed,1.0,Independent,42.916666666666664,95.625,4.209094139467743,14.96,16.304652442023524,40.305010893246184,0.9264423076923076,29.516915408169446,0.8003646562800902,2.000000000000002,0.9936172906738001,0.0,2.676067475175929,18.125,14.96,21.25,4.150980392156863,89.375
extreme,113,request_observed,1.0,StaticReserve,52.5,62.5,7.888926723325077,15.641759705798272,40.243038646662306,24.0,1.0,29.097209576135548,0.7873722878085669,17.73786986276462,0.9851538998642567,45.208333333333336,7.343443489760837,46.25,18.569331371376613,58.75,15.061560764239845,52.5
extreme,113,request_observed,1.0,JointHeuristic,41.66666666666667,82.08333333333333,5.706366317754752,14.96,19.453813650380948,28.934010152284262,0.8359375,28.91033243787011,0.7917775435648018,5.354401985936925,0.9752878497687262,0.0,5.720000000000001,55.00000000000001,15.498953968841436,45.625,8.8,24.375
extreme,113,request_observed,1.0,Persistence-JCSO,15.625,89.79166666666667,4.827503064692432,14.96,22.08597714286819,6.0324825986078885,0.9326923076923077,37.30494040432095,0.7175114790692338,44.893725725315456,1.2611158033848766,0.0,2.572663489016082,5.0,18.077667597192185,38.75,3.4220339034338716,3.125
extreme,113,request_observed,1.0,MovingAverage-JCSO,15.416666666666668,89.79166666666667,4.826917480847531,14.96,22.05088521049231,5.800464037122969,0.9326923076923077,37.64601196646762,0.7149757696882248,47.00599931409034,1.2717841894490327,0.0,2.556976041739649,5.0,18.03985626843237,38.125,3.4220339244564424,3.125
extreme,113,request_observed,1.0,QuantileMLP-JCSO,11.875,91.66666666666666,4.684524447373544,14.96,22.051471843816348,3.8636363636363633,0.9962740384615385,38.57363209464439,0.708703782664351,50.60451425569337,1.3033379772139295,0.0,1.9306153846153846,0.0,18.07194772614377,35.625,3.422033898305085,0.0
extreme,113,request_observed,1.0,GAN-JCSO,11.875,91.66666666666666,4.648088390594641,14.96,22.04891598318148,3.8636363636363633,0.959014423076923,38.077261869137324,0.7070182935281422,47.37423079205066,1.2882272896237545,0.0,2.3944991121027717,0.0,18.05786670141782,35.625,3.422033898305085,0.0
extreme,113,request_observed,1.0,Diffusion-JCSO,11.875,91.66666666666666,4.654222399708016,14.96,22.02862527901234,3.8636363636363633,0.9739182692307693,39.82963788734502,0.6872856687746849,79.97003982896254,1.3470204914302513,0.0,2.4080883886167825,0.0,18.06156702147654,35.625,3.422033898305085,0.0
extreme,113,request_observed,0.92,Independent,48.75,93.54166666666667,4.564535229187701,14.96,17.479544701351447,45.211581291759465,0.9697115384615383,31.74745381742025,0.7827170231857958,2.000000000000002,0.9837521285372917,0.0,3.1350947489111296,23.75,14.96,26.875,4.150980392156863,95.625
extreme,113,request_observed,0.92,StaticReserve,52.5,62.5,7.888926723325077,15.641759705798272,40.243038646662306,24.0,1.0,31.62740171319082,0.7688829215310512,17.73786986276462,0.9851538998642567,45.208333333333336,7.343443489760837,46.25,18.569331371376613,58.75,15.061560764239845,52.5
extreme,113,request_observed,0.92,JointHeuristic,39.166666666666664,82.91666666666667,5.743577546523678,14.96,26.79000396427562,26.633165829145728,0.8635817307692306,31.043993561380418,0.7738580882535443,5.447323202575606,0.9641231966940982,0.0,5.720000000000001,50.625,16.26368076942721,47.5,8.8,19.375
extreme,113,request_observed,0.92,Persistence-JCSO,13.958333333333334,89.58333333333334,4.958152068653886,14.96,29.303845584788252,3.953488372093023,0.953966346153846,39.824751061561045,0.6932424603322371,45.118165712115406,1.2398804467512576,0.0,2.434615384615385,0.625,17.906474042945177,40.0,3.422033898305085,1.25
extreme,113,request_observed,0.92,MovingAverage-JCSO,14.583333333333334,89.58333333333334,4.966907191963036,14.96,29.270824546153623,4.651162790697675,0.9651442307692306,40.18169328307496,0.6912262840582051,47.275124207707826,1.2501742531086104,0.0,2.434615384615385,1.875,17.88333676827326,40.0,3.422033898305085,1.875
extreme,113,request_observed,0.92,QuantileMLP-JCSO,13.125,90.20833333333333,4.922229592098593,14.96,29.276770363353982,3.695150115473441,0.9962740384615385,41.198929589961466,0.6828168241149,50.98078554871819,1.2820518415098998,0.0,1.980522864957657,0.0,17.906062369281095,39.375,3.422033898305085,0.0
extreme,113,request_observed,0.92,GAN-JCSO,13.125,90.20833333333333,4.88763144682116,14.96,29.26906754112041,3.695150115473441,0.9627403846153847,40.68224945191984,0.6814743487969673,47.74630515657082,1.2675617561331953,0.0,2.3975117807278887,0.0,17.897020351320574,39.375,3.422033898305085,0.0
extreme,113,request_observed,0.92,Diffusion-JCSO,13.125,90.20833333333333,4.895772061959606,14.96,29.251755831565387,3.695150115473441,0.9776442307692308,42.27623954150418,0.6642662903357911,80.3583005531173,1.316390797662981,0.0,2.4080883886167825,0.0,17.889141760170254,39.375,3.422033898305085,0.0
extreme,113,request_observed,0.82,Independent,51.66666666666667,91.875,4.890553076786523,14.96,19.084275958230304,47.3922902494331,0.9913461538461539,34.9978796947703,0.7561814722929416,2.000000000000002,0.9675026623292179,0.0,5.127835561479722,23.75,15.001983795906412,32.5,4.150980392156863,98.75
extreme,113,request_observed,0.82,StaticReserve,52.5,62.5,7.888926723325077,15.641759705798272,40.243038646662306,24.0,1.0,35.48440192211654,0.7406979119616671,17.73786986276462,0.9851538998642567,45.208333333333336,7.343443489760837,46.25,18.569331371376613,58.75,15.061560764239845,52.5
extreme,113,request_observed,0.82,JointHeuristic,35.0,84.79166666666667,5.680001954000714,14.96,26.878157326777337,23.34152334152334,0.9013221153846154,34.17830088231545,0.7468257639941291,5.398502223068497,0.9469640459213937,0.0,4.528573697687476,46.25,16.006752942199636,48.125,8.12003418365213,10.625
extreme,113,request_observed,0.82,Persistence-JCSO,15.0,88.95833333333333,5.127248691340613,14.96,26.678788154332747,4.449648711943794,0.959014423076923,43.51826641902329,0.656799992364497,45.607177732926225,1.209278936627294,0.0,2.434712314794344,2.5,15.788910920678685,42.5,3.422033898305085,0.0
extreme,113,request_observed,0.82,MovingAverage-JCSO,15.0,88.95833333333333,5.131721629087044,14.96,26.653669961446962,4.449648711943794,0.9701923076923077,43.89771233168723,0.6538842900550795,47.75900362257226,1.2191329822286798,0.0,2.434623685981322,2.5,15.77480066006648,42.5,3.422033898305085,0.0
extreme,113,request_observed,0.82,QuantileMLP-JCSO,15.0,88.95833333333333,5.154625903901843,14.96,26.669150483340708,4.449648711943794,0.9962740384615385,45.098719272119844,0.6442548391958607,51.575023157406655,1.252618267633874,0.0,2.4127082600703003,1.875,15.785161682468896,43.125,3.422033898305085,0.0
extreme,113,request_observed,0.82,GAN-JCSO,14.791666666666666,88.95833333333333,5.113760688952177,14.96,26.656380962117193,4.215456674473068,0.9664663461538462,44.490773361290096,0.6439290211709463,48.276217865851415,1.237256597340779,0.0,2.434615462203396,1.875,15.768009681713991,42.5,3.422033898305085,0.0
extreme,113,request_observed,0.82,Diffusion-JCSO,15.0,88.95833333333333,5.133681029890529,14.96,26.664582230707595,4.449648711943794,0.9850961538461538,45.865590410530984,0.6301271340955636,80.94939080619886,1.274354075269012,0.0,2.434615462203396,1.875,15.786300713075734,43.125,3.422033898305085,0.0
extreme,113,proactive,1.0,Independent,76.875,82.70833333333333,5.837499312665669,14.96,16.515681750367353,72.04030226700252,0.9221153846153844,29.575631645025712,0.7996853391740535,8.504279781224882,0.995605329064705,46.25,5.720000000000001,100.0,14.96,31.25,8.8,99.375
extreme,113,proactive,1.0,StaticReserve,52.5,62.5,7.888926723325077,15.641759705798272,40.243038646662306,24.0,1.0,29.097209576135548,0.7873722878085669,17.73786986276462,0.9851538998642567,45.208333333333336,7.343443489760837,46.25,18.569331371376613,58.75,15.061560764239845,52.5
extreme,113,proactive,1.0,JointHeuristic,76.04166666666666,71.45833333333333,7.007243591841749,14.96,20.547276007563664,66.47230320699708,0.8346153846153846,29.758230976033907,0.7852254314235948,13.548943995298318,1.0040530569990982,39.791666666666664,5.720000000000001,91.875,16.716604128511637,51.87500000000001,8.8,84.375
extreme,113,proactive,1.0,Persistence-JCSO,32.5,84.79166666666667,5.392508070457126,14.96,22.414371930416515,20.39312039312039,0.9201923076923076,35.53965837492975,0.7318081412028382,38.136550073901326,1.2011986577414846,10.625,5.720000000000001,23.75,18.103253687142466,40.625,8.8,33.125
extreme,113,proactive,1.0,MovingAverage-JCSO,26.458333333333332,86.875,5.146443463361214,14.96,22.147862518822272,15.347721822541965,0.928966346153846,37.32000506108214,0.717060618711226,46.24988816442857,1.2610221635524697,6.041666666666667,5.720000000000001,19.375,18.06514266063923,39.375,8.8,20.625
extreme,113,proactive,1.0,QuantileMLP-JCSO,21.041666666666668,89.16666666666667,4.986652191219098,14.96,22.375771357401437,11.448598130841122,1.0,38.09143722191946,0.7126788677674118,48.34124691695736,1.2872706780590624,4.791666666666667,3.8222811204129368,10.625,18.097234122792837,37.5,5.634841130564552,15.0
extreme,113,proactive,1.0,GAN-JCSO,21.875,88.75,4.974915221676198,14.96,22.37321549676657,11.971830985915492,0.9515625,37.49720716348239,0.7101637466941646,44.96705171548937,1.2690224133320298,6.25,4.275173299105179,12.5,18.083153098066887,37.5,5.633124082468454,15.625
extreme,113,proactive,1.0,Diffusion-JCSO,20.625,89.16666666666667,4.951412950512962,14.96,22.352924792597427,10.981308411214954,0.9776442307692307,39.35353343102827,0.6906273119518017,78.23713569997575,1.3313331340559122,5.0,3.820418331165337,10.625,18.08685341812561,37.5,5.201135628054616,13.750000000000002
extreme,113,proactive,0.92,Independent,77.91666666666667,81.25,6.093338862184001,14.96,18.14115778757757,72.82051282051282,0.9697115384615383,31.811275814003153,0.7819299669599782,8.504279781224882,0.9857401669281965,46.25,5.720000000000001,100.0,14.96,34.375,8.8,99.375
extreme,113,proactive,0.92,StaticReserve,52.5,62.5,7.888926723325077,15.641759705798272,40.243038646662306,24.0,1.0,31.62740171319082,0.7688829215310512,17.73786986276462,0.9851538998642567,45.208333333333336,7.343443489760837,46.25,18.569331371376613,58.75,15.061560764239845,52.5
extreme,113,proactive,0.92,JointHeuristic,76.04166666666666,71.875,7.077720075303802,14.96,26.849959549813104,66.66666666666666,0.865985576923077,31.93938159012089,0.7669151817761132,13.605741168517714,0.9921225438637721,39.375,5.720000000000001,90.625,16.387687181165695,53.75,8.8,83.75
extreme,113,proactive,0.92,Persistence-JCSO,32.29166666666667,84.16666666666667,5.540344028396798,14.96,29.827596058049565,19.554455445544555,0.9289663461538462,38.000177822286474,0.708462614060264,38.31022587903502,1.1827320603293723,10.625,5.720000000000001,21.875,18.293907897150007,42.5,8.8,32.5
extreme,113,proactive,0.92,MovingAverage-JCSO,25.416666666666664,86.66666666666667,5.266969641868625,14.96,29.380859395455204,13.942307692307693,0.9614182692307693,39.82579451573508,0.6937140319756742,46.42991189377368,1.2393327927269953,6.041666666666667,5.373380408423432,16.875,17.956112980378123,40.0,6.181362592774516,19.375
extreme,113,proactive,0.92,QuantileMLP-JCSO,21.875,87.91666666666667,5.190178163984479,14.96,29.800131064934067,11.137440758293838,1.0,40.69879987753218,0.6872489321410489,48.62076777647998,1.266667232182618,4.791666666666667,3.843052859890324,10.625,18.25304799429487,40.0,5.634841130564552,15.0
extreme,113,proactive,0.92,GAN-JCSO,22.708333333333332,87.5,5.182613113661417,14.96,29.792420113618974,11.666666666666666,0.959014423076923,40.09969282333586,0.685144879986742,45.2423862857586,1.2497490099223754,6.25,4.289303481877104,12.5,18.243161760733447,40.0,5.633124082468454,15.625
extreme,113,proactive,0.92,Diffusion-JCSO,21.458333333333332,87.91666666666667,5.161331167974828,14.96,29.775116533145468,10.66350710900474,0.9850961538461538,41.77535342296307,0.6683520169763517,78.52507846117996,1.3011383868883453,5.0,3.8411900787141486,10.625,18.235288546095788,40.0,5.201135628054616,13.750000000000002
extreme,113,proactive,0.82,Independent,79.79166666666667,80.0,6.354965830517459,14.96,20.958709392084952,74.73958333333334,0.9913461538461539,35.06948486166818,0.7552984336005608,8.504279781224882,0.9694907007201229,46.25,5.733270337457932,100.0,15.281778007253363,39.375,8.8,100.0
extreme,113,proactive,0.82,StaticReserve,52.5,62.5,7.888926723325077,15.641759705798272,40.243038646662306,24.0,1.0,35.48440192211654,0.7406979119616671,17.73786986276462,0.9851538998642567,45.208333333333336,7.343443489760837,46.25,18.569331371376613,58.75,15.061560764239845,52.5
extreme,113,proactive,0.82,JointHeuristic,74.58333333333333,73.75,7.002486371588096,14.96,27.36664045774949,65.5367231638418,0.9087740384615384,35.074070694338566,0.7395665399232206,13.423273782140603,0.972031284236321,39.791666666666664,5.720000000000001,87.5,16.338968911337798,53.75,8.8,82.5
extreme,113,proactive,0.82,Persistence-JCSO,31.25,84.16666666666667,5.633977848918046,14.96,26.78611079472319,18.316831683168317,0.9427884615384616,41.547133577007735,0.6739108907067637,38.56860672936378,1.1541414795356737,10.625,5.40116647536719,21.25,15.809381661310713,43.75,8.8,28.749999999999996
extreme,113,proactive,0.82,MovingAverage-JCSO,25.624999999999996,86.04166666666667,5.421806099968664,14.96,26.65366996143366,13.559322033898304,0.9664663461538462,43.51089480197256,0.6568612223028245,46.819611368797446,1.2085795266045884,6.041666666666667,4.809499972516842,15.625,15.774798053251725,42.5,5.814038289724154,18.75
extreme,113,proactive,0.82,QuantileMLP-JCSO,23.75,86.66666666666667,5.409612879698252,14.96,26.674942583051305,12.01923076923077,1.0,44.59412628314644,0.6488609930568165,49.110660158496614,1.2387752981412106,4.791666666666667,3.875010764695286,12.5,15.796693844097627,43.75,5.634841130564552,15.0
extreme,113,proactive,0.82,GAN-JCSO,24.375,86.25,5.399042173387665,14.96,26.65638104638645,12.318840579710146,0.9664663461538462,43.9104377449571,0.6482832216320504,45.6745007319505,1.2214114573067252,6.25,4.316896510899486,14.374999999999998,15.784527256976775,43.125,5.633124082468454,15.625
extreme,113,proactive,0.82,Diffusion-JCSO,23.541666666666668,86.66666666666667,5.385529366286133,14.96,26.666242940135657,11.778846153846153,0.992548076923077,45.3633315912748,0.6348715949029657,79.00405974500495,1.260670736299043,5.0,3.8731479835191105,12.5,15.795734078579805,43.75,5.201135628054616,14.374999999999998
extreme,131,request_observed,1.0,Independent,36.45833333333333,97.91666666666666,3.6046445616723277,4.150980392156863,14.96,35.1063829787234,0.8528846153846154,26.7397727699999,0.8125906787099954,2.0000000000000018,1.0080396330389971,0.0,2.64205294117647,21.25,14.96,9.375,4.150980392156863,78.75
extreme,131,request_observed,1.0,StaticReserve,69.16666666666667,43.125,8.947142031825738,14.96,27.257638249592773,28.502415458937197,1.0,16.23767763229804,0.8882131333037007,37.99739127248944,0.6189539319151006,32.708333333333336,7.406109887320316,32.5,14.96,100.0,15.805358525324383,75.0
extreme,131,request_observed,1.0,JointHeuristic,34.166666666666664,90.625,4.3920710881956895,14.96,14.96,27.35632183908046,0.8066105769230768,26.2998043615587,0.8079101386448931,3.1688282836646167,0.9925642239429057,0.0,5.720000000000001,66.875,14.96,23.125,8.8,12.5
extreme,131,request_observed,1.0,Persistence-JCSO,7.708333333333334,96.25,3.7063654426663315,7.491956673834331,14.96,4.112554112554113,0.9489182692307694,34.12026904668243,0.7425598626219492,41.201810212852905,1.2899273011347328,0.0,2.470979544042907,3.75,14.96,16.875,3.422033898305085,2.5
extreme,131,request_observed,1.0,MovingAverage-JCSO,6.041666666666667,97.5,3.606245303046195,6.824214328561437,14.96,3.632478632478633,0.9627403846153847,34.498493562368495,0.7411212793197846,42.640150844945104,1.3029938022927023,0.0,2.435536603178687,1.875,14.96,15.625,3.4220338983050858,0.625
extreme,131,request_observed,1.0,QuantileMLP-JCSO,5.208333333333334,97.5,3.623308614058494,6.858927046180154,14.96,2.7777777777777777,1.0,35.82845364532765,0.726319639395086,48.455526327407426,1.3522904995847291,0.0,1.9306153846153846,0.0,14.96,15.625,3.422033898305085,0.0
extreme,131,request_observed,1.0,GAN-JCSO,5.208333333333334,97.5,3.619944139163685,6.872248580311175,14.96,2.7777777777777777,1.0,36.14374965836787,0.7269854649797394,49.18106819979074,1.3627582855575278,0.0,1.9306153846153846,0.0,14.96,15.625,3.422033898305085,0.0
extreme,131,request_observed,1.0,Diffusion-JCSO,5.208333333333334,97.5,3.6048316515858234,6.861873749956608,14.96,2.7777777777777777,0.9776442307692307,35.1565414084651,0.735118840544252,46.19224450044559,1.32747171103513,0.0,2.4223348012453116,0.0,14.96,15.625,3.422033898305085,0.0
extreme,131,request_observed,0.92,Independent,39.166666666666664,97.70833333333333,3.6670082714928847,4.150980392156863,14.96,37.73987206823028,0.94375,28.95599048522549,0.795735488507558,2.0000000000000018,1.0044679643227683,0.0,2.6602699858307215,16.25,14.96,9.375,4.150980392156863,91.875
extreme,131,request_observed,0.92,StaticReserve,69.16666666666667,43.125,8.947142031825738,14.96,27.257638249592773,28.502415458937197,1.0,17.649649600323958,0.8784925361996745,37.99739127248944,0.6189539319151006,32.708333333333336,7.406109887320316,32.5,14.96,100.0,15.805358525324383,75.0
extreme,131,request_observed,0.92,JointHeuristic,36.666666666666664,88.33333333333333,4.786992911638065,14.96,19.025052727765292,28.30188679245283,0.8401442307692306,28.43078969124243,0.7909457975286681,3.8518950437230575,0.9877161606462502,0.0,5.720000000000001,66.875,14.96,30.625000000000004,8.8,12.5
extreme,131,request_observed,0.92,Persistence-JCSO,7.916666666666666,94.79166666666666,4.0418261833924785,14.96,18.371402399163877,2.857142857142857,0.9627403846153847,36.648262233054474,0.7187186281575911,42.2783624313227,1.2758557462581,0.0,2.434615384615385,0.0,14.96,23.75,3.422033898305085,0.0
extreme,131,request_observed,0.92,MovingAverage-JCSO,7.916666666666666,94.79166666666666,4.039933053240671,14.96,18.391244566130258,2.857142857142857,0.9664663461538462,37.038969909915906,0.7170657197289699,43.81023857117348,1.288323169759371,0.0,2.434615384615385,0.0,14.96,23.75,3.422033898305085,0.0
extreme,131,request_observed,0.92,QuantileMLP-JCSO,8.333333333333332,94.58333333333333,4.110056801421407,14.96,18.374602909937632,3.0837004405286343,1.0,38.55333530795212,0.7001648312860557,49.84168991079199,1.3399881446165145,0.0,1.9306153846153846,0.0,14.96,25.0,3.422033898305085,0.0
extreme,131,request_observed,0.92,GAN-JCSO,8.333333333333332,94.58333333333333,4.106702235415523,14.96,18.37772815733944,3.0837004405286343,1.0,38.89394271166121,0.7009007559556185,50.557673901739,1.3503843307275145,0.0,1.9306153846153846,0.0,14.96,25.0,3.422033898305085,0.0
extreme,131,request_observed,0.92,Diffusion-JCSO,7.916666666666666,94.79166666666666,4.072602750242891,14.96,18.378937190295325,2.857142857142857,0.9888221153846153,37.82618789315243,0.7103375572929715,47.55664421127087,1.315254561073087,0.0,2.4223348012453116,0.0,14.96,23.75,3.422033898305085,0.0
extreme,131,request_observed,0.82,Independent,41.458333333333336,97.70833333333333,3.7708641044934357,4.546786487905557,14.96,40.085287846481876,0.995673076923077,32.17456403847753,0.7704545334208172,2.0000000000000018,0.9953352067374546,0.0,3.182663537549074,15.0,14.96,10.0,4.150980392156863,99.375
extreme,131,request_observed,0.82,StaticReserve,69.16666666666667,43.125,8.947142031825738,14.96,27.257638249592773,28.502415458937197,1.0,19.802045893046394,0.863674552809391,37.99739127248944,0.6189539319151006,32.708333333333336,7.406109887320316,32.5,14.96,100.0,15.805358525324383,75.0
extreme,131,request_observed,0.82,JointHeuristic,40.0,87.29166666666667,5.119714833133879,14.96,17.22979162726749,31.26491646778043,0.8962740384615383,31.402998616615292,0.7654074893681978,4.620458100362912,0.97347384781961,0.0,5.675863878302411,65.625,14.96,43.75,7.942949149267686,10.625
extreme,131,request_observed,0.82,Persistence-JCSO,13.958333333333334,91.25,4.641467282141652,14.96,15.710054561505563,5.707762557077626,0.9701923076923077,40.442859503347144,0.6821364936464718,44.31626447581343,1.25665679343631,0.0,2.434615384615385,0.0,14.96,41.875,3.422033898305085,0.0
extreme,131,request_observed,0.82,MovingAverage-JCSO,13.958333333333334,91.25,4.631803902453698,14.96,15.678829780904202,5.707762557077626,0.9664663461538462,40.79912976742886,0.6798831013468009,45.82016398261032,1.2666923457025545,0.0,2.434615384615385,0.0,14.96,41.875,3.422033898305085,0.0
extreme,131,request_observed,0.82,QuantileMLP-JCSO,15.0,91.04166666666667,4.699930778360628,14.96,15.698800043993543,6.636155606407322,1.0,42.63731343922338,0.6593851606518195,52.00399166328521,1.3227432675938093,0.0,1.95460609360009,0.0,14.96,45.0,3.422033898305085,0.0
extreme,131,request_observed,0.82,GAN-JCSO,15.0,91.04166666666667,4.6967799614602335,14.96,15.712564870927766,6.636155606407322,1.0,42.99058714018544,0.6602338294011609,52.705910093711736,1.3322917339732792,0.0,1.95460609360009,0.0,14.96,45.0,3.422033898305085,0.0
extreme,131,request_observed,0.82,Diffusion-JCSO,15.0,91.04166666666667,4.699138921157777,14.96,15.714573049411564,6.636155606407322,0.992548076923077,41.834531479392304,0.6712177473702862,49.80139687804839,1.2983477539614974,0.0,2.4223348012453116,0.0,14.96,45.0,3.422033898305085,0.0
extreme,131,proactive,1.0,Independent,70.83333333333334,83.95833333333333,5.277266213748514,12.637244748189872,14.96,65.2605459057072,0.8528846153846154,26.776711033095204,0.8121006636535066,8.498361905774694,1.0094123864737548,43.958333333333336,5.720000000000001,98.125,14.96,16.875,8.8,97.5
extreme,131,proactive,1.0,StaticReserve,69.16666666666667,43.125,8.947142031825738,14.96,27.257638249592773,28.502415458937197,1.0,16.23767763229804,0.8882131333037007,37.99739127248944,0.6189539319151006,32.708333333333336,7.406109887320316,32.5,14.96,100.0,15.805358525324383,75.0
extreme,131,proactive,1.0,JointHeuristic,65.625,77.70833333333333,5.84893788521886,14.96,14.96,55.76407506702413,0.8177884615384615,27.06134466784182,0.8021693855416743,11.689982401527901,1.0213783163957586,40.625,5.720000000000001,96.25,14.96,33.125,8.8,67.5
extreme,131,proactive,1.0,Persistence-JCSO,25.0,91.66666666666666,4.277333703191337,8.806335103574545,14.96,18.181818181818183,0.909014423076923,32.45387199141924,0.7548499749077922,34.63066716154019,1.2267859666807808,10.625,3.9662261850698854,25.624999999999996,14.96,20.0,8.8,29.375
extreme,131,proactive,1.0,MovingAverage-JCSO,17.291666666666668,93.75,4.022178148527693,8.8,14.96,11.777777777777777,0.953966346153846,34.16310476452954,0.7429399401518835,42.01723136303642,1.2906988856760184,6.25,3.217751067054704,14.374999999999998,14.96,19.375,8.8,18.125
extreme,131,proactive,1.0,QuantileMLP-JCSO,13.958333333333334,95.0,3.929961673406274,8.8,14.96,9.429824561403509,1.0,35.278422062498194,0.7306822893341899,46.33543240350184,1.3319254080767884,5.625,2.7997255041471987,6.875000000000001,14.96,18.125,5.801866963731517,16.875
extreme,131,proactive,1.0,GAN-JCSO,12.291666666666666,95.625,3.8997331432805473,8.8,14.96,8.278867102396514,1.0,35.589675553997886,0.7313893258680176,46.81840230590948,1.3421032791143148,6.25,2.3913595444377247,5.0,14.96,18.125,5.06128523849694,13.750000000000002
extreme,131,proactive,1.0,Diffusion-JCSO,13.125,95.0,3.9029418323990455,8.8,14.96,8.552631578947368,0.9701923076923077,34.71017576216418,0.738189322193711,44.5584537896178,1.3107470008944093,5.0,3.1776025484395,9.375,14.96,18.125,5.0122263891722145,11.875
extreme,131,proactive,0.92,Independent,71.45833333333333,83.75,5.3298678940378545,14.96,14.96,65.92039800995025,0.948076923076923,28.996140771198657,0.7951197489887192,8.498361905774694,1.005840717757526,43.958333333333336,5.720000000000001,98.125,14.96,17.5,8.8,98.75
extreme,131,proactive,0.92,StaticReserve,69.16666666666667,43.125,8.947142031825738,14.96,27.257638249592773,28.502415458937197,1.0,17.649649600323958,0.8784925361996745,37.99739127248944,0.6189539319151006,32.708333333333336,7.406109887320316,32.5,14.96,100.0,15.805358525324383,75.0
extreme,131,proactive,0.92,JointHeuristic,66.875,76.04166666666666,6.132387034699902,14.96,20.437260051209222,56.43835616438356,0.8438701923076923,29.180738872789203,0.7850395661815622,12.095878239338067,1.013902185289468,40.0,5.720000000000001,96.25,14.96,36.875,8.8,67.5
extreme,131,proactive,0.92,Persistence-JCSO,23.333333333333332,91.45833333333333,4.496487675710953,14.96,18.39365345656911,16.173120728929387,0.944110576923077,34.81682617973993,0.7332169493116181,35.38285396251257,1.2119042762383359,10.625,3.223016607557907,19.375,14.96,25.624999999999996,8.8,25.0
extreme,131,proactive,0.92,MovingAverage-JCSO,16.666666666666664,92.08333333333333,4.33781390820092,14.96,18.371236887863475,9.502262443438914,0.9664663461538462,36.644581747837044,0.719913423482191,42.96025822863175,1.2749277319272965,6.041666666666667,3.1216475281440905,9.375,14.96,24.375,8.8,16.25
extreme,131,proactive,0.92,QuantileMLP-JCSO,16.458333333333332,92.5,4.351245579222177,14.96,18.372642279004804,9.684684684684685,1.0,37.97360285936149,0.7051693002177979,47.539325234591004,1.3201614613994108,5.625,2.799905735639964,6.875000000000001,14.96,25.624999999999996,5.801866963731517,16.875
extreme,131,proactive,0.92,GAN-JCSO,14.791666666666666,93.125,4.321028554700571,14.96,18.375578049502185,8.501118568232663,1.0,38.31318911181783,0.7059558081097494,48.00684616958031,1.330377045837265,6.041666666666667,2.3913595444377247,5.0,14.96,25.624999999999996,5.06128523849694,13.750000000000002
extreme,131,proactive,0.92,Diffusion-JCSO,15.208333333333332,92.70833333333334,4.311639180078935,14.96,18.373218650451175,8.539325842696629,0.992548076923077,37.34451210715511,0.7144289113295452,45.71243813603787,1.2985827409453639,5.0,3.1965479150998726,9.375,14.96,24.375,5.0122263891722145,11.875
extreme,131,proactive,0.82,Independent,71.875,83.75,5.382682539926151,14.96,14.96,66.4179104477612,0.995673076923077,32.21961070078888,0.7697900343425345,8.498361905774694,0.9967079601722123,43.958333333333336,5.720000000000001,98.125,14.96,17.5,8.8,100.0
extreme,131,proactive,0.82,StaticReserve,69.16666666666667,43.125,8.947142031825738,14.96,27.257638249592773,28.502415458937197,1.0,19.802045893046394,0.863674552809391,37.99739127248944,0.6189539319151006,32.708333333333336,7.406109887320316,32.5,14.96,100.0,15.805358525324383,75.0
extreme,131,proactive,0.82,JointHeuristic,70.20833333333333,75.41666666666667,6.4115939306924,14.96,16.332876146372428,60.49723756906077,0.905048076923077,32.18716909250185,0.7590485972166104,12.680226527631428,0.9979619347137292,39.58333333333333,5.720000000000001,95.625,14.96,47.5,8.8,67.5
extreme,131,proactive,0.82,Persistence-JCSO,28.749999999999996,88.33333333333333,5.039679414682769,14.96,15.77804845016844,19.339622641509436,0.9664663461538462,38.47826347680594,0.6990201200747481,37.123333813915096,1.1953449799003673,10.625,3.2451783187525014,19.375,14.96,41.875,8.8,25.0
extreme,131,proactive,0.82,MovingAverage-JCSO,22.5,88.75,4.901214513341379,14.96,15.677721791867233,12.676056338028168,0.9739182692307692,40.406095154714215,0.68348473865781,44.88415644951526,1.254809879811318,6.041666666666667,3.122781805794338,9.375,14.96,41.875,8.8,16.25
extreme,131,proactive,0.82,QuantileMLP-JCSO,23.125,88.95833333333333,4.934120464947498,14.96,15.698981263768632,13.583138173302109,1.0,42.03632439497,0.6651795588002766,49.57132572414991,1.3043268749352246,5.416666666666667,2.801040013101246,6.875000000000001,14.96,45.625,5.801866963731517,16.875
extreme,131,proactive,0.82,GAN-JCSO,21.458333333333332,89.58333333333334,4.9028425975370835,14.96,15.712746090702854,12.325581395348838,1.0,42.404046734225425,0.6661053867749838,50.009604124531215,1.314146410950921,6.041666666666667,2.401276740637668,5.0,14.96,45.625,5.06128523849694,13.750000000000002
extreme,131,proactive,0.82,Diffusion-JCSO,22.083333333333332,88.95833333333333,4.929151018881711,14.96,15.715727133349102,12.412177985948478,0.992548076923077,41.31002969752194,0.6756995744017498,47.84661769459248,1.282123232328639,4.791666666666667,3.22825134425003,9.375,14.96,45.0,5.0122263891722145,11.875
