workload,seed,information,capacity,method,lever,budget,miss_rate,acceptance,p95_latency_ms,p99_latency_ms,utilization
extreme,3,proactive,0.82,Diffusion-JCSO,quantile,30,,,,,
extreme,3,proactive,0.82,Diffusion-JCSO,quantile,40,,,,,
extreme,3,proactive,0.82,Diffusion-JCSO,quantile,50,24.1230548602992,85.41666666666666,14.96,32.955058130593486,43.91006805425213
extreme,3,proactive,0.82,Diffusion-JCSO,quantile,60,,,,,
extreme,3,proactive,0.82,Diffusion-JCSO,scale,30,36.85384377710994,83.33641861583814,14.96,31.982042162504477,39.306384420969415
extreme,3,proactive,0.82,Diffusion-JCSO,scale,40,27.14877140833533,84.75174166961777,14.96,32.95691561952546,41.69362444521577
extreme,3,proactive,0.82,Diffusion-JCSO,scale,50,24.044230370113524,85.35782059264395,14.96,32.956308328035,43.95812505765758
extreme,3,proactive,0.82,Diffusion-JCSO,scale,60,22.729321238163955,85.58677979363934,14.96,32.9315855629152,46.17762997553813
extreme,3,proactive,0.82,GAN-JCSO,quantile,30,,,,,
extreme,3,proactive,0.82,GAN-JCSO,quantile,40,,,,,
extreme,3,proactive,0.82,GAN-JCSO,quantile,50,,,,,
extreme,3,proactive,0.82,GAN-JCSO,quantile,60,,,,,
extreme,3,proactive,0.82,GAN-JCSO,scale,30,38.00505885337352,83.08261063999426,14.96,33.969826151135464,39.269910577152906
extreme,3,proactive,0.82,GAN-JCSO,scale,40,27.532408560086218,84.56512330309961,14.96,33.50566346938278,41.65320097972142
extreme,3,proactive,0.82,GAN-JCSO,scale,50,24.86737072884421,84.96729623111924,14.96,32.93642255666474,43.9263170781848
extreme,3,proactive,0.82,GAN-JCSO,scale,60,23.234712619993658,85.28507184500158,14.96,32.91279428620647,46.1541333515667
extreme,3,proactive,0.82,MovingAverage-JCSO,scale,30,43.829789725117024,82.24569204731256,14.96,28.578824030128484,39.02414239371684
extreme,3,proactive,0.82,MovingAverage-JCSO,scale,40,29.568235803455302,84.27334958831301,14.96,30.27706791447125,41.34115330276446
extreme,3,proactive,0.82,MovingAverage-JCSO,scale,50,26.140139485628588,84.84469897461746,14.96,33.63573645448923,43.55507250242817
extreme,3,proactive,0.82,MovingAverage-JCSO,scale,60,23.837125283393384,85.24469574831531,14.96,33.65191964695183,45.78834400297154
extreme,3,proactive,0.82,QuantileMLP-JCSO,quantile,30,,,,,
extreme,3,proactive,0.82,QuantileMLP-JCSO,quantile,40,,,,,
extreme,3,proactive,0.82,QuantileMLP-JCSO,quantile,50,23.148049634261533,85.61347518286924,14.96,32.94633684708836,44.27182554245795
extreme,3,proactive,0.82,QuantileMLP-JCSO,quantile,60,,,,,
extreme,3,proactive,0.82,QuantileMLP-JCSO,scale,30,33.39553378117425,83.64814225761569,14.96,34.69212943009552,39.57071762137088
extreme,3,proactive,0.82,QuantileMLP-JCSO,scale,40,26.073702904549055,85.0352594190902,14.96,33.001183991676804,41.991929862139976
extreme,3,proactive,0.82,QuantileMLP-JCSO,scale,50,23.158636863615353,85.61827262727692,14.96,32.946843892256595,44.281497158942884
extreme,3,proactive,0.82,QuantileMLP-JCSO,scale,60,22.3718755646334,85.625,14.96,32.92253932447524,46.57425894544616
extreme,3,proactive,1.0,Diffusion-JCSO,quantile,30,,,,,
extreme,3,proactive,1.0,Diffusion-JCSO,quantile,40,,,,,
extreme,3,proactive,1.0,Diffusion-JCSO,quantile,50,19.108927044083515,88.92355507634515,14.96,20.500269244878734,38.014337587531955
extreme,3,proactive,1.0,Diffusion-JCSO,quantile,60,,,,,
extreme,3,proactive,1.0,Diffusion-JCSO,scale,30,51.777020920966244,77.39962923823867,14.96,20.39400048614518,33.904650121233196
extreme,3,proactive,1.0,Diffusion-JCSO,scale,40,26.022461503153185,86.48125313562022,14.96,20.43746441416603,36.01016135613176
extreme,3,proactive,1.0,Diffusion-JCSO,scale,50,18.478511216919173,89.16666666666667,14.96,20.50441468469294,38.01435465400236
extreme,3,proactive,1.0,Diffusion-JCSO,scale,60,17.339348496598333,89.16666666666667,14.96,20.578922690705205,39.931180949051594
extreme,3,proactive,1.0,GAN-JCSO,quantile,30,,,,,
extreme,3,proactive,1.0,GAN-JCSO,quantile,40,,,,,
extreme,3,proactive,1.0,GAN-JCSO,quantile,50,,,,,
extreme,3,proactive,1.0,GAN-JCSO,quantile,60,,,,,
extreme,3,proactive,1.0,GAN-JCSO,scale,30,51.6335487989174,76.22925145641139,14.96,22.497439504385,33.9650968404144
extreme,3,proactive,1.0,GAN-JCSO,scale,40,26.502667344543887,85.89162599558372,14.96,22.097535623885836,36.03068804564958
extreme,3,proactive,1.0,GAN-JCSO,scale,50,19.011283115952786,88.73235007246019,14.96,21.83268923131362,38.00534145993567
extreme,3,proactive,1.0,GAN-JCSO,scale,60,17.81937954800194,89.05562045199805,14.96,21.088278036817297,39.91281336925467
extreme,3,proactive,1.0,MovingAverage-JCSO,scale,30,55.0475448542336,73.30835163527105,14.96,21.57589878296322,33.926360926722836
extreme,3,proactive,1.0,MovingAverage-JCSO,scale,40,34.83358324346755,81.98686983098295,14.96,22.385613314096673,35.962776236670386
extreme,3,proactive,1.0,MovingAverage-JCSO,scale,50,21.505466488948905,87.77281340442045,14.96,21.748146228050306,37.862498311230354
extreme,3,proactive,1.0,MovingAverage-JCSO,scale,60,18.151621127818693,89.05584471804532,14.96,21.5291267455545,39.715363344449145
extreme,3,proactive,1.0,QuantileMLP-JCSO,quantile,30,,,,,
extreme,3,proactive,1.0,QuantileMLP-JCSO,quantile,40,,,,,
extreme,3,proactive,1.0,QuantileMLP-JCSO,quantile,50,18.0305184701935,89.42224076490325,14.96,20.16629802558836,38.35804564507627
extreme,3,proactive,1.0,QuantileMLP-JCSO,quantile,60,,,,,
extreme,3,proactive,1.0,QuantileMLP-JCSO,scale,30,35.023963898913316,84.22339572341129,14.96,22.46098013999977,34.11057160130682
extreme,3,proactive,1.0,QuantileMLP-JCSO,scale,40,20.90362032859155,88.57429533483074,14.96,22.527874729625093,36.24298179793642
extreme,3,proactive,1.0,QuantileMLP-JCSO,scale,50,17.590675454517466,89.55391886362938,14.96,21.78472252319097,38.275325344617045
extreme,3,proactive,1.0,QuantileMLP-JCSO,scale,60,16.824918399756125,89.375,14.96,21.8695847459678,40.22188242300496
extreme,3,request_observed,0.82,Diffusion-JCSO,quantile,30,,,,,
extreme,3,request_observed,0.82,Diffusion-JCSO,quantile,40,,,,,
extreme,3,request_observed,0.82,Diffusion-JCSO,quantile,50,18.333333333333332,86.875,14.96,32.914738711389205,43.80132642463495
extreme,3,request_observed,0.82,Diffusion-JCSO,quantile,60,,,,,
extreme,3,request_observed,0.82,Diffusion-JCSO,scale,30,19.304001843073795,87.24637942846427,14.96,31.936273668978913,39.4449024319685
extreme,3,request_observed,0.82,Diffusion-JCSO,scale,40,18.88824573893925,86.94508759439408,14.96,32.77412569897816,41.673689469563186
extreme,3,request_observed,0.82,Diffusion-JCSO,scale,50,18.521095512216,86.875,14.96,32.923148683263626,43.86089977590606
extreme,3,request_observed,0.82,Diffusion-JCSO,scale,60,18.333333333333332,86.875,14.96,32.90104612652033,46.02617466008265
extreme,3,request_observed,0.82,GAN-JCSO,quantile,30,,,,,
extreme,3,request_observed,0.82,GAN-JCSO,quantile,40,,,,,
extreme,3,request_observed,0.82,GAN-JCSO,quantile,50,,,,,
extreme,3,request_observed,0.82,GAN-JCSO,quantile,60,,,,,
extreme,3,request_observed,0.82,GAN-JCSO,scale,30,18.75,87.08333333333333,14.96,34.192142783213676,39.42431270689106
extreme,3,request_observed,0.82,GAN-JCSO,scale,40,18.64224660520151,87.02945663593408,14.96,33.86129260251432,41.68135009399031
extreme,3,request_observed,0.82,GAN-JCSO,scale,50,18.333333333333332,86.875,14.96,32.911008721909205,43.89641134484798
extreme,3,request_observed,0.82,GAN-JCSO,scale,60,18.333333333333332,86.875,14.96,32.88951840558954,46.1388657696442
extreme,3,request_observed,0.82,MovingAverage-JCSO,scale,30,18.541666666666668,87.44930384264102,14.96,28.82605981697748,39.303066147167186
extreme,3,request_observed,0.82,MovingAverage-JCSO,scale,40,18.486918040898527,87.2642923537826,14.96,30.719966267141686,41.475186393696674
extreme,3,request_observed,0.82,MovingAverage-JCSO,scale,50,18.125,87.08333333333333,14.96,33.864039824450224,43.60388600762059
extreme,3,request_observed,0.82,MovingAverage-JCSO,scale,60,18.125,87.08333333333333,14.96,33.86993168694015,45.832504420192194
extreme,3,request_observed,0.82,QuantileMLP-JCSO,quantile,30,,,,,
extreme,3,request_observed,0.82,QuantileMLP-JCSO,quantile,40,,,,,
extreme,3,request_observed,0.82,QuantileMLP-JCSO,quantile,50,18.333333333333332,86.875,14.96,32.914738711389205,44.007408510404915
extreme,3,request_observed,0.82,QuantileMLP-JCSO,quantile,60,,,,,
extreme,3,request_observed,0.82,QuantileMLP-JCSO,scale,30,18.958333333333332,86.875,14.96,32.97438527614421,39.68886994499854
extreme,3,request_observed,0.82,QuantileMLP-JCSO,scale,40,18.958333333333332,86.875,14.96,32.945574785996484,41.9718025807758
extreme,3,request_observed,0.82,QuantileMLP-JCSO,scale,50,18.465523286964363,86.875,14.96,32.92065957254843,44.205292975632126
extreme,3,request_observed,0.82,QuantileMLP-JCSO,scale,60,18.333333333333332,86.875,14.96,32.89876154738328,46.4682251394522
extreme,3,request_observed,1.0,Diffusion-JCSO,quantile,30,,,,,
extreme,3,request_observed,1.0,Diffusion-JCSO,quantile,40,,,,,
extreme,3,request_observed,1.0,Diffusion-JCSO,quantile,50,13.541666666666666,90.41666666666667,14.96,20.408927704879392,37.94233372255831
extreme,3,request_observed,1.0,Diffusion-JCSO,quantile,60,,,,,
extreme,3,request_observed,1.0,Diffusion-JCSO,scale,30,28.41577847563498,82.98234746198754,14.96,20.720353536717592,34.02190321867109
extreme,3,request_observed,1.0,Diffusion-JCSO,scale,40,19.66605737286541,87.54741934169341,14.96,20.710655319010808,36.0360812355315
extreme,3,request_observed,1.0,Diffusion-JCSO,scale,50,14.45688365781254,89.99425882459934,14.96,20.715684080035732,37.96874924793125
extreme,3,request_observed,1.0,Diffusion-JCSO,scale,60,13.837167370410983,90.26891631479451,14.96,19.99825019029315,39.84967893547543
extreme,3,request_observed,1.0,GAN-JCSO,quantile,30,,,,,
extreme,3,request_observed,1.0,GAN-JCSO,quantile,40,,,,,
extreme,3,request_observed,1.0,GAN-JCSO,quantile,50,,,,,
extreme,3,request_observed,1.0,GAN-JCSO,quantile,60,,,,,
extreme,3,request_observed,1.0,GAN-JCSO,scale,30,31.11231677554725,81.01932484834404,14.96,23.633083896370866,34.1073584485731
extreme,3,request_observed,1.0,GAN-JCSO,scale,40,17.11322535270687,88.83922065697989,14.96,23.15580743816144,36.06171155263119
extreme,3,request_observed,1.0,GAN-JCSO,scale,50,13.605279369817643,90.56138729684902,14.96,21.664275336671516,37.98020503748664
extreme,3,request_observed,1.0,GAN-JCSO,scale,60,13.793546524011147,90.37312014265552,14.96,20.26634453304926,39.862759646252
extreme,3,request_observed,1.0,MovingAverage-JCSO,scale,30,32.00768777468444,78.70182829321573,14.96,23.609358656665215,34.189561010904335
extreme,3,request_observed,1.0,MovingAverage-JCSO,scale,40,23.269770060229845,85.23861114049384,14.96,23.36934461877703,36.10892006319203
extreme,3,request_observed,1.0,MovingAverage-JCSO,scale,50,14.490081853605357,89.94245907319733,14.96,21.863373420992364,37.96336726879996
extreme,3,request_observed,1.0,MovingAverage-JCSO,scale,60,13.140978124980128,90.60902187501988,14.96,20.33797840336574,39.764913080897614
extreme,3,request_observed,1.0,QuantileMLP-JCSO,quantile,30,,,,,
extreme,3,request_observed,1.0,QuantileMLP-JCSO,quantile,40,,,,,
extreme,3,request_observed,1.0,QuantileMLP-JCSO,quantile,50,13.191917233390098,90.69570804997161,14.96,22.206967010107416,38.19529095701652
extreme,3,request_observed,1.0,QuantileMLP-JCSO,quantile,60,,,,,
extreme,3,request_observed,1.0,QuantileMLP-JCSO,scale,30,17.711745824843412,88.38142233808769,14.96,23.590632879699026,34.24917248655653
extreme,3,request_observed,1.0,QuantileMLP-JCSO,scale,40,13.333333333333334,90.82187001286228,14.96,23.67576980135695,36.270163192702825
extreme,3,request_observed,1.0,QuantileMLP-JCSO,scale,50,13.333333333333334,90.63829034228581,14.96,22.305616154415798,38.22699798960788
extreme,3,request_observed,1.0,QuantileMLP-JCSO,scale,60,13.50323781465081,90.45509551868253,14.96,20.75447582611194,40.142466310543526
extreme,11,proactive,0.82,Diffusion-JCSO,quantile,30,,,,,
extreme,11,proactive,0.82,Diffusion-JCSO,quantile,40,20.857416898817416,90.8859761241474,14.96,18.46399041656468,39.75450682734512
extreme,11,proactive,0.82,Diffusion-JCSO,quantile,50,16.413902806017102,91.79304859699145,14.96,18.442223487462087,42.541877234314256
extreme,11,proactive,0.82,Diffusion-JCSO,quantile,60,,,,,
extreme,11,proactive,0.82,Diffusion-JCSO,scale,30,28.26555789860217,89.12650726706605,14.96,18.498201773729583,37.087075474927
extreme,11,proactive,0.82,Diffusion-JCSO,scale,40,19.804686757790844,91.31050862209074,14.96,18.469955974540824,39.85233262978508
extreme,11,proactive,0.82,Diffusion-JCSO,scale,50,16.348370649228787,91.73577333846212,14.96,18.442578264918808,42.50303781216578
extreme,11,proactive,0.82,Diffusion-JCSO,scale,60,13.379547362109212,92.54630657973635,14.96,18.408899555905354,45.012497321463165
extreme,11,proactive,0.82,GAN-JCSO,quantile,30,,,,,
extreme,11,proactive,0.82,GAN-JCSO,quantile,40,,,,,
extreme,11,proactive,0.82,GAN-JCSO,quantile,50,,,,,
extreme,11,proactive,0.82,GAN-JCSO,quantile,60,,,,,
extreme,11,proactive,0.82,GAN-JCSO,scale,30,23.814000637934303,89.77566650718309,14.96,18.493195592309892,37.334787815837565
extreme,11,proactive,0.82,GAN-JCSO,scale,40,18.947977880884988,91.02246196117062,14.96,18.465860774751086,40.09690917853248
extreme,11,proactive,0.82,GAN-JCSO,scale,50,15.632766161238948,91.69531911982301,14.96,18.44328517494671,42.75654811722072
extreme,11,proactive,0.82,GAN-JCSO,scale,60,13.589318080686272,92.09948054837535,14.96,18.414612989789628,45.320864267836136
extreme,11,proactive,0.82,MovingAverage-JCSO,scale,30,29.648568656893723,88.27656535176594,14.96,18.454798785571505,36.82961826688583
extreme,11,proactive,0.82,MovingAverage-JCSO,scale,40,22.515403123386907,90.41153229220437,14.96,18.429919484284962,39.57334502476197
extreme,11,proactive,0.82,MovingAverage-JCSO,scale,50,17.511200671251927,91.4662756660414,14.96,18.409488250026737,42.20536775002608
extreme,11,proactive,0.82,MovingAverage-JCSO,scale,60,14.645992888366159,91.80623404449672,14.96,18.380527592293976,44.724760639658356
extreme,11,proactive,0.82,QuantileMLP-JCSO,quantile,30,,,,,
extreme,11,proactive,0.82,QuantileMLP-JCSO,quantile,40,19.61358255477306,91.03830564206226,14.96,17.471620604638964,39.6977935254571
extreme,11,proactive,0.82,QuantileMLP-JCSO,quantile,50,17.619544109006306,91.69626307477567,14.96,18.440928143821466,42.79911646464866
extreme,11,proactive,0.82,QuantileMLP-JCSO,quantile,60,,,,,
extreme,11,proactive,0.82,QuantileMLP-JCSO,scale,30,27.512255698704315,88.9265365940789,14.96,18.490943996238652,37.196903692965236
extreme,11,proactive,0.82,QuantileMLP-JCSO,scale,40,21.2086612195635,90.64454998086134,14.96,18.463526991736657,39.96995652724701
extreme,11,proactive,0.82,QuantileMLP-JCSO,scale,50,17.31953264178742,91.39792768656795,14.96,18.44096245281647,42.637048125523684
extreme,11,proactive,0.82,QuantileMLP-JCSO,scale,60,13.850519491337442,92.14656276839918,14.96,18.414097198730442,45.19871904286852
extreme,11,proactive,1.0,Diffusion-JCSO,quantile,30,,,,,
extreme,11,proactive,1.0,Diffusion-JCSO,quantile,40,,,,,
extreme,11,proactive,1.0,Diffusion-JCSO,quantile,50,15.464208319166406,92.94183333962974,14.96,17.07994346631258,35.65163024025028
extreme,11,proactive,1.0,Diffusion-JCSO,quantile,60,,,,,
extreme,11,proactive,1.0,Diffusion-JCSO,scale,30,43.644630023422536,80.21166405709651,14.96,17.18270972441765,31.130604485041125
extreme,11,proactive,1.0,Diffusion-JCSO,scale,40,26.532436413803293,88.61348464506739,14.96,17.130912830768196,33.389074126711606
extreme,11,proactive,1.0,Diffusion-JCSO,scale,50,15.524614088672854,92.8172368272205,14.96,17.08197271924826,35.60933347551818
extreme,11,proactive,1.0,Diffusion-JCSO,scale,60,12.474517299886534,93.59693533751418,14.96,17.048629330907207,37.816966235358834
extreme,11,proactive,1.0,GAN-JCSO,quantile,30,,,,,
extreme,11,proactive,1.0,GAN-JCSO,quantile,40,,,,,
extreme,11,proactive,1.0,GAN-JCSO,quantile,50,,,,,
extreme,11,proactive,1.0,GAN-JCSO,quantile,60,,,,,
extreme,11,proactive,1.0,GAN-JCSO,scale,30,41.95759821094494,80.38400842481947,14.96,19.099579303567587,31.311336028158607
extreme,11,proactive,1.0,GAN-JCSO,scale,40,23.434614695153,89.16794902437644,14.96,17.1168314274962,33.57884271807267
extreme,11,proactive,1.0,GAN-JCSO,scale,50,15.738575074105366,92.25380830863155,14.96,17.082056184053823,35.80705226162898
extreme,11,proactive,1.0,GAN-JCSO,scale,60,12.660118370163303,93.15886258440815,14.96,17.05278810583131,38.013144333403226
extreme,11,proactive,1.0,MovingAverage-JCSO,scale,30,45.01217902206077,79.5756413194002,14.96,19.615672794176827,30.953114984795743
extreme,11,proactive,1.0,MovingAverage-JCSO,scale,40,26.55842993926293,89.35462287197858,14.96,17.085128832336085,33.203198400783656
extreme,11,proactive,1.0,MovingAverage-JCSO,scale,50,16.80640740415728,92.41697730040474,14.96,17.054749982150625,35.41724370471174
extreme,11,proactive,1.0,MovingAverage-JCSO,scale,60,13.658129497840248,92.85743005579553,14.96,17.02480069166425,37.59540609396751
extreme,11,proactive,1.0,QuantileMLP-JCSO,quantile,30,,,,,
extreme,11,proactive,1.0,QuantileMLP-JCSO,quantile,40,20.485407024822322,91.22708654728144,14.96,16.363189624489003,33.301014499524136
extreme,11,proactive,1.0,QuantileMLP-JCSO,quantile,50,16.903787918148065,92.75963202338627,14.96,17.079220672849836,35.83516636042462
extreme,11,proactive,1.0,QuantileMLP-JCSO,quantile,60,,,,,
extreme,11,proactive,1.0,QuantileMLP-JCSO,scale,30,37.87157220905934,83.16511578462247,14.96,17.132041034042423,31.200778618126627
extreme,11,proactive,1.0,QuantileMLP-JCSO,scale,40,21.22597482524912,91.32873120500747,14.96,17.102467205193268,33.46925580667164
extreme,11,proactive,1.0,QuantileMLP-JCSO,scale,50,16.431256603317227,92.47959931875336,14.96,17.080097381028484,35.70476652007852
extreme,11,proactive,1.0,QuantileMLP-JCSO,scale,60,12.97298450828096,93.19706976501047,14.96,17.052392759694023,37.91268802436441
extreme,11,request_observed,0.82,Diffusion-JCSO,quantile,30,,,,,
extreme,11,request_observed,0.82,Diffusion-JCSO,quantile,40,,,,,
extreme,11,request_observed,0.82,Diffusion-JCSO,quantile,50,8.333333333333332,93.95833333333333,14.96,18.40798013522872,42.615863170652936
extreme,11,request_observed,0.82,Diffusion-JCSO,quantile,60,,,,,
extreme,11,request_observed,0.82,Diffusion-JCSO,scale,30,8.333333333333332,93.95833333333333,14.96,18.45468610911204,37.49172438198326
extreme,11,request_observed,0.82,Diffusion-JCSO,scale,40,8.333333333333332,93.95833333333333,14.96,18.429679846663742,40.070713215483494
extreme,11,request_observed,0.82,Diffusion-JCSO,scale,50,8.333333333333332,93.95833333333333,14.96,18.408012662397244,42.60412776735148
extreme,11,request_observed,0.82,Diffusion-JCSO,scale,60,8.333333333333332,93.95833333333333,14.96,18.389060639052435,45.058390342656686
extreme,11,request_observed,0.82,GAN-JCSO,quantile,30,,,,,
extreme,11,request_observed,0.82,GAN-JCSO,quantile,40,,,,,
extreme,11,request_observed,0.82,GAN-JCSO,quantile,50,,,,,
extreme,11,request_observed,0.82,GAN-JCSO,quantile,60,,,,,
extreme,11,request_observed,0.82,GAN-JCSO,scale,30,8.333333333333332,93.95833333333333,14.96,18.450405892711455,37.74354543611326
extreme,11,request_observed,0.82,GAN-JCSO,scale,40,8.333333333333332,93.95833333333333,14.96,18.42580507133223,40.34028345906613
extreme,11,request_observed,0.82,GAN-JCSO,scale,50,8.333333333333332,93.95833333333333,14.96,18.404474974752283,42.89846539509022
extreme,11,request_observed,0.82,GAN-JCSO,scale,60,8.333333333333332,93.95833333333333,14.96,18.385807364023098,45.389055759198456
extreme,11,request_observed,0.82,MovingAverage-JCSO,scale,30,8.758657598633999,93.77605150534733,14.96,18.41043100918881,37.33810556264561
extreme,11,request_observed,0.82,MovingAverage-JCSO,scale,40,8.333333333333332,93.95833333333333,14.96,18.388695083639487,39.88048988886444
extreme,11,request_observed,0.82,MovingAverage-JCSO,scale,50,8.333333333333332,93.95833333333333,14.96,18.369878626878936,42.38833618347086
extreme,11,request_observed,0.82,MovingAverage-JCSO,scale,60,8.333333333333332,93.95833333333333,14.96,18.35340662848262,44.82738730989158
extreme,11,request_observed,0.82,QuantileMLP-JCSO,quantile,30,,,,,
extreme,11,request_observed,0.82,QuantileMLP-JCSO,quantile,40,8.333333333333332,93.95833333333333,14.96,18.428842461832463,40.00736187719604
extreme,11,request_observed,0.82,QuantileMLP-JCSO,quantile,50,8.333333333333332,93.95833333333333,14.96,18.402483400280296,42.86553865477391
extreme,11,request_observed,0.82,QuantileMLP-JCSO,quantile,60,,,,,
extreme,11,request_observed,0.82,QuantileMLP-JCSO,scale,30,8.333333333333332,93.95833333333333,14.96,18.44713515765128,37.6207100925553
extreme,11,request_observed,0.82,QuantileMLP-JCSO,scale,40,8.333333333333332,93.95833333333333,14.96,18.42270412459065,40.20944866090073
extreme,11,request_observed,0.82,QuantileMLP-JCSO,scale,50,8.333333333333332,93.95833333333333,14.96,18.401530662165428,42.764344866882205
extreme,11,request_observed,0.82,QuantileMLP-JCSO,scale,60,8.333333333333332,93.95833333333333,14.96,18.383007043436017,45.255384523964985
extreme,11,request_observed,1.0,Diffusion-JCSO,quantile,30,,,,,
extreme,11,request_observed,1.0,Diffusion-JCSO,quantile,40,,,,,
extreme,11,request_observed,1.0,Diffusion-JCSO,quantile,50,7.5,95.0,14.96,17.047765110166402,35.7504504984175
extreme,11,request_observed,1.0,Diffusion-JCSO,quantile,60,,,,,
extreme,11,request_observed,1.0,Diffusion-JCSO,scale,30,22.32805737387106,87.00003774481615,14.96,17.100122954057987,31.4979915955933
extreme,11,request_observed,1.0,Diffusion-JCSO,scale,40,13.87628698424311,91.65244933327237,14.96,17.070141173943174,33.61960800174441
extreme,11,request_observed,1.0,Diffusion-JCSO,scale,50,7.5,95.0,14.96,17.047891692969955,35.73455066458818
extreme,11,request_observed,1.0,Diffusion-JCSO,scale,60,7.5,95.0,14.96,17.029137732085044,37.86301130538249
extreme,11,request_observed,1.0,GAN-JCSO,quantile,30,,,,,
extreme,11,request_observed,1.0,GAN-JCSO,quantile,40,,,,,
extreme,11,request_observed,1.0,GAN-JCSO,quantile,50,,,,,
extreme,11,request_observed,1.0,GAN-JCSO,quantile,60,,,,,
extreme,11,request_observed,1.0,GAN-JCSO,scale,30,21.904561598547513,87.69355253405958,14.96,19.103455660930326,31.67767947449358
extreme,11,request_observed,1.0,GAN-JCSO,scale,40,10.851425353656394,93.1647267598509,14.96,17.0644945492676,33.82572153151587
extreme,11,request_observed,1.0,GAN-JCSO,scale,50,8.6145445346408,94.33127327921552,14.96,17.04314035402598,35.97421888972715
extreme,11,request_observed,1.0,GAN-JCSO,scale,60,7.418418225042266,95.0,14.96,17.0246216748334,38.11478764339707
extreme,11,request_observed,1.0,MovingAverage-JCSO,scale,30,20.689728671346504,88.33588448927156,14.96,17.05811971273794,31.387991828716736
extreme,11,request_observed,1.0,MovingAverage-JCSO,scale,40,11.366663037582388,93.10202879252749,14.96,17.03448093634922,33.49467787727607
extreme,11,request_observed,1.0,MovingAverage-JCSO,scale,50,7.991630319992041,94.75418484000399,14.96,17.015127172948553,35.605877212247265
extreme,11,request_observed,1.0,MovingAverage-JCSO,scale,60,7.5,95.0,14.96,16.998471514800503,37.70936650929807
extreme,11,request_observed,1.0,QuantileMLP-JCSO,quantile,30,,,,,
extreme,11,request_observed,1.0,QuantileMLP-JCSO,quantile,40,7.5,95.0,14.96,17.065565676137624,33.57358496643172
extreme,11,request_observed,1.0,QuantileMLP-JCSO,quantile,50,7.5,95.0,14.96,17.041942856503344,35.94254500510701
extreme,11,request_observed,1.0,QuantileMLP-JCSO,quantile,60,,,,,
extreme,11,request_observed,1.0,QuantileMLP-JCSO,scale,30,18.175185309352102,89.38253851298984,14.96,17.087543391779832,31.59084933425502
extreme,11,request_observed,1.0,QuantileMLP-JCSO,scale,40,8.431895458951479,94.60061623187794,14.96,17.061497220545338,33.71889909940499
extreme,11,request_observed,1.0,QuantileMLP-JCSO,scale,50,7.5,95.0,14.96,17.0405386539348,35.85720965128876
extreme,11,request_observed,1.0,QuantileMLP-JCSO,scale,60,7.5,95.0,14.96,17.02226767115854,37.99344311139849
extreme,27,proactive,0.82,Diffusion-JCSO,quantile,30,,,,,
extreme,27,proactive,0.82,Diffusion-JCSO,quantile,40,,,,,
extreme,27,proactive,0.82,Diffusion-JCSO,quantile,50,26.60170261019492,86.04166666666667,14.96,26.015729961340448,40.149117489431
extreme,27,proactive,0.82,Diffusion-JCSO,quantile,60,,,,,
extreme,27,proactive,0.82,Diffusion-JCSO,scale,30,41.728888277263835,83.15422234454724,14.96,26.191854217738353,35.41936944734007
extreme,27,proactive,0.82,Diffusion-JCSO,scale,40,30.40554055012533,85.41852101942355,14.96,26.167873231846666,37.831005293057686
extreme,27,proactive,0.82,Diffusion-JCSO,scale,50,26.88446514000633,86.00536692111007,14.96,25.969190880945643,40.14134868788849
extreme,27,proactive,0.82,Diffusion-JCSO,scale,60,23.95352267336453,86.40341919910696,14.96,25.825581455097403,42.366933203857194
extreme,27,proactive,0.82,GAN-JCSO,quantile,30,,,,,
extreme,27,proactive,0.82,GAN-JCSO,quantile,40,,,,,
extreme,27,proactive,0.82,GAN-JCSO,quantile,50,,,,,
extreme,27,proactive,0.82,GAN-JCSO,quantile,60,,,,,
extreme,27,proactive,0.82,GAN-JCSO,scale,30,36.63724111887616,83.88641999886366,14.96,26.778672349231083,35.88036189417473
extreme,27,proactive,0.82,GAN-JCSO,scale,40,29.712596333134528,85.14743863773302,14.96,26.876300489848425,38.24020809218392
extreme,27,proactive,0.82,GAN-JCSO,scale,50,25.758037773016852,86.09839244539663,14.96,26.94316055003357,40.5365683109043
extreme,27,proactive,0.82,GAN-JCSO,scale,60,23.40707530133903,86.5370844807611,14.96,26.508226298872696,42.814293938081526
extreme,27,proactive,0.82,MovingAverage-JCSO,scale,30,41.98070943971373,83.76212341880074,14.96,26.301368818495774,35.45461111004976
extreme,27,proactive,0.82,MovingAverage-JCSO,scale,40,31.405836785912474,85.30780271643219,14.96,26.137749432161957,37.82743602199053
extreme,27,proactive,0.82,MovingAverage-JCSO,scale,50,27.072265007020658,85.7938803319292,14.96,26.07338908350716,40.115763614093225
extreme,27,proactive,0.82,MovingAverage-JCSO,scale,60,23.65861713446642,86.4887942885112,14.96,25.84971664651746,42.324867114927955
extreme,27,proactive,0.82,QuantileMLP-JCSO,quantile,30,,,,,
extreme,27,proactive,0.82,QuantileMLP-JCSO,quantile,40,,,,,
extreme,27,proactive,0.82,QuantileMLP-JCSO,quantile,50,25.49138423954513,86.1691283125109,14.96,26.13949342894808,40.66543403552882
extreme,27,proactive,0.82,QuantileMLP-JCSO,quantile,60,22.71325868366665,86.9563631932,14.96,25.94354989229668,42.9290274651846
extreme,27,proactive,0.82,QuantileMLP-JCSO,scale,30,36.778543032095364,83.74344879231894,14.96,26.19446558470761,35.850797728531404
extreme,27,proactive,0.82,QuantileMLP-JCSO,scale,40,29.927344121694215,85.37790167951593,14.96,26.16695984788854,38.27467153622608
extreme,27,proactive,0.82,QuantileMLP-JCSO,scale,50,26.17540873583607,86.28763324859591,14.96,26.14504111590922,40.61003733956838
extreme,27,proactive,0.82,QuantileMLP-JCSO,scale,60,23.08897223037006,86.94224404587308,14.96,26.00919819761046,42.88480035750583
extreme,27,proactive,1.0,Diffusion-JCSO,quantile,30,,,,,
extreme,27,proactive,1.0,Diffusion-JCSO,quantile,40,,,,,
extreme,27,proactive,1.0,Diffusion-JCSO,quantile,50,16.453631726692027,92.54087071937779,14.96,15.778725998268465,34.39781485569668
extreme,27,proactive,1.0,Diffusion-JCSO,quantile,60,,,,,
extreme,27,proactive,1.0,Diffusion-JCSO,scale,30,52.973037135321874,76.68192059016593,14.96,15.827928877398472,30.49799137078975
extreme,27,proactive,1.0,Diffusion-JCSO,scale,40,29.450247130388014,87.18982578327648,14.96,15.798584335525025,32.482314528709956
extreme,27,proactive,1.0,Diffusion-JCSO,scale,50,17.720930934741453,91.87740550751187,14.96,15.77692227837618,34.41320100993887
extreme,27,proactive,1.0,Diffusion-JCSO,scale,60,12.762883950323454,93.73181646100329,14.96,15.758920339761037,36.33031063714705
extreme,27,proactive,1.0,GAN-JCSO,quantile,30,,,,,
extreme,27,proactive,1.0,GAN-JCSO,quantile,40,,,,,
extreme,27,proactive,1.0,GAN-JCSO,quantile,50,,,,,
extreme,27,proactive,1.0,GAN-JCSO,quantile,60,,,,,
extreme,27,proactive,1.0,GAN-JCSO,scale,30,29.892938080830277,87.7255447172954,14.96,15.116743091377597,30.89908069964027
extreme,27,proactive,1.0,GAN-JCSO,scale,40,17.65535588734347,92.48735171360688,12.723990962198382,15.132070458525382,32.89373429359927
extreme,27,proactive,1.0,GAN-JCSO,scale,50,13.313501543879699,93.82865443107339,13.071657236624551,15.5299541892978,34.86378839998044
extreme,27,proactive,1.0,GAN-JCSO,scale,60,11.590707442158319,94.2776550165262,13.2594660063103,15.630170651903788,36.78069185482663
extreme,27,proactive,1.0,MovingAverage-JCSO,scale,30,42.42685747319781,83.08853714949021,14.96,16.75157384926974,30.612860553006584
extreme,27,proactive,1.0,MovingAverage-JCSO,scale,40,23.253889025272645,90.74198825384693,14.96,15.79896848112538,32.55588108696705
extreme,27,proactive,1.0,MovingAverage-JCSO,scale,50,15.51171234836357,93.16641987015298,14.96,15.777614732783956,34.478766696906135
extreme,27,proactive,1.0,MovingAverage-JCSO,scale,60,13.22256820952133,93.64803281904845,14.96,15.759810829422936,36.38392715816384
extreme,27,proactive,1.0,QuantileMLP-JCSO,quantile,30,,,,,
extreme,27,proactive,1.0,QuantileMLP-JCSO,quantile,40,,,,,
extreme,27,proactive,1.0,QuantileMLP-JCSO,quantile,50,14.294511595160127,93.61552869526928,14.96,15.56557096655025,34.79949426264212
extreme,27,proactive,1.0,QuantileMLP-JCSO,quantile,60,11.789582236900095,94.32583377190662,14.96,15.762384825856698,36.709795665952974
extreme,27,proactive,1.0,QuantileMLP-JCSO,scale,30,52.806257845109975,73.59714247548371,14.96,16.32980307623941,30.82555526219023
extreme,27,proactive,1.0,QuantileMLP-JCSO,scale,40,27.256746747914317,87.99614471547754,14.96,15.795066866067858,32.80755288802155
extreme,27,proactive,1.0,QuantileMLP-JCSO,scale,50,15.478833148452283,93.13053711235895,14.96,15.77354002231857,34.77050114406311
extreme,27,proactive,1.0,QuantileMLP-JCSO,scale,60,11.838532254522946,94.23918486434086,14.96,15.75598989858771,36.72934645937797
extreme,27,request_observed,0.82,Diffusion-JCSO,quantile,30,,,,,
extreme,27,request_observed,0.82,Diffusion-JCSO,quantile,40,,,,,
extreme,27,request_observed,0.82,Diffusion-JCSO,quantile,50,17.708333333333336,88.54166666666666,14.96,25.68068616201002,40.26676821366831
extreme,27,request_observed,0.82,Diffusion-JCSO,quantile,60,,,,,
extreme,27,request_observed,0.82,Diffusion-JCSO,scale,30,18.91995902829126,87.93585381918771,14.96,25.725200971623646,35.76902982553262
extreme,27,request_observed,0.82,Diffusion-JCSO,scale,40,17.824334977703803,88.48366584448142,14.96,25.703795858993114,38.03783842954476
extreme,27,request_observed,0.82,Diffusion-JCSO,scale,50,17.708333333333336,88.54166666666666,14.96,25.683035627168536,40.26678210864226
extreme,27,request_observed,0.82,Diffusion-JCSO,scale,60,17.708333333333336,88.54166666666666,14.96,25.664517512644984,42.45014757154622
extreme,27,request_observed,0.82,GAN-JCSO,quantile,30,,,,,
extreme,27,request_observed,0.82,GAN-JCSO,quantile,40,,,,,
extreme,27,request_observed,0.82,GAN-JCSO,quantile,50,,,,,
extreme,27,request_observed,0.82,GAN-JCSO,quantile,60,,,,,
extreme,27,request_observed,0.82,GAN-JCSO,scale,30,17.708333333333336,88.75,14.96,26.479461518122605,36.09120821350443
extreme,27,request_observed,0.82,GAN-JCSO,scale,40,17.708333333333336,88.75,14.96,26.60811755767835,38.33377415847069
extreme,27,request_observed,0.82,GAN-JCSO,scale,50,17.708333333333336,88.75,14.96,26.93661646387354,40.55887985746467
extreme,27,request_observed,0.82,GAN-JCSO,scale,60,17.708333333333336,88.73039819309577,14.96,26.849654259307243,42.755582459256395
extreme,27,request_observed,0.82,MovingAverage-JCSO,scale,30,17.708333333333336,88.54166666666666,14.96,25.766683508670614,35.819870947118815
extreme,27,request_observed,0.82,MovingAverage-JCSO,scale,40,17.708333333333336,88.54166666666666,14.96,25.674139201637466,38.052687251974206
extreme,27,request_observed,0.82,MovingAverage-JCSO,scale,50,17.708333333333336,88.54166666666666,14.96,25.6561058953921,40.2622913548282
extreme,27,request_observed,0.82,MovingAverage-JCSO,scale,60,17.708333333333336,88.54166666666666,14.96,25.639111643974935,42.42643807694485
extreme,27,request_observed,0.82,QuantileMLP-JCSO,quantile,30,,,,,
extreme,27,request_observed,0.82,QuantileMLP-JCSO,quantile,40,,,,,
extreme,27,request_observed,0.82,QuantileMLP-JCSO,quantile,50,17.708333333333336,88.54166666666666,14.96,25.67604100304648,40.59140083358867
extreme,27,request_observed,0.82,QuantileMLP-JCSO,quantile,60,17.708333333333336,88.54166666666666,14.96,25.660631230613433,42.985158612330245
extreme,27,request_observed,0.82,QuantileMLP-JCSO,scale,30,23.006076306903715,88.33254523349942,14.96,25.723276747993097,36.07974995262402
extreme,27,request_observed,0.82,QuantileMLP-JCSO,scale,40,17.708333333333336,88.54166666666666,14.96,25.698097703752783,38.410659849226896
extreme,27,request_observed,0.82,QuantileMLP-JCSO,scale,50,17.708333333333336,88.54166666666666,14.96,25.677208451144704,40.66715513566488
extreme,27,request_observed,0.82,QuantileMLP-JCSO,scale,60,17.708333333333336,88.54166666666666,14.96,25.65888375814624,42.89072687370069
extreme,27,request_observed,1.0,Diffusion-JCSO,quantile,30,,,,,
extreme,27,request_observed,1.0,Diffusion-JCSO,quantile,40,,,,,
extreme,27,request_observed,1.0,Diffusion-JCSO,quantile,50,9.081921089309589,94.67584734641424,14.96,15.781258849385985,34.51867585141919
extreme,27,request_observed,1.0,Diffusion-JCSO,quantile,60,,,,,
extreme,27,request_observed,1.0,Diffusion-JCSO,scale,30,30.113639585781694,82.82937880285752,14.96,15.826697706082985,30.77506184793389
extreme,27,request_observed,1.0,Diffusion-JCSO,scale,40,17.055144733570852,90.62182148096554,14.96,15.80112693460434,32.650485299001325
extreme,27,request_observed,1.0,Diffusion-JCSO,scale,50,10.343969381715285,93.91861837097083,14.96,15.780501651264183,34.52587593962371
extreme,27,request_observed,1.0,Diffusion-JCSO,scale,60,7.5135993753378685,95.61684037479728,14.96,15.762868084956649,36.41154287728248
extreme,27,request_observed,1.0,GAN-JCSO,quantile,30,,,,,
extreme,27,request_observed,1.0,GAN-JCSO,quantile,40,,,,,
extreme,27,request_observed,1.0,GAN-JCSO,quantile,50,,,,,
extreme,27,request_observed,1.0,GAN-JCSO,quantile,60,,,,,
extreme,27,request_observed,1.0,GAN-JCSO,scale,30,11.989587004112003,93.20735482073216,14.96,15.085364390662823,31.09172481443749
extreme,27,request_observed,1.0,GAN-JCSO,scale,40,7.615842548386132,95.52690688614852,12.911902209686463,15.103045710100224,32.9860606489631
extreme,27,request_observed,1.0,GAN-JCSO,scale,50,6.362845450507536,96.25,11.83844089110771,15.39302828426821,34.884869544317496
extreme,27,request_observed,1.0,GAN-JCSO,scale,60,6.6493381884000895,96.15449757246662,12.57000272445248,15.631324493095756,36.756442074199036
extreme,27,request_observed,1.0,MovingAverage-JCSO,scale,30,19.472526679673926,89.38147899837443,14.96,16.58756294927299,30.89032775230575
extreme,27,request_observed,1.0,MovingAverage-JCSO,scale,40,10.143446470612428,94.20160574659332,14.96,15.803914441156646,32.73214141088956
extreme,27,request_observed,1.0,MovingAverage-JCSO,scale,50,7.5,95.625,14.96,15.783545012435642,34.600026968119074
extreme,27,request_observed,1.0,MovingAverage-JCSO,scale,60,7.5,95.625,14.96,15.765968782804743,36.469740781113224
extreme,27,request_observed,1.0,QuantileMLP-JCSO,quantile,30,,,,,
extreme,27,request_observed,1.0,QuantileMLP-JCSO,quantile,40,,,,,
extreme,27,request_observed,1.0,QuantileMLP-JCSO,quantile,50,7.5,95.625,14.96,15.180020156454836,34.88047083741761
extreme,27,request_observed,1.0,QuantileMLP-JCSO,quantile,60,7.5,95.625,14.96,15.763248094508391,36.78726112228159
extreme,27,request_observed,1.0,QuantileMLP-JCSO,scale,30,36.70901372886628,80.2075362139857,14.96,16.231598253109155,31.029942960069807
extreme,27,request_observed,1.0,QuantileMLP-JCSO,scale,40,15.46738359927191,91.19737643079448,14.96,15.797517093178959,32.92401274154447
extreme,27,request_observed,1.0,QuantileMLP-JCSO,scale,50,8.880420559920804,94.8720433309523,14.96,15.77712148623504,34.83233543508782
extreme,27,request_observed,1.0,QuantileMLP-JCSO,scale,60,7.5,95.625,14.96,15.759905987437248,36.74796600372105
extreme,41,proactive,0.82,Diffusion-JCSO,quantile,30,,,,,
extreme,41,proactive,0.82,Diffusion-JCSO,quantile,40,,,,,
extreme,41,proactive,0.82,Diffusion-JCSO,quantile,50,23.693351931764955,86.7549938005228,14.96,31.37526660677937,40.651266512973706
extreme,41,proactive,0.82,Diffusion-JCSO,quantile,60,21.46249853868343,87.08333333333333,14.96,31.373348916993656,42.4845445626652
extreme,41,proactive,0.82,Diffusion-JCSO,scale,30,42.236023330316876,82.54192594539965,14.96,31.642739046343557,35.58035908280284
extreme,41,proactive,0.82,Diffusion-JCSO,scale,40,30.939007585610312,85.91255123422968,14.96,31.408071617169355,37.99503465500126
extreme,41,proactive,0.82,Diffusion-JCSO,scale,50,24.231890929184328,87.08333333333333,14.96,31.38916750620512,40.275860317103394
extreme,41,proactive,0.82,Diffusion-JCSO,scale,60,21.473559489206664,87.08333333333333,14.96,31.373396849449485,42.48203051703108
extreme,41,proactive,0.82,GAN-JCSO,quantile,30,,,,,
extreme,41,proactive,0.82,GAN-JCSO,quantile,40,,,,,
extreme,41,proactive,0.82,GAN-JCSO,quantile,50,25.00229372378861,85.98900990238619,14.96,31.37526660667676,42.38605103658226
extreme,41,proactive,0.82,GAN-JCSO,quantile,60,,,,,
extreme,41,proactive,0.82,GAN-JCSO,scale,30,35.9131895771543,84.15704683301324,14.96,29.764595242568976,36.99517715181462
extreme,41,proactive,0.82,GAN-JCSO,scale,40,28.08812233035816,85.6191487828674,14.96,31.384851306913806,39.46294104428031
extreme,41,proactive,0.82,GAN-JCSO,scale,50,24.938076021310053,86.02959732724474,14.96,31.36796063426672,41.800318203914536
extreme,41,proactive,0.82,GAN-JCSO,scale,60,22.72889359610742,86.6094432676398,14.96,31.354288918440727,44.05425740724784
extreme,41,proactive,0.82,MovingAverage-JCSO,scale,30,40.30714313184107,82.66444092212842,14.96,29.25492337012074,36.42626980398372
extreme,41,proactive,0.82,MovingAverage-JCSO,scale,40,27.607945123595652,85.88469004033418,14.96,29.320334400847504,38.708309518000995
extreme,41,proactive,0.82,MovingAverage-JCSO,scale,50,23.353881857570453,86.71361286894073,14.96,29.408463223082748,40.91782006040346
extreme,41,proactive,0.82,MovingAverage-JCSO,scale,60,22.359578636579883,86.97962640902604,14.96,29.497436507785714,42.995854446096445
extreme,41,proactive,0.82,QuantileMLP-JCSO,quantile,30,,,,,
extreme,41,proactive,0.82,QuantileMLP-JCSO,quantile,40,,,,,
extreme,41,proactive,0.82,QuantileMLP-JCSO,quantile,50,21.25,87.08333333333333,14.96,31.37526660677937,42.07231635412132
extreme,41,proactive,0.82,QuantileMLP-JCSO,quantile,60,20.405585345164866,87.42109919526739,14.96,31.37526660677937,45.250914521149724
extreme,41,proactive,0.82,QuantileMLP-JCSO,scale,30,31.597500930771282,85.51383314717907,14.96,31.425434609669576,37.19571800986029
extreme,41,proactive,0.82,QuantileMLP-JCSO,scale,40,24.607979046415966,86.8858051541324,14.96,31.392357437911116,39.68074377475596
extreme,41,proactive,0.82,QuantileMLP-JCSO,scale,50,21.25,87.08333333333333,14.96,31.375240217196065,42.070470481446804
extreme,41,proactive,0.82,QuantileMLP-JCSO,scale,60,21.25,87.08333333333333,14.96,31.361053376599756,44.35307488614199
extreme,41,proactive,1.0,Diffusion-JCSO,quantile,30,,,,,
extreme,41,proactive,1.0,Diffusion-JCSO,quantile,40,,,,,
extreme,41,proactive,1.0,Diffusion-JCSO,quantile,50,20.488089113517823,90.50066409769579,14.96,19.206210977259392,34.71252224738516
extreme,41,proactive,1.0,Diffusion-JCSO,quantile,60,18.240087642132785,90.83333333333333,14.96,19.19667207810573,36.28182054877811
extreme,41,proactive,1.0,Diffusion-JCSO,scale,30,61.85075667826706,73.08294776478961,14.96,19.611263275085097,30.365558928162457
extreme,41,proactive,1.0,Diffusion-JCSO,scale,40,31.03886855910556,88.05188762262526,14.96,19.24467900079757,32.41700482235896
extreme,41,proactive,1.0,Diffusion-JCSO,scale,50,20.860502662041323,90.83333333333333,14.96,19.21755130717317,34.40070023799822
extreme,41,proactive,1.0,Diffusion-JCSO,scale,60,18.283913809268558,90.84980650802159,14.96,19.195196630923746,36.31030983736109
extreme,41,proactive,1.0,GAN-JCSO,quantile,30,,,,,
extreme,41,proactive,1.0,GAN-JCSO,quantile,40,26.253453306885984,87.49827334655701,14.96,19.221645088136356,33.49003795642096
extreme,41,proactive,1.0,GAN-JCSO,quantile,50,21.684824254317707,89.79166666666667,14.96,19.221067177048063,36.13435836874814
extreme,41,proactive,1.0,GAN-JCSO,quantile,60,,,,,
extreme,41,proactive,1.0,GAN-JCSO,scale,30,46.19112409725781,80.47865938581641,14.96,19.26749345728356,31.528842304457424
extreme,41,proactive,1.0,GAN-JCSO,scale,40,28.877966703043693,87.14860983608358,14.96,19.233903318403307,33.67148883329692
extreme,41,proactive,1.0,GAN-JCSO,scale,50,22.57484803909693,89.3583893189292,14.96,19.208390882514646,35.707736904781235
extreme,41,proactive,1.0,GAN-JCSO,scale,60,19.057056925597575,90.55508637741742,14.96,19.187013964069564,37.67114106558965
extreme,41,proactive,1.0,MovingAverage-JCSO,scale,30,56.6930111714471,72.4755926643092,14.96,19.217752258665247,31.479542135795832
extreme,41,proactive,1.0,MovingAverage-JCSO,scale,40,37.75513664411942,81.67649410474128,14.96,19.186371374512646,33.47465984485779
extreme,41,proactive,1.0,MovingAverage-JCSO,scale,50,23.25771892349345,88.40524576393595,14.96,19.162801877507224,35.327487667016456
extreme,41,proactive,1.0,MovingAverage-JCSO,scale,60,20.2730359343911,89.67031736249284,14.96,19.14454869058647,37.13396209161184
extreme,41,proactive,1.0,QuantileMLP-JCSO,quantile,30,,,,,
extreme,41,proactive,1.0,QuantileMLP-JCSO,quantile,40,,,,,
extreme,41,proactive,1.0,QuantileMLP-JCSO,quantile,50,18.125,90.83333333333333,14.96,19.19613210655259,35.919207478703555
extreme,41,proactive,1.0,QuantileMLP-JCSO,quantile,60,17.173759179898564,91.21382966137391,14.96,19.18234165973215,38.602954479825144
extreme,41,proactive,1.0,QuantileMLP-JCSO,scale,30,29.76668578518557,88.82499575144024,14.96,19.249535554454173,31.609129294830744
extreme,41,proactive,1.0,QuantileMLP-JCSO,scale,40,21.195985111676503,90.65268715029354,14.96,19.22004353906851,33.77616473757562
extreme,41,proactive,1.0,QuantileMLP-JCSO,scale,50,18.125,90.83333333333333,14.96,19.195941320655116,35.848361466787466
extreme,41,proactive,1.0,QuantileMLP-JCSO,scale,60,18.125,90.83333333333333,14.96,19.17570911519963,37.83669989620028
extreme,41,request_observed,0.82,Diffusion-JCSO,quantile,30,,,,,
extreme,41,request_observed,0.82,Diffusion-JCSO,quantile,40,,,,,
extreme,41,request_observed,0.82,Diffusion-JCSO,quantile,50,,,,,
extreme,41,request_observed,0.82,Diffusion-JCSO,quantile,60,17.083333333333332,88.54166666666666,14.96,31.37868988875297,42.54056952197202
extreme,41,request_observed,0.82,Diffusion-JCSO,scale,30,29.486700247353,88.54166666666666,14.96,31.43417189846617,35.941742302508686
extreme,41,request_observed,0.82,Diffusion-JCSO,scale,40,17.083333333333332,88.54166666666666,14.96,31.41198473780143,38.202736473608326
extreme,41,request_observed,0.82,Diffusion-JCSO,scale,50,17.083333333333332,88.54166666666666,14.96,31.394561401943406,40.3395302447634
extreme,41,request_observed,0.82,Diffusion-JCSO,scale,60,17.083333333333332,88.54166666666666,14.96,31.379637980370312,42.4471557653788
extreme,41,request_observed,0.82,GAN-JCSO,quantile,30,,,,,
extreme,41,request_observed,0.82,GAN-JCSO,quantile,40,,,,,
extreme,41,request_observed,0.82,GAN-JCSO,quantile,50,17.083333333333332,88.54166666666666,14.96,31.40475486166219,42.28545112924266
extreme,41,request_observed,0.82,GAN-JCSO,quantile,60,,,,,
extreme,41,request_observed,0.82,GAN-JCSO,scale,30,16.970432941986385,88.54166666666666,14.96,31.43955900071556,37.378463337329705
extreme,41,request_observed,0.82,GAN-JCSO,scale,40,17.083333333333332,88.54166666666666,14.96,31.41898951652806,39.67835101151555
extreme,41,request_observed,0.82,GAN-JCSO,scale,50,17.083333333333332,88.54166666666666,14.96,31.401160944647476,41.94974833677613
extreme,41,request_observed,0.82,GAN-JCSO,scale,60,17.083333333333332,88.54166666666666,14.96,31.385562307362783,44.160794244598414
extreme,41,request_observed,0.82,MovingAverage-JCSO,scale,30,17.11737796272725,88.5246443519697,14.96,27.024052806635964,36.870900311101764
extreme,41,request_observed,0.82,MovingAverage-JCSO,scale,40,16.375926117461134,88.91635796084628,14.96,27.307912360826833,38.97463106837856
extreme,41,request_observed,0.82,MovingAverage-JCSO,scale,50,16.875,88.75,14.96,28.500433246561904,41.05711261552614
extreme,41,request_observed,0.82,MovingAverage-JCSO,scale,60,16.875,88.75,14.96,28.619690005815954,43.08336057999656
extreme,41,request_observed,0.82,QuantileMLP-JCSO,quantile,30,,,,,
extreme,41,request_observed,0.82,QuantileMLP-JCSO,quantile,40,,,,,
extreme,41,request_observed,0.82,QuantileMLP-JCSO,quantile,50,17.083333333333332,88.54166666666666,14.96,31.387276005649326,41.771639005954576
extreme,41,request_observed,0.82,QuantileMLP-JCSO,quantile,60,17.083333333333332,88.54166666666666,14.96,31.380483107024528,44.90014268955935
extreme,41,request_observed,0.82,QuantileMLP-JCSO,scale,30,17.083333333333332,88.54166666666666,14.96,31.426598662622904,37.44724197924113
extreme,41,request_observed,0.82,QuantileMLP-JCSO,scale,40,17.083333333333332,88.54166666666666,14.96,31.407236345386416,39.751074191567966
extreme,41,request_observed,0.82,QuantileMLP-JCSO,scale,50,17.083333333333332,88.54166666666666,14.96,31.39037237163371,42.02091574898749
extreme,41,request_observed,0.82,QuantileMLP-JCSO,scale,60,17.083333333333332,88.54166666666666,14.96,31.37555347463806,44.23437910211513
extreme,41,request_observed,1.0,Diffusion-JCSO,quantile,30,,,,,
extreme,41,request_observed,1.0,Diffusion-JCSO,quantile,40,,,,,
extreme,41,request_observed,1.0,Diffusion-JCSO,quantile,50,,,,,
extreme,41,request_observed,1.0,Diffusion-JCSO,quantile,60,13.541666666666666,92.29166666666667,14.96,19.197438721015494,36.385022301618115
extreme,41,request_observed,1.0,Diffusion-JCSO,scale,30,48.719336834438735,79.1688689224114,14.96,19.589098367920148,30.736757364629984
extreme,41,request_observed,1.0,Diffusion-JCSO,scale,40,16.493944727135283,90.81552763643236,14.96,19.24604528017226,32.66331870680636
extreme,41,request_observed,1.0,Diffusion-JCSO,scale,50,13.541666666666666,92.29166666666667,14.96,19.221154997335717,34.52884792708763
extreme,41,request_observed,1.0,Diffusion-JCSO,scale,60,13.541666666666666,92.29166666666667,14.96,19.200105257892446,36.341982745600156
extreme,41,request_observed,1.0,GAN-JCSO,quantile,30,,,,,
extreme,41,request_observed,1.0,GAN-JCSO,quantile,40,,,,,
extreme,41,request_observed,1.0,GAN-JCSO,quantile,50,12.946939888312375,92.58903005584382,14.96,19.222746966514386,36.16295926457335
extreme,41,request_observed,1.0,GAN-JCSO,quantile,60,,,,,
extreme,41,request_observed,1.0,GAN-JCSO,scale,30,26.847217766265356,85.79852523731368,14.96,19.267153767287102,31.9310735369883
extreme,41,request_observed,1.0,GAN-JCSO,scale,40,15.771754840313768,91.01604634696415,14.96,19.23808929777823,33.89689611429438
extreme,41,request_observed,1.0,GAN-JCSO,scale,50,12.660610260468522,92.62802820309908,14.96,19.213969411671233,35.82867320461401
extreme,41,request_observed,1.0,GAN-JCSO,scale,60,12.97821871288994,92.5,14.96,19.193257019429456,37.73195817091107
extreme,41,request_observed,1.0,MovingAverage-JCSO,scale,30,36.69069645933127,77.73674857126207,14.96,19.213910846008762,31.92448985042863
extreme,41,request_observed,1.0,MovingAverage-JCSO,scale,40,24.204497957410226,85.92359912058674,14.96,19.18672025300882,33.756598437454834
extreme,41,request_observed,1.0,MovingAverage-JCSO,scale,50,13.3776909412776,91.69102649503483,14.96,19.165063295562028,35.52491010555275
extreme,41,request_observed,1.0,MovingAverage-JCSO,scale,60,12.083333333333334,92.52551992310026,14.96,19.147375304021296,37.26663841655928
extreme,41,request_observed,1.0,QuantileMLP-JCSO,quantile,30,,,,,
extreme,41,request_observed,1.0,QuantileMLP-JCSO,quantile,40,,,,,
extreme,41,request_observed,1.0,QuantileMLP-JCSO,quantile,50,13.541666666666666,92.29166666666667,14.96,19.199202432824332,35.74602293946936
extreme,41,request_observed,1.0,QuantileMLP-JCSO,quantile,60,13.541666666666666,92.29166666666667,14.96,19.185446332824544,38.377694466140895
extreme,41,request_observed,1.0,QuantileMLP-JCSO,scale,30,14.686544366445563,91.7192278167772,14.96,19.250998716105723,31.908817103114103
extreme,41,request_observed,1.0,QuantileMLP-JCSO,scale,40,13.583603592935798,92.2706982035321,14.96,19.224451627989925,33.91425907833804
extreme,41,request_observed,1.0,QuantileMLP-JCSO,scale,50,13.541666666666666,92.29166666666667,14.96,19.201828343003072,35.8651297262337
extreme,41,request_observed,1.0,QuantileMLP-JCSO,scale,60,13.541666666666666,92.29166666666667,14.96,19.181942713661357,37.78230942900225
extreme,59,proactive,0.82,Diffusion-JCSO,quantile,30,,,,,
extreme,59,proactive,0.82,Diffusion-JCSO,quantile,40,,,,,
extreme,59,proactive,0.82,Diffusion-JCSO,quantile,50,15.810255617226527,91.2576925720356,14.96,19.936033798750643,40.08409920027202
extreme,59,proactive,0.82,Diffusion-JCSO,quantile,60,,,,,
extreme,59,proactive,0.82,Diffusion-JCSO,scale,30,25.687208968771913,89.77415344188367,14.96,19.982404476709327,35.271523651665866
extreme,59,proactive,0.82,Diffusion-JCSO,scale,40,18.9360669129455,90.54611995074424,14.96,19.95616238296251,37.69934089456025
extreme,59,proactive,0.82,Diffusion-JCSO,scale,50,16.210126721769377,91.10371831955766,14.96,19.93447017580819,40.051326114243565
extreme,59,proactive,0.82,Diffusion-JCSO,scale,60,14.747160823261721,91.4731686144683,14.96,19.915967388887392,42.317993938691636
extreme,59,proactive,0.82,GAN-JCSO,quantile,30,,,,,
extreme,59,proactive,0.82,GAN-JCSO,quantile,40,,,,,
extreme,59,proactive,0.82,GAN-JCSO,quantile,50,16.604785135731348,91.04166666666667,14.96,19.930873500330808,40.18492877172582
extreme,59,proactive,0.82,GAN-JCSO,quantile,60,15.625,91.25,14.96,19.927839549544405,42.58872427376504
extreme,59,proactive,0.82,GAN-JCSO,scale,30,29.954868494127652,89.17418858431206,14.96,19.993830813448636,35.646837734458764
extreme,59,proactive,0.82,GAN-JCSO,scale,40,20.991222558141406,90.6839846164124,14.96,19.965681923703134,38.07984915342926
extreme,59,proactive,0.82,GAN-JCSO,scale,50,16.969132423103044,91.25,14.96,19.943009960621612,40.37036538592351
extreme,59,proactive,0.82,GAN-JCSO,scale,60,15.386146080000614,91.29777078399988,14.96,19.923795369893327,42.561995564135096
extreme,59,proactive,0.82,MovingAverage-JCSO,scale,30,27.99924156388437,89.13854662759022,14.96,17.71209266975687,35.06348410529446
extreme,59,proactive,0.82,MovingAverage-JCSO,scale,40,20.27799373073866,90.2513021843741,14.96,19.061063635876422,37.48352818366509
extreme,59,proactive,0.82,MovingAverage-JCSO,scale,50,17.33651815594229,90.77821121988399,14.96,19.916765006070815,39.83403859268839
extreme,59,proactive,0.82,MovingAverage-JCSO,scale,60,15.56050263506361,91.2661243412341,14.96,19.89937889786547,42.1453180238093
extreme,59,proactive,0.82,QuantileMLP-JCSO,quantile,30,,,,,
extreme,59,proactive,0.82,QuantileMLP-JCSO,quantile,40,,,,,
extreme,59,proactive,0.82,QuantileMLP-JCSO,quantile,50,15.254879138582822,91.29044688202096,14.96,19.928711506628733,40.22374409519077
extreme,59,proactive,0.82,QuantileMLP-JCSO,quantile,60,14.196466179202819,91.65176691039859,14.96,19.925814948022907,42.83870580468108
extreme,59,proactive,0.82,QuantileMLP-JCSO,scale,30,21.729649925148145,90.5862404868836,14.96,19.973287204210962,35.3793313868433
extreme,59,proactive,0.82,QuantileMLP-JCSO,scale,40,16.808910484366287,91.25,14.96,19.948097342474895,37.79691119211085
extreme,59,proactive,0.82,QuantileMLP-JCSO,scale,50,15.377867652279477,91.25,14.96,19.927166054610293,40.163611452097
extreme,59,proactive,0.82,QuantileMLP-JCSO,scale,60,14.997254573868807,91.25091514204374,14.96,19.909249246307194,42.50529275495228
extreme,59,proactive,1.0,Diffusion-JCSO,quantile,30,,,,,
extreme,59,proactive,1.0,Diffusion-JCSO,quantile,40,13.333526954319971,94.28811376903334,9.745095491587453,14.96,32.11437539929908
extreme,59,proactive,1.0,Diffusion-JCSO,quantile,50,10.066201102582347,95.81126629913922,9.218505875010718,14.96,34.153330204865966
extreme,59,proactive,1.0,Diffusion-JCSO,quantile,60,,,,,
extreme,59,proactive,1.0,Diffusion-JCSO,scale,30,42.93019605217043,81.66899127966636,14.96,14.96,30.115117146944332
extreme,59,proactive,1.0,Diffusion-JCSO,scale,40,18.674197834319283,92.14498626510223,12.687547606905937,14.96,32.148104585370774
extreme,59,proactive,1.0,Diffusion-JCSO,scale,50,10.6253082579685,95.57283960217455,9.213238250945743,14.96,34.11310208041115
extreme,59,proactive,1.0,Diffusion-JCSO,scale,60,9.324265765448303,95.8981002253046,9.193625463272976,14.96,36.063412271450666
extreme,59,proactive,1.0,GAN-JCSO,quantile,30,,,,,
extreme,59,proactive,1.0,GAN-JCSO,quantile,40,,,,,
extreme,59,proactive,1.0,GAN-JCSO,quantile,50,12.5,94.79166666666666,9.671254761956602,14.96,34.3896141062216
extreme,59,proactive,1.0,GAN-JCSO,quantile,60,10.259486441158373,95.66990863585951,9.225871652040167,14.96,36.614240907192176
extreme,59,proactive,1.0,GAN-JCSO,scale,30,44.41427532037839,82.09834370292225,14.96,14.96,30.455114332373423
extreme,59,proactive,1.0,GAN-JCSO,scale,40,20.884980231102524,91.83266113016224,11.697985564528985,14.96,32.54776673945365
extreme,59,proactive,1.0,GAN-JCSO,scale,50,11.618309105988855,95.34769789861795,9.436852529902154,14.96,34.53835829613995
extreme,59,proactive,1.0,GAN-JCSO,scale,60,9.95510963445181,95.71731140644297,9.218651565819727,14.96,36.4846766767024
extreme,59,proactive,1.0,MovingAverage-JCSO,scale,30,46.025436466048724,79.4346323513483,14.96,14.96,30.025632470600844
extreme,59,proactive,1.0,MovingAverage-JCSO,scale,40,19.996641940989,91.5541302268664,11.186307239783966,14.96,32.01180024267218
extreme,59,proactive,1.0,MovingAverage-JCSO,scale,50,12.013088112897501,95.0732770158628,9.37909936084631,14.96,33.965911201040825
extreme,59,proactive,1.0,MovingAverage-JCSO,scale,60,9.76459944068301,95.74675567984823,9.180434162154738,14.96,35.90245794833232
extreme,59,proactive,1.0,QuantileMLP-JCSO,quantile,30,,,,,
extreme,59,proactive,1.0,QuantileMLP-JCSO,quantile,40,14.512842778266485,93.63193238399455,10.809617544504118,14.96,32.09718260093586
extreme,59,proactive,1.0,QuantileMLP-JCSO,quantile,50,9.670420952474506,95.75947809521472,9.226414564011664,14.96,34.33633845388136
extreme,59,proactive,1.0,QuantileMLP-JCSO,quantile,60,8.822598297096391,96.10953418478515,9.222488831882817,14.96,36.72965613348481
extreme,59,proactive,1.0,QuantileMLP-JCSO,scale,30,40.45707671046978,82.77462679912462,14.360594254506946,14.96,30.18690809788302
extreme,59,proactive,1.0,QuantileMLP-JCSO,scale,40,14.330043268155684,94.02949938006877,11.405683508765085,14.96,32.20066606830563
extreme,59,proactive,1.0,QuantileMLP-JCSO,scale,50,10.077995989331102,95.625,9.219596872146244,14.96,34.172920528814046
extreme,59,proactive,1.0,QuantileMLP-JCSO,scale,60,9.59327670105661,95.67459749140252,9.199693850067002,14.96,36.131661646886535
extreme,59,request_observed,0.82,Diffusion-JCSO,quantile,30,,,,,
extreme,59,request_observed,0.82,Diffusion-JCSO,quantile,40,,,,,
extreme,59,request_observed,0.82,Diffusion-JCSO,quantile,50,11.666666666666666,92.5,14.96,19.937434879311432,40.10641907701002
extreme,59,request_observed,0.82,Diffusion-JCSO,quantile,60,,,,,
extreme,59,request_observed,0.82,Diffusion-JCSO,scale,30,11.822480126242727,92.5,14.96,19.98228079903499,35.493782615910995
extreme,59,request_observed,0.82,Diffusion-JCSO,scale,40,11.666666666666666,92.5,14.96,19.958145552583627,37.804005866125294
extreme,59,request_observed,0.82,Diffusion-JCSO,scale,50,11.666666666666666,92.5,14.96,19.937237069980544,40.098052121243974
extreme,59,request_observed,0.82,Diffusion-JCSO,scale,60,11.666666666666666,92.5,14.96,19.91914842771792,42.331634918259454
extreme,59,request_observed,0.82,GAN-JCSO,quantile,30,,,,,
extreme,59,request_observed,0.82,GAN-JCSO,quantile,40,,,,,
extreme,59,request_observed,0.82,GAN-JCSO,quantile,50,11.666666666666666,92.5,14.96,19.93150076751301,40.21305321886769
extreme,59,request_observed,0.82,GAN-JCSO,quantile,60,11.666666666666666,92.5,14.96,19.928051346171138,42.59975730642244
extreme,59,request_observed,0.82,GAN-JCSO,scale,30,18.559822406951124,92.21754271519924,14.96,19.992407053687526,35.86740574152725
extreme,59,request_observed,0.82,GAN-JCSO,scale,40,11.784430852583396,92.5,14.96,19.966269359206635,38.20241894931936
extreme,59,request_observed,0.82,GAN-JCSO,scale,50,11.666666666666666,92.5,14.96,19.94482330648285,40.426589813352706
extreme,59,request_observed,0.82,GAN-JCSO,scale,60,11.666666666666666,92.5,14.96,19.926021106518782,42.583265134952654
extreme,59,request_observed,0.82,MovingAverage-JCSO,scale,30,11.740975322349007,92.5,14.96,17.961330750204212,35.404815260851294
extreme,59,request_observed,0.82,MovingAverage-JCSO,scale,40,11.666666666666666,92.5,14.96,18.871652811447323,37.703792155048085
extreme,59,request_observed,0.82,MovingAverage-JCSO,scale,50,11.666666666666666,92.5,14.96,19.73136179933698,39.9934323958102
extreme,59,request_observed,0.82,MovingAverage-JCSO,scale,60,11.666666666666666,92.5,14.96,19.902155446411633,42.26907398661101
extreme,59,request_observed,0.82,QuantileMLP-JCSO,quantile,30,,,,,
extreme,59,request_observed,0.82,QuantileMLP-JCSO,quantile,40,,,,,
extreme,59,request_observed,0.82,QuantileMLP-JCSO,quantile,50,11.666666666666666,92.5,14.96,19.92940223925904,40.19465422029495
extreme,59,request_observed,0.82,QuantileMLP-JCSO,quantile,60,11.666666666666666,92.5,14.96,19.926200085290183,42.814939894065574
extreme,59,request_observed,0.82,QuantileMLP-JCSO,scale,30,11.836429592411543,92.5,14.96,19.973780725844154,35.57385312051946
extreme,59,request_observed,0.82,QuantileMLP-JCSO,scale,40,11.666666666666666,92.5,14.96,19.950234631599077,37.89417854168508
extreme,59,request_observed,0.82,QuantileMLP-JCSO,scale,50,11.666666666666666,92.5,14.96,19.929976353077013,40.20737900907172
extreme,59,request_observed,0.82,QuantileMLP-JCSO,scale,60,11.666666666666666,92.5,14.96,19.9124082989033,42.51089683702599
extreme,59,request_observed,1.0,Diffusion-JCSO,quantile,30,,,,,
extreme,59,request_observed,1.0,Diffusion-JCSO,quantile,40,7.5,96.25,9.681351379205978,14.96,32.19767005228021
extreme,59,request_observed,1.0,Diffusion-JCSO,quantile,50,6.458333333333334,96.875,9.21977384635467,14.96,34.16457932493077
extreme,59,request_observed,1.0,Diffusion-JCSO,quantile,60,,,,,
extreme,59,request_observed,1.0,Diffusion-JCSO,scale,30,25.221896879231622,86.94134871099503,14.494457446410387,14.96,30.29908090015224
extreme,59,request_observed,1.0,Diffusion-JCSO,scale,40,11.204654513507402,94.36224172814315,12.150432950109105,14.96,32.22204904812679
extreme,59,request_observed,1.0,Diffusion-JCSO,scale,50,6.458333333333334,96.875,9.21631595111544,14.96,34.13806108471541
extreme,59,request_observed,1.0,Diffusion-JCSO,scale,60,6.425167449520071,96.875,9.196906751683184,14.96,36.06055837881552
extreme,59,request_observed,1.0,GAN-JCSO,quantile,30,,,,,
extreme,59,request_observed,1.0,GAN-JCSO,quantile,40,,,,,
extreme,59,request_observed,1.0,GAN-JCSO,quantile,50,6.458333333333334,96.875,9.23303146359449,14.96,34.36461493692723
extreme,59,request_observed,1.0,GAN-JCSO,quantile,60,6.458333333333334,96.875,9.226623522623257,14.96,36.59617830015287
extreme,59,request_observed,1.0,GAN-JCSO,scale,30,32.86986499184836,84.89184860293459,14.96,14.96,30.650964697866275
extreme,59,request_observed,1.0,GAN-JCSO,scale,40,12.618651666727265,93.39585148434375,11.887636890781135,14.96,32.642648901312306
extreme,59,request_observed,1.0,GAN-JCSO,scale,50,6.78986685554212,96.54346647779121,9.482430952107972,14.96,34.56930978835041
extreme,59,request_observed,1.0,GAN-JCSO,scale,60,6.458333333333334,96.875,9.221716524952354,14.96,36.481030253477456
extreme,59,request_observed,1.0,MovingAverage-JCSO,scale,30,27.442170777059452,85.07809975044078,14.96,14.96,30.289798348032754
extreme,59,request_observed,1.0,MovingAverage-JCSO,scale,40,11.719980005960092,93.85104221910026,11.456300540108835,14.96,32.165058410617334
extreme,59,request_observed,1.0,MovingAverage-JCSO,scale,50,7.008893296527283,96.50796002453737,9.501706854778279,14.96,34.066062658178296
extreme,59,request_observed,1.0,MovingAverage-JCSO,scale,60,6.323844296519447,96.875,9.183567184069917,14.96,35.97479932973964
extreme,59,request_observed,1.0,QuantileMLP-JCSO,quantile,30,,,,,
extreme,59,request_observed,1.0,QuantileMLP-JCSO,quantile,40,8.262959855174905,95.79222408689506,10.068421218561056,14.96,32.187202091392834
extreme,59,request_observed,1.0,QuantileMLP-JCSO,quantile,50,6.458333333333334,96.875,9.226902142555751,14.96,34.291424636257396
extreme,59,request_observed,1.0,QuantileMLP-JCSO,quantile,60,6.458333333333334,96.875,9.223469297852597,14.96,36.659221940872484
extreme,59,request_observed,1.0,QuantileMLP-JCSO,scale,30,22.801508185044405,88.70341257414447,13.438433327614225,14.96,30.33861882296927
extreme,59,request_observed,1.0,QuantileMLP-JCSO,scale,40,7.372922852416724,96.4177052404583,9.579209948974226,14.96,32.270232072421855
extreme,59,request_observed,1.0,QuantileMLP-JCSO,scale,50,6.458333333333334,96.875,9.223164822283012,14.96,34.202715242600625
extreme,59,request_observed,1.0,QuantileMLP-JCSO,scale,60,6.443384448309188,96.875,9.203307572423713,14.96,36.13547411845486
extreme,73,proactive,0.82,Diffusion-JCSO,quantile,30,,,,,
extreme,73,proactive,0.82,Diffusion-JCSO,quantile,40,,,,,
extreme,73,proactive,0.82,Diffusion-JCSO,quantile,50,18.415825743533343,91.36139141882222,14.96,15.100032792145832,41.386676105031995
extreme,73,proactive,0.82,Diffusion-JCSO,quantile,60,,,,,
extreme,73,proactive,0.82,Diffusion-JCSO,scale,30,26.598966887500364,89.5501501351591,14.96,15.109594112529159,36.53960459475551
extreme,73,proactive,0.82,Diffusion-JCSO,scale,40,20.761628113941974,91.21096339601658,14.96,15.104492818382806,39.001772420633756
extreme,73,proactive,0.82,Diffusion-JCSO,scale,50,18.375565901658526,91.43745284152845,14.96,15.100413333895089,41.388058241595424
extreme,73,proactive,0.82,Diffusion-JCSO,scale,60,16.947975169869952,91.62647973763762,14.96,15.09691726295298,43.65370805276252
extreme,73,proactive,0.82,GAN-JCSO,quantile,30,,,,,
extreme,73,proactive,0.82,GAN-JCSO,quantile,40,,,,,
extreme,73,proactive,0.82,GAN-JCSO,quantile,50,,,,,
extreme,73,proactive,0.82,GAN-JCSO,quantile,60,,,,,
extreme,73,proactive,0.82,GAN-JCSO,scale,30,28.9463389500185,89.50431555873861,14.96,15.150825850051294,36.75411554632579
extreme,73,proactive,0.82,GAN-JCSO,scale,40,20.890755989841235,91.08580101684052,14.96,15.104168944256289,39.25183993757087
extreme,73,proactive,0.82,GAN-JCSO,scale,50,18.31811528913789,91.25,14.96,15.100059630342063,41.63962465792662
extreme,73,proactive,0.82,GAN-JCSO,scale,60,16.582482295236453,91.58775531142906,14.96,15.096550164452156,43.9546725515587
extreme,73,proactive,0.82,MovingAverage-JCSO,scale,30,26.10065744095747,90.30173587058842,14.96,15.1091306053549,36.75868653626083
extreme,73,proactive,0.82,MovingAverage-JCSO,scale,40,19.651341607556855,91.30810973207386,14.96,15.104029057174092,39.22537423765146
extreme,73,proactive,0.82,MovingAverage-JCSO,scale,50,17.729918812770997,91.58584348173694,14.96,15.099953510696016,41.5875877513621
extreme,73,proactive,0.82,MovingAverage-JCSO,scale,60,16.379190544317257,91.66666666666666,14.96,15.09648377567243,43.89494400055806
extreme,73,proactive,0.82,QuantileMLP-JCSO,quantile,30,,,,,
extreme,73,proactive,0.82,QuantileMLP-JCSO,quantile,40,,,,,
extreme,73,proactive,0.82,QuantileMLP-JCSO,quantile,50,17.461096699762322,91.66666666666666,14.96,15.100609011986819,41.57887064502038
extreme,73,proactive,0.82,QuantileMLP-JCSO,quantile,60,15.890371877824016,92.06432048516977,14.96,15.099282773586381,44.09829739916853
extreme,73,proactive,0.82,QuantileMLP-JCSO,scale,30,26.342466729129555,90.21267682239518,14.96,15.110389661521529,36.738002623542755
extreme,73,proactive,0.82,QuantileMLP-JCSO,scale,40,21.690771213161938,91.34814053004284,14.96,15.105266490527907,39.23212175448519
extreme,73,proactive,0.82,QuantileMLP-JCSO,scale,50,17.848416081305487,91.62841252926805,14.96,15.101103311404044,41.62745049959434
extreme,73,proactive,0.82,QuantileMLP-JCSO,scale,60,16.18457840476653,91.81645915476113,14.96,15.097553150808523,43.95010360826503
extreme,73,proactive,1.0,Diffusion-JCSO,quantile,30,,,,,
extreme,73,proactive,1.0,Diffusion-JCSO,quantile,40,11.868223492444493,96.28266612228569,7.424941865311999,14.96,33.57098707027543
extreme,73,proactive,1.0,Diffusion-JCSO,quantile,50,9.701374070262943,96.90509753213458,6.495629134615308,14.96,35.50232433541581
extreme,73,proactive,1.0,Diffusion-JCSO,quantile,60,,,,,
extreme,73,proactive,1.0,Diffusion-JCSO,scale,30,31.7504265604139,87.36024133506656,10.26180091474081,14.96,31.405897217169244
extreme,73,proactive,1.0,Diffusion-JCSO,scale,40,15.786489688593376,94.70571697295442,8.221536851490765,14.96,33.484594962022804
extreme,73,proactive,1.0,Diffusion-JCSO,scale,50,9.901247152139117,96.91886945445631,6.474682614722257,14.96,35.50688035726332
extreme,73,proactive,1.0,Diffusion-JCSO,scale,60,8.57816784478506,97.11197202586915,6.173461694558225,14.96,37.501060280865886
extreme,73,proactive,1.0,GAN-JCSO,quantile,30,,,,,
extreme,73,proactive,1.0,GAN-JCSO,quantile,40,13.520555877499577,95.1358328504173,8.281975031142863,14.96,33.649506816631295
extreme,73,proactive,1.0,GAN-JCSO,quantile,50,,,,,
extreme,73,proactive,1.0,GAN-JCSO,quantile,60,,,,,
extreme,73,proactive,1.0,GAN-JCSO,scale,30,30.67785286738174,87.9151034689236,10.053664756455376,14.96,31.506580652906298
extreme,73,proactive,1.0,GAN-JCSO,scale,40,16.221125124952028,93.97410324915093,8.8,14.96,33.64659904524977
extreme,73,proactive,1.0,GAN-JCSO,scale,50,10.313681526767532,96.44581422585476,7.089857909621784,14.96,35.69848689802573
extreme,73,proactive,1.0,GAN-JCSO,scale,60,7.963799311665465,97.0322401376669,6.373994229273494,14.96,37.71248771281298
extreme,73,proactive,1.0,MovingAverage-JCSO,scale,30,21.797214882127715,92.3277334337829,9.6157631324979,14.96,31.612438853839393
extreme,73,proactive,1.0,MovingAverage-JCSO,scale,40,12.24292515950448,96.10053040395131,7.449766840169606,14.96,33.745702059935
extreme,73,proactive,1.0,MovingAverage-JCSO,scale,50,9.338759659686694,97.03038164317331,6.285006618328806,14.96,35.764061485519775
extreme,73,proactive,1.0,MovingAverage-JCSO,scale,60,8.033315040866182,97.08333333333333,6.191689733211677,14.96,37.74052081047358
extreme,73,proactive,1.0,QuantileMLP-JCSO,quantile,30,,,,,
extreme,73,proactive,1.0,QuantileMLP-JCSO,quantile,40,10.948944362703712,96.58568057599074,6.929017320457275,14.96,33.616568915859645
extreme,73,proactive,1.0,QuantileMLP-JCSO,quantile,50,8.951656786629433,97.15500329334574,6.388519696392437,14.96,35.70337937245743
extreme,73,proactive,1.0,QuantileMLP-JCSO,quantile,60,7.513371060591252,97.6344318686918,6.362020823987423,14.96,37.92795935261432
extreme,73,proactive,1.0,QuantileMLP-JCSO,scale,30,27.899718561605383,89.01931442182385,9.650957895129338,14.96,31.477182130060196
extreme,73,proactive,1.0,QuantileMLP-JCSO,scale,40,12.587619482021488,96.74123805179785,6.8547035329000705,14.96,33.600890417692405
extreme,73,proactive,1.0,QuantileMLP-JCSO,scale,50,9.022595179737833,97.10734524782147,6.392929791277611,14.96,35.661534524303164
extreme,73,proactive,1.0,QuantileMLP-JCSO,scale,60,7.894254952043576,97.2991372382077,6.34615482733205,14.96,37.684812497707924
extreme,73,request_observed,0.82,Diffusion-JCSO,quantile,30,,,,,
extreme,73,request_observed,0.82,Diffusion-JCSO,quantile,40,,,,,
extreme,73,request_observed,0.82,Diffusion-JCSO,quantile,50,11.666666666666666,93.33333333333333,14.96,15.100134916355525,41.53488985442183
extreme,73,request_observed,0.82,Diffusion-JCSO,quantile,60,11.666666666666666,93.33333333333333,14.96,15.095587534121352,43.72597070980233
extreme,73,request_observed,0.82,Diffusion-JCSO,scale,30,11.666666666666666,93.33333333333333,14.96,15.109417649469952,36.9002385703076
extreme,73,request_observed,0.82,Diffusion-JCSO,scale,40,11.666666666666666,93.33333333333333,14.96,15.10489622752182,39.22527859479383
extreme,73,request_observed,0.82,Diffusion-JCSO,scale,50,11.666666666666666,93.33333333333333,14.96,15.100974387052933,41.54563675732715
extreme,73,request_observed,0.82,Diffusion-JCSO,scale,60,11.666666666666666,93.33333333333333,14.96,15.097527736782856,43.77159495735488
extreme,73,request_observed,0.82,GAN-JCSO,quantile,30,,,,,
extreme,73,request_observed,0.82,GAN-JCSO,quantile,40,,,,,
extreme,73,request_observed,0.82,GAN-JCSO,quantile,50,,,,,
extreme,73,request_observed,0.82,GAN-JCSO,quantile,60,,,,,
extreme,73,request_observed,0.82,GAN-JCSO,scale,30,12.243459754544434,93.04493678939446,14.96,15.109444964187484,37.10329004199523
extreme,73,request_observed,0.82,GAN-JCSO,scale,40,11.666666666666666,93.33333333333333,14.96,15.104871371383972,39.45519554798495
extreme,73,request_observed,0.82,GAN-JCSO,scale,50,11.666666666666666,93.33333333333333,14.96,15.100911978058209,41.77052987841658
extreme,73,request_observed,0.82,GAN-JCSO,scale,60,11.666666666666666,93.33333333333333,14.96,15.097447197038488,44.0241174298299
extreme,73,request_observed,0.82,MovingAverage-JCSO,scale,30,11.666666666666666,93.33333333333333,14.96,15.112193379085008,37.15373040758269
extreme,73,request_observed,0.82,MovingAverage-JCSO,scale,40,11.666666666666666,93.33333333333333,14.96,15.10743162721272,39.486698701289015
extreme,73,request_observed,0.82,MovingAverage-JCSO,scale,50,11.666666666666666,93.33333333333333,14.96,15.10330832448766,41.80091883065742
extreme,73,request_observed,0.82,MovingAverage-JCSO,scale,60,11.666666666666666,93.33333333333333,14.96,15.099699162654034,44.08253224876876
extreme,73,request_observed,0.82,QuantileMLP-JCSO,quantile,30,,,,,
extreme,73,request_observed,0.82,QuantileMLP-JCSO,quantile,40,,,,,
extreme,73,request_observed,0.82,QuantileMLP-JCSO,quantile,50,11.666666666666666,93.33333333333333,14.96,15.10087299279625,41.683108270529864
extreme,73,request_observed,0.82,QuantileMLP-JCSO,quantile,60,11.666666666666666,93.33333333333333,14.96,15.099440169655589,44.18305870866203
extreme,73,request_observed,0.82,QuantileMLP-JCSO,scale,30,12.36525593672933,93.33333333333333,14.96,15.110215112367353,37.08229117187704
extreme,73,request_observed,0.82,QuantileMLP-JCSO,scale,40,11.666666666666666,93.33333333333333,14.96,15.1056177984224,39.44418728037391
extreme,73,request_observed,0.82,QuantileMLP-JCSO,scale,50,11.666666666666666,93.33333333333333,14.96,15.101639054630388,41.7638837890647
extreme,73,request_observed,0.82,QuantileMLP-JCSO,scale,60,11.666666666666666,93.33333333333333,14.96,15.098143777573753,44.0372457409867
extreme,73,request_observed,1.0,Diffusion-JCSO,quantile,30,,,,,
extreme,73,request_observed,1.0,Diffusion-JCSO,quantile,40,,,,,
extreme,73,request_observed,1.0,Diffusion-JCSO,quantile,50,3.75,98.75,5.018433192177943,14.96,35.661391848954906
extreme,73,request_observed,1.0,Diffusion-JCSO,quantile,60,,,,,
extreme,73,request_observed,1.0,Diffusion-JCSO,scale,30,18.545250733904034,91.49285109827778,8.731389230342968,14.96,31.706003586972788
extreme,73,request_observed,1.0,Diffusion-JCSO,scale,40,6.681693859546016,97.19792678024035,6.303315869101808,14.96,33.69013422921497
extreme,73,request_observed,1.0,Diffusion-JCSO,scale,50,3.75,98.75,5.02220763734892,14.96,35.66165208293684
extreme,73,request_observed,1.0,Diffusion-JCSO,scale,60,3.75,98.75,5.068163582725641,14.96,37.61745356784852
extreme,73,request_observed,1.0,GAN-JCSO,quantile,30,,,,,
extreme,73,request_observed,1.0,GAN-JCSO,quantile,40,,,,,
extreme,73,request_observed,1.0,GAN-JCSO,quantile,50,,,,,
extreme,73,request_observed,1.0,GAN-JCSO,quantile,60,,,,,
extreme,73,request_observed,1.0,GAN-JCSO,scale,30,17.650541191189816,91.18360025358766,10.485059066105721,14.96,31.81215276030318
extreme,73,request_observed,1.0,GAN-JCSO,scale,40,8.195087296911938,96.18625880161116,7.401303970940475,14.96,33.8342910561491
extreme,73,request_observed,1.0,GAN-JCSO,scale,50,4.772142189832417,98.13671468610055,5.744505310663488,14.96,35.827870613057776
extreme,73,request_observed,1.0,GAN-JCSO,scale,60,3.75,98.75,5.215050108525017,14.96,37.79740511589466
extreme,73,request_observed,1.0,MovingAverage-JCSO,scale,30,9.81797326842207,95.43449355678224,7.91193790852076,14.96,31.93745495745871
extreme,73,request_observed,1.0,MovingAverage-JCSO,scale,40,4.319051792551697,98.43960811315362,5.324285135449409,14.96,33.954036673103225
extreme,73,request_observed,1.0,MovingAverage-JCSO,scale,50,3.75,98.75,5.038330644569251,14.96,35.93034964194909
extreme,73,request_observed,1.0,MovingAverage-JCSO,scale,60,3.75,98.75,5.078528603702432,14.96,37.87873660486808
extreme,73,request_observed,1.0,QuantileMLP-JCSO,quantile,30,,,,,
extreme,73,request_observed,1.0,QuantileMLP-JCSO,quantile,40,3.75,98.75,4.853788623370377,14.96,33.83015889093442
extreme,73,request_observed,1.0,QuantileMLP-JCSO,quantile,50,3.75,98.75,5.791860195679901,14.96,35.798975893440044
extreme,73,request_observed,1.0,QuantileMLP-JCSO,quantile,60,3.75,98.75,5.813219619509113,14.96,37.97918512847817
extreme,73,request_observed,1.0,QuantileMLP-JCSO,scale,30,15.98833812354588,91.73095313502516,8.856643466334127,14.96,31.767156873174255
extreme,73,request_observed,1.0,QuantileMLP-JCSO,scale,40,3.75,98.75,5.844612950317052,14.96,33.785186870805646
extreme,73,request_observed,1.0,QuantileMLP-JCSO,scale,50,3.75,98.75,5.821319935184824,14.96,35.798610884329044
extreme,73,request_observed,1.0,QuantileMLP-JCSO,scale,60,3.75,98.75,5.801229061195263,14.96,37.7858352249031
extreme,89,proactive,0.82,Diffusion-JCSO,quantile,30,,,,,
extreme,89,proactive,0.82,Diffusion-JCSO,quantile,40,,,,,
extreme,89,proactive,0.82,Diffusion-JCSO,quantile,50,28.803480634999843,81.78772867722228,14.96,39.90315777321308,43.21195768218839
extreme,89,proactive,0.82,Diffusion-JCSO,quantile,60,27.31681311361479,82.29166666666666,14.96,39.897261842095396,45.00079106654088
extreme,89,proactive,0.82,Diffusion-JCSO,scale,30,45.61534386278889,79.33965531429575,14.96,39.98883454722715,38.132436527963996
extreme,89,proactive,0.82,Diffusion-JCSO,scale,40,35.063807847240476,80.7591623816859,14.96,39.93523517951182,40.56304579984524
extreme,89,proactive,0.82,Diffusion-JCSO,scale,50,30.428237611582702,81.31558746280577,14.96,39.91396163157881,42.86847783703561
extreme,89,proactive,0.82,Diffusion-JCSO,scale,60,27.379706894137914,82.29166666666666,14.96,39.89589180815352,45.09288633101459
extreme,89,proactive,0.82,GAN-JCSO,quantile,30,,,,,
extreme,89,proactive,0.82,GAN-JCSO,quantile,40,,,,,
extreme,89,proactive,0.82,GAN-JCSO,quantile,50,,,,,
extreme,89,proactive,0.82,GAN-JCSO,quantile,60,,,,,
extreme,89,proactive,0.82,GAN-JCSO,scale,30,,,,,
extreme,89,proactive,0.82,GAN-JCSO,scale,40,,,,,
extreme,89,proactive,0.82,GAN-JCSO,scale,50,53.62500895701006,75.28282475430917,14.96,39.90749784021884,42.00998561356168
extreme,89,proactive,0.82,GAN-JCSO,scale,60,43.757922145066374,79.16985895295365,14.96,39.88851382723787,44.131599638410385
extreme,89,proactive,0.82,MovingAverage-JCSO,scale,30,52.14880559418421,78.18379966655719,14.96,39.99398943228101,38.120665848206954
extreme,89,proactive,0.82,MovingAverage-JCSO,scale,40,37.914085677727776,80.54596266526208,14.96,39.91617914947647,40.58450905761152
extreme,89,proactive,0.82,MovingAverage-JCSO,scale,50,31.389471964437583,81.38657350996505,14.96,39.89614736166198,42.896894786782866
extreme,89,proactive,0.82,MovingAverage-JCSO,scale,60,28.37664024772105,81.63381141087707,14.96,39.87939613654028,45.11270272447873
extreme,89,proactive,0.82,QuantileMLP-JCSO,quantile,30,,,,,
extreme,89,proactive,0.82,QuantileMLP-JCSO,quantile,40,,,,,
extreme,89,proactive,0.82,QuantileMLP-JCSO,quantile,50,28.382874544947693,81.66666666666667,14.96,39.903446224815944,43.19690086237394
extreme,89,proactive,0.82,QuantileMLP-JCSO,quantile,60,26.932449633979402,82.08333333333333,14.96,39.884369380063326,45.724893784948186
extreme,89,proactive,0.82,QuantileMLP-JCSO,scale,30,41.98938642411761,79.13815777129454,14.96,40.09669044787403,38.6312704239936
extreme,89,proactive,0.82,QuantileMLP-JCSO,scale,40,31.38794648645057,81.32922039540038,14.96,39.92666729046085,41.020670128302974
extreme,89,proactive,0.82,QuantileMLP-JCSO,scale,50,27.972214600999994,81.91319634975,14.96,39.9063040668615,43.305757139421694
extreme,89,proactive,0.82,QuantileMLP-JCSO,scale,60,27.089173160820238,82.08333333333333,14.96,39.889003021263754,45.5147482179779
extreme,89,proactive,1.0,Diffusion-JCSO,quantile,30,,,,,
extreme,89,proactive,1.0,Diffusion-JCSO,quantile,40,,,,,
extreme,89,proactive,1.0,Diffusion-JCSO,quantile,50,21.458333333333332,90.83333333333333,14.96,18.472472848507053,37.18876280945242
extreme,89,proactive,1.0,Diffusion-JCSO,quantile,60,20.092319544704946,91.04166666666667,14.96,18.465119180818657,38.62856517322948
extreme,89,proactive,1.0,Diffusion-JCSO,scale,30,46.98771398029023,82.57609534994067,14.96,19.135941846325665,32.88142328288136
extreme,89,proactive,1.0,Diffusion-JCSO,scale,40,28.608930676359442,88.7331839975768,14.96,18.571563569699226,34.95090957739007
extreme,89,proactive,1.0,Diffusion-JCSO,scale,50,22.67592659148366,90.35802446950545,14.96,18.483499930838217,36.94707589328013
extreme,89,proactive,1.0,Diffusion-JCSO,scale,60,20.0554323746408,91.04166666666667,14.96,18.46002404275494,38.89377238847256
extreme,89,proactive,1.0,GAN-JCSO,quantile,30,,,,,
extreme,89,proactive,1.0,GAN-JCSO,quantile,40,,,,,
extreme,89,proactive,1.0,GAN-JCSO,quantile,50,,,,,
extreme,89,proactive,1.0,GAN-JCSO,quantile,60,,,,,
extreme,89,proactive,1.0,GAN-JCSO,scale,30,,,,,
extreme,89,proactive,1.0,GAN-JCSO,scale,40,,,,,
extreme,89,proactive,1.0,GAN-JCSO,scale,50,43.75699038172299,85.1298219708364,14.96,18.470741680818026,36.43748360584434
extreme,89,proactive,1.0,GAN-JCSO,scale,60,33.839792641124525,88.67885733827697,14.96,18.370687522394622,38.36931751161196
extreme,89,proactive,1.0,MovingAverage-JCSO,scale,30,64.89423572201511,69.90384343999172,14.96,18.774798234041594,33.029428573364974
extreme,89,proactive,1.0,MovingAverage-JCSO,scale,40,44.32104981738351,80.7145845485541,14.96,18.49401666099811,35.083408581316185
extreme,89,proactive,1.0,MovingAverage-JCSO,scale,50,26.949259738292447,88.14503685911042,14.96,18.46539448733927,37.056759972564834
extreme,89,proactive,1.0,MovingAverage-JCSO,scale,60,20.612865957376037,90.49015579198577,14.96,18.44272278689749,39.00701298130317
extreme,89,proactive,1.0,QuantileMLP-JCSO,quantile,30,,,,,
extreme,89,proactive,1.0,QuantileMLP-JCSO,quantile,40,,,,,
extreme,89,proactive,1.0,QuantileMLP-JCSO,quantile,50,20.177511369591464,90.8641552970752,14.96,18.48600709659244,37.39645927219268
extreme,89,proactive,1.0,QuantileMLP-JCSO,quantile,60,,,,,
extreme,89,proactive,1.0,QuantileMLP-JCSO,scale,30,56.49129411089276,73.55865233013064,14.96,18.555810777662593,33.42191922612471
extreme,89,proactive,1.0,QuantileMLP-JCSO,scale,40,32.48137870280032,84.81836459783986,14.96,18.516422393362994,35.45822068633741
extreme,89,proactive,1.0,QuantileMLP-JCSO,scale,50,21.510701264353074,90.26953046488622,14.96,18.487569794657826,37.4335180140262
extreme,89,proactive,1.0,QuantileMLP-JCSO,scale,60,19.530880002937167,91.04166666666667,14.96,18.464083759189652,39.360344816087476
extreme,89,request_observed,0.82,Diffusion-JCSO,quantile,30,,,,,
extreme,89,request_observed,0.82,Diffusion-JCSO,quantile,40,,,,,
extreme,89,request_observed,0.82,Diffusion-JCSO,quantile,50,,,,,
extreme,89,request_observed,0.82,Diffusion-JCSO,quantile,60,21.875,83.75,14.96,39.89780931817819,45.21460135491302
extreme,89,request_observed,0.82,Diffusion-JCSO,scale,30,31.393094195590955,83.75,14.96,39.960368470371186,38.474731718473144
extreme,89,request_observed,0.82,Diffusion-JCSO,scale,40,21.875,83.75,14.96,39.93560842104205,40.80197647349087
extreme,89,request_observed,0.82,Diffusion-JCSO,scale,50,21.875,83.75,14.96,39.91565361737612,43.01660947984382
extreme,89,request_observed,0.82,Diffusion-JCSO,scale,60,21.875,83.75,14.96,39.89825811089188,45.18725778205237
extreme,89,request_observed,0.82,GAN-JCSO,quantile,30,,,,,
extreme,89,request_observed,0.82,GAN-JCSO,quantile,40,,,,,
extreme,89,request_observed,0.82,GAN-JCSO,quantile,50,,,,,
extreme,89,request_observed,0.82,GAN-JCSO,quantile,60,,,,,
extreme,89,request_observed,0.82,GAN-JCSO,scale,30,,,,,
extreme,89,request_observed,0.82,GAN-JCSO,scale,40,,,,,
extreme,89,request_observed,0.82,GAN-JCSO,scale,50,48.5831720336588,79.37631994991033,14.96,39.9070640655465,42.18967439167985
extreme,89,request_observed,0.82,GAN-JCSO,scale,60,33.73899090006057,83.4660433234527,14.96,39.8878299076051,44.2823751048569
extreme,89,request_observed,0.82,MovingAverage-JCSO,scale,30,22.083333333333332,83.75,14.96,39.94208860022012,38.58054660260031
extreme,89,request_observed,0.82,MovingAverage-JCSO,scale,40,22.083333333333332,83.75,14.96,39.92045896213515,40.85855189485464
extreme,89,request_observed,0.82,MovingAverage-JCSO,scale,50,22.083333333333332,83.75,14.96,39.901869586828056,43.06980077864052
extreme,89,request_observed,0.82,MovingAverage-JCSO,scale,60,22.083333333333332,83.75,14.96,39.88552856047974,45.23103267459589
extreme,89,request_observed,0.82,QuantileMLP-JCSO,quantile,30,,,,,
extreme,89,request_observed,0.82,QuantileMLP-JCSO,quantile,40,,,,,
extreme,89,request_observed,0.82,QuantileMLP-JCSO,quantile,50,22.083333333333332,83.75,14.96,39.91058674755073,43.33795408200243
extreme,89,request_observed,0.82,QuantileMLP-JCSO,quantile,60,22.083333333333332,83.75,14.96,39.88845825079434,45.727221999679365
extreme,89,request_observed,0.82,QuantileMLP-JCSO,scale,30,27.659432139988688,82.96278605082513,14.96,40.01114775056071,38.926035949720024
extreme,89,request_observed,0.82,QuantileMLP-JCSO,scale,40,22.083333333333332,83.75,14.96,39.92929684296912,41.207450500957236
extreme,89,request_observed,0.82,QuantileMLP-JCSO,scale,50,22.083333333333332,83.75,14.96,39.909908892788046,43.41416235326888
extreme,89,request_observed,0.82,QuantileMLP-JCSO,scale,60,22.083333333333332,83.75,14.96,39.892899660219534,45.57585062171098
extreme,89,request_observed,1.0,Diffusion-JCSO,quantile,30,,,,,
extreme,89,request_observed,1.0,Diffusion-JCSO,quantile,40,,,,,
extreme,89,request_observed,1.0,Diffusion-JCSO,quantile,50,14.166666666666666,93.33333333333333,14.96,17.792784072341167,37.3424919337354
extreme,89,request_observed,1.0,Diffusion-JCSO,quantile,60,14.374999999999998,93.125,14.96,17.785339060004585,38.841439179915774
extreme,89,request_observed,1.0,Diffusion-JCSO,scale,30,30.492764235046078,87.89186534015305,14.96,18.38571590408887,33.221189168964344
extreme,89,request_observed,1.0,Diffusion-JCSO,scale,40,16.15223984495737,92.23638007752132,14.96,17.927663106653576,35.20081677848911
extreme,89,request_observed,1.0,Diffusion-JCSO,scale,50,14.374999999999998,93.125,14.96,17.80212676566435,37.125006737255816
extreme,89,request_observed,1.0,Diffusion-JCSO,scale,60,14.32772078668515,93.125,14.96,17.78037080807903,39.0219492148901
extreme,89,request_observed,1.0,GAN-JCSO,quantile,30,,,,,
extreme,89,request_observed,1.0,GAN-JCSO,quantile,40,,,,,
extreme,89,request_observed,1.0,GAN-JCSO,quantile,50,,,,,
extreme,89,request_observed,1.0,GAN-JCSO,quantile,60,,,,,
extreme,89,request_observed,1.0,GAN-JCSO,scale,30,,,,,
extreme,89,request_observed,1.0,GAN-JCSO,scale,40,,,,,
extreme,89,request_observed,1.0,GAN-JCSO,scale,50,36.36909444128747,89.99269847025754,14.96,17.78550671032026,36.639065123095065
extreme,89,request_observed,1.0,GAN-JCSO,scale,60,23.009607606090647,93.125,14.96,17.756270290327947,38.54698485523921
extreme,89,request_observed,1.0,MovingAverage-JCSO,scale,30,37.090207624955845,78.86881313753973,14.96,17.85189969677967,33.40876559490536
extreme,89,request_observed,1.0,MovingAverage-JCSO,scale,40,29.712984725061098,84.80198258394147,14.96,17.82048048958728,35.34132913497772
extreme,89,request_observed,1.0,MovingAverage-JCSO,scale,50,15.328829841687195,92.55270209498768,14.96,17.79426001124158,37.222913758436114
extreme,89,request_observed,1.0,MovingAverage-JCSO,scale,60,14.393469767348268,93.11391813959104,14.96,17.772987004032803,39.13055375669846
extreme,89,request_observed,1.0,QuantileMLP-JCSO,quantile,30,,,,,
extreme,89,request_observed,1.0,QuantileMLP-JCSO,quantile,40,,,,,
extreme,89,request_observed,1.0,QuantileMLP-JCSO,quantile,50,16.485994853039426,92.06258719355375,14.96,17.794090843377813,37.45857051107146
extreme,89,request_observed,1.0,QuantileMLP-JCSO,quantile,60,14.166666666666666,93.33333333333333,14.96,17.76946952631121,39.57681685997816
extreme,89,request_observed,1.0,QuantileMLP-JCSO,scale,30,42.54789351545269,78.39349826503857,14.96,17.853336320497625,33.69126028952496
extreme,89,request_observed,1.0,QuantileMLP-JCSO,scale,40,25.528245893467293,87.136108300533,14.96,17.820664079235854,35.63964015977719
extreme,89,request_observed,1.0,QuantileMLP-JCSO,scale,50,16.45806293862975,92.08348082135348,14.96,17.795155740248372,37.54833159501179
extreme,89,request_observed,1.0,QuantileMLP-JCSO,scale,60,14.053888176771208,93.33333333333333,14.96,17.773803078609713,39.434191389336895
extreme,97,proactive,0.82,Diffusion-JCSO,quantile,30,,,,,
extreme,97,proactive,0.82,Diffusion-JCSO,quantile,40,,,,,
extreme,97,proactive,0.82,Diffusion-JCSO,quantile,50,24.48088828192011,84.68577838474656,14.96,32.60342226933045,40.59142317323117
extreme,97,proactive,0.82,Diffusion-JCSO,quantile,60,,,,,
extreme,97,proactive,0.82,Diffusion-JCSO,scale,30,37.34182778700394,82.47277442208744,14.96,32.68092057594091,35.7668546932022
extreme,97,proactive,0.82,Diffusion-JCSO,scale,40,27.20233281851156,84.022119157938,14.96,32.62046757463993,38.22155086107258
extreme,97,proactive,0.82,Diffusion-JCSO,scale,50,24.489426434341873,84.6042015331092,14.96,32.602744053439224,40.572105287762334
extreme,97,proactive,0.82,Diffusion-JCSO,scale,60,22.743994659421727,84.99207526086924,14.96,32.587657926759526,42.849457200980524
extreme,97,proactive,0.82,GAN-JCSO,quantile,30,,,,,
extreme,97,proactive,0.82,GAN-JCSO,quantile,40,,,,,
extreme,97,proactive,0.82,GAN-JCSO,quantile,50,23.85822552102901,84.79166666666667,14.96,32.598096275977404,40.35066808113989
extreme,97,proactive,0.82,GAN-JCSO,quantile,60,,,,,
extreme,97,proactive,0.82,GAN-JCSO,scale,30,39.78453822475698,81.49034887904875,14.96,32.63851912183274,35.495122910441786
extreme,97,proactive,0.82,GAN-JCSO,scale,40,30.07614986764377,83.68821830518723,14.96,32.61677856791811,37.93763735817114
extreme,97,proactive,0.82,GAN-JCSO,scale,50,24.237278872844602,84.8088818075611,14.96,32.59905914394509,40.26756040827742
extreme,97,proactive,0.82,GAN-JCSO,scale,60,22.68804193005165,85.00405828065634,14.96,32.584124773483644,42.51554395729204
extreme,97,proactive,0.82,MovingAverage-JCSO,scale,30,46.17056259982939,79.39858297817565,14.96,32.63194973133538,35.25491663529822
extreme,97,proactive,0.82,MovingAverage-JCSO,scale,40,32.700221739110496,83.37662231884458,14.96,32.610395515467346,37.69289622192788
extreme,97,proactive,0.82,MovingAverage-JCSO,scale,50,25.625496672379505,84.79156733219077,14.96,32.59295582735056,40.01572703283263
extreme,97,proactive,0.82,MovingAverage-JCSO,scale,60,23.084008925906733,84.98712751852,14.96,32.57844384009447,42.246352596794864
extreme,97,proactive,0.82,QuantileMLP-JCSO,quantile,30,,,,,
extreme,97,proactive,0.82,QuantileMLP-JCSO,quantile,40,,,,,
extreme,97,proactive,0.82,QuantileMLP-JCSO,quantile,50,24.624314199972662,84.43078415556467,14.96,32.60102600847053,40.32591983662093
extreme,97,proactive,0.82,QuantileMLP-JCSO,quantile,60,21.464611051700256,85.50371033867847,14.96,32.58613954430625,42.90790771062789
extreme,97,proactive,0.82,QuantileMLP-JCSO,scale,30,37.93281721603174,81.81578356347579,14.96,32.67934391271305,35.620323806890795
extreme,97,proactive,0.82,QuantileMLP-JCSO,scale,40,28.671997077010865,83.9591356906969,14.96,32.62086837310088,38.05911309377292
extreme,97,proactive,0.82,QuantileMLP-JCSO,scale,50,24.612731134610044,84.53578710641133,14.96,32.60302251724702,40.39703348198668
extreme,97,proactive,0.82,QuantileMLP-JCSO,scale,60,22.51154224769409,85.09983832378138,14.96,32.587860314922715,42.643074264702044
extreme,97,proactive,1.0,Diffusion-JCSO,quantile,30,,,,,
extreme,97,proactive,1.0,Diffusion-JCSO,quantile,40,,,,,
extreme,97,proactive,1.0,Diffusion-JCSO,quantile,50,20.889248215056362,89.08848173035426,14.96,20.773370046226216,34.58854083378966
extreme,97,proactive,1.0,Diffusion-JCSO,quantile,60,,,,,
extreme,97,proactive,1.0,Diffusion-JCSO,scale,30,53.109706006235456,74.43166842944292,14.96,22.54105051646661,30.564349358257967
extreme,97,proactive,1.0,Diffusion-JCSO,scale,40,31.641895807973253,83.76238542934671,14.96,21.029311004086313,32.570963780610164
extreme,97,proactive,1.0,Diffusion-JCSO,scale,50,21.75341267623421,88.61714591902911,14.96,20.77741397824168,34.55056352611513
extreme,97,proactive,1.0,Diffusion-JCSO,scale,60,17.324896238902074,90.48670817110585,14.96,20.75440228946935,36.51390681356968
extreme,97,proactive,1.0,GAN-JCSO,quantile,30,,,,,
extreme,97,proactive,1.0,GAN-JCSO,quantile,40,,,,,
extreme,97,proactive,1.0,GAN-JCSO,quantile,50,22.320271127657197,87.88806220567614,14.96,20.90197136650723,34.50304868269314
extreme,97,proactive,1.0,GAN-JCSO,quantile,60,,,,,
extreme,97,proactive,1.0,GAN-JCSO,scale,30,61.67623396068535,70.73380439696025,14.96,20.96727211834093,30.400020775336362
extreme,97,proactive,1.0,GAN-JCSO,scale,40,38.4027246565488,82.00469801082923,14.96,20.787732673590273,32.379130255868255
extreme,97,proactive,1.0,GAN-JCSO,scale,50,21.246841382342676,88.85548275735722,14.96,20.764924211947747,34.32784726964518
extreme,97,proactive,1.0,GAN-JCSO,scale,60,17.28523306858645,90.45962005294938,14.96,20.746599067306253,36.269335847199834
extreme,97,proactive,1.0,MovingAverage-JCSO,scale,30,61.37503297879026,69.97890760113981,14.96,20.99179475139927,30.259628788234757
extreme,97,proactive,1.0,MovingAverage-JCSO,scale,40,45.46002663729823,77.91589698304627,14.96,20.91522906184184,32.254838335609605
extreme,97,proactive,1.0,MovingAverage-JCSO,scale,50,25.422307713637817,86.96883957047338,14.96,20.74327604022166,34.15575456682296
extreme,97,proactive,1.0,MovingAverage-JCSO,scale,60,18.256353224163778,89.92135459507708,14.96,20.726016490954866,36.07205666934948
extreme,97,proactive,1.0,QuantileMLP-JCSO,quantile,30,,,,,
extreme,97,proactive,1.0,QuantileMLP-JCSO,quantile,40,,,,,
extreme,97,proactive,1.0,QuantileMLP-JCSO,quantile,50,19.07487235645058,89.94173048844138,14.96,20.76889496365427,34.34825872619066
extreme,97,proactive,1.0,QuantileMLP-JCSO,quantile,60,15.64072824087899,91.14021610444797,14.96,20.74550250039581,36.7012272632914
extreme,97,proactive,1.0,QuantileMLP-JCSO,scale,30,60.620268372861084,68.16672404026563,14.96,24.539460905840944,30.514167348378717
extreme,97,proactive,1.0,QuantileMLP-JCSO,scale,40,33.174636797043675,82.2894362989866,14.96,21.613324444581984,32.48069112103448
extreme,97,proactive,1.0,QuantileMLP-JCSO,scale,50,20.460629344837262,88.93896955896525,14.96,20.808947704164698,34.43202283066062
extreme,97,proactive,1.0,QuantileMLP-JCSO,scale,60,17.002270095611657,90.62935704747896,14.96,20.75115991222985,36.377419569198345
extreme,97,request_observed,0.82,Diffusion-JCSO,quantile,30,,,,,
extreme,97,request_observed,0.82,Diffusion-JCSO,quantile,40,,,,,
extreme,97,request_observed,0.82,Diffusion-JCSO,quantile,50,17.291666666666668,86.875,14.96,32.60573881961419,40.711345980446424
extreme,97,request_observed,0.82,Diffusion-JCSO,quantile,60,,,,,
extreme,97,request_observed,0.82,Diffusion-JCSO,scale,30,17.291666666666668,86.875,14.96,32.64315446984182,36.17654024530286
extreme,97,request_observed,0.82,Diffusion-JCSO,scale,40,17.291666666666668,86.875,14.96,32.623569696779015,38.48059606460905
extreme,97,request_observed,0.82,Diffusion-JCSO,scale,50,17.291666666666668,86.875,14.96,32.60689569532418,40.73946103255813
extreme,97,request_observed,0.82,Diffusion-JCSO,scale,60,17.291666666666668,86.875,14.96,32.59223455314592,42.94342896936606
extreme,97,request_observed,0.82,GAN-JCSO,quantile,30,,,,,
extreme,97,request_observed,0.82,GAN-JCSO,quantile,40,,,,,
extreme,97,request_observed,0.82,GAN-JCSO,quantile,50,17.291666666666668,86.875,14.96,32.60477379618007,40.349364776453896
extreme,97,request_observed,0.82,GAN-JCSO,quantile,60,,,,,
extreme,97,request_observed,0.82,GAN-JCSO,scale,30,18.229758091545413,86.31214514507275,14.96,32.63863817064788,35.9338249052248
extreme,97,request_observed,0.82,GAN-JCSO,scale,40,17.310449912395068,86.86373005256296,14.96,32.61935058638536,38.20532837853932
extreme,97,request_observed,0.82,GAN-JCSO,scale,50,17.291666666666668,86.875,14.96,32.6029497078181,40.437456100209964
extreme,97,request_observed,0.82,GAN-JCSO,scale,60,17.291666666666668,86.875,14.96,32.588538325914,42.59856011761053
extreme,97,request_observed,0.82,MovingAverage-JCSO,scale,30,18.36643024361235,86.33761821152716,14.96,32.62911099612355,35.72803244316115
extreme,97,request_observed,0.82,MovingAverage-JCSO,scale,40,17.291666666666668,86.875,14.96,32.610477067329214,37.98162228648701
extreme,97,request_observed,0.82,MovingAverage-JCSO,scale,50,17.291666666666668,86.875,14.96,32.59461721769577,40.20415141130236
extreme,97,request_observed,0.82,MovingAverage-JCSO,scale,60,17.291666666666668,86.875,14.96,32.5807428513683,42.36014767851243
extreme,97,request_observed,0.82,QuantileMLP-JCSO,quantile,30,,,,,
extreme,97,request_observed,0.82,QuantileMLP-JCSO,quantile,40,,,,,
extreme,97,request_observed,0.82,QuantileMLP-JCSO,quantile,50,17.291666666666668,86.875,14.96,32.60758524724394,40.38542621369381
extreme,97,request_observed,0.82,QuantileMLP-JCSO,quantile,60,17.291666666666668,86.875,14.96,32.5903001317317,42.790630337149864
extreme,97,request_observed,0.82,QuantileMLP-JCSO,scale,30,21.956643263537885,86.28366493842478,14.96,32.6432142810865,35.976907183823684
extreme,97,request_observed,0.82,QuantileMLP-JCSO,scale,40,17.291666666666668,86.875,14.96,32.623113782507154,38.28756664102391
extreme,97,request_observed,0.82,QuantileMLP-JCSO,scale,50,17.291666666666668,86.875,14.96,32.6062585038355,40.53006692015508
extreme,97,request_observed,0.82,QuantileMLP-JCSO,scale,60,17.291666666666668,86.875,14.96,32.59147597918498,42.71355920821464
extreme,97,request_observed,1.0,Diffusion-JCSO,quantile,30,,,,,
extreme,97,request_observed,1.0,Diffusion-JCSO,quantile,40,,,,,
extreme,97,request_observed,1.0,Diffusion-JCSO,quantile,50,12.821650471252179,92.08333333333333,14.96,20.734517508294363,34.71513057393633
extreme,97,request_observed,1.0,Diffusion-JCSO,quantile,60,,,,,
extreme,97,request_observed,1.0,Diffusion-JCSO,scale,30,35.21907780328356,80.01211507483217,14.96,20.78321055783095,30.878822684075242
extreme,97,request_observed,1.0,Diffusion-JCSO,scale,40,17.98018214021144,88.8282162431974,14.96,20.75673370910723,32.788144950729254
extreme,97,request_observed,1.0,Diffusion-JCSO,scale,50,12.85904391377435,92.11214470977949,14.96,20.735134376999437,34.70936700782007
extreme,97,request_observed,1.0,Diffusion-JCSO,scale,60,11.739698528188852,92.67181740257224,14.96,20.716799131324056,36.629010206869594
extreme,97,request_observed,1.0,GAN-JCSO,quantile,30,,,,,
extreme,97,request_observed,1.0,GAN-JCSO,quantile,40,,,,,
extreme,97,request_observed,1.0,GAN-JCSO,quantile,50,15.57016038164041,90.49969316977315,14.96,20.725235812238633,34.51305282416277
extreme,97,request_observed,1.0,GAN-JCSO,quantile,60,,,,,
extreme,97,request_observed,1.0,GAN-JCSO,scale,30,39.74495844959001,77.17666075660392,14.96,20.77257655338544,30.745728985030347
extreme,97,request_observed,1.0,GAN-JCSO,scale,40,29.335364675481106,83.85808282905575,14.96,20.74662048301073,32.627899066826664
extreme,97,request_observed,1.0,GAN-JCSO,scale,50,16.152343058602447,90.26160075591382,14.96,20.72501742911396,34.499437606550245
extreme,97,request_observed,1.0,GAN-JCSO,scale,60,11.98849664446951,92.53278970907725,14.96,20.707090426469442,36.38277616553924
extreme,97,request_observed,1.0,MovingAverage-JCSO,scale,30,37.88442932816533,76.51667860057123,14.96,20.744618562906297,30.665215883875778
extreme,97,request_observed,1.0,MovingAverage-JCSO,scale,40,29.378201803194056,82.88925233464124,14.96,20.720356002107113,32.49995297764954
extreme,97,request_observed,1.0,MovingAverage-JCSO,scale,50,16.900559377920374,89.80061516041462,14.96,20.700355085575087,34.32714524214257
extreme,97,request_observed,1.0,MovingAverage-JCSO,scale,60,11.751878222949156,92.66099357984307,14.96,20.68381454032709,36.18843477231429
extreme,97,request_observed,1.0,QuantileMLP-JCSO,quantile,30,,,,,
extreme,97,request_observed,1.0,QuantileMLP-JCSO,quantile,40,,,,,
extreme,97,request_observed,1.0,QuantileMLP-JCSO,quantile,50,12.6696598965657,92.10653739539391,14.96,20.72601529086439,34.51787666346879
extreme,97,request_observed,1.0,QuantileMLP-JCSO,quantile,60,11.666666666666666,92.70833333333334,14.96,20.706615325648915,36.64543221302193
extreme,97,request_observed,1.0,QuantileMLP-JCSO,scale,30,43.97024970808526,74.70198222393991,14.96,21.12202470270799,30.778543860259383
extreme,97,request_observed,1.0,QuantileMLP-JCSO,scale,40,22.68465950252452,85.4671882840913,14.96,20.75092903168241,32.67386286546005
extreme,97,request_observed,1.0,QuantileMLP-JCSO,scale,50,13.615014707474558,91.11423039085415,14.96,20.72930641057872,34.56597798117774
extreme,97,request_observed,1.0,QuantileMLP-JCSO,scale,60,11.666666666666666,92.70833333333334,14.96,20.711181439116007,36.461603392208964
extreme,113,proactive,0.82,Diffusion-JCSO,quantile,30,,,,,
extreme,113,proactive,0.82,Diffusion-JCSO,quantile,40,,,,,
extreme,113,proactive,0.82,Diffusion-JCSO,quantile,50,,,,,
extreme,113,proactive,0.82,Diffusion-JCSO,quantile,60,24.56311943587673,85.96641889231599,14.96,26.680898811233426,43.775849442658334
extreme,113,proactive,0.82,Diffusion-JCSO,scale,30,,,,,
extreme,113,proactive,0.82,Diffusion-JCSO,scale,40,54.245369739790654,77.46856451572832,14.96,27.207585535518383,37.74259212334043
extreme,113,proactive,0.82,Diffusion-JCSO,scale,50,36.257472089371575,83.27579306780305,14.96,26.849553151702963,39.86184372290592
extreme,113,proactive,0.82,Diffusion-JCSO,scale,60,29.41841565615127,84.91029785964652,14.96,26.73447745727076,41.828664946911175
extreme,113,proactive,0.82,GAN-JCSO,quantile,30,,,,,
extreme,113,proactive,0.82,GAN-JCSO,quantile,40,,,,,
extreme,113,proactive,0.82,GAN-JCSO,quantile,50,,,,,
extreme,113,proactive,0.82,GAN-JCSO,quantile,60,,,,,
extreme,113,proactive,0.82,GAN-JCSO,scale,30,31.946851784551345,84.2528703871955,14.96,26.734034289047027,40.02206267650706
extreme,113,proactive,0.82,GAN-JCSO,scale,40,25.987019479923493,85.78942300573614,14.96,26.679930915768647,42.53318161329649
extreme,113,proactive,0.82,GAN-JCSO,scale,50,23.515075581488055,86.3359924418512,14.96,26.64616192856017,44.91155396492603
extreme,113,proactive,0.82,GAN-JCSO,scale,60,21.8355210870162,86.68640612315858,14.96,26.62447005412674,47.21147672390026
extreme,113,proactive,0.82,MovingAverage-JCSO,scale,30,38.49167276541134,83.59604416405458,14.96,26.700566665833858,39.447525508258515
extreme,113,proactive,0.82,MovingAverage-JCSO,scale,40,28.650811586676557,85.35398221514927,14.96,26.67093887760748,41.90525783912992
extreme,113,proactive,0.82,MovingAverage-JCSO,scale,50,25.120917068848815,86.16768739945446,14.96,26.6468624073954,44.23749093309121
extreme,113,proactive,0.82,MovingAverage-JCSO,scale,60,23.38006594488341,86.6160426210924,14.96,26.62622315970675,46.489586052499554
extreme,113,proactive,0.82,QuantileMLP-JCSO,quantile,30,,,,,
extreme,113,proactive,0.82,QuantileMLP-JCSO,quantile,40,,,,,
extreme,113,proactive,0.82,QuantileMLP-JCSO,quantile,50,23.418902518214253,86.7494410371131,14.96,26.672498745167555,44.88204169181261
extreme,113,proactive,0.82,QuantileMLP-JCSO,quantile,60,,,,,
extreme,113,proactive,0.82,QuantileMLP-JCSO,scale,30,31.29376728909911,85.0134220839039,14.96,26.76174901898528,39.88591537924116
extreme,113,proactive,0.82,QuantileMLP-JCSO,scale,40,26.24191184904358,86.13268555615733,14.96,26.712632550372334,42.393593331370546
extreme,113,proactive,0.82,QuantileMLP-JCSO,scale,50,23.54149838408247,86.71879207064606,14.96,26.67253310515517,44.802139479496056
extreme,113,proactive,0.82,QuantileMLP-JCSO,scale,60,21.21065380539291,87.30041026546824,14.96,26.64562108890279,47.13831483534381
extreme,113,proactive,1.0,Diffusion-JCSO,quantile,30,,,,,
extreme,113,proactive,1.0,Diffusion-JCSO,quantile,40,,,,,
extreme,113,proactive,1.0,Diffusion-JCSO,quantile,50,,,,,
extreme,113,proactive,1.0,Diffusion-JCSO,quantile,60,24.22652622062104,87.47007022302282,14.96,22.372289228625835,37.88370207730139
extreme,113,proactive,1.0,Diffusion-JCSO,scale,30,,,,,
extreme,113,proactive,1.0,Diffusion-JCSO,scale,40,76.96717732317164,59.64235413090714,14.96,27.26529884112896,32.57902805688348
extreme,113,proactive,1.0,Diffusion-JCSO,scale,50,59.63270154068182,69.7600176564875,14.96,24.0843188077426,34.487814953255764
extreme,113,proactive,1.0,Diffusion-JCSO,scale,60,41.84436002021175,78.91625954535344,14.96,22.402838985782594,36.29029151291171
extreme,113,proactive,1.0,GAN-JCSO,quantile,30,,,,,
extreme,113,proactive,1.0,GAN-JCSO,quantile,40,,,,,
extreme,113,proactive,1.0,GAN-JCSO,quantile,50,,,,,
extreme,113,proactive,1.0,GAN-JCSO,quantile,60,,,,,
extreme,113,proactive,1.0,GAN-JCSO,scale,30,31.89561658694531,85.69385065149348,14.96,22.41314980766322,34.05739769874302
extreme,113,proactive,1.0,GAN-JCSO,scale,40,24.0221906059984,88.03426979800054,14.96,22.383698593272513,36.380898279884
extreme,113,proactive,1.0,GAN-JCSO,scale,50,20.76762489621576,88.85067046398038,14.96,22.36433425650864,38.556179264694386
extreme,113,proactive,1.0,GAN-JCSO,scale,60,19.123454703893998,89.23426051099693,14.96,22.34778032897336,40.624183508977744
extreme,113,proactive,1.0,MovingAverage-JCSO,scale,30,40.05812607640003,83.94371746826896,14.96,22.367079844521182,33.67040973517682
extreme,113,proactive,1.0,MovingAverage-JCSO,scale,40,30.04068171942776,85.97941290347639,14.96,22.22178266009859,35.95333382469395
extreme,113,proactive,1.0,MovingAverage-JCSO,scale,50,25.015670745759223,87.40650726910624,14.96,22.109473321316464,38.08601977280542
extreme,113,proactive,1.0,MovingAverage-JCSO,scale,60,21.39145226083063,88.74903873552185,14.96,22.037176626678974,40.099885469080725
extreme,113,proactive,1.0,QuantileMLP-JCSO,quantile,30,,,,,
extreme,113,proactive,1.0,QuantileMLP-JCSO,quantile,40,,,,,
extreme,113,proactive,1.0,QuantileMLP-JCSO,quantile,50,20.422280023536494,89.32151332744921,14.96,22.37252978402073,38.54472376789865
extreme,113,proactive,1.0,QuantileMLP-JCSO,quantile,60,,,,,
extreme,113,proactive,1.0,QuantileMLP-JCSO,scale,30,28.882885381631887,87.42967104285731,14.96,22.41728716953358,34.01058142204291
extreme,113,proactive,1.0,QuantileMLP-JCSO,scale,40,23.338941124023716,88.67439356866159,14.96,22.392758343419157,36.29627709050976
extreme,113,proactive,1.0,QuantileMLP-JCSO,scale,50,20.64964839989783,89.26467123335888,14.96,22.372861378717015,38.43322765534017
extreme,113,proactive,1.0,QuantileMLP-JCSO,scale,60,18.330495673955696,89.83390086520886,14.96,22.338664033983765,40.48742587217991
extreme,113,request_observed,0.82,Diffusion-JCSO,quantile,30,,,,,
extreme,113,request_observed,0.82,Diffusion-JCSO,quantile,40,,,,,
extreme,113,request_observed,0.82,Diffusion-JCSO,quantile,50,,,,,
extreme,113,request_observed,0.82,Diffusion-JCSO,quantile,60,14.791666666666666,88.95833333333333,14.96,26.66977767307577,44.181181179683044
extreme,113,request_observed,0.82,Diffusion-JCSO,scale,30,,,,,
extreme,113,request_observed,0.82,Diffusion-JCSO,scale,40,34.24777884403653,86.36856719334627,14.96,27.087618293964788,38.25249210913263
extreme,113,request_observed,0.82,Diffusion-JCSO,scale,50,19.00859638016236,88.76832018099188,14.96,26.827325568883193,40.244568962852355
extreme,113,request_observed,0.82,Diffusion-JCSO,scale,60,15.113139657560595,88.95833333333333,14.96,26.735504799885817,42.12014913529637
extreme,113,request_observed,0.82,GAN-JCSO,quantile,30,,,,,
extreme,113,request_observed,0.82,GAN-JCSO,quantile,40,,,,,
extreme,113,request_observed,0.82,GAN-JCSO,quantile,50,14.879016903677229,88.95833333333333,14.96,26.64734703800493,45.0277299509575
extreme,113,request_observed,0.82,GAN-JCSO,quantile,60,,,,,
extreme,113,request_observed,0.82,GAN-JCSO,scale,30,15.0,88.95833333333333,14.96,26.73117543509664,40.24813223509344
extreme,113,request_observed,0.82,GAN-JCSO,scale,40,14.946556827125438,88.95833333333333,14.96,26.688059861392833,42.60313321173792
extreme,113,request_observed,0.82,GAN-JCSO,scale,50,14.791666666666666,88.95833333333333,14.96,26.652555515085435,44.8724021305544
extreme,113,request_observed,0.82,GAN-JCSO,scale,60,14.802275129968445,88.95833333333333,14.96,26.63062501012293,47.08220563529112
extreme,113,request_observed,0.82,MovingAverage-JCSO,scale,30,16.89373364309863,88.20083987609388,14.96,26.69847692097779,39.8401721254919
extreme,113,request_observed,0.82,MovingAverage-JCSO,scale,40,15.0,88.95833333333333,14.96,26.671966281001502,42.150847653359826
extreme,113,request_observed,0.82,MovingAverage-JCSO,scale,50,15.0,88.95833333333333,14.96,26.649132677222234,44.39155100594248
extreme,113,request_observed,0.82,MovingAverage-JCSO,scale,60,15.0,88.95833333333333,14.96,26.629180693007264,46.583741939172626
extreme,113,request_observed,0.82,QuantileMLP-JCSO,quantile,30,,,,,
extreme,113,request_observed,0.82,QuantileMLP-JCSO,quantile,40,,,,,
extreme,113,request_observed,0.82,QuantileMLP-JCSO,quantile,50,15.120052835228384,88.95833333333333,14.96,26.670240025789578,44.62236869184369
extreme,113,request_observed,0.82,QuantileMLP-JCSO,quantile,60,,,,,
extreme,113,request_observed,0.82,QuantileMLP-JCSO,scale,30,15.208333333333332,88.95833333333333,14.96,26.758896986536712,40.08000417533503
extreme,113,request_observed,0.82,QuantileMLP-JCSO,scale,40,15.208333333333332,88.95833333333333,14.96,26.713729705303056,42.442305714190944
extreme,113,request_observed,0.82,QuantileMLP-JCSO,scale,50,15.028864018853463,88.95833333333333,14.96,26.675197342022216,44.73745189406037
extreme,113,request_observed,0.82,QuantileMLP-JCSO,scale,60,15.0,88.95833333333333,14.96,26.648039137626853,46.986139658485584
extreme,113,request_observed,1.0,Diffusion-JCSO,quantile,30,,,,,
extreme,113,request_observed,1.0,Diffusion-JCSO,quantile,40,,,,,
extreme,113,request_observed,1.0,Diffusion-JCSO,quantile,50,,,,,
extreme,113,request_observed,1.0,Diffusion-JCSO,quantile,60,13.984707568541523,90.65084212554176,14.96,22.048979107942426,38.230107849331084
extreme,113,request_observed,1.0,Diffusion-JCSO,scale,30,,,,,
extreme,113,request_observed,1.0,Diffusion-JCSO,scale,40,66.64510702914697,66.95549342743855,14.96,24.78762672573034,33.0236046369607
extreme,113,request_observed,1.0,Diffusion-JCSO,scale,50,45.76194811895301,74.24666499220707,14.96,23.798602429855645,34.87520708312976
extreme,113,request_observed,1.0,Diffusion-JCSO,scale,60,28.53591621505165,82.80290756145224,14.96,22.07420743683951,36.599794391342066
extreme,113,request_observed,1.0,GAN-JCSO,quantile,30,,,,,
extreme,113,request_observed,1.0,GAN-JCSO,quantile,40,,,,,
extreme,113,request_observed,1.0,GAN-JCSO,quantile,50,,,,,
extreme,113,request_observed,1.0,GAN-JCSO,quantile,60,,,,,
extreme,113,request_observed,1.0,GAN-JCSO,scale,30,15.99631796828601,89.56343404188938,14.96,22.10147212522869,34.34235122869429
extreme,113,request_observed,1.0,GAN-JCSO,scale,40,12.572850999305032,91.24795606708365,14.96,22.06322569806128,36.52356485126275
extreme,113,request_observed,1.0,GAN-JCSO,scale,50,11.875,91.66666666666666,14.96,22.044549778935508,38.603658101098155
extreme,113,request_observed,1.0,GAN-JCSO,scale,60,11.875,91.66666666666666,14.96,22.028262596920346,40.59833772817837
extreme,113,request_observed,1.0,MovingAverage-JCSO,scale,30,17.35669954851845,88.93665570604941,14.96,22.12229897452573,34.05883398190243
extreme,113,request_observed,1.0,MovingAverage-JCSO,scale,40,16.216601566111166,89.39169921694442,14.96,22.087642607832212,36.19145699113492
extreme,113,request_observed,1.0,MovingAverage-JCSO,scale,50,14.67183353722806,90.13543580333064,14.96,22.045792822178278,38.238718244239
extreme,113,request_observed,1.0,MovingAverage-JCSO,scale,60,12.54806238969687,91.16186987439401,14.96,22.02927173919832,40.20260357848808
extreme,113,request_observed,1.0,QuantileMLP-JCSO,quantile,30,,,,,
extreme,113,request_observed,1.0,QuantileMLP-JCSO,quantile,40,,,,,
extreme,113,request_observed,1.0,QuantileMLP-JCSO,quantile,50,11.875,91.66666666666666,14.96,22.051648920446596,38.4240422227562
extreme,113,request_observed,1.0,QuantileMLP-JCSO,quantile,60,,,,,
extreme,113,request_observed,1.0,QuantileMLP-JCSO,scale,30,11.875,91.66666666666666,14.96,22.093950277685448,34.26697848369943
extreme,113,request_observed,1.0,QuantileMLP-JCSO,scale,40,11.875,91.66666666666666,14.96,22.071719826976175,36.42006641656247
extreme,113,request_observed,1.0,QuantileMLP-JCSO,scale,50,11.875,91.66666666666666,14.96,22.052626087582166,38.450867286980184
extreme,113,request_observed,1.0,QuantileMLP-JCSO,scale,60,11.875,91.66666666666666,14.96,22.036035533624645,40.42826583789045
extreme,131,proactive,0.82,Diffusion-JCSO,quantile,30,,,,,
extreme,131,proactive,0.82,Diffusion-JCSO,quantile,40,,,,,
extreme,131,proactive,0.82,Diffusion-JCSO,quantile,50,21.790757917497377,89.00045437458465,14.96,15.712707241340036,41.83438515830155
extreme,131,proactive,0.82,Diffusion-JCSO,quantile,60,,,,,
extreme,131,proactive,0.82,Diffusion-JCSO,scale,30,36.210327032686024,87.06150717071846,14.96,15.775843289301763,36.875116051944254
extreme,131,proactive,0.82,Diffusion-JCSO,scale,40,26.702796300357466,88.00258237463868,14.96,15.73670347408051,39.405553417963525
extreme,131,proactive,0.82,Diffusion-JCSO,scale,50,21.577743364414253,89.04259832815318,14.96,15.710981605010845,41.81139533732816
extreme,131,proactive,0.82,Diffusion-JCSO,scale,60,19.436557896682956,89.46306526199022,14.96,15.68938832566303,44.12679206093505
extreme,131,proactive,0.82,GAN-JCSO,quantile,30,,,,,
extreme,131,proactive,0.82,GAN-JCSO,quantile,40,,,,,
extreme,131,proactive,0.82,GAN-JCSO,quantile,50,21.459664036356,89.58333333333334,14.96,15.71275340696228,42.40125691779024
extreme,131,proactive,0.82,GAN-JCSO,quantile,60,,,,,
extreme,131,proactive,0.82,GAN-JCSO,scale,30,39.51129862732513,86.0573263853641,14.96,15.782395251639715,37.28882490946839
extreme,131,proactive,0.82,GAN-JCSO,scale,40,29.784232197041344,88.16183840538318,14.96,15.739705136378175,39.91037979698124
extreme,131,proactive,0.82,GAN-JCSO,scale,50,21.466321957910942,89.58196942182009,14.96,15.712771957663094,42.40165408337663
extreme,131,proactive,0.82,GAN-JCSO,scale,60,19.517820089894574,89.58333333333334,14.96,15.690579080578981,44.79156656566958
extreme,131,proactive,0.82,MovingAverage-JCSO,scale,30,35.717479138738085,86.71475929873883,14.96,15.701634811900833,36.77444502977575
extreme,131,proactive,0.82,MovingAverage-JCSO,scale,40,25.47415053054282,88.23721542576848,14.96,15.688394083228378,39.23725949712352
extreme,131,proactive,0.82,MovingAverage-JCSO,scale,50,20.86118760435933,89.05727732418262,14.96,15.667463360502309,41.56254074440235
extreme,131,proactive,0.82,MovingAverage-JCSO,scale,60,18.606309319091597,89.65517867378753,14.96,15.648802795159504,43.81589402245023
extreme,131,proactive,0.82,QuantileMLP-JCSO,quantile,30,,,,,
extreme,131,proactive,0.82,QuantileMLP-JCSO,quantile,40,,,,,
extreme,131,proactive,0.82,QuantileMLP-JCSO,quantile,50,22.779651903565906,89.03233649685492,14.96,15.698284944040587,42.15572544720784
extreme,131,proactive,0.82,QuantileMLP-JCSO,quantile,60,18.510490535344413,90.0684312756159,14.96,15.688568751909562,44.91176777434984
extreme,131,proactive,0.82,QuantileMLP-JCSO,scale,30,37.56923988223349,86.3797517181113,14.96,15.764410443730586,37.09425777869309
extreme,131,proactive,0.82,QuantileMLP-JCSO,scale,40,26.977198252357812,88.18789368286177,14.96,15.72351973200163,39.67327132406464
extreme,131,proactive,0.82,QuantileMLP-JCSO,scale,50,22.983910953849193,88.98323140030112,14.96,15.698071462664599,42.13903082100186
extreme,131,proactive,0.82,QuantileMLP-JCSO,scale,60,19.692623043675052,89.56404691386128,14.96,15.676847863412483,44.534939132229184
extreme,131,proactive,1.0,Diffusion-JCSO,quantile,30,,,,,
extreme,131,proactive,1.0,Diffusion-JCSO,quantile,40,18.847239775127935,92.64350681658138,9.106937179712126,14.96,33.74007980749864
extreme,131,proactive,1.0,Diffusion-JCSO,quantile,50,12.092205999483491,95.30806366692492,8.8,14.96,35.87297677076598
extreme,131,proactive,1.0,Diffusion-JCSO,quantile,60,,,,,
extreme,131,proactive,1.0,Diffusion-JCSO,scale,30,48.47020520801201,80.05232098111787,14.96,14.96,31.615902159877614
extreme,131,proactive,1.0,Diffusion-JCSO,scale,40,21.997419169334254,91.53261779589236,11.815398735619256,14.96,33.75251423826993
extreme,131,proactive,1.0,Diffusion-JCSO,scale,50,11.810046177851877,95.21915897035802,8.8,14.96,35.8370730593873
extreme,131,proactive,1.0,Diffusion-JCSO,scale,60,10.011890941883637,95.72322119572485,8.17785094705078,14.96,37.87990108664861
extreme,131,proactive,1.0,GAN-JCSO,quantile,30,,,,,
extreme,131,proactive,1.0,GAN-JCSO,quantile,40,,,,,
extreme,131,proactive,1.0,GAN-JCSO,quantile,50,11.46660649740092,95.625,8.8,14.96,36.38355057146665
extreme,131,proactive,1.0,GAN-JCSO,quantile,60,,,,,
extreme,131,proactive,1.0,GAN-JCSO,scale,30,30.022523172728476,91.5383269408565,8.806793882104538,14.96,31.840394999817295
extreme,131,proactive,1.0,GAN-JCSO,scale,40,18.4232326760364,94.48424353314051,8.8,14.96,34.09539339916743
extreme,131,proactive,1.0,GAN-JCSO,scale,50,11.65669201191842,95.625,8.8,14.96,36.26094689900433
extreme,131,proactive,1.0,GAN-JCSO,scale,60,9.776902058384334,95.78678672810588,8.473361269722362,14.96,38.35497461723143
extreme,131,proactive,1.0,MovingAverage-JCSO,scale,30,31.13979145276764,89.44739588194675,11.016275361571997,14.96,31.59099214657224
extreme,131,proactive,1.0,MovingAverage-JCSO,scale,40,19.381675962255578,93.02304024501255,8.896629586137202,14.96,33.73669051473584
extreme,131,proactive,1.0,MovingAverage-JCSO,scale,50,11.923829552417134,94.92421436874208,8.8,14.96,35.77977273128185
extreme,131,proactive,1.0,MovingAverage-JCSO,scale,60,9.638804376092216,95.70143114528723,8.104375798396218,14.96,37.752471357416894
extreme,131,proactive,1.0,QuantileMLP-JCSO,quantile,30,,,,,
extreme,131,proactive,1.0,QuantileMLP-JCSO,quantile,40,20.508328968573448,91.87179655054867,9.277125103530595,14.96,33.78456305563557
extreme,131,proactive,1.0,QuantileMLP-JCSO,quantile,50,11.008161645130816,95.63457286329596,8.78545072266916,14.96,36.142925350452195
extreme,131,proactive,1.0,QuantileMLP-JCSO,quantile,60,8.455723185554486,96.36384099460348,7.677075520505898,14.96,38.595101995311055
extreme,131,proactive,1.0,QuantileMLP-JCSO,scale,30,25.78812911194787,92.72780197470067,8.8,14.96,31.69319993646925
extreme,131,proactive,1.0,QuantileMLP-JCSO,scale,40,16.852260571107816,94.34228926414217,8.8,14.96,33.90964108735629
extreme,131,proactive,1.0,QuantileMLP-JCSO,scale,50,12.718658118109438,95.21876621445128,8.8,14.96,36.0422886059102
extreme,131,proactive,1.0,QuantileMLP-JCSO,scale,60,9.910288614073654,95.81489176972238,8.415459841189152,14.96,38.111283422907704
extreme,131,request_observed,0.82,Diffusion-JCSO,quantile,30,,,,,
extreme,131,request_observed,0.82,Diffusion-JCSO,quantile,40,,,,,
extreme,131,request_observed,0.82,Diffusion-JCSO,quantile,50,15.0,91.04166666666667,14.96,15.714502606719739,41.88361126743538
extreme,131,request_observed,0.82,Diffusion-JCSO,quantile,60,,,,,
extreme,131,request_observed,0.82,Diffusion-JCSO,scale,30,15.0,91.04166666666667,14.96,15.774827201776603,37.205338451870254
extreme,131,request_observed,0.82,Diffusion-JCSO,scale,40,15.0,91.04166666666667,14.96,15.738843403681633,39.56729739819674
extreme,131,request_observed,0.82,Diffusion-JCSO,scale,50,15.0,91.04166666666667,14.96,15.71414988661333,41.879083940729146
extreme,131,request_observed,0.82,Diffusion-JCSO,scale,60,15.0,91.04166666666667,14.96,15.692842930605963,44.1223750279506
extreme,131,request_observed,0.82,GAN-JCSO,quantile,30,,,,,
extreme,131,request_observed,0.82,GAN-JCSO,quantile,40,,,,,
extreme,131,request_observed,0.82,GAN-JCSO,quantile,50,15.0,91.04166666666667,14.96,15.714793817526633,42.23299348143469
extreme,131,request_observed,0.82,GAN-JCSO,quantile,60,,,,,
extreme,131,request_observed,0.82,GAN-JCSO,scale,30,15.0,91.04166666666667,14.96,15.781793304752918,37.641983178392046
extreme,131,request_observed,0.82,GAN-JCSO,scale,40,15.0,91.04166666666667,14.96,15.74485128032954,40.028508886180106
extreme,131,request_observed,0.82,GAN-JCSO,scale,50,15.0,91.04166666666667,14.96,15.719099369334131,42.36140511398372
extreme,131,request_observed,0.82,GAN-JCSO,scale,60,15.0,91.04166666666667,14.96,15.697408219100623,44.64933808395297
extreme,131,request_observed,0.82,MovingAverage-JCSO,scale,30,13.750000000000002,91.45833333333333,14.96,15.713323410515809,37.22809972925196
extreme,131,request_observed,0.82,MovingAverage-JCSO,scale,40,13.84809136589819,91.36024196743514,14.96,15.690695986601385,39.50031213823845
extreme,131,request_observed,0.82,MovingAverage-JCSO,scale,50,14.037558982767628,91.25,14.96,15.6715758266046,41.720968725552574
extreme,131,request_observed,0.82,MovingAverage-JCSO,scale,60,14.227082559929382,91.25,14.96,15.654464202999224,43.90815051784007
extreme,131,request_observed,0.82,QuantileMLP-JCSO,quantile,30,,,,,
extreme,131,request_observed,0.82,QuantileMLP-JCSO,quantile,40,,,,,
extreme,131,request_observed,0.82,QuantileMLP-JCSO,quantile,50,15.0,91.04166666666667,14.96,15.700354745692866,42.06691118097563
extreme,131,request_observed,0.82,QuantileMLP-JCSO,quantile,60,15.0,91.04166666666667,14.96,15.689764410442004,44.80777658277941
extreme,131,request_observed,0.82,QuantileMLP-JCSO,scale,30,15.0,91.04166666666667,14.96,15.764201020708798,37.45934312925134
extreme,131,request_observed,0.82,QuantileMLP-JCSO,scale,40,15.0,91.04166666666667,14.96,15.727554024122103,39.84190444992652
extreme,131,request_observed,0.82,QuantileMLP-JCSO,scale,50,15.0,91.04166666666667,14.96,15.703465641089553,42.17120853955019
extreme,131,request_observed,0.82,QuantileMLP-JCSO,scale,60,15.0,91.04166666666667,14.96,15.68278169216894,44.46781181692596
extreme,131,request_observed,1.0,Diffusion-JCSO,quantile,30,,,,,
extreme,131,request_observed,1.0,Diffusion-JCSO,quantile,40,9.799788251298722,95.8116850567932,7.800137354110445,14.96,33.893638315358736
extreme,131,request_observed,1.0,Diffusion-JCSO,quantile,50,5.208333333333334,97.5,6.860635819105078,14.96,35.94269382976863
extreme,131,request_observed,1.0,Diffusion-JCSO,quantile,60,,,,,
extreme,131,request_observed,1.0,Diffusion-JCSO,scale,30,27.26810675985515,86.01236895107604,14.96,14.96,31.92152316467263
extreme,131,request_observed,1.0,Diffusion-JCSO,scale,40,12.470591888205032,93.74365936816982,11.72896505791319,14.96,33.91994383974006
extreme,131,request_observed,1.0,Diffusion-JCSO,scale,50,5.208333333333334,97.5,6.853263567337675,14.96,35.918874598329865
extreme,131,request_observed,1.0,Diffusion-JCSO,scale,60,5.154313887937044,97.5,6.831490623645701,14.96,37.91036360997286
extreme,131,request_observed,1.0,GAN-JCSO,quantile,30,,,,,
extreme,131,request_observed,1.0,GAN-JCSO,quantile,40,,,,,
extreme,131,request_observed,1.0,GAN-JCSO,quantile,50,5.208333333333334,97.5,6.871872628047998,14.96,36.33951809728302
extreme,131,request_observed,1.0,GAN-JCSO,quantile,60,,,,,
extreme,131,request_observed,1.0,GAN-JCSO,scale,30,6.556566935911161,96.60117759828145,7.372135357392384,14.96,32.18549600225413
extreme,131,request_observed,1.0,GAN-JCSO,scale,40,5.208333333333334,97.5,6.9101829250564535,14.96,34.254956641688054
extreme,131,request_observed,1.0,GAN-JCSO,scale,50,5.208333333333334,97.5,6.870354540066361,14.96,36.30930840096575
extreme,131,request_observed,1.0,GAN-JCSO,scale,60,5.208333333333334,97.5,6.847226359620448,14.96,38.3309510158401
extreme,131,request_observed,1.0,MovingAverage-JCSO,scale,30,10.26416606200452,95.72320029023783,7.9069111840227535,14.96,31.944276154375018
extreme,131,request_observed,1.0,MovingAverage-JCSO,scale,40,6.829984056387419,97.1846730441117,7.005287714758818,14.96,33.966300713190805
extreme,131,request_observed,1.0,MovingAverage-JCSO,scale,50,5.317331259443682,97.5,6.808801220775058,14.96,35.956361597968744
extreme,131,request_observed,1.0,MovingAverage-JCSO,scale,60,5.0,97.5,6.789832097479192,14.96,37.89375916300426
extreme,131,request_observed,1.0,QuantileMLP-JCSO,quantile,30,,,,,
extreme,131,request_observed,1.0,QuantileMLP-JCSO,quantile,40,,,,,
extreme,131,request_observed,1.0,QuantileMLP-JCSO,quantile,50,5.208333333333334,97.5,6.854530910412312,14.96,36.185927254249776
extreme,131,request_observed,1.0,QuantileMLP-JCSO,quantile,60,5.208333333333334,97.5,6.848303222489919,14.96,38.56454452451897
extreme,131,request_observed,1.0,QuantileMLP-JCSO,scale,30,5.208333333333334,97.5,6.925197309606858,14.96,32.04075284866149
extreme,131,request_observed,1.0,QuantileMLP-JCSO,scale,40,5.208333333333334,97.5,6.883304692021294,14.96,34.10261742577353
extreme,131,request_observed,1.0,QuantileMLP-JCSO,scale,50,5.208333333333334,97.5,6.855516408967906,14.96,36.13902343819035
extreme,131,request_observed,1.0,QuantileMLP-JCSO,scale,60,5.200655964894982,97.5,6.833551748626785,14.96,38.148239495261954
heavy,3,proactive,0.82,Diffusion-JCSO,quantile,30,,,,,
heavy,3,proactive,0.82,Diffusion-JCSO,quantile,40,,,,,
heavy,3,proactive,0.82,Diffusion-JCSO,quantile,50,,,,,
heavy,3,proactive,0.82,Diffusion-JCSO,quantile,60,,,,,
heavy,3,proactive,0.82,Diffusion-JCSO,scale,30,25.244608617556114,90.70227352713464,14.96,14.96,36.08928025323821
heavy,3,proactive,0.82,Diffusion-JCSO,scale,40,18.285245995069943,91.76788178973315,14.96,14.96,38.47696957240941
heavy,3,proactive,0.82,Diffusion-JCSO,scale,50,15.786680788018709,91.875,14.96,14.96,40.76258459429955
heavy,3,proactive,0.82,Diffusion-JCSO,scale,60,15.128011644187785,91.875,14.96,14.96,42.96675001040655
heavy,3,proactive,0.82,GAN-JCSO,quantile,30,,,,,
heavy,3,proactive,0.82,GAN-JCSO,quantile,40,,,,,
heavy,3,proactive,0.82,GAN-JCSO,quantile,50,,,,,
heavy,3,proactive,0.82,GAN-JCSO,quantile,60,,,,,
heavy,3,proactive,0.82,GAN-JCSO,scale,30,22.703047412287404,90.56793528771769,14.96,14.96,36.09197175167943
heavy,3,proactive,0.82,GAN-JCSO,scale,40,17.759077927341615,91.6999323096356,14.96,14.96,38.47091066525172
heavy,3,proactive,0.82,GAN-JCSO,scale,50,15.660421681675233,91.90958233033162,14.96,14.96,40.770211250897496
heavy,3,proactive,0.82,GAN-JCSO,scale,60,14.759187402173099,92.08333333333333,14.96,14.96,43.00597156990783
heavy,3,proactive,0.82,MovingAverage-JCSO,scale,30,27.125182803751763,89.86174766770083,14.96,14.96,35.94338844514902
heavy,3,proactive,0.82,MovingAverage-JCSO,scale,40,18.882469997219424,91.71440240022244,14.96,14.96,38.32209149796989
heavy,3,proactive,0.82,MovingAverage-JCSO,scale,50,16.143263464259896,91.875,14.96,14.96,40.61727755081441
heavy,3,proactive,0.82,MovingAverage-JCSO,scale,60,14.949905469296677,92.10003151023444,14.96,14.96,42.84251176666108
heavy,3,proactive,0.82,QuantileMLP-JCSO,quantile,30,,,,,
heavy,3,proactive,0.82,QuantileMLP-JCSO,quantile,40,,,,,
heavy,3,proactive,0.82,QuantileMLP-JCSO,quantile,50,15.08275962222301,92.20849725079343,14.96,14.96,41.38313951388326
heavy,3,proactive,0.82,QuantileMLP-JCSO,quantile,60,,,,,
heavy,3,proactive,0.82,QuantileMLP-JCSO,scale,30,22.216756814692552,91.01967784738844,14.96,14.96,36.284036477460184
heavy,3,proactive,0.82,QuantileMLP-JCSO,scale,40,17.579004966150222,91.78007107384641,14.96,14.96,38.669655911014
heavy,3,proactive,0.82,QuantileMLP-JCSO,scale,50,15.833646492282671,91.875,14.96,14.96,40.98132189775331
heavy,3,proactive,0.82,QuantileMLP-JCSO,scale,60,15.04888068018566,91.96694649662025,14.96,14.96,43.22515975110002
heavy,3,proactive,1.0,Diffusion-JCSO,quantile,30,,,,,
heavy,3,proactive,1.0,Diffusion-JCSO,quantile,40,14.401829989389705,93.73658500530514,13.877592810470283,14.96,32.893496226574165
heavy,3,proactive,1.0,Diffusion-JCSO,quantile,50,,,,,
heavy,3,proactive,1.0,Diffusion-JCSO,quantile,60,,,,,
heavy,3,proactive,1.0,Diffusion-JCSO,scale,30,37.46836315790771,83.27966824363699,14.96,14.96,30.832860033799538
heavy,3,proactive,1.0,Diffusion-JCSO,scale,40,20.200293363412293,90.62821598796842,14.96,14.96,32.88696831048597
heavy,3,proactive,1.0,Diffusion-JCSO,scale,50,12.165459209432493,93.86791820220186,12.07612905469659,14.96,34.861012605086444
heavy,3,proactive,1.0,Diffusion-JCSO,scale,60,10.296679317880795,94.58333333333333,10.288428774879089,14.96,36.791086774998405
heavy,3,proactive,1.0,GAN-JCSO,quantile,30,,,,,
heavy,3,proactive,1.0,GAN-JCSO,quantile,40,,,,,
heavy,3,proactive,1.0,GAN-JCSO,quantile,50,,,,,
heavy,3,proactive,1.0,GAN-JCSO,quantile,60,,,,,
heavy,3,proactive,1.0,GAN-JCSO,scale,30,28.51281651051717,87.33508874406206,14.96,14.96,30.795117086879753
heavy,3,proactive,1.0,GAN-JCSO,scale,40,17.008230430250123,92.109392260628,13.554659595823026,14.96,32.84491993316041
heavy,3,proactive,1.0,GAN-JCSO,scale,50,10.596859937216962,94.6574677882416,10.293187154613587,14.96,34.8234375190692
heavy,3,proactive,1.0,GAN-JCSO,scale,60,9.716697307327278,94.79166666666666,10.279255849506564,14.96,36.75707473050862
heavy,3,proactive,1.0,MovingAverage-JCSO,scale,30,30.889109062957782,86.99083492064412,14.96,14.97911318139842,30.713802629323165
heavy,3,proactive,1.0,MovingAverage-JCSO,scale,40,17.94537502605071,91.83102635150622,14.96,14.96,32.80633174072352
heavy,3,proactive,1.0,MovingAverage-JCSO,scale,50,13.029662033498143,93.66313518660074,13.669592355077588,14.96,34.76581849503764
heavy,3,proactive,1.0,MovingAverage-JCSO,scale,60,10.134378469430914,94.72879340377467,11.059669446261989,14.96,36.670730824155086
heavy,3,proactive,1.0,QuantileMLP-JCSO,quantile,30,,,,,
heavy,3,proactive,1.0,QuantileMLP-JCSO,quantile,40,14.700771764509595,93.33333333333333,14.96,14.96,32.90804357666482
heavy,3,proactive,1.0,QuantileMLP-JCSO,quantile,50,,,,,
heavy,3,proactive,1.0,QuantileMLP-JCSO,quantile,60,,,,,
heavy,3,proactive,1.0,QuantileMLP-JCSO,scale,30,25.417489142446414,89.06951132410565,14.96,14.96,30.971368514381577
heavy,3,proactive,1.0,QuantileMLP-JCSO,scale,40,14.134588952887345,93.52527878606779,11.70196428834219,14.96,33.03755392692506
heavy,3,proactive,1.0,QuantileMLP-JCSO,scale,50,10.892290420587814,94.58333333333333,10.302170544582813,14.96,35.01780610663207
heavy,3,proactive,1.0,QuantileMLP-JCSO,scale,60,10.097636806531076,94.71517413170055,10.28729016860058,14.96,36.95429484765338
heavy,3,request_observed,0.82,Diffusion-JCSO,quantile,30,,,,,
heavy,3,request_observed,0.82,Diffusion-JCSO,quantile,40,,,,,
heavy,3,request_observed,0.82,Diffusion-JCSO,quantile,50,10.833333333333334,93.33333333333333,14.96,14.96,40.74175644135305
heavy,3,request_observed,0.82,Diffusion-JCSO,quantile,60,,,,,
heavy,3,request_observed,0.82,Diffusion-JCSO,scale,30,10.937959844501195,93.33333333333333,14.96,14.96,36.24502363129362
heavy,3,request_observed,0.82,Diffusion-JCSO,scale,40,10.833333333333334,93.33333333333333,14.96,14.96,38.49904252752025
heavy,3,request_observed,0.82,Diffusion-JCSO,scale,50,10.833333333333334,93.33333333333333,14.96,14.96,40.715064415536425
heavy,3,request_observed,0.82,Diffusion-JCSO,scale,60,10.833333333333334,93.33333333333333,14.96,14.96,42.89452133818389
heavy,3,request_observed,0.82,GAN-JCSO,quantile,30,,,,,
heavy,3,request_observed,0.82,GAN-JCSO,quantile,40,,,,,
heavy,3,request_observed,0.82,GAN-JCSO,quantile,50,,,,,
heavy,3,request_observed,0.82,GAN-JCSO,quantile,60,,,,,
heavy,3,request_observed,0.82,GAN-JCSO,scale,30,11.932256736920767,92.8623661603673,14.96,14.96,36.38758226773115
heavy,3,request_observed,0.82,GAN-JCSO,scale,40,10.833333333333334,93.33333333333333,14.96,14.96,38.66963981290968
heavy,3,request_observed,0.82,GAN-JCSO,scale,50,10.833333333333334,93.33333333333333,14.96,14.96,40.918759088595245
heavy,3,request_observed,0.82,GAN-JCSO,scale,60,10.833333333333334,93.33333333333333,14.96,14.96,43.12431459771015
heavy,3,request_observed,0.82,MovingAverage-JCSO,scale,30,11.296686212319644,93.10165689384019,14.96,14.96,36.243534141528656
heavy,3,request_observed,0.82,MovingAverage-JCSO,scale,40,10.833333333333334,93.33333333333333,14.96,14.96,38.51084230237679
heavy,3,request_observed,0.82,MovingAverage-JCSO,scale,50,10.833333333333334,93.33333333333333,14.96,14.96,40.74606090839755
heavy,3,request_observed,0.82,MovingAverage-JCSO,scale,60,10.833333333333334,93.33333333333333,14.96,14.96,42.952396186250446
heavy,3,request_observed,0.82,QuantileMLP-JCSO,quantile,30,,,,,
heavy,3,request_observed,0.82,QuantileMLP-JCSO,quantile,40,,,,,
heavy,3,request_observed,0.82,QuantileMLP-JCSO,quantile,50,10.833333333333334,93.33333333333333,14.96,14.96,41.25322781535877
heavy,3,request_observed,0.82,QuantileMLP-JCSO,quantile,60,,,,,
heavy,3,request_observed,0.82,QuantileMLP-JCSO,scale,30,10.833333333333334,93.33333333333333,14.96,14.96,36.42245971483135
heavy,3,request_observed,0.82,QuantileMLP-JCSO,scale,40,10.833333333333334,93.33333333333333,14.96,14.96,38.693777683588216
heavy,3,request_observed,0.82,QuantileMLP-JCSO,scale,50,10.833333333333334,93.33333333333333,14.96,14.96,40.93487650116563
heavy,3,request_observed,0.82,QuantileMLP-JCSO,scale,60,10.833333333333334,93.33333333333333,14.96,14.96,43.144561048283705
heavy,3,request_observed,1.0,Diffusion-JCSO,quantile,30,,,,,
heavy,3,request_observed,1.0,Diffusion-JCSO,quantile,40,8.34017019970259,94.89241490014871,12.16676568429139,14.96,32.95974146710266
heavy,3,request_observed,1.0,Diffusion-JCSO,quantile,50,,,,,
heavy,3,request_observed,1.0,Diffusion-JCSO,quantile,60,,,,,
heavy,3,request_observed,1.0,Diffusion-JCSO,scale,30,22.116696660268943,87.32498312859872,14.96,14.96,31.00101944103852
heavy,3,request_observed,1.0,Diffusion-JCSO,scale,40,11.67647602128446,93.02610008882566,14.260994462867789,14.96,32.94763447780628
heavy,3,request_observed,1.0,Diffusion-JCSO,scale,50,6.7848001668252085,95.61738172718626,11.655486577119525,14.96,34.858452972907635
heavy,3,request_observed,1.0,Diffusion-JCSO,scale,60,5.625,96.25,9.57358920046834,14.96,36.74417185714753
heavy,3,request_observed,1.0,GAN-JCSO,quantile,30,,,,,
heavy,3,request_observed,1.0,GAN-JCSO,quantile,40,,,,,
heavy,3,request_observed,1.0,GAN-JCSO,quantile,50,,,,,
heavy,3,request_observed,1.0,GAN-JCSO,quantile,60,,,,,
heavy,3,request_observed,1.0,GAN-JCSO,scale,30,17.609053107074068,89.93456813575555,14.96,14.96,31.052540346207497
heavy,3,request_observed,1.0,GAN-JCSO,scale,40,10.914309383436397,93.63391747651418,13.292882536267365,14.96,33.05014629361791
heavy,3,request_observed,1.0,GAN-JCSO,scale,50,6.273959537824658,95.8606242773052,10.059840681693856,14.96,34.97728511151726
heavy,3,request_observed,1.0,GAN-JCSO,scale,60,5.625,96.25,9.551742812853695,14.96,36.88151629834722
heavy,3,request_observed,1.0,MovingAverage-JCSO,scale,30,15.59653139206069,90.6015300744409,14.96,15.168210555186036,30.965576721560776
heavy,3,request_observed,1.0,MovingAverage-JCSO,scale,40,9.712213743397209,94.03809978032292,14.06639083390324,14.96,32.94595457982047
heavy,3,request_observed,1.0,MovingAverage-JCSO,scale,50,6.420100075764015,95.81630904958327,10.994992830088009,14.96,34.86414378286524
heavy,3,request_observed,1.0,MovingAverage-JCSO,scale,60,5.625,96.25,9.561931014790401,14.96,36.75272628689733
heavy,3,request_observed,1.0,QuantileMLP-JCSO,quantile,30,,,,,
heavy,3,request_observed,1.0,QuantileMLP-JCSO,quantile,40,8.290663864862552,95.0,13.68853791744746,14.96,32.96701814638759
heavy,3,request_observed,1.0,QuantileMLP-JCSO,quantile,50,5.625,96.25,9.765872079416532,14.96,35.33287694122272
heavy,3,request_observed,1.0,QuantileMLP-JCSO,quantile,60,,,,,
heavy,3,request_observed,1.0,QuantileMLP-JCSO,scale,30,13.40161650015326,92.18594293870045,14.96,14.96,31.131821228930427
heavy,3,request_observed,1.0,QuantileMLP-JCSO,scale,40,7.240075756470453,95.36904958737975,11.487643795452747,14.96,33.09959874185296
heavy,3,request_observed,1.0,QuantileMLP-JCSO,scale,50,5.625,96.25,9.584236795434066,14.96,35.024629968139614
heavy,3,request_observed,1.0,QuantileMLP-JCSO,scale,60,5.625,96.25,9.568516537965612,14.96,36.92400311810524
heavy,11,proactive,0.82,Diffusion-JCSO,quantile,30,,,,,
heavy,11,proactive,0.82,Diffusion-JCSO,quantile,40,15.864755884075423,92.33589436231448,14.96,15.373488711053266,37.88791259253155
heavy,11,proactive,0.82,Diffusion-JCSO,quantile,50,,,,,
heavy,11,proactive,0.82,Diffusion-JCSO,quantile,60,,,,,
heavy,11,proactive,0.82,Diffusion-JCSO,scale,30,21.69812792295756,91.03537441540848,14.96,15.420275360011923,35.28189775936534
heavy,11,proactive,0.82,Diffusion-JCSO,scale,40,15.587201578076535,92.4939168914719,14.96,15.383760041735622,37.90099747135395
heavy,11,proactive,0.82,Diffusion-JCSO,scale,50,12.666338919281477,93.125,14.96,15.348764797825869,40.442061573709275
heavy,11,proactive,0.82,Diffusion-JCSO,scale,60,11.475645692628841,93.3275625469015,14.96,15.325433898254447,42.87296852691124
heavy,11,proactive,0.82,GAN-JCSO,quantile,30,,,,,
heavy,11,proactive,0.82,GAN-JCSO,quantile,40,,,,,
heavy,11,proactive,0.82,GAN-JCSO,quantile,50,,,,,
heavy,11,proactive,0.82,GAN-JCSO,quantile,60,,,,,
heavy,11,proactive,0.82,GAN-JCSO,scale,30,19.065529319740193,91.39927296326235,14.96,15.434398172449049,35.57408315963758
heavy,11,proactive,0.82,GAN-JCSO,scale,40,14.822157822763831,92.50310430849153,14.96,15.39551814474705,38.19303941184544
heavy,11,proactive,0.82,GAN-JCSO,scale,50,12.629804281674225,93.03392150860985,14.96,15.359320738059441,40.750163178853185
heavy,11,proactive,0.82,GAN-JCSO,scale,60,11.656720756319276,93.23165314425351,14.96,15.331834774918224,43.22917158336493
heavy,11,proactive,0.82,MovingAverage-JCSO,scale,30,26.34026961163969,89.58472415240031,14.96,15.391700142870537,35.10352584289061
heavy,11,proactive,0.82,MovingAverage-JCSO,scale,40,19.9612014000533,91.2941969413184,14.96,15.367548789724509,37.74288075429284
heavy,11,proactive,0.82,MovingAverage-JCSO,scale,50,14.119304397109303,92.77225723405601,14.96,15.33697186613778,40.28536148272432
heavy,11,proactive,0.82,MovingAverage-JCSO,scale,60,12.24018890470549,93.10259206123256,14.96,15.321977783129913,42.74226149847792
heavy,11,proactive,0.82,QuantileMLP-JCSO,quantile,30,,,,,
heavy,11,proactive,0.82,QuantileMLP-JCSO,quantile,40,16.93038108936244,92.06118089758836,14.96,15.376803173961244,37.95407225041767
heavy,11,proactive,0.82,QuantileMLP-JCSO,quantile,50,11.330537546544413,93.54166666666667,14.96,15.34441141591379,40.808474116187114
heavy,11,proactive,0.82,QuantileMLP-JCSO,quantile,60,,,,,
heavy,11,proactive,0.82,QuantileMLP-JCSO,scale,30,20.202626286559557,90.96668732456006,14.96,15.422866957029088,35.43438015121649
heavy,11,proactive,0.82,QuantileMLP-JCSO,scale,40,15.336924093353922,92.25370732639259,14.96,15.384901251211009,38.05496755164482
heavy,11,proactive,0.82,QuantileMLP-JCSO,scale,50,11.875444282898567,93.33324447675362,14.96,15.34750798214508,40.604410084243476
heavy,11,proactive,0.82,QuantileMLP-JCSO,scale,60,10.833333333333334,93.54166666666667,14.96,15.325490487349635,43.06401040803572
heavy,11,proactive,1.0,Diffusion-JCSO,quantile,30,,,,,
heavy,11,proactive,1.0,Diffusion-JCSO,quantile,40,17.508778249695336,92.17478355420226,8.618628917247513,14.96,31.80673353277617
heavy,11,proactive,1.0,Diffusion-JCSO,quantile,50,,,,,
heavy,11,proactive,1.0,Diffusion-JCSO,quantile,60,,,,,
heavy,11,proactive,1.0,Diffusion-JCSO,scale,30,37.34711414122921,82.93343605980381,14.96,14.96,29.625697406500464
heavy,11,proactive,1.0,Diffusion-JCSO,scale,40,15.445165505366123,93.26203914188764,9.114912957438381,14.96,31.802244089613794
heavy,11,proactive,1.0,Diffusion-JCSO,scale,50,8.170633563636562,96.20719993419907,5.972264423102285,14.96,33.95434434793034
heavy,11,proactive,1.0,Diffusion-JCSO,scale,60,6.45572606994818,96.73698019890617,5.723720248838413,14.96,36.0773235100877
heavy,11,proactive,1.0,GAN-JCSO,quantile,30,,,,,
heavy,11,proactive,1.0,GAN-JCSO,quantile,40,12.6929743216712,94.1820256783288,7.3620859799372145,14.96,31.95320136738622
heavy,11,proactive,1.0,GAN-JCSO,quantile,50,,,,,
heavy,11,proactive,1.0,GAN-JCSO,quantile,60,,,,,
heavy,11,proactive,1.0,GAN-JCSO,scale,30,32.551897763854484,84.43140661413271,14.96,14.96,29.842829812003522
heavy,11,proactive,1.0,GAN-JCSO,scale,40,13.501349742482844,93.88287853199682,8.355063530109877,14.96,32.02361594261893
heavy,11,proactive,1.0,GAN-JCSO,scale,50,7.634271034331767,96.40123260538914,5.778373035623584,14.96,34.183214223289866
heavy,11,proactive,1.0,GAN-JCSO,scale,60,6.718176877389467,96.60170578065264,5.72831910678857,14.96,36.32194572115847
heavy,11,proactive,1.0,MovingAverage-JCSO,scale,30,33.17583946069219,85.83703687449528,14.96,14.96,29.510071802885797
heavy,11,proactive,1.0,MovingAverage-JCSO,scale,40,19.99175753637008,91.7524797182936,8.749663327609529,14.96,31.710856504644926
heavy,11,proactive,1.0,MovingAverage-JCSO,scale,50,9.02534035737495,96.07307251317594,6.210121822152401,14.96,33.85442530391388
heavy,11,proactive,1.0,MovingAverage-JCSO,scale,60,7.010350306383465,96.54624469592183,5.871907761983404,14.96,35.97698037718377
heavy,11,proactive,1.0,QuantileMLP-JCSO,quantile,30,,,,,
heavy,11,proactive,1.0,QuantileMLP-JCSO,quantile,40,11.265672995860243,95.3626242088508,6.323625813488874,14.96,31.85875264251844
heavy,11,proactive,1.0,QuantileMLP-JCSO,quantile,50,6.3312319353958895,96.875,5.731102027126653,14.96,34.29929803303225
heavy,11,proactive,1.0,QuantileMLP-JCSO,quantile,60,,,,,
heavy,11,proactive,1.0,QuantileMLP-JCSO,scale,30,27.57526385350905,87.74599895746556,11.100710887179954,14.96,29.729921017389273
heavy,11,proactive,1.0,QuantileMLP-JCSO,scale,40,12.087916111950873,94.57762738189902,6.799366871264063,14.96,31.92320910589558
heavy,11,proactive,1.0,QuantileMLP-JCSO,scale,50,6.736859165907333,96.73596150015186,5.769142489447685,14.96,34.08388928072239
heavy,11,proactive,1.0,QuantileMLP-JCSO,scale,60,6.041666666666667,96.875,5.728288956912152,14.96,36.21436411364508
heavy,11,request_observed,0.82,Diffusion-JCSO,quantile,30,,,,,
heavy,11,request_observed,0.82,Diffusion-JCSO,quantile,40,7.708333333333334,94.58333333333333,14.96,15.356561827559432,37.98757316451886
heavy,11,request_observed,0.82,Diffusion-JCSO,quantile,50,7.708333333333334,94.58333333333333,14.96,15.341208768438175,40.498883073589624
heavy,11,request_observed,0.82,Diffusion-JCSO,quantile,60,,,,,
heavy,11,request_observed,0.82,Diffusion-JCSO,scale,30,7.708333333333334,94.58333333333333,14.96,15.382381783293685,35.52033616762372
heavy,11,request_observed,0.82,Diffusion-JCSO,scale,40,7.708333333333334,94.58333333333333,14.96,15.358393021156168,38.00526802928226
heavy,11,request_observed,0.82,Diffusion-JCSO,scale,50,7.708333333333334,94.58333333333333,14.96,15.337595960128683,40.46759349974317
heavy,11,request_observed,0.82,Diffusion-JCSO,scale,60,7.708333333333334,94.58333333333333,14.96,15.322144974665177,42.864539562005326
heavy,11,request_observed,0.82,GAN-JCSO,quantile,30,,,,,
heavy,11,request_observed,0.82,GAN-JCSO,quantile,40,,,,,
heavy,11,request_observed,0.82,GAN-JCSO,quantile,50,,,,,
heavy,11,request_observed,0.82,GAN-JCSO,quantile,60,,,,,
heavy,11,request_observed,0.82,GAN-JCSO,scale,30,7.708333333333334,94.58333333333333,14.96,15.399924340301645,35.78781251811898
heavy,11,request_observed,0.82,GAN-JCSO,scale,40,7.708333333333334,94.58333333333333,14.96,15.374678301743979,38.29804622716752
heavy,11,request_observed,0.82,GAN-JCSO,scale,50,7.708333333333334,94.58333333333333,14.96,15.352791247180791,40.789583538566916
heavy,11,request_observed,0.82,GAN-JCSO,scale,60,7.708333333333334,94.58333333333333,14.96,15.333715422011354,43.23050364878787
heavy,11,request_observed,0.82,MovingAverage-JCSO,scale,30,7.708333333333334,94.58333333333333,14.96,15.352311586273437,35.444320477652894
heavy,11,request_observed,0.82,MovingAverage-JCSO,scale,40,7.708333333333334,94.58333333333333,14.96,15.330593136925444,37.92588105233839
heavy,11,request_observed,0.82,MovingAverage-JCSO,scale,50,7.708333333333334,94.58333333333333,14.96,15.320385469210137,40.371416435511264
heavy,11,request_observed,0.82,MovingAverage-JCSO,scale,60,7.708333333333334,94.58333333333333,14.96,15.315949155223676,42.77000990913691
heavy,11,request_observed,0.82,QuantileMLP-JCSO,quantile,30,,,,,
heavy,11,request_observed,0.82,QuantileMLP-JCSO,quantile,40,7.708333333333334,94.58333333333333,14.96,15.360881655569026,38.070563390487735
heavy,11,request_observed,0.82,QuantileMLP-JCSO,quantile,50,7.708333333333334,94.58333333333333,14.96,15.340147921384675,40.78367194620155
heavy,11,request_observed,0.82,QuantileMLP-JCSO,quantile,60,,,,,
heavy,11,request_observed,0.82,QuantileMLP-JCSO,scale,30,7.708333333333334,94.58333333333333,14.96,15.385133984320285,35.663611318532865
heavy,11,request_observed,0.82,QuantileMLP-JCSO,scale,40,7.708333333333334,94.58333333333333,14.96,15.36093838400852,38.164050073343454
heavy,11,request_observed,0.82,QuantileMLP-JCSO,scale,50,7.708333333333334,94.58333333333333,14.96,15.33996340931334,40.64102362787701
heavy,11,request_observed,0.82,QuantileMLP-JCSO,scale,60,7.708333333333334,94.58333333333333,14.96,15.324090476248802,43.0578290834605
heavy,11,request_observed,1.0,Diffusion-JCSO,quantile,30,,,,,
heavy,11,request_observed,1.0,Diffusion-JCSO,quantile,40,7.063081654669269,95.51215100719844,6.354807092182318,14.96,31.92155787709686
heavy,11,request_observed,1.0,Diffusion-JCSO,quantile,50,,,,,
heavy,11,request_observed,1.0,Diffusion-JCSO,quantile,60,,,,,
heavy,11,request_observed,1.0,Diffusion-JCSO,scale,30,21.363055852600397,88.33090667927623,11.295041697789538,14.96,29.857491625950075
heavy,11,request_observed,1.0,Diffusion-JCSO,scale,40,7.840333709917171,95.6417740113304,6.440598081231015,14.96,31.928226136172878
heavy,11,request_observed,1.0,Diffusion-JCSO,scale,50,2.7083333333333335,98.125,4.8703558217597145,14.96,34.01310176961198
heavy,11,request_observed,1.0,Diffusion-JCSO,scale,60,2.7083333333333335,98.125,4.847086654857977,14.96,36.08638366862746
heavy,11,request_observed,1.0,GAN-JCSO,quantile,30,,,,,
heavy,11,request_observed,1.0,GAN-JCSO,quantile,40,,,,,
heavy,11,request_observed,1.0,GAN-JCSO,quantile,50,,,,,
heavy,11,request_observed,1.0,GAN-JCSO,quantile,60,,,,,
heavy,11,request_observed,1.0,GAN-JCSO,scale,30,19.301901259275795,88.60745570047231,11.357661107742995,14.96,30.060456010834294
heavy,11,request_observed,1.0,GAN-JCSO,scale,40,6.98711667720451,95.85976175912703,6.464423459496212,14.96,32.15065638073708
heavy,11,request_observed,1.0,GAN-JCSO,scale,50,2.7083333333333335,98.125,4.874875000081346,14.96,34.251818711986886
heavy,11,request_observed,1.0,GAN-JCSO,scale,60,2.7083333333333335,98.125,4.8513871796574,14.96,36.34577750448393
heavy,11,request_observed,1.0,MovingAverage-JCSO,scale,30,11.431638958867353,92.99209344473121,8.930992700872926,14.96,29.819252712146888
heavy,11,request_observed,1.0,MovingAverage-JCSO,scale,40,5.116566110423021,96.80506033374618,5.7625379862769694,14.96,31.888160655083173
heavy,11,request_observed,1.0,MovingAverage-JCSO,scale,50,2.83861913724104,98.05393501605035,4.915303233329177,14.96,33.957351066683884
heavy,11,request_observed,1.0,MovingAverage-JCSO,scale,60,2.7083333333333335,98.125,4.846176341254345,14.96,36.01424201846473
heavy,11,request_observed,1.0,QuantileMLP-JCSO,quantile,30,,,,,
heavy,11,request_observed,1.0,QuantileMLP-JCSO,quantile,40,2.7083333333333335,98.125,4.891773535435598,14.96,31.99206381753968
heavy,11,request_observed,1.0,QuantileMLP-JCSO,quantile,50,2.7083333333333335,98.125,4.875058969106104,14.96,34.30657155755964
heavy,11,request_observed,1.0,QuantileMLP-JCSO,quantile,60,,,,,
heavy,11,request_observed,1.0,QuantileMLP-JCSO,scale,30,15.438858041388357,91.42501500689215,11.22292100767258,14.96,29.957052858289398
heavy,11,request_observed,1.0,QuantileMLP-JCSO,scale,40,5.500675248167148,96.55430767290598,6.522712522134304,14.96,32.04892093917113
heavy,11,request_observed,1.0,QuantileMLP-JCSO,scale,50,2.7083333333333335,98.125,4.867701647705815,14.96,34.14407660903711
heavy,11,request_observed,1.0,QuantileMLP-JCSO,scale,60,2.7083333333333335,98.125,4.844782238621327,14.96,36.228698147041776
heavy,27,proactive,0.82,Diffusion-JCSO,quantile,30,,,,,
heavy,27,proactive,0.82,Diffusion-JCSO,quantile,40,15.28017485635297,93.10703961924509,14.96,15.829639385555023,37.28180611540493
heavy,27,proactive,0.82,Diffusion-JCSO,quantile,50,13.412613298485303,93.25405336818136,14.96,15.539478931356495,39.559113880509045
heavy,27,proactive,0.82,Diffusion-JCSO,quantile,60,,,,,
heavy,27,proactive,0.82,Diffusion-JCSO,scale,30,23.953924666489097,91.69990760419442,14.96,15.888743831874107,34.84614771602429
heavy,27,proactive,0.82,Diffusion-JCSO,scale,40,15.669775228966964,92.81599361398234,14.96,15.543025387261565,37.23746284112548
heavy,27,proactive,0.82,Diffusion-JCSO,scale,50,13.069322817489624,93.3117824514861,14.96,15.538811376693175,39.57215003564888
heavy,27,proactive,0.82,Diffusion-JCSO,scale,60,11.648200562556887,93.83702655415529,14.96,15.535193943553825,41.86388814957274
heavy,27,proactive,0.82,GAN-JCSO,quantile,30,,,,,
heavy,27,proactive,0.82,GAN-JCSO,quantile,40,,,,,
heavy,27,proactive,0.82,GAN-JCSO,quantile,50,12.776729583641561,93.40330187484588,14.96,15.538157095118933,39.862226057986085
heavy,27,proactive,0.82,GAN-JCSO,quantile,60,,,,,
heavy,27,proactive,0.82,GAN-JCSO,scale,30,22.572715869984417,91.5909726732462,14.96,15.546939693060875,35.07413588051495
heavy,27,proactive,0.82,GAN-JCSO,scale,40,15.985118779038954,92.83612356226354,14.96,15.541927570528692,37.482727236039786
heavy,27,proactive,0.82,GAN-JCSO,scale,50,13.163524138696879,93.38993639821214,14.96,15.537792163899356,39.83614526029532
heavy,27,proactive,0.82,GAN-JCSO,scale,60,12.012819098244256,93.7735047450297,14.96,15.534230749662274,42.159548533497
heavy,27,proactive,0.82,MovingAverage-JCSO,scale,30,23.090665018031572,92.23202903047309,14.96,15.163970184195392,34.90702564909792
heavy,27,proactive,0.82,MovingAverage-JCSO,scale,40,14.979781484365642,92.87883525366547,14.96,15.153315580947,37.27350212539745
heavy,27,proactive,0.82,MovingAverage-JCSO,scale,50,13.79418675023942,92.91666666666667,14.96,15.457041806466364,39.57497449106526
heavy,27,proactive,0.82,MovingAverage-JCSO,scale,60,12.812275360692256,93.38552898632054,14.96,15.536378760487906,41.8541633023872
heavy,27,proactive,0.82,QuantileMLP-JCSO,quantile,30,,,,,
heavy,27,proactive,0.82,QuantileMLP-JCSO,quantile,40,15.072321432105927,93.125,14.96,15.784335226595998,37.310295303629516
heavy,27,proactive,0.82,QuantileMLP-JCSO,quantile,50,13.750000000000002,92.91666666666667,14.96,15.5375195461922,39.50736133970837
heavy,27,proactive,0.82,QuantileMLP-JCSO,quantile,60,12.038412670068457,93.706630049712,14.96,15.536553850574688,41.609426736819316
heavy,27,proactive,0.82,QuantileMLP-JCSO,scale,30,20.08609078089921,92.42031440595737,14.96,15.170096630315351,34.83481394163593
heavy,27,proactive,0.82,QuantileMLP-JCSO,scale,40,14.617309139771443,92.91666666666667,14.96,15.223873002451839,37.18986451708491
heavy,27,proactive,0.82,QuantileMLP-JCSO,scale,50,13.649550854953342,92.96689123919,14.96,15.537472251213712,39.516931270597155
heavy,27,proactive,0.82,QuantileMLP-JCSO,scale,60,12.50720060807388,93.53806636262973,14.96,15.53394259518925,41.82154801390464
heavy,27,proactive,1.0,Diffusion-JCSO,quantile,30,,,,,
heavy,27,proactive,1.0,Diffusion-JCSO,quantile,40,7.099432560843891,97.07125891270042,5.720101917647761,9.612704651081396,31.904103613452058
heavy,27,proactive,1.0,Diffusion-JCSO,quantile,50,,,,,
heavy,27,proactive,1.0,Diffusion-JCSO,quantile,60,,,,,
heavy,27,proactive,1.0,Diffusion-JCSO,scale,30,30.692101236292785,86.0828962956286,10.477247842523713,14.96,29.939565416789073
heavy,27,proactive,1.0,Diffusion-JCSO,scale,40,10.966169601386255,95.00618907870495,6.261068716857759,13.261568815773261,31.89989960216745
heavy,27,proactive,1.0,Diffusion-JCSO,scale,50,5.018673842646404,98.16303499452172,5.25867285284909,9.54571910828662,33.838820004573925
heavy,27,proactive,1.0,Diffusion-JCSO,scale,60,3.5593808825835214,98.70479049014996,5.122746315641586,8.8,35.76965290095565
heavy,27,proactive,1.0,GAN-JCSO,quantile,30,,,,,
heavy,27,proactive,1.0,GAN-JCSO,quantile,40,,,,,
heavy,27,proactive,1.0,GAN-JCSO,quantile,50,,,,,
heavy,27,proactive,1.0,GAN-JCSO,quantile,60,,,,,
heavy,27,proactive,1.0,GAN-JCSO,scale,30,37.03995432318699,80.87069214952024,13.19576178345256,14.96,30.061905900918507
heavy,27,proactive,1.0,GAN-JCSO,scale,40,15.295304187392917,92.80186359657591,7.338150047463081,12.540318549732147,32.04768530729783
heavy,27,proactive,1.0,GAN-JCSO,scale,50,5.497555061806194,97.98038913576357,5.431987496404856,9.303639755441969,34.00210561567604
heavy,27,proactive,1.0,GAN-JCSO,scale,60,3.870261425231203,98.70991285825627,5.1510225912803795,8.8,35.957060078680456
heavy,27,proactive,1.0,MovingAverage-JCSO,scale,30,15.271492613332635,94.67454307755123,6.6611785029329225,14.369540685531007,30.068740359833427
heavy,27,proactive,1.0,MovingAverage-JCSO,scale,40,6.007654122398691,97.53401254426798,5.252033326081058,8.8,32.02983248423646
heavy,27,proactive,1.0,MovingAverage-JCSO,scale,50,5.650585703449514,97.79970714827523,5.289315603769072,8.8,33.936884039381994
heavy,27,proactive,1.0,MovingAverage-JCSO,scale,60,4.447415597858166,98.36051688042836,5.096996067512823,8.8,35.8316998344209
heavy,27,proactive,1.0,QuantileMLP-JCSO,quantile,30,,,,,
heavy,27,proactive,1.0,QuantileMLP-JCSO,quantile,40,8.825736804667422,96.32232537927231,5.695123338268756,12.6780626257056,31.971346498923953
heavy,27,proactive,1.0,QuantileMLP-JCSO,quantile,50,5.649211578579743,97.88946645091191,5.3636838881551085,8.8,33.7519216927134
heavy,27,proactive,1.0,QuantileMLP-JCSO,quantile,60,3.511137484920712,98.87626987875456,5.15220824803189,8.8,35.60294052202943
heavy,27,proactive,1.0,QuantileMLP-JCSO,scale,30,12.873915255666393,95.4309171370001,6.3030765070566686,11.858932104659065,29.924761021760837
heavy,27,proactive,1.0,QuantileMLP-JCSO,scale,40,6.261036062905502,97.60140765094029,5.339108752977164,8.8,31.894799738381277
heavy,27,proactive,1.0,QuantileMLP-JCSO,scale,50,5.305462631872646,97.97226868406368,5.237821428132436,8.8,33.81585495601335
heavy,27,proactive,1.0,QuantileMLP-JCSO,scale,60,4.136793856207301,98.48217982570867,5.072983135207794,8.8,35.730822207857535
heavy,27,request_observed,0.82,Diffusion-JCSO,quantile,30,,,,,
heavy,27,request_observed,0.82,Diffusion-JCSO,quantile,40,,,,,
heavy,27,request_observed,0.82,Diffusion-JCSO,quantile,50,8.958333333333334,94.79166666666666,14.96,15.539903145236474,39.67404196398465
heavy,27,request_observed,0.82,Diffusion-JCSO,quantile,60,,,,,
heavy,27,request_observed,0.82,Diffusion-JCSO,scale,30,9.375,94.79166666666666,14.96,15.548298690901975,35.11928698779859
heavy,27,request_observed,0.82,Diffusion-JCSO,scale,40,9.291482111361013,94.79166666666666,14.96,15.543573319441574,37.40073244745449
heavy,27,request_observed,0.82,Diffusion-JCSO,scale,50,9.101984801855053,94.79166666666666,14.96,15.539477264095988,39.672917629906735
heavy,27,request_observed,0.82,Diffusion-JCSO,scale,60,8.958333333333334,94.79166666666666,14.96,15.53589327480758,41.92143019310448
heavy,27,request_observed,0.82,GAN-JCSO,quantile,30,,,,,
heavy,27,request_observed,0.82,GAN-JCSO,quantile,40,,,,,
heavy,27,request_observed,0.82,GAN-JCSO,quantile,50,8.958333333333334,94.79166666666666,14.96,15.538339244937395,39.89184001865974
heavy,27,request_observed,0.82,GAN-JCSO,quantile,60,,,,,
heavy,27,request_observed,0.82,GAN-JCSO,scale,30,9.003122522859769,95.0,14.96,15.149891222534256,35.28763105928619
heavy,27,request_observed,0.82,GAN-JCSO,scale,40,9.145490738336377,94.9788240716697,14.96,15.216423824656829,37.58240164640003
heavy,27,request_observed,0.82,GAN-JCSO,scale,50,8.961739472914633,94.79507280624796,14.96,15.532463612733027,39.89375767096919
heavy,27,request_observed,0.82,GAN-JCSO,scale,60,8.958333333333334,94.79166666666666,14.96,15.534923827217236,42.17356814146196
heavy,27,request_observed,0.82,MovingAverage-JCSO,scale,30,8.958333333333334,95.03950993916034,14.96,15.118571494622051,35.232892758386335
heavy,27,request_observed,0.82,MovingAverage-JCSO,scale,40,8.803476443139118,95.0,14.96,15.130864276434918,37.48755929823039
heavy,27,request_observed,0.82,MovingAverage-JCSO,scale,50,8.75,95.0,14.96,15.144157419722163,39.73040898481185
heavy,27,request_observed,0.82,MovingAverage-JCSO,scale,60,8.875847052836965,94.87415294716303,14.96,15.382935267677597,41.99391467019398
heavy,27,request_observed,0.82,QuantileMLP-JCSO,quantile,30,,,,,
heavy,27,request_observed,0.82,QuantileMLP-JCSO,quantile,40,,,,,
heavy,27,request_observed,0.82,QuantileMLP-JCSO,quantile,50,8.958333333333334,94.79166666666666,14.96,15.538107571880843,39.68405011961338
heavy,27,request_observed,0.82,QuantileMLP-JCSO,quantile,60,8.958333333333334,94.79166666666666,14.96,15.536610209772304,41.71948117412089
heavy,27,request_observed,0.82,QuantileMLP-JCSO,scale,30,8.958333333333334,95.0,14.96,15.131251396381787,35.11434832406349
heavy,27,request_observed,0.82,QuantileMLP-JCSO,scale,40,8.958333333333334,94.98736036638309,14.96,15.168118130458273,37.36467988364017
heavy,27,request_observed,0.82,QuantileMLP-JCSO,scale,50,8.958333333333334,94.8045470644452,14.96,15.513451597958216,39.67132188953347
heavy,27,request_observed,0.82,QuantileMLP-JCSO,scale,60,8.958333333333334,94.79166666666666,14.96,15.534606287656787,41.93367345297717
heavy,27,request_observed,1.0,Diffusion-JCSO,quantile,30,,,,,
heavy,27,request_observed,1.0,Diffusion-JCSO,quantile,40,2.9465437327934594,98.63089480026994,4.952997392040474,8.354596238800934,32.04873427695946
heavy,27,request_observed,1.0,Diffusion-JCSO,quantile,50,,,,,
heavy,27,request_observed,1.0,Diffusion-JCSO,quantile,60,,,,,
heavy,27,request_observed,1.0,Diffusion-JCSO,scale,30,19.851212610600662,89.00897776628327,10.803418180217882,14.96,30.145630008595994
heavy,27,request_observed,1.0,Diffusion-JCSO,scale,40,6.4247693105435975,96.66749760876245,6.11145691004719,10.301665398413938,32.02943971885112
heavy,27,request_observed,1.0,Diffusion-JCSO,scale,50,1.335024979920522,99.57164793172628,4.700108097650275,7.126573702431208,33.92728202267763
heavy,27,request_observed,1.0,Diffusion-JCSO,scale,60,1.0416666666666665,99.79166666666667,4.570778848990283,6.538414782088503,35.83407672032278
heavy,27,request_observed,1.0,GAN-JCSO,quantile,30,,,,,
heavy,27,request_observed,1.0,GAN-JCSO,quantile,40,,,,,
heavy,27,request_observed,1.0,GAN-JCSO,quantile,50,1.0416666666666665,99.79166666666667,4.607731890531306,6.716627567542758,34.10142236713953
heavy,27,request_observed,1.0,GAN-JCSO,quantile,60,,,,,
heavy,27,request_observed,1.0,GAN-JCSO,scale,30,24.646643842615394,85.29110283412263,13.11234732084713,14.96,30.288640211583356
heavy,27,request_observed,1.0,GAN-JCSO,scale,40,10.113055103494515,94.71001390575981,7.426878899400701,12.624274544920137,32.16178999698567
heavy,27,request_observed,1.0,GAN-JCSO,scale,50,1.6215805870239468,99.35673122639871,4.802388266298636,7.8280078252487355,34.058768761308265
heavy,27,request_observed,1.0,GAN-JCSO,scale,60,1.0416666666666665,99.79166666666667,4.582727046211876,6.6982142057998635,35.97170978653139
heavy,27,request_observed,1.0,MovingAverage-JCSO,scale,30,4.046414261533501,98.0906238223254,5.076405231873005,8.528469697781555,30.30148854848536
heavy,27,request_observed,1.0,MovingAverage-JCSO,scale,40,0.8333333333333334,99.79166666666667,4.220886777324059,5.8717628700583555,32.19005394320563
heavy,27,request_observed,1.0,MovingAverage-JCSO,scale,50,0.8333333333333334,99.79166666666667,4.294169240310646,5.848927742107878,34.07603007853134
heavy,27,request_observed,1.0,MovingAverage-JCSO,scale,60,0.8333333333333334,99.79166666666667,4.390994271047778,5.831698664295434,35.9446940240908
heavy,27,request_observed,1.0,QuantileMLP-JCSO,quantile,30,,,,,
heavy,27,request_observed,1.0,QuantileMLP-JCSO,quantile,40,1.423143275384827,99.60092836230758,4.608932855613343,6.5490002845077875,32.11752012400182
heavy,27,request_observed,1.0,QuantileMLP-JCSO,quantile,50,1.0416666666666665,99.79166666666667,4.584195868115292,6.593065621113654,33.888535455700726
heavy,27,request_observed,1.0,QuantileMLP-JCSO,quantile,60,1.0416666666666665,99.79166666666667,4.59067793134119,6.688999185529274,35.695439908384444
heavy,27,request_observed,1.0,QuantileMLP-JCSO,scale,30,4.046496816336358,98.0809182584985,5.095405434418598,10.849941624164256,30.144713626158406
heavy,27,request_observed,1.0,QuantileMLP-JCSO,scale,40,0.7025697048709058,99.79166666666667,4.442185513314983,5.868794434503892,32.04570633334214
heavy,27,request_observed,1.0,QuantileMLP-JCSO,scale,50,0.8333333333333334,99.79166666666667,4.4416147869743545,5.861157700782123,33.93621354266355
heavy,27,request_observed,1.0,QuantileMLP-JCSO,scale,60,0.870923792924309,99.79166666666667,4.431095262202677,5.931864288996271,35.82581803449551
heavy,41,proactive,0.82,Diffusion-JCSO,quantile,30,,,,,
heavy,41,proactive,0.82,Diffusion-JCSO,quantile,40,,,,,
heavy,41,proactive,0.82,Diffusion-JCSO,quantile,50,16.721630326730242,89.58333333333334,14.96,19.14239322461517,39.33607164710431
heavy,41,proactive,0.82,Diffusion-JCSO,quantile,60,,,,,
heavy,41,proactive,0.82,Diffusion-JCSO,scale,30,27.280960063149582,87.76161331797262,14.96,19.195076513745693,34.55468712665871
heavy,41,proactive,0.82,Diffusion-JCSO,scale,40,19.75819602515634,89.58333333333334,14.96,19.16649896750178,36.977071310048565
heavy,41,proactive,0.82,Diffusion-JCSO,scale,50,16.813633039514563,89.58333333333334,14.96,19.14321765370739,39.32343091134397
heavy,41,proactive,0.82,Diffusion-JCSO,scale,60,15.577779966359582,90.12777668348687,14.96,19.123536190103295,41.592490939928
heavy,41,proactive,0.82,GAN-JCSO,quantile,30,,,,,
heavy,41,proactive,0.82,GAN-JCSO,quantile,40,,,,,
heavy,41,proactive,0.82,GAN-JCSO,quantile,50,16.56112005191185,89.79166666666667,14.96,19.155203158594357,39.95889520339506
heavy,41,proactive,0.82,GAN-JCSO,quantile,60,,,,,
heavy,41,proactive,0.82,GAN-JCSO,scale,30,27.173446874732793,87.68687772823823,14.96,19.201867899392095,34.7636115004447
heavy,41,proactive,0.82,GAN-JCSO,scale,40,20.353550917039122,89.28517782188506,14.96,19.168341006785276,37.193502744087205
heavy,41,proactive,0.82,GAN-JCSO,scale,50,17.206308683195022,89.79166666666667,14.96,19.144900063955316,39.54957233643399
heavy,41,proactive,0.82,GAN-JCSO,scale,60,15.880713967739112,89.97630968279711,14.96,19.125567750205356,41.84374977482251
heavy,41,proactive,0.82,MovingAverage-JCSO,scale,30,35.18373868436132,85.82057734862359,14.96,19.164822963636595,34.33706833057001
heavy,41,proactive,0.82,MovingAverage-JCSO,scale,40,23.965221496269116,88.27184147725644,14.96,19.135271711425997,36.69217106925902
heavy,41,proactive,0.82,MovingAverage-JCSO,scale,50,19.068858392108538,89.35240087100613,14.96,19.1139633051825,38.930243325018246
heavy,41,proactive,0.82,MovingAverage-JCSO,scale,60,16.44919832140007,89.8388143404933,14.96,19.096360234538217,41.10088871147838
heavy,41,proactive,0.82,QuantileMLP-JCSO,quantile,30,,,,,
heavy,41,proactive,0.82,QuantileMLP-JCSO,quantile,40,,,,,
heavy,41,proactive,0.82,QuantileMLP-JCSO,quantile,50,16.556264813527278,89.83898174658356,14.96,19.136138080682493,39.63015153846451
heavy,41,proactive,0.82,QuantileMLP-JCSO,quantile,60,,,,,
heavy,41,proactive,0.82,QuantileMLP-JCSO,scale,30,25.91020241032092,88.28223276246786,14.96,19.188225539370276,34.74807785322011
heavy,41,proactive,0.82,QuantileMLP-JCSO,scale,40,19.403661995999226,89.70995891716677,14.96,19.160438877954387,37.12519640849557
heavy,41,proactive,0.82,QuantileMLP-JCSO,scale,50,16.69819661254766,90.05501953154081,14.96,19.137541264924355,39.42768247437601
heavy,41,proactive,0.82,QuantileMLP-JCSO,scale,60,15.502030492865453,90.24932316904484,14.96,19.118436919986802,41.70648571070862
heavy,41,proactive,1.0,Diffusion-JCSO,quantile,30,,,,,
heavy,41,proactive,1.0,Diffusion-JCSO,quantile,40,,,,,
heavy,41,proactive,1.0,Diffusion-JCSO,quantile,50,10.65234986866614,94.52252175860036,8.953627841028636,14.96,33.46188606848745
heavy,41,proactive,1.0,Diffusion-JCSO,quantile,60,,,,,
heavy,41,proactive,1.0,Diffusion-JCSO,scale,30,53.37836656466303,74.44182522475703,14.96,14.96,29.5125570273719
heavy,41,proactive,1.0,Diffusion-JCSO,scale,40,22.119813339951257,89.54115354561183,13.642364083871898,14.96,31.52483188440625
heavy,41,proactive,1.0,Diffusion-JCSO,scale,50,11.434367741865548,94.16719216594358,8.872082409083587,14.96,33.502400686362655
heavy,41,proactive,1.0,Diffusion-JCSO,scale,60,9.061617260186452,95.69503293765348,8.183076610237501,14.96,35.439661557067424
heavy,41,proactive,1.0,GAN-JCSO,quantile,30,,,,,
heavy,41,proactive,1.0,GAN-JCSO,quantile,40,13.750000000000002,94.02707089736863,8.803628419544575,14.96,31.65657141386984
heavy,41,proactive,1.0,GAN-JCSO,quantile,50,,,,,
heavy,41,proactive,1.0,GAN-JCSO,quantile,60,,,,,
heavy,41,proactive,1.0,GAN-JCSO,scale,30,35.75105452712107,84.43067800573458,14.96,14.96,29.67405303201117
heavy,41,proactive,1.0,GAN-JCSO,scale,40,15.891860883244652,93.12733790917697,10.227343850438448,14.96,31.722942745590693
heavy,41,proactive,1.0,GAN-JCSO,scale,50,10.659397671591941,95.01993399859278,8.802486238194115,14.96,33.70874768636477
heavy,41,proactive,1.0,GAN-JCSO,scale,60,9.374591851514982,95.52103740757585,8.378088920466697,14.96,35.65246947313586
heavy,41,proactive,1.0,MovingAverage-JCSO,scale,30,33.902918345827956,86.4365237038561,12.288869333418035,14.96,29.4281411609774
heavy,41,proactive,1.0,MovingAverage-JCSO,scale,40,18.673878384360844,92.26476640670249,9.274711790883128,14.96,31.467745187107987
heavy,41,proactive,1.0,MovingAverage-JCSO,scale,50,13.591952555019967,93.89367852791167,8.80730684899645,14.96,33.392193488256545
heavy,41,proactive,1.0,MovingAverage-JCSO,scale,60,10.533491491184297,95.07428597842777,8.38617513671731,14.96,35.289226998033115
heavy,41,proactive,1.0,QuantileMLP-JCSO,quantile,30,,,,,
heavy,41,proactive,1.0,QuantileMLP-JCSO,quantile,40,15.345808273848256,93.31150701665582,8.8,14.96,31.63407221245441
heavy,41,proactive,1.0,QuantileMLP-JCSO,quantile,50,9.722395343992734,95.50587818590787,8.537965031521765,14.96,33.92324791084573
heavy,41,proactive,1.0,QuantileMLP-JCSO,quantile,60,,,,,
heavy,41,proactive,1.0,QuantileMLP-JCSO,scale,30,32.481558889078094,86.14651121473662,14.96,14.96,29.68737778505494
heavy,41,proactive,1.0,QuantileMLP-JCSO,scale,40,17.15251114043523,92.52475339272071,11.61492660323208,14.96,31.72154081104722
heavy,41,proactive,1.0,QuantileMLP-JCSO,scale,50,10.346653342237866,95.22583666444054,8.495450897965418,14.96,33.692940330270964
heavy,41,proactive,1.0,QuantileMLP-JCSO,scale,60,9.272246151801417,95.52036239384398,8.228716323722082,14.96,35.620161263545086
heavy,41,request_observed,0.82,Diffusion-JCSO,quantile,30,,,,,
heavy,41,request_observed,0.82,Diffusion-JCSO,quantile,40,,,,,
heavy,41,request_observed,0.82,Diffusion-JCSO,quantile,50,11.875,91.66666666666666,14.96,19.07130690781274,39.34943413202577
heavy,41,request_observed,0.82,Diffusion-JCSO,quantile,60,,,,,
heavy,41,request_observed,0.82,Diffusion-JCSO,scale,30,12.0775255409769,91.66666666666666,14.96,19.12139877502861,34.85351530849656
heavy,41,request_observed,0.82,Diffusion-JCSO,scale,40,11.895577387793658,91.66666666666666,14.96,19.095993580098167,37.10976264398041
heavy,41,request_observed,0.82,Diffusion-JCSO,scale,50,11.875,91.66666666666666,14.96,19.073970280196146,39.34772258845627
heavy,41,request_observed,0.82,Diffusion-JCSO,scale,60,12.009793339117701,91.66666666666666,14.96,19.054628847388756,41.54641675399174
heavy,41,request_observed,0.82,GAN-JCSO,quantile,30,,,,,
heavy,41,request_observed,0.82,GAN-JCSO,quantile,40,,,,,
heavy,41,request_observed,0.82,GAN-JCSO,quantile,50,12.23254612872056,91.51745387127943,14.96,19.085684703959647,39.86197348497639
heavy,41,request_observed,0.82,GAN-JCSO,quantile,60,,,,,
heavy,41,request_observed,0.82,GAN-JCSO,scale,30,11.875,91.875,14.96,19.12848359376109,35.1076213744454
heavy,41,request_observed,0.82,GAN-JCSO,scale,40,11.875,91.875,14.96,19.102334257064456,37.37000820620749
heavy,41,request_observed,0.82,GAN-JCSO,scale,50,11.99824874355218,91.81337562822391,14.96,19.079684637893656,39.6161148400647
heavy,41,request_observed,0.82,GAN-JCSO,scale,60,12.291666666666666,91.66666666666666,14.96,19.05988279268325,41.83740931868695
heavy,41,request_observed,0.82,MovingAverage-JCSO,scale,30,11.241369386541074,92.09196394679226,14.96,19.092724620589372,34.79578500884106
heavy,41,request_observed,0.82,MovingAverage-JCSO,scale,40,11.218855090333875,92.20307245483306,14.96,19.06928822791557,36.95395349271724
heavy,41,request_observed,0.82,MovingAverage-JCSO,scale,50,11.458333333333332,92.08333333333333,14.96,19.048956791833266,39.07642465806308
heavy,41,request_observed,0.82,MovingAverage-JCSO,scale,60,11.507365413548436,92.03430125311823,14.96,19.03110945532065,41.188293611570586
heavy,41,request_observed,0.82,QuantileMLP-JCSO,quantile,30,,,,,
heavy,41,request_observed,0.82,QuantileMLP-JCSO,quantile,40,,,,,
heavy,41,request_observed,0.82,QuantileMLP-JCSO,quantile,50,11.955546482364923,91.79445351763508,14.96,19.07012147434136,39.465798091932946
heavy,41,request_observed,0.82,QuantileMLP-JCSO,quantile,60,,,,,
heavy,41,request_observed,0.82,QuantileMLP-JCSO,scale,30,11.458333333333332,92.08333333333333,14.96,19.118110630581334,35.04665049133306
heavy,41,request_observed,0.82,QuantileMLP-JCSO,scale,40,11.521292025777203,92.0518539871114,14.96,19.09266377420258,37.2596127403855
heavy,41,request_observed,0.82,QuantileMLP-JCSO,scale,50,11.882681316873672,91.86731868312633,14.96,19.070670428039815,39.44261855349535
heavy,41,request_observed,0.82,QuantileMLP-JCSO,scale,60,12.066575228322886,91.68342477167711,14.96,19.051701522631404,41.69443255530743
heavy,41,request_observed,1.0,Diffusion-JCSO,quantile,30,,,,,
heavy,41,request_observed,1.0,Diffusion-JCSO,quantile,40,,,,,
heavy,41,request_observed,1.0,Diffusion-JCSO,quantile,50,6.9002459826695075,96.04166666666667,7.83667579762533,14.96,33.584594113246624
heavy,41,request_observed,1.0,Diffusion-JCSO,quantile,60,,,,,
heavy,41,request_observed,1.0,Diffusion-JCSO,scale,30,35.316451318918816,80.2440568563473,14.941695710548828,14.96,29.822707760735668
heavy,41,request_observed,1.0,Diffusion-JCSO,scale,40,13.47070610289858,92.20924300492752,13.890692776638431,14.96,31.706362116372688
heavy,41,request_observed,1.0,Diffusion-JCSO,scale,50,6.993033434636095,96.1018665991315,7.79067888606201,14.96,33.58918427109571
heavy,41,request_observed,1.0,Diffusion-JCSO,scale,60,5.301209944242683,97.22974892606044,6.907707359146928,14.96,35.475428113209766
heavy,41,request_observed,1.0,GAN-JCSO,quantile,30,,,,,
heavy,41,request_observed,1.0,GAN-JCSO,quantile,40,6.539081115728707,96.66666666666667,7.095018313723396,14.96,31.836169397089098
heavy,41,request_observed,1.0,GAN-JCSO,quantile,50,,,,,
heavy,41,request_observed,1.0,GAN-JCSO,quantile,60,,,,,
heavy,41,request_observed,1.0,GAN-JCSO,scale,30,20.51827534401296,89.15076127677015,12.328495696044628,14.96,30.025797712065835
heavy,41,request_observed,1.0,GAN-JCSO,scale,40,8.318877690141083,95.5555488861228,8.32169511412845,14.96,31.949218285022667
heavy,41,request_observed,1.0,GAN-JCSO,scale,50,5.208333333333334,97.29166666666667,6.8842977575610345,14.96,33.85367211714986
heavy,41,request_observed,1.0,GAN-JCSO,scale,60,5.208333333333334,97.29166666666667,6.867860533116959,14.96,35.743709243344746
heavy,41,request_observed,1.0,MovingAverage-JCSO,scale,30,11.690573154495057,93.69244243973034,9.899211264876447,14.96,29.849315414716028
heavy,41,request_observed,1.0,MovingAverage-JCSO,scale,40,5.973190157333347,96.49257158799999,7.063626579196084,14.96,31.741581466238507
heavy,41,request_observed,1.0,MovingAverage-JCSO,scale,50,5.208333333333334,97.13606039141025,6.801893859344866,14.96,33.5816875308202
heavy,41,request_observed,1.0,MovingAverage-JCSO,scale,60,5.208333333333334,97.29166666666667,6.862284078566245,14.96,35.41564619166465
heavy,41,request_observed,1.0,QuantileMLP-JCSO,quantile,30,,,,,
heavy,41,request_observed,1.0,QuantileMLP-JCSO,quantile,40,,,,,
heavy,41,request_observed,1.0,QuantileMLP-JCSO,quantile,50,5.208333333333334,97.29166666666667,6.881973483758109,14.96,33.94054282894701
heavy,41,request_observed,1.0,QuantileMLP-JCSO,quantile,60,,,,,
heavy,41,request_observed,1.0,QuantileMLP-JCSO,scale,30,18.37109691480127,90.74710507490313,12.37030256874104,14.96,29.98513396990596
heavy,41,request_observed,1.0,QuantileMLP-JCSO,scale,40,9.350694395003748,95.03219699666462,8.214364217020547,14.96,31.9043514830051
heavy,41,request_observed,1.0,QuantileMLP-JCSO,scale,50,5.208333333333334,97.29166666666667,6.882790682675547,14.96,33.79476389752227
heavy,41,request_observed,1.0,QuantileMLP-JCSO,scale,60,5.208333333333334,97.29166666666667,6.8667443898687175,14.96,35.67215418412369
heavy,59,proactive,0.82,Diffusion-JCSO,quantile,30,,,,,
heavy,59,proactive,0.82,Diffusion-JCSO,quantile,40,11.666666666666666,95.20833333333333,8.825547545419544,14.96,36.731958679294145
heavy,59,proactive,0.82,Diffusion-JCSO,quantile,50,,,,,
heavy,59,proactive,0.82,Diffusion-JCSO,quantile,60,,,,,
heavy,59,proactive,0.82,Diffusion-JCSO,scale,30,17.953150576547465,94.2162557218996,8.827440797015358,14.96,34.28138482933738
heavy,59,proactive,0.82,Diffusion-JCSO,scale,40,12.107403188326954,95.01232258641123,8.825806842908131,14.96,36.697922989673344
heavy,59,proactive,0.82,Diffusion-JCSO,scale,50,10.631890804178513,95.30905459791074,8.824614740855006,14.96,39.03851489705765
heavy,59,proactive,0.82,Diffusion-JCSO,scale,60,10.06180070801673,95.59409964599165,8.823596809957106,14.96,41.30651601671838
heavy,59,proactive,0.82,GAN-JCSO,quantile,30,,,,,
heavy,59,proactive,0.82,GAN-JCSO,quantile,40,11.666666666666666,95.0,8.825991215265208,14.96,36.79786490309222
heavy,59,proactive,0.82,GAN-JCSO,quantile,50,,,,,
heavy,59,proactive,0.82,GAN-JCSO,quantile,60,,,,,
heavy,59,proactive,0.82,GAN-JCSO,scale,30,15.044699323076431,94.59414557762246,8.893719296289847,14.96,34.41754204478172
heavy,59,proactive,0.82,GAN-JCSO,scale,40,11.926999581655023,94.97633337136469,8.826017855374877,14.96,36.84191404638198
heavy,59,proactive,0.82,GAN-JCSO,scale,50,10.585610588747333,95.36035202597311,8.824531144203124,14.96,39.198072687382535
heavy,59,proactive,0.82,GAN-JCSO,scale,60,9.724155080535708,95.76292245973215,8.823483376525385,14.96,41.506317535032736
heavy,59,proactive,0.82,MovingAverage-JCSO,scale,30,18.446799171057243,93.60973345613967,9.35741758651507,14.96,34.16031083938347
heavy,59,proactive,0.82,MovingAverage-JCSO,scale,40,12.617429108930661,94.72651417821386,8.858623226755002,14.96,36.54522777061777
heavy,59,proactive,0.82,MovingAverage-JCSO,scale,50,11.523845231093269,94.98362202556001,8.824162774010576,14.96,38.86436540677966
heavy,59,proactive,0.82,MovingAverage-JCSO,scale,60,10.523695642134278,95.37385507647963,8.823039907646901,14.96,41.14231368148986
heavy,59,proactive,0.82,QuantileMLP-JCSO,quantile,30,,,,,
heavy,59,proactive,0.82,QuantileMLP-JCSO,quantile,40,11.724097128783603,94.86711810227486,8.826076035096944,14.96,36.71437548649027
heavy,59,proactive,0.82,QuantileMLP-JCSO,quantile,50,10.0,95.625,8.825091573077891,14.96,39.224800650407595
heavy,59,proactive,0.82,QuantileMLP-JCSO,quantile,60,,,,,
heavy,59,proactive,0.82,QuantileMLP-JCSO,scale,30,14.91258013328643,94.701159354174,9.098122220886236,14.96,34.411910296247164
heavy,59,proactive,0.82,QuantileMLP-JCSO,scale,40,10.851409559229445,95.41214761019263,8.826261774840196,14.96,36.81525359513481
heavy,59,proactive,0.82,QuantileMLP-JCSO,scale,50,10.0,95.625,8.82479081281834,14.96,39.16808217571727
heavy,59,proactive,0.82,QuantileMLP-JCSO,scale,60,9.84492174785685,95.70253912607158,8.823646967118583,14.96,41.49899646148693
heavy,59,proactive,1.0,Diffusion-JCSO,quantile,30,,,,,
heavy,59,proactive,1.0,Diffusion-JCSO,quantile,40,9.891611159652053,95.765765410525,5.720000000000001,14.564233446811048,31.127058622389246
heavy,59,proactive,1.0,Diffusion-JCSO,quantile,50,,,,,
heavy,59,proactive,1.0,Diffusion-JCSO,quantile,60,,,,,
heavy,59,proactive,1.0,Diffusion-JCSO,scale,30,31.460296008227253,86.27434553155155,11.413772972509573,14.96,29.04198631775262
heavy,59,proactive,1.0,Diffusion-JCSO,scale,40,10.987471475570217,95.41927445303564,6.468757807651799,11.382345753570203,31.102115134114985
heavy,59,proactive,1.0,Diffusion-JCSO,scale,50,5.793124250447866,97.8001161571586,4.845549648801437,9.110599886531949,33.10172734379757
heavy,59,proactive,1.0,Diffusion-JCSO,scale,60,4.667735942799456,98.39529869526694,4.4945386479843465,8.8,35.05807283552158
heavy,59,proactive,1.0,GAN-JCSO,quantile,30,,,,,
heavy,59,proactive,1.0,GAN-JCSO,quantile,40,8.47914221787873,96.69792889106064,5.720000000000001,12.61706486662805,31.180470115565427
heavy,59,proactive,1.0,GAN-JCSO,quantile,50,,,,,
heavy,59,proactive,1.0,GAN-JCSO,quantile,60,,,,,
heavy,59,proactive,1.0,GAN-JCSO,scale,30,23.829413416141232,89.92903484160492,8.984849971838795,14.96,29.08823395344136
heavy,59,proactive,1.0,GAN-JCSO,scale,40,7.569270033533793,97.33802109993319,5.403535124935711,9.732105717190084,31.152752970486006
heavy,59,proactive,1.0,GAN-JCSO,scale,50,5.748525316146747,97.95907067525995,4.942980887304341,8.877997953730643,33.17498548783633
heavy,59,proactive,1.0,GAN-JCSO,scale,60,4.496318999910303,98.5742970417003,4.365738801041387,8.727406482921245,35.158708846353086
heavy,59,proactive,1.0,MovingAverage-JCSO,scale,30,30.979808089503415,85.56006789159471,9.422186753151003,14.96,28.968165009383277
heavy,59,proactive,1.0,MovingAverage-JCSO,scale,40,12.09429653437652,94.8780709968326,6.662049452642801,14.243736342427718,31.003132058724034
heavy,59,proactive,1.0,MovingAverage-JCSO,scale,50,7.226075588800369,97.22029553893314,5.2770957294033405,8.87344717772376,32.995235236001626
heavy,59,proactive,1.0,MovingAverage-JCSO,scale,60,5.225109773410394,98.17973054093036,4.459989186130806,8.617468044752579,34.94132830853947
heavy,59,proactive,1.0,QuantileMLP-JCSO,quantile,30,,,,,
heavy,59,proactive,1.0,QuantileMLP-JCSO,quantile,40,6.866200583804994,97.5,5.214630801964509,9.793729935841204,31.11380104793399
heavy,59,proactive,1.0,QuantileMLP-JCSO,quantile,50,4.945842856288198,98.36041190518922,4.586848001715903,8.8,33.27976243075952
heavy,59,proactive,1.0,QuantileMLP-JCSO,quantile,60,,,,,
heavy,59,proactive,1.0,QuantileMLP-JCSO,scale,30,27.462893363261106,87.17173531874354,10.245868297041945,14.96,29.110892705326602
heavy,59,proactive,1.0,QuantileMLP-JCSO,scale,40,8.447936674540667,96.57403251847911,5.6680169288196085,11.545412778950618,31.1678067302292
heavy,59,proactive,1.0,QuantileMLP-JCSO,scale,50,5.173574272980504,98.1805702908078,4.693169568612655,9.163958815777923,33.17830291389624
heavy,59,proactive,1.0,QuantileMLP-JCSO,scale,60,4.546892860166238,98.45572023658355,4.405494975400401,8.8,35.14745526416425
heavy,59,request_observed,0.82,Diffusion-JCSO,quantile,30,,,,,
heavy,59,request_observed,0.82,Diffusion-JCSO,quantile,40,6.458333333333334,96.875,8.337103381221006,14.96,36.828597648135734
heavy,59,request_observed,0.82,Diffusion-JCSO,quantile,50,6.458333333333334,96.875,8.319717895752694,14.96,39.08849243166127
heavy,59,request_observed,0.82,Diffusion-JCSO,quantile,60,,,,,
heavy,59,request_observed,0.82,Diffusion-JCSO,scale,30,6.458333333333334,96.875,8.360188572797663,14.96,34.49538425859031
heavy,59,request_observed,0.82,Diffusion-JCSO,scale,40,6.458333333333334,96.875,8.337134953485634,14.96,36.806903839387715
heavy,59,request_observed,0.82,Diffusion-JCSO,scale,50,6.458333333333334,96.875,8.317148815314813,14.96,39.09455217812468
heavy,59,request_observed,0.82,Diffusion-JCSO,scale,60,6.458333333333334,96.875,8.299659210377996,14.96,41.332855260481786
heavy,59,request_observed,0.82,GAN-JCSO,quantile,30,,,,,
heavy,59,request_observed,0.82,GAN-JCSO,quantile,40,,,,,
heavy,59,request_observed,0.82,GAN-JCSO,quantile,50,,,,,
heavy,59,request_observed,0.82,GAN-JCSO,quantile,60,,,,,
heavy,59,request_observed,0.82,GAN-JCSO,scale,30,6.458333333333334,96.875,8.359931575326902,14.96,34.60115582796462
heavy,59,request_observed,0.82,GAN-JCSO,scale,40,6.458333333333334,96.875,8.3369976300961,14.96,36.92445779931083
heavy,59,request_observed,0.82,GAN-JCSO,scale,50,6.458333333333334,96.875,8.317100458096903,14.96,39.22919614710356
heavy,59,request_observed,0.82,GAN-JCSO,scale,60,6.458333333333334,96.875,8.29967786042193,14.96,41.50765282144004
heavy,59,request_observed,0.82,MovingAverage-JCSO,scale,30,6.458333333333334,96.875,8.336371603890797,14.96,34.450681336063155
heavy,59,request_observed,0.82,MovingAverage-JCSO,scale,40,6.458333333333334,96.875,8.315157378946934,14.96,36.73919638582304
heavy,59,request_observed,0.82,MovingAverage-JCSO,scale,50,6.458333333333334,96.875,8.296746563134743,14.96,39.01350337053109
heavy,59,request_observed,0.82,MovingAverage-JCSO,scale,60,6.458333333333334,96.875,8.280621325048289,14.96,41.268598034806104
heavy,59,request_observed,0.82,QuantileMLP-JCSO,quantile,30,,,,,
heavy,59,request_observed,0.82,QuantileMLP-JCSO,quantile,40,6.458333333333334,96.875,8.217454402719952,14.96,36.80099152511201
heavy,59,request_observed,0.82,QuantileMLP-JCSO,quantile,50,6.458333333333334,96.875,8.320810073815093,14.96,39.26297336757255
heavy,59,request_observed,0.82,QuantileMLP-JCSO,quantile,60,,,,,
heavy,59,request_observed,0.82,QuantileMLP-JCSO,scale,30,6.458333333333334,96.875,8.358959974786394,14.96,34.59569256306036
heavy,59,request_observed,0.82,QuantileMLP-JCSO,scale,40,6.458333333333334,96.875,8.335978940387347,14.96,36.908426840062205
heavy,59,request_observed,0.82,QuantileMLP-JCSO,scale,50,6.458333333333334,96.875,8.316057988295775,14.96,39.2105996267374
heavy,59,request_observed,0.82,QuantileMLP-JCSO,scale,60,6.458333333333334,96.875,8.298627084210137,14.96,41.506166085051326
heavy,59,request_observed,1.0,Diffusion-JCSO,quantile,30,,,,,
heavy,59,request_observed,1.0,Diffusion-JCSO,quantile,40,5.9731186547288795,97.05958756351407,5.2801710184663735,13.836511674558817,31.22796705584348
heavy,59,request_observed,1.0,Diffusion-JCSO,quantile,50,,,,,
heavy,59,request_observed,1.0,Diffusion-JCSO,quantile,60,,,,,
heavy,59,request_observed,1.0,Diffusion-JCSO,scale,30,18.06231888298054,90.01952401877709,10.200052484353208,14.96,29.247348936769598
heavy,59,request_observed,1.0,Diffusion-JCSO,scale,40,6.12521990414425,96.89750595405914,5.600704846570706,11.773483537668604,31.207015352862815
heavy,59,request_observed,1.0,Diffusion-JCSO,scale,50,2.1475091498728283,99.04482784340964,4.422894134790454,8.16384487977422,33.143450230693546
heavy,59,request_observed,1.0,Diffusion-JCSO,scale,60,1.25,99.58333333333333,4.153176143536202,6.917114510809561,35.065022822239975
heavy,59,request_observed,1.0,GAN-JCSO,quantile,30,,,,,
heavy,59,request_observed,1.0,GAN-JCSO,quantile,40,1.4583333333333333,99.58333333333333,4.180359566516014,6.953127123886191,31.241688493839057
heavy,59,request_observed,1.0,GAN-JCSO,quantile,50,,,,,
heavy,59,request_observed,1.0,GAN-JCSO,quantile,60,,,,,
heavy,59,request_observed,1.0,GAN-JCSO,scale,30,8.177302426817494,95.71142458854094,6.1447038031927175,14.96,29.26461988900363
heavy,59,request_observed,1.0,GAN-JCSO,scale,40,1.7355206212407417,99.42341759030982,4.258366116338213,7.362140919754371,31.254920840755883
heavy,59,request_observed,1.0,GAN-JCSO,scale,50,1.4583333333333333,99.58333333333333,4.154834505163399,6.929577366057931,33.22005885311709
heavy,59,request_observed,1.0,GAN-JCSO,scale,60,1.4583333333333333,99.58333333333333,4.131820556214195,6.908345536565636,35.161769563538094
heavy,59,request_observed,1.0,MovingAverage-JCSO,scale,30,15.772580819761403,91.10876747577868,8.642943726409474,14.96,29.21693821993429
heavy,59,request_observed,1.0,MovingAverage-JCSO,scale,40,5.17249422297226,97.23754750829822,5.169172319907522,14.464686867633775,31.16937629889715
heavy,59,request_observed,1.0,MovingAverage-JCSO,scale,50,1.4583333333333333,99.58333333333333,4.14932170914071,6.929617280033104,33.09722175182047
heavy,59,request_observed,1.0,MovingAverage-JCSO,scale,60,1.4583333333333333,99.58333333333333,4.126575667984128,6.90831171592112,35.01198857364019
heavy,59,request_observed,1.0,QuantileMLP-JCSO,quantile,30,,,,,
heavy,59,request_observed,1.0,QuantileMLP-JCSO,quantile,40,1.8278813379913208,99.29439266433768,4.234081663410433,7.846216677205568,31.209819971583148
heavy,59,request_observed,1.0,QuantileMLP-JCSO,quantile,50,1.4583333333333333,99.58333333333333,4.193939920967377,6.944406195707572,33.302200427663465
heavy,59,request_observed,1.0,QuantileMLP-JCSO,quantile,60,,,,,
heavy,59,request_observed,1.0,QuantileMLP-JCSO,scale,30,14.828379944351294,91.68799982569261,8.972741778062959,13.567565547477331,29.291025902192292
heavy,59,request_observed,1.0,QuantileMLP-JCSO,scale,40,2.356715768369601,98.81714549369283,4.4943822998805425,9.271251833960243,31.268055554313808
heavy,59,request_observed,1.0,QuantileMLP-JCSO,scale,50,1.25,99.58333333333333,4.159553175479356,6.934615738927332,33.224730232789035
heavy,59,request_observed,1.0,QuantileMLP-JCSO,scale,60,1.25,99.58333333333333,4.1361410920232515,6.912973668311972,35.15638084540368
heavy,73,proactive,0.82,Diffusion-JCSO,quantile,30,,,,,
heavy,73,proactive,0.82,Diffusion-JCSO,quantile,40,11.68636508985499,95.83333333333334,7.474194104480457,14.96,37.483403674231596
heavy,73,proactive,0.82,Diffusion-JCSO,quantile,50,9.845220228615375,96.25,7.27773594768495,14.96,39.56092451136891
heavy,73,proactive,0.82,Diffusion-JCSO,quantile,60,,,,,
heavy,73,proactive,0.82,Diffusion-JCSO,scale,30,17.032197072765825,94.94628575436961,8.13429471893359,14.96,35.101703236897535
heavy,73,proactive,0.82,Diffusion-JCSO,scale,40,12.117929584968007,95.84403647410748,7.4121970021476375,14.96,37.421044069922274
heavy,73,proactive,0.82,Diffusion-JCSO,scale,50,9.826399958620424,96.24305334160925,6.953928953461008,14.96,39.619389164817164
heavy,73,proactive,0.82,Diffusion-JCSO,scale,60,8.309376972008694,96.5464579389316,6.246186860111044,14.96,41.75498485416054
heavy,73,proactive,0.82,GAN-JCSO,quantile,30,,,,,
heavy,73,proactive,0.82,GAN-JCSO,quantile,40,12.240203123890074,96.17156510472164,7.366225574906412,14.96,37.38159702991935
heavy,73,proactive,0.82,GAN-JCSO,quantile,50,,,,,
heavy,73,proactive,0.82,GAN-JCSO,quantile,60,,,,,
heavy,73,proactive,0.82,GAN-JCSO,scale,30,18.14453754425575,94.48053595559527,8.8,14.96,35.01254009271195
heavy,73,proactive,0.82,GAN-JCSO,scale,40,12.270378493187549,96.12966741511683,7.4206361707534105,14.96,37.38012223068394
heavy,73,proactive,0.82,GAN-JCSO,scale,50,9.00721923111342,96.63237076918489,5.890023687858106,14.96,39.604801848813885
heavy,73,proactive,0.82,GAN-JCSO,scale,60,7.629833777472908,96.85336103708785,5.762959603348227,14.96,41.67790988719265
heavy,73,proactive,0.82,MovingAverage-JCSO,scale,30,14.744530916578556,95.63331807354496,8.318761093341514,14.96,35.32483177096973
heavy,73,proactive,0.82,MovingAverage-JCSO,scale,40,11.129956965394316,96.26000358621714,7.264280770189156,14.96,37.66194783167605
heavy,73,proactive,0.82,MovingAverage-JCSO,scale,50,8.725576365082206,96.45833333333333,6.625912890718318,14.96,39.86676942775783
heavy,73,proactive,0.82,MovingAverage-JCSO,scale,60,8.116408918855576,96.46262887390554,6.5979523455295315,14.96,41.96791738844969
heavy,73,proactive,0.82,QuantileMLP-JCSO,quantile,30,,,,,
heavy,73,proactive,0.82,QuantileMLP-JCSO,quantile,40,10.545530765984719,96.18341978114722,7.198366148869319,14.96,37.535340064181064
heavy,73,proactive,0.82,QuantileMLP-JCSO,quantile,50,8.797438158848816,96.45833333333333,7.139365779026063,14.96,39.90861319377431
heavy,73,proactive,0.82,QuantileMLP-JCSO,quantile,60,7.086800459744918,97.08203316092899,6.614514363369257,14.96,42.26042640416357
heavy,73,proactive,0.82,QuantileMLP-JCSO,scale,30,14.952385624111125,95.88353159030741,7.57367050492011,14.96,35.130391896264626
heavy,73,proactive,0.82,QuantileMLP-JCSO,scale,40,9.954504212398765,96.12627637364486,7.320862852058122,14.96,37.529888707125714
heavy,73,proactive,0.82,QuantileMLP-JCSO,scale,50,8.815519971816352,96.48689600563672,6.723237754736052,14.96,39.83395034641617
heavy,73,proactive,0.82,QuantileMLP-JCSO,scale,60,7.834204752734089,96.69758988439139,7.203382121025381,14.96,42.04991152791021
heavy,73,proactive,1.0,Diffusion-JCSO,quantile,30,,,,,
heavy,73,proactive,1.0,Diffusion-JCSO,quantile,40,10.718556007565855,95.94204742532892,5.652017125727877,13.397590287979089,31.958244042608854
heavy,73,proactive,1.0,Diffusion-JCSO,quantile,50,,,,,
heavy,73,proactive,1.0,Diffusion-JCSO,quantile,60,,,,,
heavy,73,proactive,1.0,Diffusion-JCSO,scale,30,29.5374534892727,87.16512548408335,11.545035674695992,14.96,29.83776116246838
heavy,73,proactive,1.0,Diffusion-JCSO,scale,40,12.51176390904895,95.1003493312988,6.41860755791825,10.894031106148466,31.926343780160273
heavy,73,proactive,1.0,Diffusion-JCSO,scale,50,6.274408116148627,97.76964173906157,4.775518155239465,8.8,33.90084827175474
heavy,73,proactive,1.0,Diffusion-JCSO,scale,60,4.563588372705214,98.25394899212561,4.388426681278289,7.849014197822772,35.81254276673727
heavy,73,proactive,1.0,GAN-JCSO,quantile,30,,,,,
heavy,73,proactive,1.0,GAN-JCSO,quantile,40,9.375,97.29166666666667,5.069609832464214,8.8,31.85571428809386
heavy,73,proactive,1.0,GAN-JCSO,quantile,50,,,,,
heavy,73,proactive,1.0,GAN-JCSO,quantile,60,,,,,
heavy,73,proactive,1.0,GAN-JCSO,scale,30,26.49356896493977,88.9345953478558,9.161922353860373,14.96,29.802419589936243
heavy,73,proactive,1.0,GAN-JCSO,scale,40,9.004147683276068,97.38437974584765,4.975053721765611,8.66460829380949,31.87952004336704
heavy,73,proactive,1.0,GAN-JCSO,scale,50,5.075546749075866,98.35546443070957,4.432327381610449,7.277201681012776,33.85238574012338
heavy,73,proactive,1.0,GAN-JCSO,scale,60,3.897328518512396,98.56200160494032,4.170356608076638,7.26225558263225,35.774226367060315
heavy,73,proactive,1.0,MovingAverage-JCSO,scale,30,26.47534888925485,88.42899222203924,8.60398399116317,14.599322809017707,29.971609526110885
heavy,73,proactive,1.0,MovingAverage-JCSO,scale,40,9.008200526767077,96.9685186802593,5.269520218432414,8.8,32.10124517661739
heavy,73,proactive,1.0,MovingAverage-JCSO,scale,50,5.069288969573689,98.125,4.55113078433353,8.8,34.09775933593247
heavy,73,proactive,1.0,MovingAverage-JCSO,scale,60,4.409280958699027,98.21202618731715,4.445925709747764,8.476298344655568,36.011960466491566
heavy,73,proactive,1.0,QuantileMLP-JCSO,quantile,30,,,,,
heavy,73,proactive,1.0,QuantileMLP-JCSO,quantile,40,6.102430266145226,98.0996818335506,4.684331666190202,8.8,31.966595652391884
heavy,73,proactive,1.0,QuantileMLP-JCSO,quantile,50,4.510415253507562,98.438802613268,4.50663903597898,8.349012485485325,33.988999843960556
heavy,73,proactive,1.0,QuantileMLP-JCSO,quantile,60,,,,,
heavy,73,proactive,1.0,QuantileMLP-JCSO,scale,30,21.887852028357056,91.08429896296808,7.59754037721666,12.967222303467237,29.84170034082049
heavy,73,proactive,1.0,QuantileMLP-JCSO,scale,40,6.193569233302255,97.86603247778814,4.9079742865405285,8.8,31.917958499699232
heavy,73,proactive,1.0,QuantileMLP-JCSO,scale,50,4.9460215479305925,98.2594700339246,4.577611629697502,8.8,33.915133257346795
heavy,73,proactive,1.0,QuantileMLP-JCSO,scale,60,3.5362155732795717,98.69996082668683,4.394859771265336,8.028305047737469,35.86418673554645
heavy,73,request_observed,0.82,Diffusion-JCSO,quantile,30,,,,,
heavy,73,request_observed,0.82,Diffusion-JCSO,quantile,40,3.958333333333333,98.125,5.289377993711994,14.96,37.653139215567
heavy,73,request_observed,0.82,Diffusion-JCSO,quantile,50,3.958333333333333,98.125,5.256006220105373,14.96,39.68130450448615
heavy,73,request_observed,0.82,Diffusion-JCSO,quantile,60,,,,,
heavy,73,request_observed,0.82,Diffusion-JCSO,scale,30,3.958333333333333,98.125,5.3099378114535325,14.96,35.400852494849055
heavy,73,request_observed,0.82,Diffusion-JCSO,scale,40,3.958333333333333,98.125,5.28216815438465,14.96,37.597947064525
heavy,73,request_observed,0.82,Diffusion-JCSO,scale,50,3.958333333333333,98.125,5.258116892010166,14.96,39.718724604501716
heavy,73,request_observed,0.82,Diffusion-JCSO,scale,60,3.958333333333333,98.125,5.24511031615633,14.96,41.807009179265606
heavy,73,request_observed,0.82,GAN-JCSO,quantile,30,,,,,
heavy,73,request_observed,0.82,GAN-JCSO,quantile,40,3.958333333333333,98.125,5.301250560030798,14.96,37.530409702324235
heavy,73,request_observed,0.82,GAN-JCSO,quantile,50,,,,,
heavy,73,request_observed,0.82,GAN-JCSO,quantile,60,,,,,
heavy,73,request_observed,0.82,GAN-JCSO,scale,30,3.958333333333333,98.125,5.330202356934183,14.96,35.33451456585121
heavy,73,request_observed,0.82,GAN-JCSO,scale,40,3.958333333333333,98.125,5.30115384883883,14.96,37.53925684551603
heavy,73,request_observed,0.82,GAN-JCSO,scale,50,3.958333333333333,98.125,5.275970652800386,14.96,39.66098998638437
heavy,73,request_observed,0.82,GAN-JCSO,scale,60,3.958333333333333,98.125,5.253920418189109,14.96,41.66814930389115
heavy,73,request_observed,0.82,MovingAverage-JCSO,scale,30,3.958333333333333,98.125,5.336819478155961,14.96,35.61552986818433
heavy,73,request_observed,0.82,MovingAverage-JCSO,scale,40,3.958333333333333,98.125,5.3071967869583,14.96,37.84274637880065
heavy,73,request_observed,0.82,MovingAverage-JCSO,scale,50,3.958333333333333,98.125,5.281658115738968,14.96,39.976869438157195
heavy,73,request_observed,0.82,MovingAverage-JCSO,scale,60,3.958333333333333,98.125,5.259285434032554,14.96,42.05350150604656
heavy,73,request_observed,0.82,QuantileMLP-JCSO,quantile,30,,,,,
heavy,73,request_observed,0.82,QuantileMLP-JCSO,quantile,40,3.958333333333333,98.125,5.301126178980495,14.96,37.70659136805969
heavy,73,request_observed,0.82,QuantileMLP-JCSO,quantile,50,4.375,97.91666666666666,5.927249662079405,14.96,39.947438443653915
heavy,73,request_observed,0.82,QuantileMLP-JCSO,quantile,60,4.375,97.91666666666666,5.92315224928283,14.96,42.272951843594214
heavy,73,request_observed,0.82,QuantileMLP-JCSO,scale,30,4.375,97.91666666666666,5.985391871670382,14.96,35.39934625646352
heavy,73,request_observed,0.82,QuantileMLP-JCSO,scale,40,4.375,97.91666666666666,5.953627292767769,14.96,37.693932413432414
heavy,73,request_observed,0.82,QuantileMLP-JCSO,scale,50,4.375,97.91666666666666,5.92610885597285,14.96,39.923760304533324
heavy,73,request_observed,0.82,QuantileMLP-JCSO,scale,60,4.375,97.91666666666666,5.902261449076935,14.96,42.10045148044615
heavy,73,request_observed,1.0,Diffusion-JCSO,quantile,30,,,,,
heavy,73,request_observed,1.0,Diffusion-JCSO,quantile,40,2.523286033747519,98.62366216341044,4.271905960822556,6.080915253744727,32.1236098261902
heavy,73,request_observed,1.0,Diffusion-JCSO,quantile,50,0.0,100.0,3.9296605407942513,4.810921862016265,33.98508535159814
heavy,73,request_observed,1.0,Diffusion-JCSO,quantile,60,,,,,
heavy,73,request_observed,1.0,Diffusion-JCSO,scale,30,16.355957461209577,91.18784710802383,8.396883172408952,14.96,30.10060081012392
heavy,73,request_observed,1.0,Diffusion-JCSO,scale,40,3.9091451075145613,97.87923087702306,4.728456546425187,9.379001634409658,32.09982885382355
heavy,73,request_observed,1.0,Diffusion-JCSO,scale,50,0.561368526466047,99.71931573676697,3.978735607714595,5.190115062465378,34.02723295254818
heavy,73,request_observed,1.0,Diffusion-JCSO,scale,60,0.0,100.0,3.8923630488512044,4.784388709667308,35.90076415982948
heavy,73,request_observed,1.0,GAN-JCSO,quantile,30,,,,,
heavy,73,request_observed,1.0,GAN-JCSO,quantile,40,1.25,99.375,4.002663098763645,5.6507390991099635,32.03281266231923
heavy,73,request_observed,1.0,GAN-JCSO,quantile,50,,,,,
heavy,73,request_observed,1.0,GAN-JCSO,quantile,60,,,,,
heavy,73,request_observed,1.0,GAN-JCSO,scale,30,13.688462987955123,92.53384535662468,8.579204845788816,14.914170878144908,30.08784993424862
heavy,73,request_observed,1.0,GAN-JCSO,scale,40,1.2086366861529596,99.39568165692351,3.9998401950539213,5.6229446404122365,32.04639735942801
heavy,73,request_observed,1.0,GAN-JCSO,scale,50,0.006564061033285773,99.99671796948336,3.9145814511340613,4.8151645348225145,33.95782666361084
heavy,73,request_observed,1.0,GAN-JCSO,scale,60,0.0,100.0,3.8906839815911254,4.790382130759483,35.83599287114634
heavy,73,request_observed,1.0,MovingAverage-JCSO,scale,30,12.719695227364511,93.17008290978642,8.342415468120198,14.057001158205276,30.226411575920984
heavy,73,request_observed,1.0,MovingAverage-JCSO,scale,40,1.07560915550259,99.46219542224871,4.0807368613242945,5.574149998206888,32.268636082550465
heavy,73,request_observed,1.0,MovingAverage-JCSO,scale,50,0.0,100.0,3.9270444959135515,4.824420798125342,34.22030350745114
heavy,73,request_observed,1.0,MovingAverage-JCSO,scale,60,0.0,100.0,3.90383692131221,4.802959964654005,36.11431926645131
heavy,73,request_observed,1.0,QuantileMLP-JCSO,quantile,30,,,,,
heavy,73,request_observed,1.0,QuantileMLP-JCSO,quantile,40,1.25,99.375,4.102151526175618,5.692878008519403,32.13005205175743
heavy,73,request_observed,1.0,QuantileMLP-JCSO,quantile,50,0.0,100.0,3.9709171688937857,4.807218020167032,34.08133124151792
heavy,73,request_observed,1.0,QuantileMLP-JCSO,quantile,60,,,,,
heavy,73,request_observed,1.0,QuantileMLP-JCSO,scale,30,9.595520437051494,94.80242642993043,7.072093948817044,11.313015571345044,30.0745709324567
heavy,73,request_observed,1.0,QuantileMLP-JCSO,scale,40,0.0,100.0,3.993355889524051,4.829080716319795,32.071189737669
heavy,73,request_observed,1.0,QuantileMLP-JCSO,scale,50,0.0,100.0,3.9645785533665414,4.805807431577143,34.02941248235285
heavy,73,request_observed,1.0,QuantileMLP-JCSO,scale,60,0.0,100.0,3.939383620008341,4.785446502763405,35.95405587307819
heavy,89,proactive,0.82,Diffusion-JCSO,quantile,30,,,,,
heavy,89,proactive,0.82,Diffusion-JCSO,quantile,40,,,,,
heavy,89,proactive,0.82,Diffusion-JCSO,quantile,50,,,,,
heavy,89,proactive,0.82,Diffusion-JCSO,quantile,60,20.79670208909358,89.33836875576024,14.96,20.697865616212663,39.7891359428388
heavy,89,proactive,0.82,Diffusion-JCSO,scale,30,66.24485063915346,73.23217046049382,14.96,20.958577956901664,32.385272910054375
heavy,89,proactive,0.82,Diffusion-JCSO,scale,40,44.4224620174734,83.7430672785576,14.96,20.80793693654917,34.57133902505032
heavy,89,proactive,0.82,Diffusion-JCSO,scale,50,31.426999327641628,87.09199381217988,14.96,20.7433588268005,36.62693239230033
heavy,89,proactive,0.82,Diffusion-JCSO,scale,60,23.398904712912284,88.40926286890105,14.96,20.718191497469608,38.586469750885456
heavy,89,proactive,0.82,GAN-JCSO,quantile,30,,,,,
heavy,89,proactive,0.82,GAN-JCSO,quantile,40,,,,,
heavy,89,proactive,0.82,GAN-JCSO,quantile,50,,,,,
heavy,89,proactive,0.82,GAN-JCSO,quantile,60,,,,,
heavy,89,proactive,0.82,GAN-JCSO,scale,30,32.69326139896945,86.47347059520946,14.96,20.759511213831924,36.29087953733223
heavy,89,proactive,0.82,GAN-JCSO,scale,40,23.58277790721522,88.31732971987614,14.96,20.707511828972027,38.66082240700023
heavy,89,proactive,0.82,GAN-JCSO,scale,50,19.22484841995752,89.32454546981393,14.96,20.682258687589705,40.92691739053871
heavy,89,proactive,0.82,GAN-JCSO,scale,60,17.445041142133785,89.71932510490659,14.96,20.66237905129588,43.120880992157545
heavy,89,proactive,0.82,MovingAverage-JCSO,scale,30,34.801162253506426,86.4986188237324,14.96,20.745409102207077,36.0758494334769
heavy,89,proactive,0.82,MovingAverage-JCSO,scale,40,25.412708210085665,88.0180603703271,14.96,20.71103001730382,38.37944429410184
heavy,89,proactive,0.82,MovingAverage-JCSO,scale,50,20.28504550658949,89.06799089868211,14.96,20.687145132050222,40.568142681283774
heavy,89,proactive,0.82,MovingAverage-JCSO,scale,60,17.43526857540385,89.71986571229809,14.96,20.498402728206234,42.69533564247125
heavy,89,proactive,0.82,QuantileMLP-JCSO,quantile,30,,,,,
heavy,89,proactive,0.82,QuantileMLP-JCSO,quantile,40,,,,,
heavy,89,proactive,0.82,QuantileMLP-JCSO,quantile,50,17.746317326576232,89.66850800337856,14.96,20.69642329091735,41.139555811432906
heavy,89,proactive,0.82,QuantileMLP-JCSO,quantile,60,,,,,
heavy,89,proactive,0.82,QuantileMLP-JCSO,scale,30,29.343884003724572,87.43425984082644,14.96,20.787317295931153,36.46054862882028
heavy,89,proactive,0.82,QuantileMLP-JCSO,scale,40,21.809715466714835,88.5912945538332,14.96,20.715762534573027,38.76930125851232
heavy,89,proactive,0.82,QuantileMLP-JCSO,scale,50,17.734497972854985,89.69490534108905,14.96,20.69180414060325,40.96658398334497
heavy,89,proactive,0.82,QuantileMLP-JCSO,scale,60,16.626089947440935,90.04057671922573,14.96,20.570920281015628,43.127231050214895
heavy,89,proactive,1.0,Diffusion-JCSO,quantile,30,,,,,
heavy,89,proactive,1.0,Diffusion-JCSO,quantile,40,,,,,
heavy,89,proactive,1.0,Diffusion-JCSO,quantile,50,14.027693639035196,93.47230636096481,14.557234852779045,14.96,33.399333584670536
heavy,89,proactive,1.0,Diffusion-JCSO,quantile,60,11.851952410655041,94.375,10.024738704256219,14.96,33.980042162905534
heavy,89,proactive,1.0,Diffusion-JCSO,scale,30,74.70255604441483,64.08049328398351,14.96,19.548742509940205,27.96707304893685
heavy,89,proactive,1.0,Diffusion-JCSO,scale,40,51.68186477112747,79.12838515795723,14.96,14.96,29.925963624002346
heavy,89,proactive,1.0,Diffusion-JCSO,scale,50,29.44086352924311,87.72263805092236,14.96,14.96,31.691208859537856
heavy,89,proactive,1.0,Diffusion-JCSO,scale,60,16.00073741170516,92.59587022626725,12.376965051849744,14.96,33.38438466425389
heavy,89,proactive,1.0,GAN-JCSO,quantile,30,,,,,
heavy,89,proactive,1.0,GAN-JCSO,quantile,40,12.91928670523667,93.85547668595167,11.149578190739778,14.96,33.39535691482006
heavy,89,proactive,1.0,GAN-JCSO,quantile,50,,,,,
heavy,89,proactive,1.0,GAN-JCSO,quantile,60,,,,,
heavy,89,proactive,1.0,GAN-JCSO,scale,30,26.678012552571417,88.66085480958455,14.96,14.96,31.331606891362927
heavy,89,proactive,1.0,GAN-JCSO,scale,40,11.644163095075495,94.42931456586459,8.849482792025341,14.96,33.35632054141957
heavy,89,proactive,1.0,GAN-JCSO,scale,50,8.255846814532894,95.22383063709341,8.848184295554713,14.96,35.32732052354734
heavy,89,proactive,1.0,GAN-JCSO,scale,60,7.255068724780091,95.44106529459106,8.83721386269148,14.96,37.24074822211553
heavy,89,proactive,1.0,MovingAverage-JCSO,scale,30,36.85367544411427,83.81196004833598,14.96,14.96,31.20231433034644
heavy,89,proactive,1.0,MovingAverage-JCSO,scale,40,18.76487009615898,91.31634861867671,14.642502543750467,14.96,33.24163779864525
heavy,89,proactive,1.0,MovingAverage-JCSO,scale,50,11.367759998921876,94.00609151549456,11.136891900892676,14.96,35.167563898427055
heavy,89,proactive,1.0,MovingAverage-JCSO,scale,60,8.251447624506987,95.1276483495486,9.129768741514443,14.96,37.02669638065067
heavy,89,proactive,1.0,QuantileMLP-JCSO,quantile,30,,,,,
heavy,89,proactive,1.0,QuantileMLP-JCSO,quantile,40,14.135011175009426,92.95388392221804,14.639094103924702,14.96,33.33507428939294
heavy,89,proactive,1.0,QuantileMLP-JCSO,quantile,50,,,,,
heavy,89,proactive,1.0,QuantileMLP-JCSO,quantile,60,,,,,
heavy,89,proactive,1.0,QuantileMLP-JCSO,scale,30,27.76480098591628,88.07335584305807,14.96,14.96,31.445128442440954
heavy,89,proactive,1.0,QuantileMLP-JCSO,scale,40,12.450216409635699,93.66268307716079,11.028439480885412,14.96,33.4888254399391
heavy,89,proactive,1.0,QuantileMLP-JCSO,scale,50,8.056063542001167,95.25779136895206,8.848440561476512,14.96,35.44654441785614
heavy,89,proactive,1.0,QuantileMLP-JCSO,scale,60,7.262195514105156,95.53556890961408,8.820585255458036,14.96,37.333889825793435
heavy,89,request_observed,0.82,Diffusion-JCSO,quantile,30,,,,,
heavy,89,request_observed,0.82,Diffusion-JCSO,quantile,40,,,,,
heavy,89,request_observed,0.82,Diffusion-JCSO,quantile,50,,,,,
heavy,89,request_observed,0.82,Diffusion-JCSO,quantile,60,14.987168202004096,91.04487461616564,14.96,20.194279415910934,40.031025066316516
heavy,89,request_observed,0.82,Diffusion-JCSO,scale,30,54.0062633862037,84.5602431289809,14.96,20.406348298256265,32.788931072108056
heavy,89,request_observed,0.82,Diffusion-JCSO,scale,40,26.130066423222814,90.01420335159162,14.96,20.265568425662178,34.89757481248157
heavy,89,request_observed,0.82,Diffusion-JCSO,scale,50,15.208333333333332,90.83333333333333,14.96,20.236338969619066,36.85837308298707
heavy,89,request_observed,0.82,Diffusion-JCSO,scale,60,15.208333333333332,90.83333333333333,14.96,20.212337626932644,38.74076541629288
heavy,89,request_observed,0.82,GAN-JCSO,quantile,30,,,,,
heavy,89,request_observed,0.82,GAN-JCSO,quantile,40,,,,,
heavy,89,request_observed,0.82,GAN-JCSO,quantile,50,,,,,
heavy,89,request_observed,0.82,GAN-JCSO,quantile,60,,,,,
heavy,89,request_observed,0.82,GAN-JCSO,scale,30,15.0,91.04166666666667,14.96,20.23870460387648,36.58847571491629
heavy,89,request_observed,0.82,GAN-JCSO,scale,40,15.0,91.04166666666667,14.96,20.211411948808543,38.80819490998305
heavy,89,request_observed,0.82,GAN-JCSO,scale,50,15.0,91.04166666666667,14.96,20.187753051717824,40.994894501893846
heavy,89,request_observed,0.82,GAN-JCSO,scale,60,15.0,91.04166666666667,14.96,20.167049929748426,43.147280060802395
heavy,89,request_observed,0.82,MovingAverage-JCSO,scale,30,14.143826397766816,91.36558680111659,14.96,20.234627621937207,36.344886303196546
heavy,89,request_observed,0.82,MovingAverage-JCSO,scale,40,14.374999999999998,91.25,14.96,20.207643747933805,38.494255392256086
heavy,89,request_observed,0.82,MovingAverage-JCSO,scale,50,14.374999999999998,91.25,14.96,20.184192189796487,40.60675691942298
heavy,89,request_observed,0.82,MovingAverage-JCSO,scale,60,14.438173161095635,91.25,14.96,20.1636687060613,42.69075676219909
heavy,89,request_observed,0.82,QuantileMLP-JCSO,quantile,30,,,,,
heavy,89,request_observed,0.82,QuantileMLP-JCSO,quantile,40,,,,,
heavy,89,request_observed,0.82,QuantileMLP-JCSO,quantile,50,14.374999999999998,91.25,14.96,20.187110601429406,41.02699259407627
heavy,89,request_observed,0.82,QuantileMLP-JCSO,quantile,60,,,,,
heavy,89,request_observed,0.82,QuantileMLP-JCSO,scale,30,14.166666666666666,91.25,14.96,20.24020552511524,36.650030946280616
heavy,89,request_observed,0.82,QuantileMLP-JCSO,scale,40,14.209830696423982,91.25,14.96,20.2126663653155,38.83138836739568
heavy,89,request_observed,0.82,QuantileMLP-JCSO,scale,50,14.374999999999998,91.25,14.96,20.18880645295964,40.96820735738995
heavy,89,request_observed,0.82,QuantileMLP-JCSO,scale,60,14.374999999999998,91.25,14.96,20.16796467971974,43.0945522494932
heavy,89,request_observed,1.0,Diffusion-JCSO,quantile,30,,,,,
heavy,89,request_observed,1.0,Diffusion-JCSO,quantile,40,,,,,
heavy,89,request_observed,1.0,Diffusion-JCSO,quantile,50,5.976215497776569,96.04166666666667,7.200527265199555,14.96,33.62561897245467
heavy,89,request_observed,1.0,Diffusion-JCSO,quantile,60,5.692207379153379,96.25134223917465,6.728546958610282,14.96,34.21079427900528
heavy,89,request_observed,1.0,Diffusion-JCSO,scale,30,63.69772071738602,73.85427354809248,14.96,17.01346428369625,28.387883684570404
heavy,89,request_observed,1.0,Diffusion-JCSO,scale,40,33.75826514729972,83.88386162758715,14.96,14.96,30.254267638562794
heavy,89,request_observed,1.0,Diffusion-JCSO,scale,50,16.46569859291416,90.82043261818971,14.69318510485779,14.96,31.91498811629093
heavy,89,request_observed,1.0,Diffusion-JCSO,scale,60,8.793514552638294,94.72077968140029,11.079032947493516,14.96,33.542812654319725
heavy,89,request_observed,1.0,GAN-JCSO,quantile,30,,,,,
heavy,89,request_observed,1.0,GAN-JCSO,quantile,40,6.041666666666667,96.04166666666667,7.20052730111035,14.96,33.46383388961337
heavy,89,request_observed,1.0,GAN-JCSO,quantile,50,,,,,
heavy,89,request_observed,1.0,GAN-JCSO,quantile,60,,,,,
heavy,89,request_observed,1.0,GAN-JCSO,scale,30,19.139989637605325,89.56897543387404,14.96,14.96,31.598162476745312
heavy,89,request_observed,1.0,GAN-JCSO,scale,40,6.1305057073943185,96.11068025319406,6.6000026032845565,14.96,33.505648959068
heavy,89,request_observed,1.0,GAN-JCSO,scale,50,5.0,96.66666666666667,5.763012118113944,14.96,35.41050016134765
heavy,89,request_observed,1.0,GAN-JCSO,scale,60,5.0,96.66666666666667,5.742818137414483,14.96,37.283808823175434
heavy,89,request_observed,1.0,MovingAverage-JCSO,scale,30,17.58753476689297,89.78116260847075,14.96,14.96,31.45051910257848
heavy,89,request_observed,1.0,MovingAverage-JCSO,scale,40,9.38520326615402,94.33155579421903,9.854167849462275,14.96,33.35073654914758
heavy,89,request_observed,1.0,MovingAverage-JCSO,scale,50,5.4877727641676595,96.42278028458284,6.351694805764226,14.96,35.20604161379087
heavy,89,request_observed,1.0,MovingAverage-JCSO,scale,60,5.0,96.66666666666667,5.796239690622763,14.96,37.02887002436961
heavy,89,request_observed,1.0,QuantileMLP-JCSO,quantile,30,,,,,
heavy,89,request_observed,1.0,QuantileMLP-JCSO,quantile,40,8.873291498144962,94.73882745317596,8.943392884787162,14.96,33.462444005330674
heavy,89,request_observed,1.0,QuantileMLP-JCSO,quantile,50,,,,,
heavy,89,request_observed,1.0,QuantileMLP-JCSO,quantile,60,,,,,
heavy,89,request_observed,1.0,QuantileMLP-JCSO,scale,30,15.071882769079672,91.44478755362448,11.57586307070816,14.96,31.63544587578022
heavy,89,request_observed,1.0,QuantileMLP-JCSO,scale,40,6.792293196379137,95.7705200684771,7.2483811168246755,14.96,33.56363393428026
heavy,89,request_observed,1.0,QuantileMLP-JCSO,scale,50,5.0,96.66666666666667,5.773012144360262,14.96,35.46526189459525
heavy,89,request_observed,1.0,QuantileMLP-JCSO,scale,60,5.0,96.66666666666667,5.752997660586955,14.96,37.3210325433333
heavy,97,proactive,0.82,Diffusion-JCSO,quantile,30,,,,,
heavy,97,proactive,0.82,Diffusion-JCSO,quantile,40,,,,,
heavy,97,proactive,0.82,Diffusion-JCSO,quantile,50,16.054444240425383,91.86861121312064,14.96,15.859973611250407,39.324124170935654
heavy,97,proactive,0.82,Diffusion-JCSO,quantile,60,,,,,
heavy,97,proactive,0.82,Diffusion-JCSO,scale,30,23.54482854030631,90.70513312041973,14.96,15.935678316001312,34.61240875826928
heavy,97,proactive,0.82,Diffusion-JCSO,scale,40,17.766684388189244,91.44666312236215,14.96,15.89526422673117,36.97307211198421
heavy,97,proactive,0.82,Diffusion-JCSO,scale,50,16.128946247337733,91.84590680644297,14.96,15.854144741728568,39.26039963887603
heavy,97,proactive,0.82,Diffusion-JCSO,scale,60,15.416666666666668,92.08333333333333,14.96,15.833653812856388,41.495037941497145
heavy,97,proactive,0.82,GAN-JCSO,quantile,30,,,,,
heavy,97,proactive,0.82,GAN-JCSO,quantile,40,,,,,
heavy,97,proactive,0.82,GAN-JCSO,quantile,50,14.989667210371708,92.22566648543166,14.96,15.882328153082186,39.37952745655559
heavy,97,proactive,0.82,GAN-JCSO,quantile,60,,,,,
heavy,97,proactive,0.82,GAN-JCSO,scale,30,22.022720119140438,90.85868408423481,14.96,15.934508895135677,34.6100293430068
heavy,97,proactive,0.82,GAN-JCSO,scale,40,17.654380273205593,91.51062441408826,14.96,15.904395614587024,36.97559560224404
heavy,97,proactive,0.82,GAN-JCSO,scale,50,15.969359499154695,91.78694116702893,14.96,15.875572290460546,39.28048034432741
heavy,97,proactive,0.82,GAN-JCSO,scale,60,14.640467645440289,92.34206634040879,14.96,15.839901185697098,41.540528321088715
heavy,97,proactive,0.82,MovingAverage-JCSO,scale,30,32.01974202020489,89.15012472150039,14.96,15.970727183524014,34.344331117404074
heavy,97,proactive,0.82,MovingAverage-JCSO,scale,40,20.8011172638727,90.86450653016243,14.96,15.90118356665398,36.70818158719254
heavy,97,proactive,0.82,MovingAverage-JCSO,scale,50,16.77838195702816,91.66666666666666,14.96,15.876053613223743,38.96475342440044
heavy,97,proactive,0.82,MovingAverage-JCSO,scale,60,15.783183501254372,91.85339326616491,14.96,15.850064473828049,41.16736012533628
heavy,97,proactive,0.82,QuantileMLP-JCSO,quantile,30,,,,,
heavy,97,proactive,0.82,QuantileMLP-JCSO,quantile,40,,,,,
heavy,97,proactive,0.82,QuantileMLP-JCSO,quantile,50,16.015276674871377,91.875,14.96,15.875747622053659,39.43218936174318
heavy,97,proactive,0.82,QuantileMLP-JCSO,quantile,60,,,,,
heavy,97,proactive,0.82,QuantileMLP-JCSO,scale,30,21.47285991693276,90.92054382139055,14.96,15.929735120016094,34.76984028543631
heavy,97,proactive,0.82,QuantileMLP-JCSO,scale,40,17.55848358928467,91.49579576934549,14.96,15.900210349874042,37.13063902728657
heavy,97,proactive,0.82,QuantileMLP-JCSO,scale,50,16.025234054185155,91.88047753749383,14.96,15.875282859473092,39.43476783538173
heavy,97,proactive,0.82,QuantileMLP-JCSO,scale,60,14.882362428341857,92.26143474610828,14.96,15.837084985129822,41.695569025099424
heavy,97,proactive,1.0,Diffusion-JCSO,quantile,30,,,,,
heavy,97,proactive,1.0,Diffusion-JCSO,quantile,40,19.668159740903757,90.0810937219777,14.96,14.96,31.554984962060864
heavy,97,proactive,1.0,Diffusion-JCSO,quantile,50,,,,,
heavy,97,proactive,1.0,Diffusion-JCSO,quantile,60,,,,,
heavy,97,proactive,1.0,Diffusion-JCSO,scale,30,33.82372489918176,83.77497376913735,14.96,14.96,29.613178133397497
heavy,97,proactive,1.0,Diffusion-JCSO,scale,40,15.782961646287887,92.17712409318308,10.828510165957338,14.96,31.571119348935227
heavy,97,proactive,1.0,Diffusion-JCSO,scale,50,10.844181432091123,94.44082841152517,8.8,14.96,33.500837107702836
heavy,97,proactive,1.0,Diffusion-JCSO,scale,60,10.416666666666668,94.58333333333333,8.8,14.96,35.404835587401934
heavy,97,proactive,1.0,GAN-JCSO,quantile,30,,,,,
heavy,97,proactive,1.0,GAN-JCSO,quantile,40,,,,,
heavy,97,proactive,1.0,GAN-JCSO,quantile,50,,,,,
heavy,97,proactive,1.0,GAN-JCSO,quantile,60,,,,,
heavy,97,proactive,1.0,GAN-JCSO,scale,30,43.69075740178382,77.29333960993785,14.96,14.96,29.6157662544646
heavy,97,proactive,1.0,GAN-JCSO,scale,40,22.157565823215627,88.50455042172553,12.921443908317203,14.96,31.55714830443773
heavy,97,proactive,1.0,GAN-JCSO,scale,50,11.140045026850409,94.0561875611119,9.501006998751766,14.96,33.47636117488609
heavy,97,proactive,1.0,GAN-JCSO,scale,60,9.34417362303628,94.94083101454345,8.773114168143294,14.96,35.388048993944174
heavy,97,proactive,1.0,MovingAverage-JCSO,scale,30,42.850873805715494,80.08370389129604,14.96,14.96,29.421226041367298
heavy,97,proactive,1.0,MovingAverage-JCSO,scale,40,23.846565792768796,88.40770232498794,14.96,14.96,31.39456351263719
heavy,97,proactive,1.0,MovingAverage-JCSO,scale,50,13.560354993344998,93.10034897743051,10.585589681056703,14.96,33.31153326050986
heavy,97,proactive,1.0,MovingAverage-JCSO,scale,60,10.523772865162115,94.45715752060183,8.814380593018324,14.96,35.19413859718516
heavy,97,proactive,1.0,QuantileMLP-JCSO,quantile,30,,,,,
heavy,97,proactive,1.0,QuantileMLP-JCSO,quantile,40,18.727088172617066,90.44105135959488,14.96,14.96,31.498864128888194
heavy,97,proactive,1.0,QuantileMLP-JCSO,quantile,50,10.558537353909772,94.40823132304511,8.849231726362817,14.96,33.60880691753651
heavy,97,proactive,1.0,QuantileMLP-JCSO,quantile,60,,,,,
heavy,97,proactive,1.0,QuantileMLP-JCSO,scale,30,37.79208207770636,80.48325519453374,14.96,14.96,29.73587777492866
heavy,97,proactive,1.0,QuantileMLP-JCSO,scale,40,16.820339955184437,91.78980405513678,13.310609522055294,14.96,31.669939660900063
heavy,97,proactive,1.0,QuantileMLP-JCSO,scale,50,10.754596297005529,94.47069012322038,8.840486260234895,14.96,33.61458274163954
heavy,97,proactive,1.0,QuantileMLP-JCSO,scale,60,9.559216956702912,94.85808086951344,8.785819229618435,14.96,35.5312797247542
heavy,97,request_observed,0.82,Diffusion-JCSO,quantile,30,,,,,
heavy,97,request_observed,0.82,Diffusion-JCSO,quantile,40,,,,,
heavy,97,request_observed,0.82,Diffusion-JCSO,quantile,50,10.416666666666668,93.95833333333333,14.96,15.735148759276397,39.43420411454671
heavy,97,request_observed,0.82,Diffusion-JCSO,quantile,60,,,,,
heavy,97,request_observed,0.82,Diffusion-JCSO,scale,30,10.416666666666668,93.95833333333333,14.96,15.78161540439228,34.92848235359916
heavy,97,request_observed,0.82,Diffusion-JCSO,scale,40,10.416666666666668,93.95833333333333,14.96,15.754466676463487,37.17193523703425
heavy,97,request_observed,0.82,Diffusion-JCSO,scale,50,10.416666666666668,93.95833333333333,14.96,15.73649903589753,39.39808397977859
heavy,97,request_observed,0.82,Diffusion-JCSO,scale,60,10.416666666666668,93.95833333333333,14.96,15.732495510064384,41.605553215654325
heavy,97,request_observed,0.82,GAN-JCSO,quantile,30,,,,,
heavy,97,request_observed,0.82,GAN-JCSO,quantile,40,,,,,
heavy,97,request_observed,0.82,GAN-JCSO,quantile,50,10.416666666666668,93.95833333333333,14.96,15.733661293234219,39.37276660397559
heavy,97,request_observed,0.82,GAN-JCSO,quantile,60,,,,,
heavy,97,request_observed,0.82,GAN-JCSO,scale,30,10.416666666666668,93.95833333333333,14.96,15.783500861415854,34.8829719201704
heavy,97,request_observed,0.82,GAN-JCSO,scale,40,10.416666666666668,93.95833333333333,14.96,15.75596751596294,37.128965960054636
heavy,97,request_observed,0.82,GAN-JCSO,scale,50,10.416666666666668,93.95833333333333,14.96,15.733603714262893,39.35062349165123
heavy,97,request_observed,0.82,GAN-JCSO,scale,60,10.416666666666668,93.95833333333333,14.96,15.729805151263772,41.55693165945875
heavy,97,request_observed,0.82,MovingAverage-JCSO,scale,30,10.861639093678686,93.69134987712611,14.96,15.788210694074618,34.74831447264171
heavy,97,request_observed,0.82,MovingAverage-JCSO,scale,40,10.416666666666668,93.95833333333333,14.96,15.750076331115823,36.96101495854218
heavy,97,request_observed,0.82,MovingAverage-JCSO,scale,50,10.416666666666668,93.95833333333333,14.96,15.734764276655937,39.14660172405867
heavy,97,request_observed,0.82,MovingAverage-JCSO,scale,60,10.416666666666668,93.95833333333333,14.96,15.730875189055395,41.3023864146618
heavy,97,request_observed,0.82,QuantileMLP-JCSO,quantile,30,,,,,
heavy,97,request_observed,0.82,QuantileMLP-JCSO,quantile,40,,,,,
heavy,97,request_observed,0.82,QuantileMLP-JCSO,quantile,50,10.416666666666668,93.95833333333333,14.96,15.733735452912882,39.44541530420876
heavy,97,request_observed,0.82,QuantileMLP-JCSO,quantile,60,,,,,
heavy,97,request_observed,0.82,QuantileMLP-JCSO,scale,30,10.416666666666668,93.95833333333333,14.96,15.787815494779167,35.0173434888684
heavy,97,request_observed,0.82,QuantileMLP-JCSO,scale,40,10.416666666666668,93.95833333333333,14.96,15.759791042857325,37.27343733670721
heavy,97,request_observed,0.82,QuantileMLP-JCSO,scale,50,10.416666666666668,93.95833333333333,14.96,15.736654133462364,39.51147990553663
heavy,97,request_observed,0.82,QuantileMLP-JCSO,scale,60,10.416666666666668,93.95833333333333,14.96,15.730308187875794,41.73112784487474
heavy,97,request_observed,1.0,Diffusion-JCSO,quantile,30,,,,,
heavy,97,request_observed,1.0,Diffusion-JCSO,quantile,40,8.845531713672314,94.40101430512995,11.365893506020184,14.96,31.692944726555577
heavy,97,request_observed,1.0,Diffusion-JCSO,quantile,50,,,,,
heavy,97,request_observed,1.0,Diffusion-JCSO,quantile,60,,,,,
heavy,97,request_observed,1.0,Diffusion-JCSO,scale,30,22.955180119660618,86.40269056271514,14.96,14.96,29.86187459762745
heavy,97,request_observed,1.0,Diffusion-JCSO,scale,40,10.649514632754476,93.35860635240894,11.479007688239824,14.96,31.738444866235525
heavy,97,request_observed,1.0,Diffusion-JCSO,scale,50,5.826689147121613,96.15081647299213,8.179406133498436,14.96,33.62242998445867
heavy,97,request_observed,1.0,Diffusion-JCSO,scale,60,5.416666666666667,96.45833333333333,7.623507230633384,14.96,35.496553458551
heavy,97,request_observed,1.0,GAN-JCSO,quantile,30,,,,,
heavy,97,request_observed,1.0,GAN-JCSO,quantile,40,,,,,
heavy,97,request_observed,1.0,GAN-JCSO,quantile,50,,,,,
heavy,97,request_observed,1.0,GAN-JCSO,quantile,60,,,,,
heavy,97,request_observed,1.0,GAN-JCSO,scale,30,26.809567875593952,83.7025356291034,14.96,14.96,29.8260908961704
heavy,97,request_observed,1.0,GAN-JCSO,scale,40,13.628422401561673,91.86531741381579,12.528447607610376,14.96,31.70307788550006
heavy,97,request_observed,1.0,GAN-JCSO,scale,50,5.416666666666667,96.45833333333333,7.628525555129198,14.96,33.57331215023615
heavy,97,request_observed,1.0,GAN-JCSO,scale,60,5.416666666666667,96.45833333333333,7.609699296198184,14.96,35.4501232619322
heavy,97,request_observed,1.0,MovingAverage-JCSO,scale,30,26.913366185421104,83.53619375041282,14.96,14.96,29.758161616737507
heavy,97,request_observed,1.0,MovingAverage-JCSO,scale,40,15.27557707512349,91.00468260868207,14.96,14.96,31.61246324941283
heavy,97,request_observed,1.0,MovingAverage-JCSO,scale,50,7.481308667476315,95.31130999955019,10.318834101095494,14.96,33.469255013835934
heavy,97,request_observed,1.0,MovingAverage-JCSO,scale,60,5.416666666666667,96.45833333333333,7.61627025921982,14.96,35.313760756985666
heavy,97,request_observed,1.0,QuantileMLP-JCSO,quantile,30,,,,,
heavy,97,request_observed,1.0,QuantileMLP-JCSO,quantile,40,,,,,
heavy,97,request_observed,1.0,QuantileMLP-JCSO,quantile,50,5.416666666666667,96.45833333333333,7.632452538097888,14.96,33.695959950843445
heavy,97,request_observed,1.0,QuantileMLP-JCSO,quantile,60,,,,,
heavy,97,request_observed,1.0,QuantileMLP-JCSO,scale,30,23.717225725231273,85.40166451421533,14.530892789846696,14.96,29.93867243014314
heavy,97,request_observed,1.0,QuantileMLP-JCSO,scale,40,8.949828770998849,94.43938355942923,11.770053883132062,14.96,31.810047223578852
heavy,97,request_observed,1.0,QuantileMLP-JCSO,scale,50,5.416666666666667,96.45833333333333,7.631242571262191,14.96,33.70294489491939
heavy,97,request_observed,1.0,QuantileMLP-JCSO,scale,60,5.416666666666667,96.45833333333333,7.612215351491096,14.96,35.58465170040927
heavy,113,proactive,0.82,Diffusion-JCSO,quantile,30,,,,,
heavy,113,proactive,0.82,Diffusion-JCSO,quantile,40,18.520002578973884,91.17966511928233,14.96,15.414188097615503,40.00773802755824
heavy,113,proactive,0.82,Diffusion-JCSO,quantile,50,,,,,
heavy,113,proactive,0.82,Diffusion-JCSO,quantile,60,,,,,
heavy,113,proactive,0.82,Diffusion-JCSO,scale,30,28.31585062266938,89.86402489622176,14.96,15.458216722695363,37.3087602415698
heavy,113,proactive,0.82,Diffusion-JCSO,scale,40,19.547833015876662,91.30568005079306,14.96,15.40337192435361,39.76483748984896
heavy,113,proactive,0.82,Diffusion-JCSO,scale,50,16.484949561527046,92.12764786960359,14.96,15.347601258774953,42.07078107291015
heavy,113,proactive,0.82,Diffusion-JCSO,scale,60,15.19118248745218,92.5,14.96,15.315585285595871,44.24680976897517
heavy,113,proactive,0.82,GAN-JCSO,quantile,30,,,,,
heavy,113,proactive,0.82,GAN-JCSO,quantile,40,,,,,
heavy,113,proactive,0.82,GAN-JCSO,quantile,50,,,,,
heavy,113,proactive,0.82,GAN-JCSO,quantile,60,,,,,
heavy,113,proactive,0.82,GAN-JCSO,scale,30,24.089581566300247,89.91066945965149,14.96,15.242001743441957,37.77486903883623
heavy,113,proactive,0.82,GAN-JCSO,scale,40,17.74224301868789,91.11482709439363,14.96,15.23523200589269,40.19170773067987
heavy,113,proactive,0.82,GAN-JCSO,scale,50,15.029082623783985,91.875,14.96,15.229639418206322,42.47819298435073
heavy,113,proactive,0.82,GAN-JCSO,scale,60,14.516006237583165,92.1506604290835,14.96,15.278249332156934,44.6588923270564
heavy,113,proactive,0.82,MovingAverage-JCSO,scale,30,29.210737819522,89.41341752738451,14.96,15.419083236567552,37.70214808336879
heavy,113,proactive,0.82,MovingAverage-JCSO,scale,40,19.806203132075822,90.81750624905656,14.96,15.357776283687729,40.202093447342406
heavy,113,proactive,0.82,MovingAverage-JCSO,scale,50,17.2195418748492,91.49439572924206,14.96,15.328111227983731,42.54878191324551
heavy,113,proactive,0.82,MovingAverage-JCSO,scale,60,16.012210842758503,91.81046485954025,14.96,15.308937764265808,44.75007540572154
heavy,113,proactive,0.82,QuantileMLP-JCSO,quantile,30,,,,,
heavy,113,proactive,0.82,QuantileMLP-JCSO,quantile,40,18.348678512214825,91.0378303719463,14.96,15.420302056581578,40.29248538023586
heavy,113,proactive,0.82,QuantileMLP-JCSO,quantile,50,,,,,
heavy,113,proactive,0.82,QuantileMLP-JCSO,quantile,60,,,,,
heavy,113,proactive,0.82,QuantileMLP-JCSO,scale,30,25.503819987118714,90.19199208574857,14.96,15.455061667642532,37.98547233314511
heavy,113,proactive,0.82,QuantileMLP-JCSO,scale,40,18.97177372149627,91.39907144457642,14.96,15.427659301241714,40.48806398280977
heavy,113,proactive,0.82,QuantileMLP-JCSO,scale,50,16.10346445479578,92.08562733022794,14.96,15.374881094911538,42.85765937422983
heavy,113,proactive,0.82,QuantileMLP-JCSO,scale,60,15.018751991029841,92.29166666666667,14.96,15.327728687233343,45.12718590369333
heavy,113,proactive,1.0,Diffusion-JCSO,quantile,30,,,,,
heavy,113,proactive,1.0,Diffusion-JCSO,quantile,40,16.78098693299157,92.91666666666667,9.802455336792717,14.96,34.217149240519845
heavy,113,proactive,1.0,Diffusion-JCSO,quantile,50,,,,,
heavy,113,proactive,1.0,Diffusion-JCSO,quantile,60,,,,,
heavy,113,proactive,1.0,Diffusion-JCSO,scale,30,42.910989555769675,81.24899906656157,14.96,14.96,31.88759696849633
heavy,113,proactive,1.0,Diffusion-JCSO,scale,40,17.920887136454077,92.24831181208503,10.375710661176722,14.96,34.0939990869498
heavy,113,proactive,1.0,Diffusion-JCSO,scale,50,10.865414088974967,95.29645962217919,8.744367981619975,14.96,36.17415490073457
heavy,113,proactive,1.0,Diffusion-JCSO,scale,60,9.274786922496684,95.625,8.705685393278008,14.96,38.15068842322391
heavy,113,proactive,1.0,GAN-JCSO,quantile,30,,,,,
heavy,113,proactive,1.0,GAN-JCSO,quantile,40,,,,,
heavy,113,proactive,1.0,GAN-JCSO,quantile,50,,,,,
heavy,113,proactive,1.0,GAN-JCSO,quantile,60,,,,,
heavy,113,proactive,1.0,GAN-JCSO,scale,30,25.22883629638574,89.99316567898254,12.236531960441486,14.96,32.34244537770344
heavy,113,proactive,1.0,GAN-JCSO,scale,40,12.503566649893678,94.23492222781321,8.877917294970162,14.96,34.54689729067983
heavy,113,proactive,1.0,GAN-JCSO,scale,50,9.16526284005264,95.20833333333333,8.8,14.96,36.62553018211736
heavy,113,proactive,1.0,GAN-JCSO,scale,60,8.375066458531768,95.7916002081349,7.892389832788183,14.96,38.61247407795351
heavy,113,proactive,1.0,MovingAverage-JCSO,scale,30,40.641475111567345,83.3698890270686,14.96,14.96,32.167538631994866
heavy,113,proactive,1.0,MovingAverage-JCSO,scale,40,17.092600824544657,92.48930083666697,9.410911492688943,14.96,34.454581504069026
heavy,113,proactive,1.0,MovingAverage-JCSO,scale,50,13.65932031410262,93.71078211752135,8.844506691193988,14.96,36.55401575149095
heavy,113,proactive,1.0,MovingAverage-JCSO,scale,60,10.641722953699844,94.90997748518673,8.803200322945615,14.96,38.56463565643433
heavy,113,proactive,1.0,QuantileMLP-JCSO,quantile,30,,,,,
heavy,113,proactive,1.0,QuantileMLP-JCSO,quantile,40,12.663412941316388,94.64664676467089,8.80596088945968,14.96,34.590555804904525
heavy,113,proactive,1.0,QuantileMLP-JCSO,quantile,50,,,,,
heavy,113,proactive,1.0,QuantileMLP-JCSO,quantile,60,,,,,
heavy,113,proactive,1.0,QuantileMLP-JCSO,scale,30,28.803264372207853,88.0948965497063,14.96,14.96,32.397986785752586
heavy,113,proactive,1.0,QuantileMLP-JCSO,scale,40,13.488989710052639,94.26454552539693,9.547384872704676,14.96,34.6302263645674
heavy,113,proactive,1.0,QuantileMLP-JCSO,scale,50,10.227837887707574,95.3483153003544,8.800646376670732,14.96,36.772701875111856
heavy,113,proactive,1.0,QuantileMLP-JCSO,scale,60,9.45772312237368,95.41666666666667,8.8,14.96,38.822093245832946
heavy,113,request_observed,0.82,Diffusion-JCSO,quantile,30,,,,,
heavy,113,request_observed,0.82,Diffusion-JCSO,quantile,40,11.041666666666666,93.75,14.96,15.153438378008572,40.16331899386345
heavy,113,request_observed,0.82,Diffusion-JCSO,quantile,50,11.041666666666666,93.75,14.96,15.151190521056442,41.91431947489937
heavy,113,request_observed,0.82,Diffusion-JCSO,quantile,60,,,,,
heavy,113,request_observed,0.82,Diffusion-JCSO,scale,30,11.13649440872974,93.75,14.96,15.160585184187804,37.584854985078124
heavy,113,request_observed,0.82,Diffusion-JCSO,scale,40,11.041666666666666,93.75,14.96,15.154876271999022,39.8716226616789
heavy,113,request_observed,0.82,Diffusion-JCSO,scale,50,11.041666666666666,93.75,14.96,15.149926982248395,42.091496527299554
heavy,113,request_observed,0.82,Diffusion-JCSO,scale,60,11.041666666666666,93.75,14.96,15.145597836578624,44.23155387736478
heavy,113,request_observed,0.82,GAN-JCSO,quantile,30,,,,,
heavy,113,request_observed,0.82,GAN-JCSO,quantile,40,,,,,
heavy,113,request_observed,0.82,GAN-JCSO,quantile,50,,,,,
heavy,113,request_observed,0.82,GAN-JCSO,quantile,60,,,,,
heavy,113,request_observed,0.82,GAN-JCSO,scale,30,10.833333333333334,93.75,14.96,15.158210039537314,38.06376853156922
heavy,113,request_observed,0.82,GAN-JCSO,scale,40,10.833333333333334,93.75,14.96,15.15130592075019,40.36095624306142
heavy,113,request_observed,0.82,GAN-JCSO,scale,50,10.833333333333334,93.75,14.96,15.146611419595361,42.59092734356183
heavy,113,request_observed,0.82,GAN-JCSO,scale,60,10.992910102556694,93.75,14.96,15.142505540565448,44.7292879379987
heavy,113,request_observed,0.82,MovingAverage-JCSO,scale,30,11.6200885606232,93.57647343181304,14.96,15.159866551070252,38.046183691125485
heavy,113,request_observed,0.82,MovingAverage-JCSO,scale,40,11.041666666666666,93.75,14.96,15.152821900347922,40.38270467305031
heavy,113,request_observed,0.82,MovingAverage-JCSO,scale,50,11.041666666666666,93.75,14.96,15.148022379280539,42.651614613810914
heavy,113,request_observed,0.82,MovingAverage-JCSO,scale,60,11.041666666666666,93.75,14.96,15.143823896323312,44.827190721335306
heavy,113,request_observed,0.82,QuantileMLP-JCSO,quantile,30,,,,,
heavy,113,request_observed,0.82,QuantileMLP-JCSO,quantile,40,11.041666666666666,93.75,14.96,15.153438378008572,40.325600173151656
heavy,113,request_observed,0.82,QuantileMLP-JCSO,quantile,50,11.23957627264567,93.75,14.96,15.150591936275092,43.206846810861826
heavy,113,request_observed,0.82,QuantileMLP-JCSO,quantile,60,,,,,
heavy,113,request_observed,0.82,QuantileMLP-JCSO,scale,30,11.122574000012467,93.75,14.96,15.160448133937921,38.18185744631261
heavy,113,request_observed,0.82,QuantileMLP-JCSO,scale,40,11.041666666666666,93.75,14.96,15.154754910645762,40.525289765832945
heavy,113,request_observed,0.82,QuantileMLP-JCSO,scale,50,11.041666666666666,93.75,14.96,15.149818365741828,42.80855300397911
heavy,113,request_observed,0.82,QuantileMLP-JCSO,scale,60,11.041666666666666,93.75,14.96,15.145500299010214,45.03121080046237
heavy,113,request_observed,1.0,Diffusion-JCSO,quantile,30,,,,,
heavy,113,request_observed,1.0,Diffusion-JCSO,quantile,40,11.617547406271989,94.24169058883639,9.710349127993592,14.96,34.40480018175967
heavy,113,request_observed,1.0,Diffusion-JCSO,quantile,50,,,,,
heavy,113,request_observed,1.0,Diffusion-JCSO,quantile,60,,,,,
heavy,113,request_observed,1.0,Diffusion-JCSO,scale,30,28.104923814758337,85.66013837257891,14.96,14.96,32.16261282989111
heavy,113,request_observed,1.0,Diffusion-JCSO,scale,40,13.21733610426547,93.22255584914288,11.098210000616827,14.96,34.23089967515442
heavy,113,request_observed,1.0,Diffusion-JCSO,scale,50,6.436173718963055,96.57357980718514,7.8457352043856385,14.96,36.2282230403336
heavy,113,request_observed,1.0,Diffusion-JCSO,scale,60,5.416666666666667,97.08333333333333,7.2228970869817095,14.96,38.164948498418674
heavy,113,request_observed,1.0,GAN-JCSO,quantile,30,,,,,
heavy,113,request_observed,1.0,GAN-JCSO,quantile,40,,,,,
heavy,113,request_observed,1.0,GAN-JCSO,quantile,50,,,,,
heavy,113,request_observed,1.0,GAN-JCSO,quantile,60,,,,,
heavy,113,request_observed,1.0,GAN-JCSO,scale,30,10.416969761702457,94.74344985357322,9.075467712984297,14.96,32.60380608712486
heavy,113,request_observed,1.0,GAN-JCSO,scale,40,5.4297448168141385,97.0767942582596,6.593317643543626,14.96,34.70523542393507
heavy,113,request_observed,1.0,GAN-JCSO,scale,50,5.0,97.29166666666667,6.210473044831294,14.96,36.73036857208606
heavy,113,request_observed,1.0,GAN-JCSO,scale,60,5.0,97.29166666666667,6.1749456856561915,14.96,38.68206847203464
heavy,113,request_observed,1.0,MovingAverage-JCSO,scale,30,23.24142293048862,88.47995341175894,14.96,14.96,32.51891828731684
heavy,113,request_observed,1.0,MovingAverage-JCSO,scale,40,9.967727736925461,95.39924220664952,9.190279625388566,14.96,34.6382318497083
heavy,113,request_observed,1.0,MovingAverage-JCSO,scale,50,6.025050932537857,96.96331805357197,7.640468384960702,14.96,36.66978503398516
heavy,113,request_observed,1.0,MovingAverage-JCSO,scale,60,5.625,97.08333333333333,7.536951876857545,14.96,38.64179137534075
heavy,113,request_observed,1.0,QuantileMLP-JCSO,quantile,30,,,,,
heavy,113,request_observed,1.0,QuantileMLP-JCSO,quantile,40,6.536423675570048,96.60343747237474,7.503631389858896,14.96,34.65846206276544
heavy,113,request_observed,1.0,QuantileMLP-JCSO,quantile,50,,,,,
heavy,113,request_observed,1.0,QuantileMLP-JCSO,quantile,60,,,,,
heavy,113,request_observed,1.0,QuantileMLP-JCSO,scale,30,18.0676905771693,90.94720684780332,11.795298395862252,14.96,32.620980741293515
heavy,113,request_observed,1.0,QuantileMLP-JCSO,scale,40,7.5120623945532,96.06395162787501,8.170330757498844,14.96,34.73134819441874
heavy,113,request_observed,1.0,QuantileMLP-JCSO,scale,50,5.416666666666667,97.08333333333333,7.243373946370057,14.96,36.78519000236774
heavy,113,request_observed,1.0,QuantileMLP-JCSO,scale,60,5.416666666666667,97.08333333333333,7.222192207923336,14.96,38.77310244769331
heavy,131,proactive,0.82,Diffusion-JCSO,quantile,30,,,,,
heavy,131,proactive,0.82,Diffusion-JCSO,quantile,40,12.315252088427973,94.14308124490536,14.96,14.96,37.49548179970307
heavy,131,proactive,0.82,Diffusion-JCSO,quantile,50,,,,,
heavy,131,proactive,0.82,Diffusion-JCSO,quantile,60,,,,,
heavy,131,proactive,0.82,Diffusion-JCSO,scale,30,18.483679212519505,92.83054911065368,14.96,14.96,35.024290799875416
heavy,131,proactive,0.82,Diffusion-JCSO,scale,40,12.66094001027685,94.06906974042764,14.96,14.96,37.53880868263977
heavy,131,proactive,0.82,Diffusion-JCSO,scale,50,10.146843325204262,94.7549558353656,14.96,14.96,39.958734905371216
heavy,131,proactive,0.82,Diffusion-JCSO,scale,60,8.5740986604224,95.11851360124885,14.891448073138852,14.96,42.31469201111433
heavy,131,proactive,0.82,GAN-JCSO,quantile,30,,,,,
heavy,131,proactive,0.82,GAN-JCSO,quantile,40,14.867777159123177,93.75,14.96,14.96,37.471699383091014
heavy,131,proactive,0.82,GAN-JCSO,quantile,50,,,,,
heavy,131,proactive,0.82,GAN-JCSO,quantile,60,,,,,
heavy,131,proactive,0.82,GAN-JCSO,scale,30,22.770170398639426,91.31233235445524,14.96,14.96,34.97485475930116
heavy,131,proactive,0.82,GAN-JCSO,scale,40,15.724223044427474,93.50859231852418,14.96,14.96,37.50680557879775
heavy,131,proactive,0.82,GAN-JCSO,scale,50,11.519261836678352,94.29959023631395,14.96,14.96,39.949750781230584
heavy,131,proactive,0.82,GAN-JCSO,scale,60,9.599389877704937,94.73556919724042,14.96,14.96,42.32304252225402
heavy,131,proactive,0.82,MovingAverage-JCSO,scale,30,19.65194010769765,92.42984696645482,14.96,14.96,34.86706870142119
heavy,131,proactive,0.82,MovingAverage-JCSO,scale,40,12.6951097299334,94.05370260895198,14.96,14.96,37.34999061420256
heavy,131,proactive,0.82,MovingAverage-JCSO,scale,50,10.564106708385687,94.35861777314233,14.96,14.96,39.73511523977048
heavy,131,proactive,0.82,MovingAverage-JCSO,scale,60,9.475832912691903,94.7513335015899,14.96,14.96,42.070213119861315
heavy,131,proactive,0.82,QuantileMLP-JCSO,quantile,30,,,,,
heavy,131,proactive,0.82,QuantileMLP-JCSO,quantile,40,12.81635125139355,93.95833333333333,14.96,14.96,37.49287824606408
heavy,131,proactive,0.82,QuantileMLP-JCSO,quantile,50,11.164904387590823,94.58333333333333,14.96,14.96,40.237473397584075
heavy,131,proactive,0.82,QuantileMLP-JCSO,quantile,60,,,,,
heavy,131,proactive,0.82,QuantileMLP-JCSO,scale,30,19.0404852084728,92.71220621893306,14.96,14.96,35.02543594956451
heavy,131,proactive,0.82,QuantileMLP-JCSO,scale,40,13.3704861801948,93.98686341441199,14.96,14.96,37.54501952838693
heavy,131,proactive,0.82,QuantileMLP-JCSO,scale,50,10.987792998508617,94.45641637070179,14.96,14.96,39.97796046843315
heavy,131,proactive,0.82,QuantileMLP-JCSO,scale,60,9.729110280070824,94.72084461065249,14.96,14.96,42.35658523999064
heavy,131,proactive,1.0,Diffusion-JCSO,quantile,30,,,,,
heavy,131,proactive,1.0,Diffusion-JCSO,quantile,40,12.220069523455681,94.28873261913608,8.58273724018088,14.96,31.64141509641496
heavy,131,proactive,1.0,Diffusion-JCSO,quantile,50,,,,,
heavy,131,proactive,1.0,Diffusion-JCSO,quantile,60,,,,,
heavy,131,proactive,1.0,Diffusion-JCSO,scale,30,34.43686380944288,84.47219289259476,14.96,14.96,29.551880627737727
heavy,131,proactive,1.0,Diffusion-JCSO,scale,40,12.426677256945236,94.3031656948675,7.933999874390674,14.96,31.668286959575504
heavy,131,proactive,1.0,Diffusion-JCSO,scale,50,6.586353876514905,96.72644894276866,5.433985770354492,14.96,33.72765135593865
heavy,131,proactive,1.0,Diffusion-JCSO,scale,60,5.277520458262791,97.02782924168078,4.962675724538205,14.96,35.75073164022323
heavy,131,proactive,1.0,GAN-JCSO,quantile,30,,,,,
heavy,131,proactive,1.0,GAN-JCSO,quantile,40,19.76421701244322,91.1040436203338,9.200183182161185,14.96,31.627053836014202
heavy,131,proactive,1.0,GAN-JCSO,quantile,50,,,,,
heavy,131,proactive,1.0,GAN-JCSO,quantile,60,,,,,
heavy,131,proactive,1.0,GAN-JCSO,scale,30,39.35603811385738,81.95579924693367,14.96,14.96,29.49338134690706
heavy,131,proactive,1.0,GAN-JCSO,scale,40,19.751014494151267,91.07723658376834,8.950243196798171,14.96,31.631249879668022
heavy,131,proactive,1.0,GAN-JCSO,scale,50,8.87715984358295,95.65622057298091,6.091781920197792,14.96,33.694562481940316
heavy,131,proactive,1.0,GAN-JCSO,scale,60,6.230344591350125,96.67321846954997,5.3528443973782185,14.96,35.72591945076247
heavy,131,proactive,1.0,MovingAverage-JCSO,scale,30,24.222676825378375,88.96787223903307,12.386571688654737,14.96,29.474626548501227
heavy,131,proactive,1.0,MovingAverage-JCSO,scale,40,12.379757665131693,94.2883613585932,8.620086567455814,14.96,31.585397548286142
heavy,131,proactive,1.0,MovingAverage-JCSO,scale,50,6.9958835516295546,96.28497991268151,5.693512796771702,14.96,33.621589903352344
heavy,131,proactive,1.0,MovingAverage-JCSO,scale,60,5.9791152212556895,96.68230452801942,5.396999702951687,14.96,35.60701349475145
heavy,131,proactive,1.0,QuantileMLP-JCSO,quantile,30,,,,,
heavy,131,proactive,1.0,QuantileMLP-JCSO,quantile,40,13.943669299028212,93.3421317539164,8.789022447687401,14.96,31.63483139863317
heavy,131,proactive,1.0,QuantileMLP-JCSO,quantile,50,7.795022040965972,96.45833333333333,5.720000000000001,14.96,33.96641597303823
heavy,131,proactive,1.0,QuantileMLP-JCSO,quantile,60,,,,,
heavy,131,proactive,1.0,QuantileMLP-JCSO,scale,30,45.08856919872436,78.271091516528,14.96,14.96,29.55186183447954
heavy,131,proactive,1.0,QuantileMLP-JCSO,scale,40,13.316864612507857,94.03265615517216,7.230231088233972,14.96,31.658086093527896
heavy,131,proactive,1.0,QuantileMLP-JCSO,scale,50,7.362473822679522,96.39630211347863,5.720000000000001,14.96,33.72655066650161
heavy,131,proactive,1.0,QuantileMLP-JCSO,scale,60,6.396396916850599,96.63006743745402,5.4337351681766055,14.96,35.75237729653569
heavy,131,request_observed,0.82,Diffusion-JCSO,quantile,30,,,,,
heavy,131,request_observed,0.82,Diffusion-JCSO,quantile,40,6.666666666666667,95.83333333333334,14.88273376157374,14.96,37.597752220653234
heavy,131,request_observed,0.82,Diffusion-JCSO,quantile,50,6.666666666666667,95.83333333333334,14.875920576011557,14.96,40.01615771358911
heavy,131,request_observed,0.82,Diffusion-JCSO,quantile,60,,,,,
heavy,131,request_observed,0.82,Diffusion-JCSO,scale,30,6.749971987668267,95.83333333333334,14.906050324470023,14.96,35.248800680660366
heavy,131,request_observed,0.82,Diffusion-JCSO,scale,40,6.666666666666667,95.83333333333334,14.887000526483218,14.96,37.62145839582901
heavy,131,request_observed,0.82,Diffusion-JCSO,scale,50,6.57582237893347,95.83333333333334,14.870483107087681,14.96,39.964035698062524
heavy,131,request_observed,0.82,Diffusion-JCSO,scale,60,6.458333333333334,95.83333333333334,14.856027200793848,14.96,42.27033907387904
heavy,131,request_observed,0.82,GAN-JCSO,quantile,30,,,,,
heavy,131,request_observed,0.82,GAN-JCSO,quantile,40,6.666666666666667,95.83333333333334,14.887177429444845,14.96,37.495855736919495
heavy,131,request_observed,0.82,GAN-JCSO,quantile,50,6.579175811777478,95.83333333333334,14.883724228789873,14.96,40.19899037218834
heavy,131,request_observed,0.82,GAN-JCSO,quantile,60,,,,,
heavy,131,request_observed,0.82,GAN-JCSO,scale,30,7.43198240465016,95.5295247489787,14.917897704523073,14.96,35.23165037138389
heavy,131,request_observed,0.82,GAN-JCSO,scale,40,6.731419408042698,95.83333333333334,14.89071574718509,14.96,37.592260734128246
heavy,131,request_observed,0.82,GAN-JCSO,scale,50,6.537631905442573,95.83333333333334,14.873987803663809,14.96,39.932245046522766
heavy,131,request_observed,0.82,GAN-JCSO,scale,60,6.458333333333334,95.83333333333334,14.859342483697342,14.96,42.24561976536102
heavy,131,request_observed,0.82,MovingAverage-JCSO,scale,30,6.875000000000001,95.83333333333334,14.912585568305362,14.96,35.19325200291934
heavy,131,request_observed,0.82,MovingAverage-JCSO,scale,40,6.875000000000001,95.83333333333334,14.89316379668138,14.96,37.5366845451212
heavy,131,request_observed,0.82,MovingAverage-JCSO,scale,50,6.709742353091832,95.83333333333334,14.876309818158438,14.96,39.84460963012267
heavy,131,request_observed,0.82,MovingAverage-JCSO,scale,60,6.666666666666667,95.83333333333334,14.86154906438845,14.96,42.12909891269297
heavy,131,request_observed,0.82,QuantileMLP-JCSO,quantile,30,,,,,
heavy,131,request_observed,0.82,QuantileMLP-JCSO,quantile,40,6.666666666666667,95.83333333333334,14.882321593780281,14.96,37.54548781849377
heavy,131,request_observed,0.82,QuantileMLP-JCSO,quantile,50,6.666666666666667,95.83333333333334,14.872468104078164,14.96,40.202701873486944
heavy,131,request_observed,0.82,QuantileMLP-JCSO,quantile,60,,,,,
heavy,131,request_observed,0.82,QuantileMLP-JCSO,scale,30,6.743196220746326,95.83333333333334,14.903660014718099,14.96,35.2723057936718
heavy,131,request_observed,0.82,QuantileMLP-JCSO,scale,40,6.666666666666667,95.83333333333334,14.884790921140487,14.96,37.648200894470655
heavy,131,request_observed,0.82,QuantileMLP-JCSO,scale,50,6.666666666666667,95.83333333333334,14.86842879188619,14.96,39.995796741196045
heavy,131,request_observed,0.82,QuantileMLP-JCSO,scale,60,6.58457483579035,95.83333333333334,14.854107772894011,14.96,42.317246370578125
heavy,131,request_observed,1.0,Diffusion-JCSO,quantile,30,,,,,
heavy,131,request_observed,1.0,Diffusion-JCSO,quantile,40,4.185986456121512,97.28338675690031,4.325158210858568,14.96,31.74471201468507
heavy,131,request_observed,1.0,Diffusion-JCSO,quantile,50,,,,,
heavy,131,request_observed,1.0,Diffusion-JCSO,quantile,60,,,,,
heavy,131,request_observed,1.0,Diffusion-JCSO,scale,30,23.01176895648448,88.11497059954142,13.204349671313343,14.96,29.774777541460672
heavy,131,request_observed,1.0,Diffusion-JCSO,scale,40,8.089099711927162,95.47166233094134,7.034223769835,14.96,31.775528554520665
heavy,131,request_observed,1.0,Diffusion-JCSO,scale,50,3.125,97.91666666666666,4.157500684548081,14.96,33.768263833590716
heavy,131,request_observed,1.0,Diffusion-JCSO,scale,60,3.125,97.91666666666666,4.1330731863013375,14.96,35.747706708519644
heavy,131,request_observed,1.0,GAN-JCSO,quantile,30,,,,,
heavy,131,request_observed,1.0,GAN-JCSO,quantile,40,12.56860361264291,92.60839839438093,9.559573022912058,14.96,31.7192106890606
heavy,131,request_observed,1.0,GAN-JCSO,quantile,50,5.0,96.66666666666667,5.1669879312870535,14.96,33.97703599342193
heavy,131,request_observed,1.0,GAN-JCSO,quantile,60,,,,,
heavy,131,request_observed,1.0,GAN-JCSO,scale,30,30.655349538124582,83.88868840222312,14.96,14.96,29.7664387338987
heavy,131,request_observed,1.0,GAN-JCSO,scale,40,12.749616204410755,92.56816425405106,10.112903314894965,14.96,31.766363403535994
heavy,131,request_observed,1.0,GAN-JCSO,scale,50,5.233261832277524,96.55613099419887,5.468828856017628,14.96,33.74907531579723
heavy,131,request_observed,1.0,GAN-JCSO,scale,60,3.3619999225785477,97.73891672473275,4.215467716019957,14.96,35.71466223941955
heavy,131,request_observed,1.0,MovingAverage-JCSO,scale,30,13.3566009056841,92.27098438013266,8.988061532875836,14.96,29.773747008589222
heavy,131,request_observed,1.0,MovingAverage-JCSO,scale,40,4.173676007766774,97.28784338970297,4.3184452788632,14.96,31.757829164563503
heavy,131,request_observed,1.0,MovingAverage-JCSO,scale,50,3.1704006570426126,97.88942627244109,4.156407744808039,14.96,33.74549141943128
heavy,131,request_observed,1.0,MovingAverage-JCSO,scale,60,3.125,97.91666666666666,4.126975328219313,14.96,35.69852742609736
heavy,131,request_observed,1.0,QuantileMLP-JCSO,quantile,30,,,,,
heavy,131,request_observed,1.0,QuantileMLP-JCSO,quantile,40,4.300420518381856,97.29166666666667,4.309433387011097,14.96,31.720380620450072
heavy,131,request_observed,1.0,QuantileMLP-JCSO,quantile,50,3.125,97.91666666666666,4.171059846392295,14.96,33.98867706632539
heavy,131,request_observed,1.0,QuantileMLP-JCSO,quantile,60,,,,,
heavy,131,request_observed,1.0,QuantileMLP-JCSO,scale,30,29.780072923541255,83.52397671164239,14.96,14.96,29.7944087075151
heavy,131,request_observed,1.0,QuantileMLP-JCSO,scale,40,9.117300989776076,94.81720063747214,7.74004480372018,14.96,31.786147453528837
heavy,131,request_observed,1.0,QuantileMLP-JCSO,scale,50,3.125,97.91666666666666,4.156239460075988,14.96,33.78254826980824
heavy,131,request_observed,1.0,QuantileMLP-JCSO,scale,60,3.125,97.91666666666666,4.131901290052378,14.96,35.765677058741986
