workload,seed,capacity,method,budget,miss_rate,acceptance,p95_latency_ms,p99_latency_ms,utilization,realized_reservation_ratio
extreme,1001,0.82,Diffusion-JCSO,30,37.34479935752597,82.72972361322452,14.96,26.81530325697174,36.75170317936371,1.152506336329885
extreme,1001,0.82,Diffusion-JCSO,40,24.73589988628415,86.56595041933156,14.96,26.78348237151382,39.43369532954069,1.2373173768387031
extreme,1001,0.82,Diffusion-JCSO,50,21.15595540547836,87.12985301454178,14.96,26.7608030376562,41.97740726153176,1.3178314214661644
extreme,1001,0.82,Diffusion-RB,30,30.143440471164183,85.71417769052515,14.96,27.300869009808768,36.59578802411331,1.1469991571239342
extreme,1001,0.82,Diffusion-RB,40,22.85405563768816,87.06903123460015,14.96,27.28380266214975,39.1557913536543,1.2278816701603592
extreme,1001,0.82,Diffusion-RB,50,19.24693931831697,87.31727880300328,14.96,26.816487385152637,41.51108235406497,1.3024336993373435
extreme,1001,0.82,GAN-JCSO,30,37.876427912523084,82.80283392888624,14.96,26.815476793876662,36.69599873734661,1.1525418824660112
extreme,1001,0.82,GAN-JCSO,40,28.190786302452175,86.25750247530954,14.96,26.784726943374537,39.3647577978441,1.237102088347924
extreme,1001,0.82,GAN-JCSO,50,23.138153310884523,86.70570267115643,14.96,26.7616922030478,41.937348551642046,1.318644501985619
extreme,1001,0.82,GAN-RB,30,34.332897895065564,83.16436937036902,14.96,26.872652444926484,36.634975418115914,1.1487530772312011
extreme,1001,0.82,GAN-RB,40,28.5346516013451,85.00269810204675,14.96,26.835900974595763,39.28864761446875,1.2326590390235257
extreme,1001,0.82,GAN-RB,50,24.493592489820724,86.52884515521671,14.96,26.806189346659593,41.84742243917448,1.313586778888658
extreme,1001,0.82,QuantileMLP-JCSO,30,30.70715282048032,85.48141128205756,14.96,27.249305455068377,36.8429218802267,1.1573233533382277
extreme,1001,0.82,QuantileMLP-JCSO,40,23.99769450006245,86.72523054999375,14.96,27.10877387466842,39.457781142906384,1.2401128458496684
extreme,1001,0.82,QuantileMLP-JCSO,50,21.37038833221144,87.0632686112981,14.96,26.757220579072637,42.00288317839723,1.320784024369888
extreme,1001,0.82,QuantileMLP-RB,30,31.03387978495728,85.06063622119657,14.96,26.895582864291494,36.63193282253822,1.1484341431273883
extreme,1001,0.82,QuantileMLP-RB,40,24.908019719850017,86.39275774593528,14.96,26.855985724454992,39.23290394739304,1.2306906311837729
extreme,1001,0.82,QuantileMLP-RB,50,20.268736563242385,87.51344819122039,14.96,26.82472022227241,41.74543550821984,1.3101700468071933
extreme,1001,1.0,Diffusion-JCSO,30,47.818489544971584,78.25452887697003,14.96,15.409550603602439,31.226590302460444,1.1923333641942995
extreme,1001,1.0,Diffusion-JCSO,40,28.130901808515322,87.2748924491703,14.96,14.96,33.423976738450904,1.2770104481416964
extreme,1001,1.0,Diffusion-JCSO,50,18.200971219339507,92.07455485780274,14.801990511701922,14.96,35.5507034480771,1.358954710371731
extreme,1001,1.0,Diffusion-RB,30,35.4506229063066,85.750334246945,14.96,15.299595486161387,31.0253840996253,1.1840609936037965
extreme,1001,1.0,Diffusion-RB,40,18.856843529951448,93.09775374485517,13.278251617227108,14.96,33.19879922900156,1.2677420831509123
extreme,1001,1.0,Diffusion-RB,50,13.501282161096015,94.67474356778078,12.600032611933438,14.96,35.292525058930764,1.3483760388332442
extreme,1001,1.0,GAN-JCSO,30,43.51951765166945,80.50391269131447,14.96,14.96,31.188633718209722,1.1926642291207403
extreme,1001,1.0,GAN-JCSO,40,26.502549498350515,89.5626194737952,14.96,14.96,33.36631408396895,1.2767324339638386
extreme,1001,1.0,GAN-JCSO,50,18.62069232313962,92.54859576950291,13.878165479697781,14.96,35.52505707226921,1.3600673306746318
extreme,1001,1.0,GAN-RB,30,28.496971093076255,90.64415524582446,12.826563419732217,14.96,31.06712799692619,1.1862058923155994
extreme,1001,1.0,GAN-RB,40,22.584196902934018,92.63362015371405,12.615826642548658,14.96,33.28413892655408,1.2715896409427667
extreme,1001,1.0,GAN-RB,50,18.486324881121444,94.11103337656192,12.590666848713706,14.96,35.45357369441699,1.3551455971657156
extreme,1001,1.0,QuantileMLP-JCSO,30,30.508353168475434,89.91400884033358,14.469854394887498,14.96,31.288982273380775,1.1967302962264843
extreme,1001,1.0,QuantileMLP-JCSO,40,18.363003345037285,93.69546203378594,12.820539458588216,14.96,33.48279702689248,1.2814249556054962
extreme,1001,1.0,QuantileMLP-JCSO,50,14.983276141238846,94.47273767128989,12.562014784761923,14.96,35.61834494903613,1.3638546784725902
extreme,1001,1.0,QuantileMLP-RB,30,33.25174749206648,88.11518224982616,14.877571460008474,14.96,30.994825409436082,1.1832205386482781
extreme,1001,1.0,QuantileMLP-RB,40,21.292029436382435,93.25946190512026,13.337852515305013,14.96,33.23252649397153,1.269372736790966
extreme,1001,1.0,QuantileMLP-RB,50,14.394214005236323,94.86567751467548,12.59617360130543,14.96,35.37663077938832,1.3519372450913623
extreme,1002,0.82,Diffusion-JCSO,30,28.973008150781446,85.68455434803238,14.96,20.958531055688226,39.7752637865788,1.1239795768443785
extreme,1002,0.82,Diffusion-JCSO,40,20.841874483795205,86.94302091936747,14.96,20.92734227516902,42.403294892519654,1.1990839831230478
extreme,1002,0.82,Diffusion-JCSO,50,18.603358500310133,87.28285354757475,14.96,21.08315236794869,44.896334620188846,1.2704442152937179
extreme,1002,0.82,Diffusion-RB,30,25.197940789771412,85.87215689789957,14.96,21.023036349674936,39.748948161003014,1.123712505213556
extreme,1002,0.82,Diffusion-RB,40,21.536087888402957,86.94028938913185,14.96,21.087330648308132,42.3489824241722,1.1979337694089764
extreme,1002,0.82,Diffusion-RB,50,19.392595189347492,87.18456746844208,14.96,21.18701023957863,44.85340515701713,1.2696458782154443
extreme,1002,0.82,GAN-JCSO,30,31.788313182882824,84.45036888524004,14.96,20.67376249446322,39.44350680558777,1.1154195390360395
extreme,1002,0.82,GAN-JCSO,40,23.775993093217107,86.44584110508526,14.96,20.64672074276881,42.032213513137506,1.1894519608429375
extreme,1002,0.82,GAN-JCSO,50,18.920528812262862,87.18012642826709,14.96,20.632425430032704,44.476161231025195,1.2594404278306688
extreme,1002,0.82,GAN-RB,30,28.42914857027967,85.45772141127516,14.96,23.47321766122988,39.87445986946725,1.1260021603921286
extreme,1002,0.82,GAN-RB,40,23.341179161124874,86.71414006452886,14.96,23.44557201594345,42.53525808529887,1.2019387992185968
extreme,1002,0.82,GAN-RB,50,19.999508341948463,87.34393437176932,14.96,23.4232364529322,45.05432664381153,1.2739816551499148
extreme,1002,0.82,QuantileMLP-JCSO,30,28.642399742454764,85.39565130846617,14.96,20.676808673196707,39.822839833712855,1.126405880744044
extreme,1002,0.82,QuantileMLP-JCSO,40,21.462614796613515,86.85266815451861,14.96,20.649833349937683,42.42311196673873,1.2008062298305888
extreme,1002,0.82,QuantileMLP-JCSO,50,18.75533243420939,87.29166666666667,14.96,20.85862336444047,44.871186427011615,1.2709785455809124
extreme,1002,0.82,QuantileMLP-RB,30,25.10633025392268,85.77154974417506,14.96,21.037568385326548,39.79950371149795,1.1258641901213866
extreme,1002,0.82,QuantileMLP-RB,40,21.859010037866426,86.25,14.96,20.977659619083475,42.370662622047995,1.199371566218556
extreme,1002,0.82,QuantileMLP-RB,50,19.850275102713077,86.99461972747099,14.96,20.93692768423139,44.81875826839427,1.269529807374699
extreme,1002,1.0,Diffusion-JCSO,30,48.84000794871416,75.63428259157658,14.96,17.877205151493175,33.732727706244745,1.160629934996377
extreme,1002,1.0,Diffusion-JCSO,40,32.73438061211957,82.7595312349263,14.96,17.852841288674828,36.05523161181666,1.241265025080843
extreme,1002,1.0,Diffusion-JCSO,50,16.138065291849625,90.25630535111205,14.96,17.848233035225775,38.286278732914006,1.3187774318557448
extreme,1002,1.0,Diffusion-RB,30,29.634700140592123,85.60445327709648,14.96,17.754722702139638,33.5946932338902,1.1566050575066098
extreme,1002,1.0,Diffusion-RB,40,18.30439561038917,90.83695054870134,14.96,17.72455080318321,35.88763993529781,1.2362789223349007
extreme,1002,1.0,Diffusion-RB,50,16.263138330234703,91.04166666666669,14.96,17.701075298122678,38.158538974530266,1.3151183316277486
extreme,1002,1.0,GAN-JCSO,30,36.17178015225229,82.9490992864645,14.96,17.869336335408295,33.42220898887902,1.150752291374722
extreme,1002,1.0,GAN-JCSO,40,24.6742867131682,87.42371180338588,14.96,17.846159211090146,35.75235071434104,1.2317082803333674
extreme,1002,1.0,GAN-JCSO,50,16.183410743108677,90.36794986255074,14.96,17.83624900697218,37.99970453146892,1.3098465792679024
extreme,1002,1.0,GAN-RB,30,32.087892476116735,84.94284155465438,14.96,18.91836013438598,33.70763608291581,1.1591312639335012
extreme,1002,1.0,GAN-RB,40,19.929844053550752,90.14824301508213,14.96,18.89302028132883,36.04595246000661,1.2402586388922126
extreme,1002,1.0,GAN-RB,50,16.43174311202008,90.97351299965915,14.96,18.872388906024185,38.348161051125885,1.3201206841074686
extreme,1002,1.0,QuantileMLP-JCSO,30,27.060700997853946,87.65851216089125,14.96,17.863467502748446,33.68466658798782,1.1601380797314533
extreme,1002,1.0,QuantileMLP-JCSO,40,18.217094086461344,90.40917909926075,14.96,17.84371939601901,36.04060832167754,1.2420026940559796
extreme,1002,1.0,QuantileMLP-JCSO,50,14.998588588702994,91.04166666666669,14.96,17.847527611352426,38.32557937399286,1.3214339338270074
extreme,1002,1.0,QuantileMLP-RB,30,36.5860804588297,81.01180842958074,14.96,17.875533423257448,33.704210639831686,1.161020082160855
extreme,1002,1.0,QuantileMLP-RB,40,18.113708411710324,90.0,14.96,17.85529039729202,35.994510099990464,1.2406237165613083
extreme,1002,1.0,QuantileMLP-RB,50,16.4447404876611,90.72205305466983,14.96,17.859572032695628,38.250416545968825,1.3190393959851077
extreme,1003,0.82,Diffusion-JCSO,30,29.740629339832772,85.7966867188301,14.96,28.907118262185396,36.04478090538313,1.1193244848960051
extreme,1003,0.82,Diffusion-JCSO,40,21.90065396059682,87.2217523823881,14.96,28.884214897720636,38.59669712977058,1.1991487198193331
extreme,1003,0.82,Diffusion-JCSO,50,19.079652513302268,87.76740283067288,14.96,28.86539204490084,41.08720871845959,1.2770653965372243
extreme,1003,0.82,Diffusion-RB,30,35.88700341271104,83.7977305420011,14.96,28.98702751707898,35.250223601334206,1.092855363474505
extreme,1003,0.82,Diffusion-RB,40,25.783034177500987,86.33621082972189,14.96,28.947823244959757,37.7519478996982,1.1709573479784399
extreme,1003,0.82,Diffusion-RB,50,19.400828191255293,88.00275451746285,14.96,28.92244030867692,40.18643679935155,1.2469883837164335
extreme,1003,0.82,GAN-JCSO,30,23.972665494942387,86.94171450889986,14.96,28.89161528764727,36.716954650372415,1.1425194966602494
extreme,1003,0.82,GAN-JCSO,40,19.319992951350944,87.8228138216217,14.96,28.870395095688863,39.30826366924629,1.2237839135630344
extreme,1003,0.82,GAN-JCSO,50,17.429844595664832,88.125,14.96,28.852632495304263,41.844659414517636,1.3033277836399895
extreme,1003,0.82,GAN-RB,30,19.43715910946085,87.67641161492483,14.96,28.971903416583068,37.416791436283745,1.1628435127775494
extreme,1003,0.82,GAN-RB,40,18.1449678064239,87.99201287743044,14.96,28.93053767644024,40.1391483723772,1.2480913154003928
extreme,1003,0.82,GAN-RB,50,16.447290222091226,88.52097254323898,14.96,28.905530947609765,42.77039445794562,1.330465631431663
extreme,1003,0.82,QuantileMLP-JCSO,30,26.974358032187343,86.31565006230606,14.96,28.88743854366605,36.39581622859733,1.1319048459790095
extreme,1003,0.82,QuantileMLP-JCSO,40,20.570340165353482,87.5906213112862,14.96,28.866635073742493,38.9649790970644,1.2124379854009784
extreme,1003,0.82,QuantileMLP-JCSO,50,17.836154724927223,87.98887798543487,14.96,28.849223006388893,41.474620921013845,1.2911032634382493
extreme,1003,0.82,QuantileMLP-RB,30,24.47974991393285,87.16740065095647,14.96,28.930976973783118,36.37548109640785,1.1294220772988357
extreme,1003,0.82,QuantileMLP-RB,40,18.049257041103623,88.05681525844594,14.96,28.90530947906318,38.92434270821977,1.2091092857853756
extreme,1003,0.82,QuantileMLP-RB,50,15.697036634272068,88.33333333333333,14.96,28.885097544775995,41.424276639839974,1.2872693553116898
extreme,1003,1.0,Diffusion-JCSO,30,27.906977518290113,87.89346166217436,14.96,30.455147368936736,30.399341796808123,1.1496014260405798
extreme,1003,1.0,Diffusion-JCSO,40,19.775039771177724,89.76874254290418,14.96,30.235105919685353,32.51705720460433,1.2303672468575335
extreme,1003,1.0,Diffusion-JCSO,50,17.040729305266535,90.30018747228004,14.96,30.215701389784076,34.58676751726972,1.3093045466902522
extreme,1003,1.0,Diffusion-RB,30,40.853905732173615,81.14305378971366,14.96,29.002507853126044,29.758638435475472,1.123455645620704
extreme,1003,1.0,Diffusion-RB,40,26.695993659610025,87.2968081973847,14.96,28.34826637175503,31.775076453030227,1.2002906719216646
extreme,1003,1.0,Diffusion-RB,50,17.057562084807333,90.57286749973198,14.96,30.276982849643932,33.782083757209755,1.2767322448444223
extreme,1003,1.0,GAN-JCSO,30,23.21302583484639,88.86196148394946,14.96,30.47877375738937,30.912078968686412,1.171332435167325
extreme,1003,1.0,GAN-JCSO,40,17.177370484304976,90.37299303419282,14.96,30.234229099367177,33.058635992128316,1.2533957362053316
extreme,1003,1.0,GAN-JCSO,50,15.519851601877937,90.625,14.96,30.214980849490573,35.169156539066265,1.334086212158381
extreme,1003,1.0,GAN-RB,30,17.61635460476963,90.06129298259226,14.96,30.415109417183807,31.48849113357458,1.1917880760135742
extreme,1003,1.0,GAN-RB,40,16.197451019169634,90.52101959233215,14.96,30.354850406483305,33.70774741495677,1.276521524839946
extreme,1003,1.0,GAN-RB,50,14.427714348706113,91.05310051510233,14.96,30.316922794824855,35.86437537589605,1.3588586679961188
extreme,1003,1.0,QuantileMLP-JCSO,30,28.23904527928688,86.75348559295418,14.96,30.791391538664918,30.686741362182325,1.162098203557667
extreme,1003,1.0,QuantileMLP-JCSO,40,18.899050325027204,89.68081935415911,14.96,30.354305789077003,32.79980847987689,1.242850087385141
extreme,1003,1.0,QuantileMLP-JCSO,50,15.890558954420142,90.50652692806165,14.96,30.200090239017253,34.884195720547744,1.3224960688933725
extreme,1003,1.0,QuantileMLP-RB,30,29.114643875658466,85.24514766131234,14.96,28.485249302225274,30.712369922119734,1.1612235969041051
extreme,1003,1.0,QuantileMLP-RB,40,17.20263140553024,90.17146549968362,14.96,28.445013391314596,32.80370687256872,1.2410499332915408
extreme,1003,1.0,QuantileMLP-RB,50,13.524688016166719,91.2613191003333,14.96,28.46522444432046,34.852102876575046,1.3192069535391708
extreme,1004,0.82,Diffusion-JCSO,30,31.34081267003473,89.6514673325072,14.96,15.472109467860003,35.30703739807983,1.1672020310424902
extreme,1004,0.82,Diffusion-JCSO,40,20.08271357500585,92.20354074166563,14.96,15.466500391899196,38.00508306990455,1.2568468156427657
extreme,1004,0.82,Diffusion-JCSO,50,14.083108119182397,93.14708531931187,14.96,15.462225283258373,40.53835428600454,1.3411221824213742
extreme,1004,0.82,Diffusion-RB,30,28.093828212152964,90.56075085353008,14.96,15.48816467592053,35.34284670186302,1.1671902154593123
extreme,1004,0.82,Diffusion-RB,40,17.993777488952276,92.30825108229278,14.96,15.47601315752566,38.042103146108275,1.2567336647038354
extreme,1004,0.82,Diffusion-RB,50,12.883979576868134,93.33333333333331,14.96,15.4719132411503,40.538661580162234,1.3396720644828197
extreme,1004,0.82,GAN-JCSO,30,27.915371442239366,90.25765769986526,14.96,15.473019081822061,35.549366139524786,1.178619718784255
extreme,1004,0.82,GAN-JCSO,40,19.737093858820273,91.64744660098079,14.96,15.465727237878768,38.25836497548142,1.2688580456341738
extreme,1004,0.82,GAN-JCSO,50,14.435841139536933,93.33333333333331,14.96,15.461515202958998,40.84971593332803,1.3551636792544974
extreme,1004,0.82,GAN-RB,30,26.221558899388228,90.6545505760979,14.96,15.487479157358353,36.148711661832564,1.1946102482124874
extreme,1004,0.82,GAN-RB,40,18.166270719093102,92.58345516335598,14.96,15.478068942997407,38.920932894216,1.2866438897724652
extreme,1004,0.82,GAN-RB,50,12.236626449825762,93.59434137670152,14.96,15.470953136263587,41.496643045565335,1.3722701892821674
extreme,1004,0.82,QuantileMLP-JCSO,30,21.858851941938283,91.08500898709609,14.96,15.472855040863356,35.39353003476186,1.173945697659408
extreme,1004,0.82,QuantileMLP-JCSO,40,14.302855553139372,92.88640246967272,14.96,15.466190469438839,38.04955085816897,1.2624863582103383
extreme,1004,0.82,QuantileMLP-JCSO,50,12.023140045176298,93.33333333333331,14.96,15.462013065837041,40.62677139297687,1.3484046338569855
extreme,1004,0.82,QuantileMLP-RB,30,20.463005409474295,91.60299864763141,14.96,15.490945383633983,35.5325922759981,1.1779295766937294
extreme,1004,0.82,QuantileMLP-RB,40,14.862236075860162,92.78753770344856,14.96,15.481517390452382,38.16467724188137,1.2656251003207042
extreme,1004,0.82,QuantileMLP-RB,50,12.590837120336458,93.1641654043323,14.96,15.47371155711501,40.75086144424943,1.3518120342334223
extreme,1004,1.0,Diffusion-JCSO,30,35.265142430010236,86.54429323743118,14.96,18.981960365211883,29.572102777444766,1.1909655761246392
extreme,1004,1.0,Diffusion-JCSO,40,17.941558142498813,93.53727405328453,14.96,18.947689223297093,31.794870546011186,1.2809982171741214
extreme,1004,1.0,Diffusion-JCSO,50,12.169151170970228,94.42617829361134,14.96,18.923361630814867,33.969203555886004,1.3690695490205502
extreme,1004,1.0,Diffusion-RB,30,25.74263222450081,91.59003195071934,14.96,19.455842128064702,29.579367518808397,1.1901679872817208
extreme,1004,1.0,Diffusion-RB,40,15.407693080491589,93.70627076861014,14.96,19.010594722119865,31.80735510587413,1.2802644876940064
extreme,1004,1.0,Diffusion-RB,50,11.140216533660169,94.58333333333331,14.96,18.980101925460747,33.94952943044212,1.3669213836183791
extreme,1004,1.0,GAN-JCSO,30,46.787629177672805,78.68654531116778,14.96,19.16684487910011,29.74749866692576,1.2015262090485355
extreme,1004,1.0,GAN-JCSO,40,20.680674717565495,91.3178482736746,14.96,18.921429758852852,31.979086875332186,1.2921754810882904
extreme,1004,1.0,GAN-JCSO,50,12.574476037306825,94.58333333333331,14.96,18.898992238031667,34.1650818061239,1.3809700925664408
extreme,1004,1.0,GAN-RB,30,24.036257226102137,91.9661793512052,14.96,19.041842074508306,30.17571167048666,1.2150883687838505
extreme,1004,1.0,GAN-RB,40,15.88960181203327,93.96480933964448,14.96,19.005782560768736,32.48211751161949,1.3083833986452695
extreme,1004,1.0,GAN-RB,50,10.208339651374848,94.86110900509726,14.96,18.977626347479596,34.71531678013973,1.3987360084466605
extreme,1004,1.0,QuantileMLP-JCSO,30,46.02298302863697,79.05706939461624,14.96,19.14284290581228,29.630895073803398,1.1972611134963984
extreme,1004,1.0,QuantileMLP-JCSO,40,26.200941984088914,87.28292962586664,14.96,18.930929803805206,31.843988504852206,1.2872072965184267
extreme,1004,1.0,QuantileMLP-JCSO,50,12.042947890284548,93.66602605485771,14.96,18.906688810767633,33.977933221306344,1.3739886250715077
extreme,1004,1.0,QuantileMLP-RB,30,24.14179145960775,90.34355821658006,14.96,18.720123749250558,29.680785187691637,1.1987878624344133
extreme,1004,1.0,QuantileMLP-RB,40,13.31620683384514,93.92272853162419,14.96,18.676989305437132,31.90822804930181,1.289238692806437
extreme,1004,1.0,QuantileMLP-RB,50,10.873190245430166,94.43115880707883,14.96,18.65180115256126,34.08043154840302,1.3774458825613656
extreme,1005,0.82,Diffusion-JCSO,30,65.41089440309318,73.15898283052248,14.96,27.79267382589579,33.51499913259607,1.003414680073419
extreme,1005,0.82,Diffusion-JCSO,40,43.09945285802651,83.30511093985373,14.96,27.534532073537225,35.916900291232395,1.0761537563496049
extreme,1005,0.82,Diffusion-JCSO,50,30.9481649745867,86.53300761422028,14.96,27.490170219207524,38.13586916377416,1.1433101522425664
extreme,1005,0.82,Diffusion-RB,30,82.2840909348031,63.87700533246876,14.96,29.51161050218968,31.32044488995813,0.936407642796774
extreme,1005,0.82,Diffusion-RB,40,56.629199636645374,77.63856569688791,14.96,28.40009029520499,33.60119759955696,1.005469614199248
extreme,1005,0.82,Diffusion-RB,50,41.97123727281347,82.23862668994353,14.96,28.017734395027386,35.49299441679532,1.0627660728044928
extreme,1005,0.82,GAN-JCSO,30,32.02360609988474,86.07148281780852,14.96,27.480143957333876,37.462551477812916,1.1236520324171602
extreme,1005,0.82,GAN-JCSO,40,23.42139895166424,87.73608742141082,14.96,27.452275250862538,39.95446858467245,1.1992885140208647
extreme,1005,0.82,GAN-JCSO,50,20.375573192525817,88.44777336853521,14.96,27.429960041284563,42.35578621136813,1.2721962835149425
extreme,1005,0.82,GAN-RB,30,29.96911705261791,85.16159197523862,14.96,27.72993381066876,38.40662732973108,1.152108154321225
extreme,1005,0.82,GAN-RB,40,26.662404422445356,86.56463112211067,14.96,27.560808611127445,41.000898672638215,1.2307385259471841
extreme,1005,0.82,GAN-RB,50,22.155099186420674,88.42212160290985,14.96,27.504547614762693,43.509909639957904,1.3068287520824322
extreme,1005,0.82,QuantileMLP-JCSO,30,29.585043989588176,86.85391006822844,14.96,27.489807186019718,37.51167823732372,1.1245912903251147
extreme,1005,0.82,QuantileMLP-JCSO,40,24.02468561356901,87.84207938606201,14.96,27.461894755231384,40.03546838469684,1.2012026160185794
extreme,1005,0.82,QuantileMLP-JCSO,50,19.898110932250596,88.62809262240268,14.96,27.438876639856208,42.475247951526114,1.2752666182517127
extreme,1005,0.82,QuantileMLP-RB,30,31.605676188456258,87.01147346996488,14.96,27.571677430107925,36.74943018771755,1.100644777648374
extreme,1005,0.82,QuantileMLP-RB,40,22.89688748333348,88.40224583596488,14.96,27.509077712137547,38.99758373275019,1.1687475461911392
extreme,1005,0.82,QuantileMLP-RB,50,18.44654709409072,88.95833333333333,14.96,27.504023637685222,41.20249310754476,1.2355516937327042
extreme,1005,1.0,Diffusion-JCSO,30,81.00290017832222,55.483349036518526,14.96,28.943169406524838,28.555379100835427,1.040937802674712
extreme,1005,1.0,Diffusion-JCSO,40,59.1278402619834,71.84493913470492,14.96,25.738410699703778,30.672988879066043,1.1189094459041493
extreme,1005,1.0,Diffusion-JCSO,50,37.0208996597821,82.87230519304455,14.96,23.569393649191195,32.62898893163423,1.190977233207033
extreme,1005,1.0,Diffusion-RB,30,90.0191932337395,54.37078109759165,14.96,29.862216708826665,26.76053616051838,0.9743152821905329
extreme,1005,1.0,Diffusion-RB,40,60.971092151109985,74.63764946213198,14.96,25.39540279307925,28.780701053923504,1.0486548824759905
extreme,1005,1.0,Diffusion-RB,50,38.42288513944112,83.58442801646785,14.96,24.648867142872806,30.6550952337765,1.1176416071322277
extreme,1005,1.0,GAN-JCSO,30,41.70296135459256,80.40111180041272,14.96,23.269142719952292,31.92798370446491,1.1656943601016285
extreme,1005,1.0,GAN-JCSO,40,25.89990961196942,86.63337852734863,14.96,23.23122889287241,34.077864805856116,1.2450529310050553
extreme,1005,1.0,GAN-JCSO,50,18.56046811049192,90.1515496390437,14.96,23.209535757370695,36.1212598682157,1.3205764048102597
extreme,1005,1.0,GAN-RB,30,32.12404528444001,84.25978965679259,14.96,23.699466828713994,32.52389858055075,1.188174921733132
extreme,1005,1.0,GAN-RB,40,24.224232469355517,88.5603070122578,14.96,23.3907381160446,34.86873958037707,1.2744863503244914
extreme,1005,1.0,GAN-RB,50,19.702170205185134,90.11535372435185,14.96,23.28698286959683,37.06067370170495,1.3552504830700274
extreme,1005,1.0,QuantileMLP-JCSO,30,46.34544702317745,76.29023381513842,14.96,24.940671919160355,31.977550777611775,1.1667762738064933
extreme,1005,1.0,QuantileMLP-JCSO,40,27.846862975132343,86.0418283278571,14.96,23.239835092105277,34.09215902809958,1.244859747427792
extreme,1005,1.0,QuantileMLP-JCSO,50,18.860071374203336,89.84894106379554,14.96,23.217111104760363,36.13950809253957,1.3205728154622545
extreme,1005,1.0,QuantileMLP-RB,30,30.90486171356015,87.54560165103551,14.96,24.588873490007984,31.807329414670104,1.1598147574794704
extreme,1005,1.0,QuantileMLP-RB,40,21.904227198133736,89.48170480908377,14.96,23.31367813428505,33.78774967119872,1.232798884738367
extreme,1005,1.0,QuantileMLP-RB,50,15.69416472568231,90.97226218204538,14.96,23.27718455452481,35.51799963512141,1.296705301617988
extreme,1006,0.82,Diffusion-JCSO,30,,,,,,
extreme,1006,0.82,Diffusion-JCSO,40,,,,,,
extreme,1006,0.82,Diffusion-JCSO,50,,,,,,
extreme,1006,0.82,Diffusion-RB,30,,,,,,
extreme,1006,0.82,Diffusion-RB,40,,,,,,
extreme,1006,0.82,Diffusion-RB,50,,,,,,
extreme,1006,0.82,GAN-JCSO,30,42.916011320843346,80.9301765498494,14.96,43.854726187469375,38.21623875970518,1.054060684256621
extreme,1006,0.82,GAN-JCSO,40,32.450005471908824,83.1225294455545,14.96,43.79627751050867,40.73668031347581,1.1244913282780147
extreme,1006,0.82,GAN-JCSO,50,27.57407644702015,84.50027163322936,14.96,43.789047813625615,43.11880544871133,1.1910339984511005
extreme,1006,0.82,GAN-RB,30,48.71655449144181,73.25008855938803,14.96,44.02676758733826,38.88117479691586,1.0678143542807945
extreme,1006,0.82,GAN-RB,40,43.084192604465336,77.749140728868,14.96,43.8391777081777,41.72519284251505,1.1469159430248763
extreme,1006,0.82,GAN-RB,50,40.73712722053307,79.47651314871119,14.96,43.820501918234136,44.23139490227911,1.2167006929297173
extreme,1006,0.82,QuantileMLP-JCSO,30,34.38164284309514,83.22520490790765,14.96,43.82040111644556,38.233672435828865,1.0537800698013853
extreme,1006,0.82,QuantileMLP-JCSO,40,27.866081229879295,84.02508363382677,14.96,43.80045478439652,40.71327442958794,1.123029954274653
extreme,1006,0.82,QuantileMLP-JCSO,50,25.895671239768003,84.55839817075947,14.96,43.789737833031296,43.05639812436137,1.1884243442733946
extreme,1006,0.82,QuantileMLP-RB,30,40.86673646653664,81.02379290479286,14.96,43.81956547178701,37.92089116355845,1.0455588837363063
extreme,1006,0.82,QuantileMLP-RB,40,35.56898036106344,82.81464707578358,14.96,43.8020550916707,40.405456407484934,1.1148660413346236
extreme,1006,0.82,QuantileMLP-RB,50,28.704135429523483,84.69208645704765,14.96,43.79637996965514,42.71470704020964,1.1792825665478324
extreme,1006,1.0,Diffusion-JCSO,30,,,,,,
extreme,1006,1.0,Diffusion-JCSO,40,,,,,,
extreme,1006,1.0,Diffusion-JCSO,50,,,,,,
extreme,1006,1.0,Diffusion-RB,30,,,,,,
extreme,1006,1.0,Diffusion-RB,40,,,,,,
extreme,1006,1.0,Diffusion-RB,50,,,,,,
extreme,1006,1.0,GAN-JCSO,30,48.132285169136864,77.58436187119933,14.96,33.94555168374008,32.660919710523416,1.0962489029321285
extreme,1006,1.0,GAN-JCSO,40,25.835414126133244,87.12582638245537,14.96,33.906854227842366,34.815232950775574,1.1695367209878171
extreme,1006,1.0,GAN-JCSO,50,21.069707730414866,88.54166666666666,14.96,33.88653081175286,36.915898482400394,1.2410431883564943
extreme,1006,1.0,GAN-RB,30,46.847010326223625,75.57960548540338,14.96,36.66144759862844,33.234093332628625,1.1110692692262145
extreme,1006,1.0,GAN-RB,40,39.400156112942724,80.6557739661607,14.96,34.16272653923088,35.71772158145157,1.1949812799815884
extreme,1006,1.0,GAN-RB,50,35.60744655701637,83.10164904934264,14.96,34.0230855992712,37.93069740221954,1.2699042253280084
extreme,1006,1.0,QuantileMLP-JCSO,30,57.05380228389525,71.87867674091873,14.96,34.514006952828026,32.75682960221457,1.0986611890029367
extreme,1006,1.0,QuantileMLP-JCSO,40,34.19550006789403,81.4743650470346,14.96,33.9842299107882,34.839107851200225,1.1694804234648637
extreme,1006,1.0,QuantileMLP-JCSO,50,20.58109524886547,88.0427857089006,14.96,33.89840535400053,36.886572675535,1.2391262210286822
extreme,1006,1.0,QuantileMLP-RB,30,37.747938777273376,83.40082448909064,14.96,34.01287868579846,32.31354055616315,1.0843461684251936
extreme,1006,1.0,QuantileMLP-RB,40,29.423748330232968,87.05674333502444,14.96,33.980343222122094,34.456654746046425,1.1572497857490127
extreme,1006,1.0,QuantileMLP-RB,50,21.953767338761867,88.649146289147,14.96,33.95500881059428,36.52176353592328,1.2275096647357193
extreme,1007,0.82,Diffusion-JCSO,30,54.39355875972326,78.14356695201239,14.96,29.277879495638437,33.81763310229575,1.0049962809441106
extreme,1007,0.82,Diffusion-JCSO,40,38.91448734733769,84.72355270001124,14.96,29.27208237438134,36.15892673933551,1.0752144458501085
extreme,1007,0.82,Diffusion-JCSO,50,29.339911326286526,86.87205521965163,14.96,29.306181613967432,38.39695734321919,1.1423267254039562
extreme,1007,0.82,Diffusion-RB,30,54.71132760101904,79.76645484888711,14.96,31.398330782055314,32.72969903118365,0.9721447381409369
extreme,1007,0.82,Diffusion-RB,40,40.34717456932224,84.9704944503686,14.96,31.07499469707599,34.9362856077668,1.0383558228438503
extreme,1007,0.82,Diffusion-RB,50,31.078579642693555,86.52742725716904,14.96,30.939213507931733,36.94331221134697,1.0985672744198496
extreme,1007,0.82,GAN-JCSO,30,35.00682602410301,85.2464563377823,14.96,38.93366587741555,37.4969442170991,1.1152521933232387
extreme,1007,0.82,GAN-JCSO,40,26.620872863490558,86.81318785608491,14.96,38.90949266816618,40.07473452033763,1.1925606866025493
extreme,1007,0.82,GAN-JCSO,50,22.673048554289977,87.62303634226976,14.96,38.89134069117668,42.55476409369641,1.2669611999409354
extreme,1007,0.82,GAN-RB,30,33.4144528171269,83.60686564225689,14.96,38.97537716474839,37.93142094266355,1.1260159813739923
extreme,1007,0.82,GAN-RB,40,27.862217206810932,85.84966817129005,14.96,38.94885664844468,40.47575979232948,1.202172980545831
extreme,1007,0.82,GAN-RB,50,24.703452066023697,87.09389154619501,14.96,38.927865285686664,42.86886570056034,1.2739024551663574
extreme,1007,0.82,QuantileMLP-JCSO,30,32.430183643280586,85.88548640021821,14.96,38.93522394616218,37.284319491300494,1.1091407403531433
extreme,1007,0.82,QuantileMLP-JCSO,40,25.02230186415335,87.287206293836,14.96,38.91320983390032,39.82517792335129,1.1854263325690644
extreme,1007,0.82,QuantileMLP-JCSO,50,21.03793165579691,88.08408033550728,14.96,38.89492616369065,42.2782722630144,1.2590743161289357
extreme,1007,0.82,QuantileMLP-RB,30,29.51444421315428,86.91914143516779,14.96,23.40655255825176,37.486487684622254,1.1137093839164782
extreme,1007,0.82,QuantileMLP-RB,40,25.326493189742568,87.55970136205148,14.96,24.678576716566678,39.8754050495959,1.1853860970452186
extreme,1007,0.82,QuantileMLP-RB,50,21.602093133316522,88.125,14.96,38.287366008864765,42.26519190304335,1.2570302202921066
extreme,1007,1.0,Diffusion-JCSO,30,82.34031080253375,49.95135586413291,14.96,29.297767252871626,29.158581663697227,1.0551826546182306
extreme,1007,1.0,Diffusion-JCSO,40,60.381048118480265,69.37437982249966,14.96,26.526526693202758,31.001960995149158,1.1225392426140566
extreme,1007,1.0,Diffusion-JCSO,50,32.471911332581676,84.64854506556871,14.96,24.325110808632477,32.794368102661934,1.1880578530991261
extreme,1007,1.0,Diffusion-RB,30,75.5160647875792,64.30551548413365,14.96,25.31171366074552,27.980094631559453,1.0120274703394931
extreme,1007,1.0,Diffusion-RB,40,41.64686427962849,83.6118357878114,14.96,24.425250716557038,29.833909260921022,1.0798184268511735
extreme,1007,1.0,Diffusion-RB,50,29.116373873599862,88.07817317325436,14.96,29.96236671871618,31.672003146028803,1.1468813402466989
extreme,1007,1.0,GAN-JCSO,30,29.672863403684048,89.0089627794832,14.96,24.33879489614621,31.73435514485437,1.149362402038236
extreme,1007,1.0,GAN-JCSO,40,21.855041967663293,90.45471522761166,14.96,24.31091426946399,33.96972478050085,1.2310019302755
extreme,1007,1.0,GAN-JCSO,50,18.052114854163833,91.30447748077009,14.96,24.28903931891321,36.12727243226512,1.3098091884274263
extreme,1007,1.0,GAN-RB,30,27.498114253757088,87.8132071548411,14.96,24.385788685351837,32.17410992588843,1.163064903975092
extreme,1007,1.0,GAN-RB,40,22.792507246472706,89.70801811590607,14.96,24.36119317205088,34.413923231108086,1.2446661602950357
extreme,1007,1.0,GAN-RB,50,19.268686766494938,91.08419196006868,14.96,24.33458745730131,36.56288425723814,1.3230330001408441
extreme,1007,1.0,QuantileMLP-JCSO,30,39.0720027228542,82.18306539600137,14.96,24.34804465595418,31.665245092847602,1.1469098240965245
extreme,1007,1.0,QuantileMLP-JCSO,40,22.114908574407547,89.82160538664861,14.96,24.319149403659882,33.80467719359204,1.2251637078344346
extreme,1007,1.0,QuantileMLP-JCSO,50,16.51247799486017,91.69750440102796,14.96,24.296572228029355,35.916111046637226,1.3023794318168436
extreme,1007,1.0,QuantileMLP-RB,30,25.05457490257098,89.95618196068261,14.96,23.353117871212824,31.852694252543838,1.1522885937227842
extreme,1007,1.0,QuantileMLP-RB,40,20.739300778364267,90.80884030939811,14.96,23.30962256100294,34.07656900422827,1.233447138010757
extreme,1007,1.0,QuantileMLP-RB,50,17.118089369317943,91.66666666666666,14.96,23.28711373130203,36.181641096597296,1.3103186731402847
extreme,1008,0.82,Diffusion-JCSO,30,23.252694115847877,89.66589691928156,14.96,15.156176079110695,35.8885842782294,1.1615604367781391
extreme,1008,0.82,Diffusion-JCSO,40,18.378053272848657,91.00232191772288,14.96,15.150446406162263,38.42829833234832,1.244493530514748
extreme,1008,0.82,Diffusion-JCSO,50,15.89479283388967,91.5471351248609,14.96,15.145712569177768,40.85809699222884,1.323910847991418
extreme,1008,0.82,Diffusion-RB,30,21.382535158803663,90.0233225152399,14.96,15.158223880893072,35.76182473146608,1.158018614942745
extreme,1008,0.82,Diffusion-RB,40,17.711153457262146,90.96318915117557,14.96,15.1524446753948,38.19309707880386,1.237368490860245
extreme,1008,0.82,Diffusion-RB,50,15.294437266303795,91.74012505193248,14.96,15.147569024317976,40.641889140350145,1.3174492380110179
extreme,1008,0.82,GAN-JCSO,30,23.505713728470667,90.01676881362462,14.96,15.156316451214842,35.87885852550192,1.1626747679595333
extreme,1008,0.82,GAN-JCSO,40,18.204834862028374,91.10903302759434,14.96,15.150531924622436,38.39487847198327,1.2448961847473725
extreme,1008,0.82,GAN-JCSO,50,16.138497874787586,91.45833333333331,14.96,15.145808229318082,40.823890438528004,1.324417971558622
extreme,1008,0.82,GAN-RB,30,18.61087851373064,90.7986837977925,14.96,15.161714800533973,36.52097110746318,1.1829093843357874
extreme,1008,0.82,GAN-RB,40,15.26557330361101,91.66666666666666,14.96,15.155675262119258,39.07105875992434,1.2662119062571033
extreme,1008,0.82,GAN-RB,50,14.55171671339383,91.875,14.96,15.150608258513369,41.56229275966047,1.3476568428599585
extreme,1008,0.82,QuantileMLP-JCSO,30,22.26767778160469,90.09150701693962,14.96,15.156371705299325,35.87742798719478,1.1630485405508655
extreme,1008,0.82,QuantileMLP-JCSO,40,17.828064796162096,91.01173380095948,14.96,15.150591194983818,38.38902005498421,1.2451566417338835
extreme,1008,0.82,QuantileMLP-JCSO,50,15.75513057617127,91.43664490397144,14.96,15.1458377881336,40.7823649677048,1.3234620221526936
extreme,1008,0.82,QuantileMLP-RB,30,20.428356170946483,90.3403867833067,14.96,15.161974305477457,35.633415901855344,1.1543732538629976
extreme,1008,0.82,QuantileMLP-RB,40,17.933432313263374,90.83333333333331,14.96,15.155791899173728,38.0908775681526,1.2346868992794793
extreme,1008,0.82,QuantileMLP-RB,50,15.37819346446889,91.55311521936157,14.96,15.150752766943125,40.48802147344772,1.3131455942618862
extreme,1008,1.0,Diffusion-JCSO,30,50.419753004049284,73.50920214604852,14.96,15.869999380491494,30.434179779198466,1.1994250611408983
extreme,1008,1.0,Diffusion-JCSO,40,27.393037192624337,86.23538779273935,14.96,15.611895062927472,32.546827359584604,1.2833790660525648
extreme,1008,1.0,Diffusion-JCSO,50,12.388589798832754,93.80570510058361,14.451861290591614,15.596560128277218,34.620656692628124,1.365835849755735
extreme,1008,1.0,Diffusion-RB,30,37.57809928291804,82.32317087616215,14.96,15.61615527834769,30.413240435646696,1.1992960816226743
extreme,1008,1.0,Diffusion-RB,40,14.448614388481285,92.8553557382699,14.96,15.607709342830578,32.44548703612655,1.2800985921835695
extreme,1008,1.0,Diffusion-RB,50,10.237871309908623,94.761954523724,14.17693483625683,15.603148084374002,34.455996808359814,1.3600034667572785
extreme,1008,1.0,GAN-JCSO,30,43.77330701805052,78.2557406556794,14.96,15.73344227238352,30.486725332300153,1.2031003095403614
extreme,1008,1.0,GAN-JCSO,40,21.52353439974283,89.69553511736554,14.96,15.613538248804073,32.57250160945083,1.2860559252514971
extreme,1008,1.0,GAN-JCSO,50,11.88731542203594,94.12130537338922,14.476642172342142,15.596500540318797,34.62853204727423,1.3678499223307532
extreme,1008,1.0,GAN-RB,30,47.79029876696848,75.89522781481816,14.96,15.624342197754366,30.886759408006345,1.2182787845770022
extreme,1008,1.0,GAN-RB,40,16.467697859850723,91.17154404630877,14.96,15.610732059192609,33.010948086765445,1.302771679051932
extreme,1008,1.0,GAN-RB,50,9.919092466302224,94.79166666666666,14.181919208303341,15.603830515696057,35.139059583330024,1.3874051844488275
extreme,1008,1.0,QuantileMLP-JCSO,30,43.7973398947878,77.28818310553964,14.96,15.722879755925288,30.462825128024754,1.2025908379117107
extreme,1008,1.0,QuantileMLP-JCSO,40,22.32310911330262,89.10406687952211,14.96,15.608260235984813,32.54352954841893,1.2853862829617428
extreme,1008,1.0,QuantileMLP-JCSO,50,10.954685751215383,94.39674522886281,14.150619198870066,15.596482191586864,34.59808043109838,1.3671573472115728
extreme,1008,1.0,QuantileMLP-RB,30,19.022332046218732,91.62753134090664,14.96,15.612718842028054,30.273416446669323,1.194535857055772
extreme,1008,1.0,QuantileMLP-RB,40,12.98529389811289,93.86601314507348,14.816961716727825,15.60705785893592,32.37629096247106,1.278083175907958
extreme,1008,1.0,QuantileMLP-RB,50,10.442300617982792,94.52014753076435,14.179622839037508,15.602595509480677,34.37257470439759,1.357430144207128
extreme,1009,0.82,Diffusion-JCSO,30,37.125439055310174,85.32836250112781,14.96,35.162630307291,36.33830688068966,1.0747421777815958
extreme,1009,0.82,Diffusion-JCSO,40,26.101856473592395,86.92738730610627,14.96,35.13216002177106,38.87954378401048,1.1506855965857898
extreme,1009,0.82,Diffusion-JCSO,50,20.893506136408266,87.61697695959,14.96,35.11119214648039,41.22233748104215,1.220720982937492
extreme,1009,0.82,Diffusion-RB,30,41.19620338205482,84.0759491544863,14.96,33.37109539356157,35.161084513068175,1.0389247426945876
extreme,1009,0.82,Diffusion-RB,40,28.95470699210732,86.66133594421018,14.96,33.303389566966146,37.39297615614939,1.1057145938651105
extreme,1009,0.82,Diffusion-RB,50,23.83622630335794,87.54144413051092,14.96,33.27000238125632,39.584077985766285,1.1712474631828473
extreme,1009,0.82,GAN-JCSO,30,36.21169387500095,84.91905904833307,14.96,35.17354811979555,36.70811359350145,1.0862822372349563
extreme,1009,0.82,GAN-JCSO,40,22.687532214783378,87.29426680648541,14.96,35.12861850259728,39.27732015752686,1.1631393875415814
extreme,1009,0.82,GAN-JCSO,50,20.943457275840313,87.5,14.96,35.10834080837927,41.663509465329284,1.2345784391115295
extreme,1009,0.82,GAN-RB,30,29.676713007574477,86.42589926101955,14.96,35.23198288573854,37.05172332249033,1.0958364189762972
extreme,1009,0.82,GAN-RB,40,22.55345452206741,87.5,14.96,35.18577182548536,39.604807521770866,1.1721474368356937
extreme,1009,0.82,GAN-RB,50,20.616263336328124,87.70833333333333,14.96,35.14947140235926,42.00959767658034,1.2440803700823688
extreme,1009,0.82,QuantileMLP-JCSO,30,31.178886391291712,86.31476028120646,14.96,35.15858640162231,36.866329200792734,1.0913856687402168
extreme,1009,0.82,QuantileMLP-JCSO,40,22.648894179335677,87.5,14.96,35.13033424953992,39.393337550967765,1.1670341666633777
extreme,1009,0.82,QuantileMLP-JCSO,50,20.77689756250584,87.5,14.96,35.110079601036375,41.731092757010835,1.2370600188919676
extreme,1009,0.82,QuantileMLP-RB,30,29.993874727203416,86.19598139554341,14.96,33.3613226826672,36.82129173863261,1.0895163370823049
extreme,1009,0.82,QuantileMLP-RB,40,23.3673245915174,87.4674922529763,14.96,33.31484302732727,39.17853261415538,1.1600498343838712
extreme,1009,0.82,QuantileMLP-RB,50,20.108915599544236,87.91666666666667,14.96,33.29197467699354,41.46494489499597,1.2284916302649793
extreme,1009,1.0,Diffusion-JCSO,30,61.72612046325002,69.02033383767515,14.96,27.865371552986492,30.87233984020652,1.1116374198770453
extreme,1009,1.0,Diffusion-JCSO,40,29.747265742153505,86.30120038115894,14.96,27.723972248711576,32.93876132325147,1.1868761257987979
extreme,1009,1.0,Diffusion-JCSO,50,18.514128165394602,90.27441392887432,14.96,27.696892039156342,35.00662257791476,1.2621424678703845
extreme,1009,1.0,Diffusion-RB,30,45.08527566042457,79.88285188014976,14.96,29.91504149616019,30.10136678175167,1.0826952694083818
extreme,1009,1.0,Diffusion-RB,40,33.6642384304812,84.93156732063282,14.96,28.72179053150756,32.05252937142931,1.1537011114993674
extreme,1009,1.0,Diffusion-RB,50,22.671155367352778,89.60212518582047,14.96,27.794232821263748,33.869419774613064,1.219937264288309
extreme,1009,1.0,GAN-JCSO,30,63.43209052811953,67.42127456946626,14.96,30.40629636659288,31.24719808307744,1.1255868328689638
extreme,1009,1.0,GAN-JCSO,40,37.95833842761895,81.03034171112841,14.96,27.874559267366713,33.31669289518549,1.2010500011618854
extreme,1009,1.0,GAN-JCSO,50,23.22584729894468,87.53968935209078,14.96,27.7033035053905,35.36117701030627,1.2755950029699963
extreme,1009,1.0,GAN-RB,30,42.273032818556295,81.36514019827068,14.96,28.510608715427722,31.363001767972865,1.1293727842732229
extreme,1009,1.0,GAN-RB,40,23.317672953611705,88.72983097572894,14.96,27.762289033790218,33.52758223842919,1.2081098618901205
extreme,1009,1.0,GAN-RB,50,18.28046222979972,90.41666666666669,14.96,27.7336321098283,35.62833046645061,1.284564140493705
extreme,1009,1.0,QuantileMLP-JCSO,30,56.939408355411736,71.72813909067573,14.96,28.17633687826558,31.308953017715186,1.1283707119967599
extreme,1009,1.0,QuantileMLP-JCSO,40,34.20872756485923,83.16260957232672,14.96,27.69974907591477,33.401138472271555,1.2046281121723506
extreme,1009,1.0,QuantileMLP-JCSO,50,19.761846064922498,89.38991030087207,14.96,27.696026572622532,35.461127263587414,1.2797012870338353
extreme,1009,1.0,QuantileMLP-RB,30,30.089434324017937,87.53603000282284,14.96,27.771357802399233,31.39679015718172,1.131161732170318
extreme,1009,1.0,QuantileMLP-RB,40,21.269872094574332,90.0418802752798,14.96,27.756626610247153,33.43728265348083,1.205461973144785
extreme,1009,1.0,QuantileMLP-RB,50,17.902188621203464,90.41666666666669,14.96,27.726978114837078,35.452371477670994,1.2787884657523025
extreme,1010,0.82,Diffusion-JCSO,30,37.16129853808187,83.59877410101629,14.96,25.94987167706503,37.283970371658924,1.0935665467588267
extreme,1010,0.82,Diffusion-JCSO,40,28.161219782242107,85.42486255005196,14.96,25.921878095550344,39.678359760586275,1.1649486234662214
extreme,1010,0.82,Diffusion-JCSO,50,23.60488263896439,85.70354459874865,14.96,25.899301009298735,41.991931660706896,1.2339420434357717
extreme,1010,0.82,Diffusion-RB,30,33.47808810009938,83.89736603109786,14.96,26.00761860509155,37.15110735545404,1.0900842507114499
extreme,1010,0.82,Diffusion-RB,40,27.378515855434717,85.15996088812113,14.96,25.97120913562139,39.497560667562055,1.1600373563395514
extreme,1010,0.82,Diffusion-RB,50,24.07041233007938,85.950120286644,14.96,25.94229692008462,41.7931119773879,1.2284641814828734
extreme,1010,0.82,GAN-JCSO,30,40.980382376920744,82.09845952509622,14.96,25.93665413869324,37.1000887475146,1.088810248499092
extreme,1010,0.82,GAN-JCSO,40,30.250012301842563,84.54842142853003,14.96,25.90966837178718,39.47267914152967,1.1596211930438143
extreme,1010,0.82,GAN-JCSO,50,24.36618183127582,85.21274241769542,14.96,25.887535460250284,41.765167098867366,1.2280494528913923
extreme,1010,0.82,GAN-RB,30,34.12458882319191,83.56506578828929,14.96,25.992448677269834,37.43065166489102,1.0974906322117477
extreme,1010,0.82,GAN-RB,40,26.810475680156337,85.0454762755295,14.96,25.95924711650664,39.828636090659515,1.1689358960815022
extreme,1010,0.82,GAN-RB,50,24.32270978046735,85.41666666666666,14.96,25.934298237923702,42.15982188923814,1.2384063543502908
extreme,1010,0.82,QuantileMLP-JCSO,30,36.57563881299427,83.74708026377904,14.96,25.947735294485938,37.303977454728475,1.094284094162155
extreme,1010,0.82,QuantileMLP-JCSO,40,28.346590761730084,85.04034092382699,14.96,25.920059671697974,39.692630371318565,1.1655125792919323
extreme,1010,0.82,QuantileMLP-JCSO,50,24.428716308441413,85.41666666666666,14.96,25.897640298428033,42.00445681064699,1.2344629525808983
extreme,1010,0.82,QuantileMLP-RB,30,29.279852421973153,84.375,14.96,25.970368516449717,37.79901071155519,1.109715780965612
extreme,1010,0.82,QuantileMLP-RB,40,26.399574454588507,85.05723404544533,14.96,25.939535250961026,40.21261048499121,1.1816893388440877
extreme,1010,0.82,QuantileMLP-RB,50,23.500529821985445,85.625,14.96,25.916092934053133,42.57948531197763,1.2522835377952588
extreme,1010,1.0,Diffusion-JCSO,30,31.809184917250203,86.55537116017918,14.96,19.626947601748792,32.205885618925215,1.1489443483691322
extreme,1010,1.0,Diffusion-JCSO,40,20.375151430320916,90.06457576181728,14.96,19.60085463242243,34.192682021108546,1.221080452810796
extreme,1010,1.0,Diffusion-JCSO,50,16.604264491088298,90.40738566864704,14.96,19.579524438257714,36.147118245444545,1.292066393877736
extreme,1010,1.0,Diffusion-RB,30,24.223760588319664,89.15765183693199,14.96,19.751251711616547,32.21999032030478,1.1499557063562058
extreme,1010,1.0,Diffusion-RB,40,19.06645777622125,90.12274626276775,14.96,19.657965039527866,34.12690327708606,1.2191770320855362
extreme,1010,1.0,Diffusion-RB,50,16.680491250808984,90.65278696417015,14.96,19.621179972396785,35.96056854620861,1.2858700640351957
extreme,1010,1.0,GAN-JCSO,30,53.3154328705654,71.97270742245223,14.96,22.64188730783647,32.17638294174883,1.1484321139089664
extreme,1010,1.0,GAN-JCSO,40,32.13642166358283,83.48739195045925,14.96,19.62073448578838,34.11441298064357,1.2189096624450981
extreme,1010,1.0,GAN-JCSO,50,19.34171724894411,89.0083060967224,14.96,19.597001437851237,36.00123465773013,1.2875922401486577
extreme,1010,1.0,GAN-RB,30,26.305952739344647,87.61816565209458,14.96,19.71451020311298,32.305247094126564,1.15231936600108
extreme,1010,1.0,GAN-RB,40,18.97760912651647,89.76922258305761,14.96,19.664154049039812,34.342481242903226,1.2260867400243265
extreme,1010,1.0,GAN-RB,50,17.708333333333336,90.0,14.96,19.636150187944004,36.27205767697599,1.296104698063765
extreme,1010,1.0,QuantileMLP-JCSO,30,37.77274448279101,82.96731658356201,14.96,19.625801888572006,32.253115992831496,1.1507258777756417
extreme,1010,1.0,QuantileMLP-JCSO,40,20.616916147892134,89.73769303706399,14.96,19.598868089501867,34.215891655561954,1.2220416793786277
extreme,1010,1.0,QuantileMLP-JCSO,50,17.78887866783704,90.0,14.96,19.577740096681428,36.169845633064625,1.2930251977658704
extreme,1010,1.0,QuantileMLP-RB,30,37.04172401769003,80.57496845693716,14.96,20.36590808915947,32.609220293752074,1.164480991093494
extreme,1010,1.0,QuantileMLP-RB,40,19.549921225667052,89.49520031470162,14.96,19.637169829825734,34.59553391434091,1.2366782084869665
extreme,1010,1.0,QuantileMLP-RB,50,16.88997204348669,90.20833333333331,14.96,19.602375827010768,36.58306465076673,1.3088964297620738
extreme,1011,0.82,Diffusion-JCSO,30,29.000403104273225,88.42828496082055,14.96,19.12639186400402,36.47045657475543,1.1459976794645066
extreme,1011,0.82,Diffusion-JCSO,40,21.870492805043583,89.27749104254389,14.96,19.09797820562138,39.14251219797473,1.2305683538099728
extreme,1011,0.82,Diffusion-JCSO,50,18.6057461941993,90.31189248941054,14.96,19.074893889033785,41.70526577336425,1.311709588079606
extreme,1011,0.82,Diffusion-RB,30,29.89767180668347,87.88617449175129,14.96,19.179524898425136,36.13785936635335,1.1345999500982018
extreme,1011,0.82,Diffusion-RB,40,21.165776398382807,89.90501626712873,14.96,19.145988983973943,38.69536327857354,1.2154790242287004
extreme,1011,0.82,Diffusion-RB,50,17.193623579059466,90.56985487713693,14.96,19.119760348540606,41.17813661470893,1.2940218648529411
extreme,1011,0.82,GAN-JCSO,30,28.841711132984017,88.24692514389642,14.96,19.143472736465135,36.45844883572299,1.1475773581106932
extreme,1011,0.82,GAN-JCSO,40,21.75816882825407,89.39836623434918,14.96,19.11368390799235,39.13963116258244,1.232600474600639
extreme,1011,0.82,GAN-JCSO,50,19.38436972015545,89.90803722281272,14.96,19.08993546336173,41.69356802045545,1.3136463943360646
extreme,1011,0.82,GAN-RB,30,26.45376616902908,87.47656482297354,14.96,19.22358483180118,36.47361744658987,1.1475022524311507
extreme,1011,0.82,GAN-RB,40,22.969380752048913,88.52189888464831,14.96,19.17641950347759,39.07523915950315,1.2299601087497887
extreme,1011,0.82,GAN-RB,50,19.172679161140987,90.26656875118407,14.96,19.14882618696308,41.55658882905482,1.3086224225707057
extreme,1011,0.82,QuantileMLP-JCSO,30,23.935543529629737,88.77821254897117,14.96,19.125804352416825,36.83036747604592,1.1600655584626787
extreme,1011,0.82,QuantileMLP-JCSO,40,19.94137283039924,89.67699088529248,14.96,19.098743992213628,39.48440435116443,1.2442964224597235
extreme,1011,0.82,QuantileMLP-JCSO,50,17.45617086848036,90.27137394954659,14.96,19.076052499940893,42.05968540774858,1.3260723363375324
extreme,1011,0.82,QuantileMLP-RB,30,22.68599360016457,88.55762361893005,14.96,19.19857000084578,36.98656312471963,1.165901427901494
extreme,1011,0.82,QuantileMLP-RB,40,19.97733874460096,89.83786558441315,14.96,19.12464293352072,39.596392652168184,1.2487734233598904
extreme,1011,0.82,QuantileMLP-RB,50,17.50935964994464,90.27465789446288,14.96,19.096462737321037,42.186076653413586,1.3310770982463334
extreme,1011,1.0,Diffusion-JCSO,30,31.24032600269131,87.28516512796214,14.96,18.31513857719464,30.693616015591655,1.1745723838865538
extreme,1011,1.0,Diffusion-JCSO,40,20.746206143608877,89.91708820626569,14.96,18.288256460800444,32.916705602852424,1.2603298891045192
extreme,1011,1.0,Diffusion-JCSO,50,17.464879174208242,90.97504647145838,14.96,18.26707586828999,35.05265143951891,1.34274970469844
extreme,1011,1.0,Diffusion-RB,30,28.524676884948036,88.68689312342926,14.96,18.347582352416666,30.473483514457264,1.1653084794264361
extreme,1011,1.0,Diffusion-RB,40,20.139090754704096,90.58327277358877,14.96,18.314335834346032,32.58690789179315,1.246727018319852
extreme,1011,1.0,Diffusion-RB,50,15.846059388385598,91.4249354128422,14.96,18.29137653739797,34.68086443066101,1.327423969861359
extreme,1011,1.0,GAN-JCSO,30,53.30957249565011,74.75157641063879,14.96,18.45432890174492,30.738517026002096,1.1781945539661447
extreme,1011,1.0,GAN-JCSO,40,25.52660298720204,87.23231664431138,14.96,18.28199965167841,32.91193211198225,1.262258035569199
extreme,1011,1.0,GAN-JCSO,50,17.99292692148503,90.76218493629541,14.96,18.260674950599796,35.03459663737395,1.3443352039229959
extreme,1011,1.0,GAN-RB,30,30.82026113231628,84.8548228853416,14.96,18.359107642287423,30.68299481227771,1.1757004682476153
extreme,1011,1.0,GAN-RB,40,21.83301644264529,89.39760653088331,14.96,18.324089133632455,32.83920655731555,1.2589711083818729
extreme,1011,1.0,GAN-RB,50,17.655140840097097,91.13563849864722,14.96,18.297556430889166,34.97674551802923,1.3415036286469912
extreme,1011,1.0,QuantileMLP-JCSO,30,45.75703294596058,76.40403946953145,14.96,18.305846194015047,31.03873019140855,1.1905444441157547
extreme,1011,1.0,QuantileMLP-JCSO,40,22.930207812241633,87.85924822167074,14.96,18.27824252172083,33.17543843809461,1.2732398392979232
extreme,1011,1.0,QuantileMLP-JCSO,50,16.522505688308506,90.86535470501065,14.96,18.257553163445376,35.31309240859741,1.355945298509887
extreme,1011,1.0,QuantileMLP-RB,30,33.93155531959953,81.97505759331058,14.96,18.473464523831403,31.086523195388494,1.1934861229662217
extreme,1011,1.0,QuantileMLP-RB,40,19.56414544939647,90.1857178811049,14.96,18.310605031506196,33.27978356144699,1.2783218724394014
extreme,1011,1.0,QuantileMLP-RB,50,16.13348738660446,91.1344797943035,14.96,18.26467462402148,35.441529797960946,1.3619681322308412
extreme,1012,0.82,Diffusion-JCSO,30,23.648454246690854,88.85379225047274,14.96,22.210865449706333,35.729902785720626,1.1700998841669608
extreme,1012,0.82,Diffusion-JCSO,40,18.093600307199544,89.8515999232001,14.96,22.189393550912815,38.189887651730835,1.2514548077334717
extreme,1012,0.82,Diffusion-JCSO,50,16.209371736637074,90.20833333333331,14.96,22.171476822654704,40.594931497153375,1.3310246476288765
extreme,1012,0.82,Diffusion-RB,30,22.2255896802015,89.16666666666667,14.96,22.24520047642674,35.34883395633777,1.1573020674390047
extreme,1012,0.82,Diffusion-RB,40,17.17193295269363,90.23494082532733,14.96,22.22240544669834,37.710233595428875,1.2353586881564043
extreme,1012,0.82,Diffusion-RB,50,14.959404040116414,90.625,14.96,22.20053052617611,40.03620965147437,1.3122455363419798
extreme,1012,0.82,GAN-JCSO,30,30.35751784476479,86.7381992214577,14.96,22.193898179437188,35.727820868244166,1.1719768914821351
extreme,1012,0.82,GAN-JCSO,40,20.62259386476422,89.14537003558837,14.96,22.173322095409898,38.18071960351883,1.2532301826531376
extreme,1012,0.82,GAN-JCSO,50,17.015709986754594,89.81420778219292,14.96,22.15631484888078,40.559186225970606,1.3320423416896956
extreme,1012,0.82,GAN-RB,30,46.821703930121544,76.23331263141395,14.96,18.11655004287145,34.994300494300234,1.1492695151561896
extreme,1012,0.82,GAN-RB,40,42.10178829986467,79.32088385658646,14.96,19.39230919966844,37.23089521371926,1.2235282493758237
extreme,1012,0.82,GAN-RB,50,34.408557648558315,82.28048078381389,14.96,20.225500906350685,39.40787119314333,1.2957820299147718
extreme,1012,0.82,QuantileMLP-JCSO,30,22.658158002994078,89.0267636138775,14.96,22.209220346431007,35.75959590663836,1.1717813751762352
extreme,1012,0.82,QuantileMLP-JCSO,40,18.511526425156244,89.59194483090774,14.96,22.188089598330002,38.17670710136979,1.2517531452855524
extreme,1012,0.82,QuantileMLP-JCSO,50,16.258408853047015,90.13748741338104,14.96,22.170362720031214,40.5427957892257,1.3300572671456197
extreme,1012,0.82,QuantileMLP-RB,30,20.6134332568266,89.18629131432697,14.96,22.24521046584888,35.66453329898466,1.1675429415637526
extreme,1012,0.82,QuantileMLP-RB,40,17.12114714400219,89.82577057119957,14.96,22.221126632008747,38.01596310149282,1.2452863950359148
extreme,1012,0.82,QuantileMLP-RB,50,16.13013870040812,90.0,14.96,22.201345713574813,40.30710838503652,1.321045389021421
extreme,1012,1.0,Diffusion-JCSO,30,23.469965724637124,90.3981232486568,10.921797152203041,14.96,30.563649890290275,1.2182848381169626
extreme,1012,1.0,Diffusion-JCSO,40,10.92290067502503,95.43516224686562,7.859091581331223,14.96,32.629398081926446,1.3014565546184407
extreme,1012,1.0,Diffusion-JCSO,50,8.56187886024851,96.32054542740681,7.178719276098412,14.96,34.63711064335675,1.3823842046274752
extreme,1012,1.0,Diffusion-RB,30,29.45008695940995,87.52107549552312,14.094996147023659,14.96,30.21527869222975,1.2042050532549942
extreme,1012,1.0,Diffusion-RB,40,12.192308491831273,94.49384925150095,8.187532207580768,14.96,32.299522499600705,1.2880256872281757
extreme,1012,1.0,Diffusion-RB,50,7.5035743394939125,96.45833333333331,7.408969159936269,14.96,34.23654331047032,1.3660858606805506
extreme,1012,1.0,GAN-JCSO,30,39.76832185236208,83.4055068621461,12.180089541057463,14.96,30.550682157347968,1.2197749321029219
extreme,1012,1.0,GAN-JCSO,40,13.240805767472217,94.45367769301113,8.614049597516324,14.96,32.6402430744037,1.3040737068112167
extreme,1012,1.0,GAN-JCSO,50,9.208183782639157,96.02782762800918,7.559831072053792,14.96,34.66114658160312,1.3856674181368454
extreme,1012,1.0,GAN-RB,30,45.78024511376731,78.99986962033654,13.86961992761137,14.96,29.876257294122762,1.1946549070518586
extreme,1012,1.0,GAN-RB,40,30.406521533181323,86.89254511522522,8.8,14.96,32.04836971605,1.2821721383504852
extreme,1012,1.0,GAN-RB,50,23.744931534700143,89.84247276336659,8.8,14.96,33.995448066065144,1.3607272355993938
extreme,1012,1.0,QuantileMLP-JCSO,30,40.15439198606843,81.4641784193325,14.96,14.96,30.58913785516757,1.2199944653668717
extreme,1012,1.0,QuantileMLP-JCSO,40,14.379208866075952,93.62086771629349,9.685924058527764,14.96,32.660361922720966,1.3034730204912162
extreme,1012,1.0,QuantileMLP-JCSO,50,8.499738306271489,96.25838567207903,7.237049098637871,14.96,34.658393495464615,1.3840860670647743
extreme,1012,1.0,QuantileMLP-RB,30,35.34782769529842,84.03460531083752,14.96,14.96,30.45159453513736,1.2136663194880435
extreme,1012,1.0,QuantileMLP-RB,40,15.902941850718921,92.84537428346573,9.264803317431362,14.96,32.547595049925306,1.297956667186368
extreme,1012,1.0,QuantileMLP-RB,50,8.742192152099216,96.0450128871956,7.278068433561909,14.96,34.596142754465404,1.3803674254769744
extreme,1013,0.82,Diffusion-JCSO,30,30.533324400968354,86.68284471355462,14.96,21.17244428615631,36.88333213258795,1.1315223093813567
extreme,1013,0.82,Diffusion-JCSO,40,26.587389559295737,87.42692405958601,14.96,21.13303603666035,39.21132039481086,1.2041126140438183
extreme,1013,0.82,Diffusion-JCSO,50,24.108879082187833,87.99253195383099,14.96,21.11122207138501,41.44418202550826,1.273827036885514
extreme,1013,0.82,Diffusion-RB,30,38.6586201582012,86.1367702318624,14.96,21.556254606158067,35.694339502981634,1.0945498911974787
extreme,1013,0.82,Diffusion-RB,40,27.68256133854655,87.91666666666667,14.96,21.212939008499863,37.89324544459796,1.163008353493048
extreme,1013,0.82,Diffusion-RB,50,23.193275743811995,88.2363448512376,14.96,21.137563440531068,40.02875996174267,1.2295150994006543
extreme,1013,0.82,GAN-JCSO,30,34.27895436642512,85.82251024344457,14.96,21.158942011777704,37.136195598254844,1.1400754813256262
extreme,1013,0.82,GAN-JCSO,40,27.19067430790572,87.37415351789181,14.96,21.12766400962848,39.50300169466549,1.213941631113821
extreme,1013,0.82,GAN-JCSO,50,23.77421541442571,88.125,14.96,21.106161394922022,41.770284672041704,1.284782207870416
extreme,1013,0.82,GAN-RB,30,29.878361194656488,86.61353296000318,14.96,21.24055292214783,37.299342886988946,1.144400898720966
extreme,1013,0.82,GAN-RB,40,25.48807009273097,87.66171054010039,14.96,21.160780765096586,39.666860401326716,1.2181392541551044
extreme,1013,0.82,GAN-RB,50,22.757396015252326,88.4129686590405,14.96,21.1369489698788,41.95017701739323,1.2893546656188346
extreme,1013,0.82,QuantileMLP-JCSO,30,27.954958482776565,87.188554640799,14.96,21.159631270504004,37.431986141046366,1.149525874000632
extreme,1013,0.82,QuantileMLP-JCSO,40,24.702785425851236,88.0191349526832,14.96,21.13353823911713,39.78861303868752,1.22308017832261
extreme,1013,0.82,QuantileMLP-JCSO,50,22.66518842604269,88.26060144674466,14.96,21.11173687774879,42.06969328701534,1.2943435877930602
extreme,1013,0.82,QuantileMLP-RB,30,27.884510768262107,87.69849151892396,14.96,21.58841831920382,36.89603020627493,1.1322216214330703
extreme,1013,0.82,QuantileMLP-RB,40,22.089202737157745,88.51148551877444,14.96,21.207252879652323,39.25551493946694,1.2056832535342084
extreme,1013,0.82,QuantileMLP-RB,50,20.937142011759747,88.59392899412012,14.96,21.148865014840457,41.504155069607954,1.2757385349946901
extreme,1013,1.0,Diffusion-JCSO,30,40.402830195429274,82.17153488734297,14.96,14.96,31.88059308969681,1.1898689052538838
extreme,1013,1.0,Diffusion-JCSO,40,19.63769804981852,91.93635445544075,14.96,14.96,33.914612235358135,1.266882578659847
extreme,1013,1.0,Diffusion-JCSO,50,14.491058442709392,93.5523844152775,14.2235638218832,14.96,35.86721795210513,1.3409156722083921
extreme,1013,1.0,Diffusion-RB,30,35.57128119277555,87.71881541895564,14.96,14.970408093310112,30.882634301249436,1.1523422441007816
extreme,1013,1.0,Diffusion-RB,40,26.374331102535,89.6669420950346,14.96,15.04272555455723,32.6888952606496,1.2207902440417222
extreme,1013,1.0,Diffusion-RB,50,13.933957948463583,93.79654174364062,14.036280795809299,14.96,34.57339282039379,1.2921662604694895
extreme,1013,1.0,GAN-JCSO,30,27.588277586625253,89.4956572754751,14.96,14.96,32.07309146633265,1.1978038158710091
extreme,1013,1.0,GAN-JCSO,40,17.35427629735026,92.99891996259409,14.494498077942492,14.96,34.139046213647035,1.276089402201218
extreme,1013,1.0,GAN-JCSO,50,13.831655909977743,93.75,13.988532531082356,14.96,36.10684619093545,1.3508106704320504
extreme,1013,1.0,GAN-RB,30,19.492966610326157,92.6788416807518,14.069218046233209,14.96,32.13881700927436,1.199788531553736
extreme,1013,1.0,GAN-RB,40,14.906300733613474,93.54894311324927,14.041857784460099,14.96,34.190091917930054,1.2774128048044078
extreme,1013,1.0,GAN-RB,50,12.99974485009803,94.13897393885622,14.01904213431138,14.96,36.169077148727,1.3524163994839795
extreme,1013,1.0,QuantileMLP-JCSO,30,29.669032326675776,87.12182107182568,14.96,14.96,32.276773829537824,1.20586238000604
extreme,1013,1.0,QuantileMLP-JCSO,40,15.775695231497693,93.2624163833275,14.158253571019918,14.96,34.34459746109714,1.2842206204501252
extreme,1013,1.0,QuantileMLP-JCSO,50,13.294857881968197,93.75769509027303,13.999565708798713,14.96,36.328127580685745,1.35952729506896
extreme,1013,1.0,QuantileMLP-RB,30,25.205290065137245,89.79260305688085,14.96,14.96,31.936522839983223,1.192494667172363
extreme,1013,1.0,QuantileMLP-RB,40,13.72479843730681,93.48062274311994,14.744833495839933,14.96,33.8363177057533,1.2645029575375832
extreme,1013,1.0,QuantileMLP-RB,50,12.011556665125498,94.09838833410393,14.03635744503514,14.96,35.7273434171213,1.3361932268472891
extreme,1014,0.82,Diffusion-JCSO,30,39.400552380174545,83.47383554027837,14.96,42.512212425104224,36.331672651935186,1.0799250185010874
extreme,1014,0.82,Diffusion-JCSO,40,28.663422170041528,85.65234036735531,14.96,42.66611288352199,38.74471834276791,1.152440277836963
extreme,1014,0.82,Diffusion-JCSO,50,24.598589358406944,86.83638453834806,14.96,42.827607326737656,41.02749382104164,1.2210546464096306
extreme,1014,0.82,Diffusion-RB,30,41.91063730504441,83.07198194389446,14.96,44.21804676312705,35.359229158998545,1.050100457889965
extreme,1014,0.82,Diffusion-RB,40,32.65212512795631,85.02838367522405,14.96,44.18784853177411,37.63357563851232,1.1184004490728525
extreme,1014,0.82,Diffusion-RB,50,27.463716436255964,85.53443966973734,14.96,44.16511904948064,39.86727717444169,1.1855244135032474
extreme,1014,0.82,GAN-JCSO,30,36.28410192998831,84.44114768504235,14.96,44.18845201831775,36.76632037839534,1.0924271355144586
extreme,1014,0.82,GAN-JCSO,40,28.363131575317073,85.87796710617073,14.96,44.16109520739664,39.24406536087169,1.1669096062600421
extreme,1014,0.82,GAN-JCSO,50,25.293547377289535,86.42571695807895,14.96,44.138681775852994,41.611057531242956,1.2381138584377485
extreme,1014,0.82,GAN-RB,30,31.634537266072,84.82562629429255,14.96,44.2379704505856,37.42216311679359,1.109754080533008
extreme,1014,0.82,GAN-RB,40,28.258833381006365,86.06649998410899,14.96,44.20631175572544,39.99120303672835,1.1867833404813666
extreme,1014,0.82,GAN-RB,50,24.941205768028084,86.99386522465964,14.96,44.180753964809895,42.467064262954594,1.261053134455949
extreme,1014,0.82,QuantileMLP-JCSO,30,38.818105739560075,83.13545244263959,14.96,44.236318321832385,36.32621235967022,1.0788744577885885
extreme,1014,0.82,QuantileMLP-JCSO,40,28.483764514356952,85.78704281557147,14.96,44.152026565338936,38.78035000477952,1.1526353302723036
extreme,1014,0.82,QuantileMLP-JCSO,50,25.1916787604211,86.38560386174163,14.96,44.130223846373276,41.12279996503797,1.223084760035517
extreme,1014,0.82,QuantileMLP-RB,30,35.35032440363993,84.51326845260535,14.96,43.927398915742394,35.82574338830482,1.063443630006311
extreme,1014,0.82,QuantileMLP-RB,40,28.37676012110996,85.65798130911134,14.96,43.97536000367924,38.16573815505208,1.1337205281910059
extreme,1014,0.82,QuantileMLP-RB,50,25.503283619649526,86.23267660940344,14.96,44.07653703266401,40.45553599726725,1.2025297171066847
extreme,1014,1.0,Diffusion-JCSO,30,58.296180592000496,72.43877963241923,14.96,38.574047894081,31.1335027399333,1.1263380018152753
extreme,1014,1.0,Diffusion-JCSO,40,32.8856140925559,84.56742037518914,14.96,38.174955512715655,33.1764616134489,1.2012393426772918
extreme,1014,1.0,Diffusion-JCSO,50,21.24254963492386,89.8635945661365,14.96,38.14229709926161,35.15388496030177,1.2737233417870693
extreme,1014,1.0,Diffusion-RB,30,59.23207198577158,72.98555038547238,14.96,40.531590785526596,30.29107284317479,1.094991212592938
extreme,1014,1.0,Diffusion-RB,40,32.39185743943822,86.15257133491424,14.96,39.697838173484314,32.22057035803994,1.1656554611520633
extreme,1014,1.0,Diffusion-RB,50,21.65429139705513,89.69214072610433,14.96,38.17951470889826,34.1395745685209,1.2359283137640922
extreme,1014,1.0,GAN-JCSO,30,53.98997190930106,74.91413935741103,14.96,38.37694293705942,31.452621152642124,1.1374751609334652
extreme,1014,1.0,GAN-JCSO,40,32.632128457290456,84.93393577135478,14.96,38.32935108756293,33.52448932832346,1.2133541686308487
extreme,1014,1.0,GAN-JCSO,50,19.072908604503265,90.852084945766,14.96,38.179484064012854,35.54630796091409,1.287398422588838
extreme,1014,1.0,GAN-RB,30,26.836387089197487,89.38688089563155,14.96,38.30724940965225,31.761478687005393,1.1466508960811055
extreme,1014,1.0,GAN-RB,40,22.988491779510788,90.56178579948008,14.96,38.26993780507919,33.93869306534526,1.226127036607012
extreme,1014,1.0,GAN-RB,50,19.424912148317382,91.47273525924386,14.96,38.238572977408175,36.060569503468784,1.3035932175410323
extreme,1014,1.0,QuantileMLP-JCSO,30,58.15237639091882,70.8726764036865,14.96,38.489982636420116,31.065730202204133,1.1229893810252383
extreme,1014,1.0,QuantileMLP-JCSO,40,36.65138804784742,82.72867691584548,14.96,38.416262719298246,33.11056164407281,1.1978263780777432
extreme,1014,1.0,QuantileMLP-JCSO,50,21.888435328055234,89.16114858550112,14.96,38.265779580040764,35.1189078452418,1.2713522544358533
extreme,1014,1.0,QuantileMLP-RB,30,42.08192845523642,81.4289728223134,14.96,40.96528912292703,30.599735504031706,1.1055473648806302
extreme,1014,1.0,QuantileMLP-RB,40,29.026216226160138,86.64998873438827,14.96,40.122102253827784,32.58732464512044,1.1783179065721305
extreme,1014,1.0,QuantileMLP-RB,50,20.023936025421765,90.33835702762158,14.96,38.184672919468895,34.525480376032945,1.24925645407018
extreme,1015,0.82,Diffusion-JCSO,30,44.09707671569395,82.74308933385676,14.96,21.06141649920096,36.34336028420774,1.0895389583432398
extreme,1015,0.82,Diffusion-JCSO,40,31.86721202725962,85.42990650961264,14.96,21.02316259556778,38.67659058792894,1.1606865011961602
extreme,1015,0.82,Diffusion-JCSO,50,26.030891817404093,86.34567650144811,14.96,20.993944069181932,40.92116734457906,1.2291708957473242
extreme,1015,0.82,Diffusion-RB,30,42.705511459417664,83.35818579696284,14.96,21.248356442852558,35.44409334129158,1.0616236966075092
extreme,1015,0.82,Diffusion-RB,40,30.64059296378499,85.89505368514408,14.96,21.16663219177906,37.646746100799085,1.1287237858751507
extreme,1015,0.82,Diffusion-RB,50,26.096238581670008,86.48132887166577,14.96,21.110061727072253,39.78166603006316,1.1937757142102732
extreme,1015,0.82,GAN-JCSO,30,40.867970796816785,83.0356428328651,14.96,21.0465224626938,36.99928681446695,1.110213800395448
extreme,1015,0.82,GAN-JCSO,40,29.25821524178285,85.667764791913,14.96,21.00568394948641,39.37318624053781,1.182652156668794
extreme,1015,0.82,GAN-JCSO,50,25.186049838192034,86.40199288025829,14.96,20.977061150609554,41.661577963933524,1.2525201282270473
extreme,1015,0.82,GAN-RB,30,35.761625620582066,84.42281142609306,14.96,21.24099968185582,36.80678508576511,1.1013636556389117
extreme,1015,0.82,GAN-RB,40,27.338955274101426,86.30777113925653,14.96,21.147583698706498,39.161486890396546,1.172921175790309
extreme,1015,0.82,GAN-RB,50,24.99605022040669,86.59788051882111,14.96,21.09207015781255,41.42211036193855,1.2416521461190213
extreme,1015,0.82,QuantileMLP-JCSO,30,35.950444700063116,84.69863948534584,14.96,21.039250038540253,36.867434576162516,1.1072077651324994
extreme,1015,0.82,QuantileMLP-JCSO,40,26.88471371323694,86.28130407334075,14.96,21.0027547884814,39.217237001685014,1.1789853884405774
extreme,1015,0.82,QuantileMLP-JCSO,50,24.519518865757096,86.45833333333334,14.96,20.97408620603384,41.48663299688214,1.2483543805778665
extreme,1015,0.82,QuantileMLP-RB,30,27.73033335790678,86.07754545231151,14.96,21.239732351467335,36.95842749771714,1.1103549053514765
extreme,1015,0.82,QuantileMLP-RB,40,25.249572751008422,86.25,14.96,21.161510839015225,39.31650635581212,1.1823538319449203
extreme,1015,0.82,QuantileMLP-RB,50,24.375,86.45833333333334,14.96,21.10607587568383,41.59228922086625,1.2518779625883902
extreme,1015,1.0,Diffusion-JCSO,30,40.681223521797335,83.10126117968557,14.96,15.606351128484865,31.633894453791665,1.1533824018589203
extreme,1015,1.0,Diffusion-JCSO,40,19.66539949765523,91.48874479197148,14.96,15.586344143481176,33.585588014597484,1.2258270078104896
extreme,1015,1.0,Diffusion-JCSO,50,13.902652667601247,93.10151497421519,14.96,15.580979793813622,35.50793117000504,1.2971722542695623
extreme,1015,1.0,Diffusion-RB,30,38.09931943961132,86.27112372458294,14.96,15.674328061315924,30.77551294146395,1.12124593286116
extreme,1015,1.0,Diffusion-RB,40,18.780206137789,92.30859414206148,14.96,15.604228226303109,32.655283801995054,1.1909184191626903
extreme,1015,1.0,Diffusion-RB,50,13.774120290780251,93.125,14.96,15.592015095061956,34.50551487304605,1.2594969869701682
extreme,1015,1.0,GAN-JCSO,30,44.181365504191405,79.68718873553433,14.96,15.592628700440743,32.174424692414135,1.1741695896488913
extreme,1015,1.0,GAN-JCSO,40,23.709865611165675,88.39566435485412,14.96,15.585292963467351,34.16079628037298,1.2479544702282428
extreme,1015,1.0,GAN-JCSO,50,14.039930536053177,92.69760101719278,14.96,15.579993306032542,36.09694476542848,1.3198903258458017
extreme,1015,1.0,GAN-RB,30,24.758593372136133,89.65703141194166,14.96,15.667880995916947,31.936495261505815,1.162531203222882
extreme,1015,1.0,GAN-RB,40,16.014923227028824,92.66231359792087,14.96,15.605680358573096,33.9088000625997,1.2354573953321137
extreme,1015,1.0,GAN-RB,50,13.322021096600162,93.1689291140133,14.96,15.593192400149334,35.838283812944,1.306862745613894
extreme,1015,1.0,QuantileMLP-JCSO,30,42.38501257244379,80.46828460744375,14.96,15.592546754695595,32.03399951335007,1.170039753767431
extreme,1015,1.0,QuantileMLP-JCSO,40,20.438526506819795,89.64620032403778,14.96,15.585236452868712,34.01008998890437,1.2434911063105585
extreme,1015,1.0,QuantileMLP-JCSO,50,14.007180243503264,92.60155348311844,14.96,15.579983809286107,35.93847454269759,1.3152000956199659
extreme,1015,1.0,QuantileMLP-RB,30,42.370947743010625,78.71047328927155,14.96,15.621097207865699,32.05199560459203,1.1712072905135718
extreme,1015,1.0,QuantileMLP-RB,40,16.785109382072314,91.15949807704585,14.96,15.591977772279808,34.00361723253932,1.243795347217607
extreme,1015,1.0,QuantileMLP-RB,50,13.275255081991435,92.91666666666669,14.96,15.586448795521552,35.93236921505386,1.3155205210073735
extreme,1016,0.82,Diffusion-JCSO,30,27.40075671993239,89.23501702520022,14.96,16.82660896605786,36.55347280902558,1.1885401296568845
extreme,1016,0.82,Diffusion-JCSO,40,20.93510083653598,90.69005535638033,14.96,16.80083943718072,39.09329864794354,1.27197174827385
extreme,1016,0.82,Diffusion-JCSO,50,17.173275967645036,91.45833333333331,14.96,16.779439223594323,41.551032038730156,1.3527753852587205
extreme,1016,0.82,Diffusion-RB,30,24.699884978776605,89.66064804890438,14.96,16.860208075950293,36.27488033782999,1.1806459113151277
extreme,1016,0.82,Diffusion-RB,40,20.53144895882875,90.37685776506143,14.96,16.82706486114122,38.70568092738575,1.2605003343104453
extreme,1016,0.82,Diffusion-RB,50,18.78205679043864,90.625,14.96,16.803094058529933,40.96072321143602,1.3347865762449658
extreme,1016,0.82,GAN-JCSO,30,31.58662712718954,87.22605175287507,14.96,17.05640073066189,36.84285924953965,1.1969641258261134
extreme,1016,0.82,GAN-JCSO,40,21.827423133565492,90.14927896529618,14.96,16.82204520959054,39.4433703592673,1.282243170340727
extreme,1016,0.82,GAN-JCSO,50,18.35606510815231,91.47380012987618,14.96,16.799005009378245,41.90720583494534,1.3632190859905249
extreme,1016,0.82,GAN-RB,30,49.414437932382235,79.31219037890182,14.96,17.45666556250554,36.15042056281409,1.1710658573394166
extreme,1016,0.82,GAN-RB,40,35.3167606282715,86.54657035525219,14.96,17.15295134531134,38.744855769713205,1.2558682788976872
extreme,1016,0.82,GAN-RB,50,30.87172586224809,87.74357988508305,14.96,17.569603508066706,40.70262641527134,1.320005651508779
extreme,1016,0.82,QuantileMLP-JCSO,30,27.755017184000746,89.33950576062728,14.96,16.823843361456603,36.49661196131535,1.1879666659766448
extreme,1016,0.82,QuantileMLP-JCSO,40,20.60615634948509,90.81227892413129,14.96,16.79821607488549,39.05804413690684,1.2721315494318177
extreme,1016,0.82,QuantileMLP-JCSO,50,16.972856846312183,91.30313497005908,14.96,16.7769580486951,41.5111456049877,1.352903630784817
extreme,1016,0.82,QuantileMLP-RB,30,25.68334443021254,89.32166444729083,14.96,16.856489496389386,36.50018896353609,1.1897374987640181
extreme,1016,0.82,QuantileMLP-RB,40,20.44136077971864,90.52966361706831,14.96,16.820239349076044,39.052053813505474,1.273603380901945
extreme,1016,0.82,QuantileMLP-RB,50,18.25392844551171,91.04166666666669,14.96,16.794446733083145,41.513362398186075,1.354741269924057
extreme,1016,1.0,Diffusion-JCSO,30,51.31571142449581,73.62141225010271,14.96,14.96,31.06849289256098,1.2300314228573355
extreme,1016,1.0,Diffusion-JCSO,40,23.634620119346124,88.64905492001705,12.021040561045016,14.96,33.2220425568443,1.316033307092985
extreme,1016,1.0,Diffusion-JCSO,50,10.385920174505141,95.63472554034958,7.214558795096552,14.96,35.36458172097273,1.4015799588968223
extreme,1016,1.0,Diffusion-RB,30,27.05471581325676,88.8307667236236,11.012586206210253,14.96,30.74191446136324,1.2184469631939698
extreme,1016,1.0,Diffusion-RB,40,12.218968232744198,95.25996716805987,7.512258815434966,14.96,32.88234503988994,1.3040007499435786
extreme,1016,1.0,Diffusion-RB,50,9.755758668349571,96.23562723737402,7.02752971012739,14.96,34.979195398876016,1.387759004388499
extreme,1016,1.0,GAN-JCSO,30,56.238459068691995,70.32115569848101,14.96,15.030745960692718,31.274167281447152,1.2372086690165554
extreme,1016,1.0,GAN-JCSO,40,41.10610903119584,79.52841832884253,14.96,14.96,33.48974495440228,1.325582049098354
extreme,1016,1.0,GAN-JCSO,50,17.11573978008613,92.31464380958816,10.947303227908897,14.96,35.620876617987676,1.4106609053054613
extreme,1016,1.0,GAN-RB,30,62.69343494698334,71.43779423916904,14.96,14.96,30.866020149927373,1.2183262875427925
extreme,1016,1.0,GAN-RB,40,40.321021928588095,83.3491130007945,14.96,14.96,33.16195215398275,1.3095069562375214
extreme,1016,1.0,GAN-RB,50,26.87232494169008,89.49192965554516,12.905421388045196,14.96,35.28768231859379,1.393919013727524
extreme,1016,1.0,QuantileMLP-JCSO,30,29.685323075859138,88.80292991494366,11.527381748315586,14.96,31.017876617768188,1.229504560737946
extreme,1016,1.0,QuantileMLP-JCSO,40,14.89198169062971,94.25436397555733,7.758478652478651,14.96,33.195457517396775,1.3165184592522814
extreme,1016,1.0,QuantileMLP-JCSO,50,8.968103717140403,96.18112514195566,6.8428946493847,14.96,35.30117703555521,1.400611607152544
extreme,1016,1.0,QuantileMLP-RB,30,24.549094064905628,90.42353400939204,8.65708231187272,14.96,30.967299174620294,1.2292732241353608
extreme,1016,1.0,QuantileMLP-RB,40,11.75691381791839,95.71649749153919,6.8527773716324845,14.96,33.116298480329554,1.3152546057394179
extreme,1016,1.0,QuantileMLP-RB,50,9.598643047047922,96.04166666666669,6.827019083624689,14.96,35.204510852718364,1.3987769727283763
extreme,1017,0.82,Diffusion-JCSO,30,32.48146339259112,86.3817122996224,14.96,25.75340905609317,37.49383785728176,1.0990557937099106
extreme,1017,0.82,Diffusion-JCSO,40,23.841049903265517,87.81816957362909,14.96,25.72568685229145,39.981071619474776,1.1728388489026302
extreme,1017,0.82,Diffusion-JCSO,50,21.312319210973538,88.11609725557521,14.96,25.7030055147496,42.355921374717866,1.2433452441564556
extreme,1017,0.82,Diffusion-RB,30,34.68161951493144,85.42127249742562,14.96,25.80101711463537,36.7415145508181,1.0767775297522943
extreme,1017,0.82,Diffusion-RB,40,25.086912950219702,87.40650057176107,14.96,25.763313152919796,39.14861239635208,1.1481436178877096
extreme,1017,0.82,Diffusion-RB,50,22.398116260722407,87.89005426815274,14.96,25.737767986669663,41.42853159851855,1.2158134208391387
extreme,1017,0.82,GAN-JCSO,30,37.64947287568073,85.48834170373459,14.96,25.74812557930916,37.63744419866529,1.1004431667529846
extreme,1017,0.82,GAN-JCSO,40,25.888198425315235,87.66255969414807,14.96,25.720268551096144,40.149171233181164,1.1747100533895192
extreme,1017,0.82,GAN-JCSO,50,20.564039930132093,88.55182667831131,14.96,25.69780763377199,42.52063617383258,1.244914746186081
extreme,1017,0.82,GAN-RB,30,34.080300490065014,84.12552111981744,14.96,26.073686573785732,38.048962855013826,1.1082469535636934
extreme,1017,0.82,GAN-RB,40,24.904133074456293,87.54056003451694,14.96,25.91007674471095,40.63408704846958,1.1843991145299484
extreme,1017,0.82,GAN-RB,50,21.72878416975081,88.03484972119418,14.96,25.823100153209083,43.093233726115734,1.2568727249217322
extreme,1017,0.82,QuantileMLP-JCSO,30,30.26765660507273,86.51467757922047,14.96,25.24976096495108,37.648234267079275,1.104005026962911
extreme,1017,0.82,QuantileMLP-JCSO,40,23.069096453470806,87.87001276603561,14.96,25.353835302178325,40.09608766681451,1.1766166272975713
extreme,1017,0.82,QuantileMLP-JCSO,50,21.210863169725215,88.125,14.96,25.46238728247659,42.454824527486366,1.2466189977888176
extreme,1017,0.82,QuantileMLP-RB,30,27.95410173752236,86.87032061614303,14.96,25.445753027892707,37.70676444185469,1.105509793990825
extreme,1017,0.82,QuantileMLP-RB,40,23.285809184815868,87.50792069141957,14.96,25.566149818902254,40.12458486870112,1.1772222811809152
extreme,1017,0.82,QuantileMLP-RB,50,21.756269072857133,87.81735475349207,14.96,25.726206314659592,42.50829414094288,1.2479519192846913
extreme,1017,1.0,Diffusion-JCSO,30,51.174362515093364,74.1455535097979,14.96,20.099752498570194,32.19454640540414,1.1483546302392276
extreme,1017,1.0,Diffusion-JCSO,40,20.842426689574786,89.1625418452788,14.96,18.235279341140114,34.26857411578021,1.2234216494193195
extreme,1017,1.0,Diffusion-JCSO,50,14.492573780575697,91.9248488143485,14.96,18.209979808163094,36.3045354153261,1.2970023280535912
extreme,1017,1.0,Diffusion-RB,30,39.58241523169127,82.74293786419555,14.96,18.410802684980506,31.495067554907195,1.1232290556432971
extreme,1017,1.0,Diffusion-RB,40,19.145907480801803,90.55125923667637,14.96,18.351767012018623,33.49312970016042,1.1954626296524065
extreme,1017,1.0,Diffusion-RB,50,15.938655260451887,91.5472889732042,14.96,18.313309614420465,35.48371676606171,1.2674205629029864
extreme,1017,1.0,GAN-JCSO,30,45.439511365699076,79.59875805163432,14.96,18.53909230666281,32.28642664578039,1.1488608342177826
extreme,1017,1.0,GAN-JCSO,40,20.14134208641719,90.63203460562484,14.96,18.26997508368904,34.4147271739903,1.2255546181491956
extreme,1017,1.0,GAN-JCSO,50,13.729366956585629,92.35413805382112,14.96,18.242848728097133,36.47100759207141,1.299632861450909
extreme,1017,1.0,GAN-RB,30,30.97667026802858,85.590601304385,14.96,18.747899171204025,32.77317279732956,1.1625443998141742
extreme,1017,1.0,GAN-RB,40,20.50610429893749,89.96646088789844,14.96,18.593207457165544,34.92139855184269,1.2393424904157306
extreme,1017,1.0,GAN-RB,50,14.67654517963075,92.1217071623453,14.96,18.4645278164279,36.979834532161505,1.3130283789204755
extreme,1017,1.0,QuantileMLP-JCSO,30,40.4836605731396,81.03464667516553,14.96,21.17108879617154,32.3434110670312,1.1542057784804989
extreme,1017,1.0,QuantileMLP-JCSO,40,18.81632382165729,90.37167062986502,14.96,18.28069542719712,34.419928133987575,1.229347434596
extreme,1017,1.0,QuantileMLP-JCSO,50,14.520360923451566,91.875,14.96,18.24709483623649,36.452662397952174,1.302835160823972
extreme,1017,1.0,QuantileMLP-RB,30,24.29790206791879,88.81315560377539,14.96,18.618375248287194,32.355983545368595,1.1545767164765293
extreme,1017,1.0,QuantileMLP-RB,40,17.686145305148568,90.9086945852937,14.96,18.466699526639122,34.44549441762765,1.2300840850484225
extreme,1017,1.0,QuantileMLP-RB,50,15.085770283510561,91.63807657216313,14.96,18.420381066953354,36.466195440330644,1.3031229538797318
extreme,1018,0.82,Diffusion-JCSO,30,26.91339598686401,88.40441232455686,14.96,37.51310103993437,35.08874776375101,1.1682888129493951
extreme,1018,0.82,Diffusion-JCSO,40,18.76187077064123,90.23724732590657,14.96,37.486453453318944,37.65311510988359,1.2542668088341073
extreme,1018,0.82,Diffusion-JCSO,50,15.773028285633197,90.59553105955423,14.96,37.4623933704544,40.14770729695493,1.337935146475336
extreme,1018,0.82,Diffusion-RB,30,23.944191722789967,89.19517742670465,14.96,37.68927895728517,34.42447055252064,1.1442297001348716
extreme,1018,0.82,Diffusion-RB,40,18.76389789179389,89.90674345948746,14.96,37.600612125953845,36.883901991865855,1.226543690809725
extreme,1018,0.82,Diffusion-RB,50,16.04881079845076,90.68248262901407,14.96,37.55064771290262,39.2283562424376,1.3050579659660222
extreme,1018,0.82,GAN-JCSO,30,36.04852498128907,86.58196167040886,14.96,37.496547261511914,35.09392149156107,1.1691849603116902
extreme,1018,0.82,GAN-JCSO,40,25.221087692526478,88.629688482293,14.96,37.47163322370841,37.708039915227424,1.2568727477723556
extreme,1018,0.82,GAN-JCSO,50,18.53126203756728,89.79374759248654,14.96,37.451198106180634,40.234190902356964,1.3416476153920553
extreme,1018,0.82,GAN-RB,30,32.73449893317458,84.60754378818874,14.96,38.4080094691507,35.35313480089762,1.1719956999703274
extreme,1018,0.82,GAN-RB,40,23.140469596689236,89.24517117018546,14.96,37.90833118828568,38.035342708532525,1.2615764916592598
extreme,1018,0.82,GAN-RB,50,18.82389643410809,90.8557394832042,14.96,37.67582561017759,40.56300405408686,1.3459530165365003
extreme,1018,0.82,QuantileMLP-JCSO,30,32.067162106184476,88.04575370912511,14.96,37.505711055298946,34.91424789428857,1.1636159523497434
extreme,1018,0.82,QuantileMLP-JCSO,40,20.610282107729535,89.75512586899428,14.96,37.480322642501406,37.47338598935604,1.2495687415076586
extreme,1018,0.82,QuantileMLP-JCSO,50,16.69437032397417,90.2444592685385,14.96,37.459526899569276,39.95339839215004,1.332864867026373
extreme,1018,0.82,QuantileMLP-RB,30,29.065976316170072,88.14284615779577,14.96,32.90540238075705,34.42446029006844,1.1454975394076479
extreme,1018,0.82,QuantileMLP-RB,40,20.692304805478493,90.26296024276367,14.96,32.889154529703866,36.871349830907285,1.2274795172513557
extreme,1018,0.82,QuantileMLP-RB,50,16.715311591878887,90.625,14.96,32.92116139707283,39.27623497148816,1.3080997775711694
extreme,1018,1.0,Diffusion-JCSO,30,34.83541940079405,86.83931105091249,14.96,18.7039638294073,29.4434508079427,1.1940810756170914
extreme,1018,1.0,Diffusion-JCSO,40,17.022423478370442,93.52159505718517,14.96,18.674145942238724,31.558616127336894,1.2804890195492509
extreme,1018,1.0,Diffusion-JCSO,50,13.321227239689437,94.40558145178314,14.96,18.639335016634615,33.6345949663631,1.365319683494485
extreme,1018,1.0,Diffusion-RB,30,21.330240062994307,93.09360171448049,14.96,18.970831142916946,28.899680713137034,1.1701693653896155
extreme,1018,1.0,Diffusion-RB,40,16.33637543806624,93.69555939864775,14.96,18.74105444444378,30.979142569393552,1.2549612683353744
extreme,1018,1.0,Diffusion-RB,50,13.469456635668726,94.51467905647559,14.96,18.704349224327444,32.992722630786496,1.337076705085217
extreme,1018,1.0,GAN-JCSO,30,39.742989889450605,86.6603151218375,14.96,18.70160049994987,29.41822463901038,1.1938247396631747
extreme,1018,1.0,GAN-JCSO,40,23.54024833743059,91.87534039901666,14.96,18.67581507091788,31.59049933057227,1.2825985441982235
extreme,1018,1.0,GAN-JCSO,50,15.907455555973717,93.61017555547193,14.96,18.655091012121144,33.69929460131975,1.368799202967569
extreme,1018,1.0,GAN-RB,30,33.02893229767409,86.73438356808964,14.96,20.437783962497413,29.65149784877121,1.1975218537772212
extreme,1018,1.0,GAN-RB,40,21.54060948862061,92.82687342882667,14.96,19.40012905763258,31.895323451303053,1.2888554619968042
extreme,1018,1.0,GAN-RB,50,16.11480615058273,94.86454401264224,14.96,18.909974613097216,34.01655807459584,1.3751575715548285
extreme,1018,1.0,QuantileMLP-JCSO,30,48.92994543221729,79.60395390647054,14.96,18.54141269389467,29.36979898150095,1.192197578851901
extreme,1018,1.0,QuantileMLP-JCSO,40,22.794758835139795,91.07999240240625,14.96,18.561389728363967,31.443362742224682,1.2770372875171057
extreme,1018,1.0,QuantileMLP-JCSO,50,14.585457645985905,93.84048198562942,14.96,18.571751221635576,33.49847080808823,1.3611118765055947
extreme,1018,1.0,QuantileMLP-RB,30,29.999753339411157,89.58344940890456,14.96,18.410467901917293,28.977899104553266,1.1744400100067391
extreme,1018,1.0,QuantileMLP-RB,40,20.150263449956338,93.4486672852648,14.96,18.005022459929,31.032248015793627,1.2583806757910907
extreme,1018,1.0,QuantileMLP-RB,50,14.572362309588291,94.54386087141566,14.96,17.821096484693655,33.05700620490255,1.3410634362028877
extreme,1019,0.82,Diffusion-JCSO,30,35.09268623277521,85.69619986040667,14.96,19.572504503177043,37.47107686921804,1.1378320990103497
extreme,1019,0.82,Diffusion-JCSO,40,26.89065144313047,87.47088683045183,14.96,19.637463405570372,39.97059907012858,1.214635713003945
extreme,1019,0.82,Diffusion-JCSO,50,23.128944291076255,88.40244908685474,14.96,19.720431922265284,42.387029543833236,1.2890168766887515
extreme,1019,0.82,Diffusion-RB,30,35.026367435608684,85.57186770187923,14.96,19.551908404190304,37.19771767861292,1.1304332879824537
extreme,1019,0.82,Diffusion-RB,40,27.62057812324427,87.3211416018917,14.96,19.6631611375917,39.63780825754317,1.2055157227222884
extreme,1019,0.82,Diffusion-RB,50,24.807173181402497,87.61081699732075,14.96,19.696997825896826,42.067201405381994,1.2803036300858341
extreme,1019,0.82,GAN-JCSO,30,34.143100292157634,85.76673520818893,14.96,19.68795600702703,37.72288632582161,1.1467133535976344
extreme,1019,0.82,GAN-JCSO,40,26.694110436213865,87.70334355705202,14.96,19.860263861552927,40.26144202295304,1.224797070151302
extreme,1019,0.82,GAN-JCSO,50,22.252362048703915,88.40801839350614,14.96,19.848411912262275,42.71153316509788,1.3002249507833372
extreme,1019,0.82,GAN-RB,30,33.12139705289472,85.49744155460864,14.96,20.010632393619662,37.62040013738612,1.143576801852279
extreme,1019,0.82,GAN-RB,40,27.426835985688207,86.99564172041934,14.96,19.962943534847614,40.16672013804993,1.2218444344917423
extreme,1019,0.82,GAN-RB,50,24.719261365521472,87.85324737718736,14.96,19.923877166308927,42.632457795963795,1.2976847008589736
extreme,1019,0.82,QuantileMLP-JCSO,30,33.468166492336074,86.1060857541327,14.96,19.604232132131532,37.806088204312786,1.149167613221943
extreme,1019,0.82,QuantileMLP-JCSO,40,25.76706837087382,87.85646153957465,14.96,19.615526391990223,40.322069925710785,1.2264989353894185
extreme,1019,0.82,QuantileMLP-JCSO,50,22.646110165464634,88.41474756071533,14.96,19.70765335201107,42.76337565715532,1.3016505133167455
extreme,1019,0.82,QuantileMLP-RB,30,29.16771934779302,86.97099189521134,14.96,19.27254488012884,37.958177616950216,1.1553894215705525
extreme,1019,0.82,QuantileMLP-RB,40,24.799966361179138,87.53333893980347,14.96,19.592279394016927,40.48136966353165,1.2330777802362685
extreme,1019,0.82,QuantileMLP-RB,50,23.066780726962726,87.98162104254824,14.96,19.870913931897785,42.98450000503093,1.3102394088804945
extreme,1019,1.0,Diffusion-JCSO,30,35.68612266176784,85.07016181539083,14.96,14.96,32.31061967613839,1.194065196445535
extreme,1019,1.0,Diffusion-JCSO,40,20.381761768922225,91.73619360973406,12.436820493385204,14.96,34.416418901788155,1.2728585193505553
extreme,1019,1.0,Diffusion-JCSO,50,11.138401996483362,95.3419356242587,9.862095937296044,14.96,36.48324721037617,1.3501840398292229
extreme,1019,1.0,Diffusion-RB,30,34.50187778107841,85.40551032976265,14.96,14.96,32.02009880211688,1.1843251080780597
extreme,1019,1.0,Diffusion-RB,40,18.112831408159362,92.71441762925363,11.140017418125536,14.96,34.04572896461314,1.260216817174749
extreme,1019,1.0,Diffusion-RB,50,12.419500258773033,94.93887874082914,9.703819875268252,14.96,36.06531506362226,1.3358456380054589
extreme,1019,1.0,GAN-JCSO,30,33.97568689014746,85.45442391119728,14.96,14.96,32.48785599477297,1.2018829140075669
extreme,1019,1.0,GAN-JCSO,40,18.52663254437647,92.36464766469523,11.850313127116426,14.96,34.61882731574484,1.281715873733896
extreme,1019,1.0,GAN-JCSO,50,9.793554503547055,95.65940758274216,9.716481275947341,14.96,36.7101119232743,1.3600504839924827
extreme,1019,1.0,GAN-RB,30,49.1882352973273,75.69539215493695,14.96,14.96,32.30501268245862,1.19518279866157
extreme,1019,1.0,GAN-RB,40,28.50101690777658,87.43573614686338,14.96,14.96,34.37267829166115,1.272673045166171
extreme,1019,1.0,GAN-RB,50,12.644036033911242,95.20833333333331,10.143518480921966,14.96,36.4519739785547,1.3505692996907546
extreme,1019,1.0,QuantileMLP-JCSO,30,33.52580209984011,86.07710271750231,14.96,14.96,32.54609873550091,1.2039577865270819
extreme,1019,1.0,QuantileMLP-JCSO,40,17.952681944191564,92.6333744048703,12.154110435418591,14.96,34.66323043203354,1.2832390805413627
extreme,1019,1.0,QuantileMLP-JCSO,50,10.608992109719821,95.42200263009339,9.809911769438118,14.96,36.76773305424791,1.362082636364984
extreme,1019,1.0,QuantileMLP-RB,30,28.977243069327223,87.0028514129466,14.96,14.96,32.64509115326632,1.2094335794998494
extreme,1019,1.0,QuantileMLP-RB,40,18.710773038790123,91.83103150249457,12.340254624841965,14.96,34.74173165409993,1.2880785141662117
extreme,1019,1.0,QuantileMLP-RB,50,11.312223739411683,95.20833333333331,9.68793193326577,14.96,36.81256682414064,1.3657063572763526
extreme,1020,0.82,Diffusion-JCSO,30,37.496025603046384,84.64969804868188,14.96,17.558166003584667,35.968583782853614,1.016228718938647
extreme,1020,0.82,Diffusion-JCSO,40,22.659675717307774,86.61973500800177,14.96,17.496500249381004,38.43108316150044,1.0861143064724335
extreme,1020,0.82,Diffusion-JCSO,50,18.448881684879723,86.875,14.96,17.451418252995623,40.78570546625964,1.1528971086067363
extreme,1020,0.82,Diffusion-RB,30,28.278342446208576,85.74182001000771,14.96,17.595693296194113,36.30625569391653,1.0257069538351322
extreme,1020,0.82,Diffusion-RB,40,19.564092226269377,86.738249011896,14.96,17.524333824817482,38.76135547201964,1.0953914832036107
extreme,1020,0.82,Diffusion-RB,50,17.509929792454315,87.0396807081758,14.96,17.474808776547786,41.13314407040231,1.1626785725313977
extreme,1020,0.82,GAN-JCSO,30,23.04653187484612,86.40196690974787,14.96,17.51650224863675,37.88128703079016,1.0693667159696365
extreme,1020,0.82,GAN-JCSO,40,18.415838609683114,87.08333333333333,14.96,17.462352051424,40.53537782878883,1.1447817454900384
extreme,1020,0.82,GAN-JCSO,50,16.96823531491353,87.18968627035062,14.96,17.423009764730768,43.09569666017258,1.2174988226985322
extreme,1020,0.82,GAN-RB,30,46.01190171548681,74.56730933268659,14.96,18.134639350137302,38.41688574755406,1.077034885514362
extreme,1020,0.82,GAN-RB,40,37.127905533686395,81.85271389982347,14.96,17.53029936756228,41.070981621698714,1.1526071464924272
extreme,1020,0.82,GAN-RB,50,30.423585554402486,84.60103953445933,14.96,17.48537988986057,43.16802623072813,1.212441576811275
extreme,1020,0.82,QuantileMLP-JCSO,30,24.39503958980551,86.2741629551224,14.96,17.51397176658967,37.32360610844612,1.055900443248395
extreme,1020,0.82,QuantileMLP-JCSO,40,19.00613826923106,86.7868861730769,14.96,17.45980717577778,39.86956451462301,1.1283426557962966
extreme,1020,0.82,QuantileMLP-JCSO,50,17.973207895036246,86.875,14.96,17.41765668483008,42.34335260882473,1.1987418039740967
extreme,1020,0.82,QuantileMLP-RB,30,20.343477209268833,86.58821263049319,14.96,17.559537736630254,38.12238740110576,1.0782187986256508
extreme,1020,0.82,QuantileMLP-RB,40,18.33333333333333,86.66666666666667,14.96,17.50307095385926,40.73759867303921,1.1526389411168352
extreme,1020,0.82,QuantileMLP-RB,50,17.95266576882056,86.79355585483759,14.96,17.45650131775628,43.279365271388805,1.2249854512815814
extreme,1020,1.0,Diffusion-JCSO,30,50.69916763369064,76.98338896568221,14.96,17.043790551052147,30.536731386781,1.0511664718041098
extreme,1020,1.0,Diffusion-JCSO,40,25.17423261033312,86.63636622871702,14.96,17.0158240843988,32.55484629465065,1.1211274376139873
extreme,1020,1.0,Diffusion-JCSO,50,17.636925875037964,88.66725557082194,14.96,16.99477571362698,34.543338949912325,1.1899988254598668
extreme,1020,1.0,Diffusion-RB,30,30.17058889502122,86.33418841464042,14.96,17.060283290862937,30.754553435692298,1.058586639656799
extreme,1020,1.0,Diffusion-RB,40,18.46450341256766,88.70721150074527,14.96,17.033463381161564,32.80372222776921,1.1296168444498491
extreme,1020,1.0,Diffusion-RB,50,16.19928254143276,89.13514349171345,14.96,17.011779337678718,34.80225906096538,1.198810582494919
extreme,1020,1.0,GAN-JCSO,30,39.5058875717851,77.32210973748731,14.96,17.05283442522836,31.928364320902162,1.09774021261825
extreme,1020,1.0,GAN-JCSO,40,25.486341172051333,84.12026300859827,14.96,17.0253487663123,34.11222957941291,1.1735104331245816
extreme,1020,1.0,GAN-JCSO,50,17.049051849407203,88.2573353548688,14.96,17.00375380811848,36.254705836069526,1.247798636588578
extreme,1020,1.0,GAN-RB,30,49.487407678769294,74.51331093201226,14.96,19.50608856083661,33.058420420775,1.1285979806862898
extreme,1020,1.0,GAN-RB,40,38.03663596965475,82.35972749541253,14.96,18.21363579850402,35.54875282589401,1.214646374206112
extreme,1020,1.0,GAN-RB,50,29.921051126064874,85.67312756271771,14.96,17.126858755991467,37.72658106505882,1.289925614179622
extreme,1020,1.0,QuantileMLP-JCSO,30,38.26830748182696,79.56910030963869,14.96,16.95924735625343,31.590286667148256,1.0885695054676294
extreme,1020,1.0,QuantileMLP-JCSO,40,24.94133645699318,85.0722542884452,14.96,16.940416164135108,33.69553581952912,1.1617526325173275
extreme,1020,1.0,QuantileMLP-JCSO,50,17.3331053603715,88.6702433764964,14.96,16.925047706840008,35.75685336488569,1.233340009155168
extreme,1020,1.0,QuantileMLP-RB,30,22.109170303251602,87.10173023664906,14.96,16.976403602440346,32.16116160487302,1.108050061333657
extreme,1020,1.0,QuantileMLP-RB,40,16.875,88.95833333333333,14.96,16.956658390980344,34.34872964474147,1.1840104988784603
extreme,1020,1.0,QuantileMLP-RB,50,16.449835581271326,89.1000548062429,14.96,16.940529666889013,36.49078584754764,1.2583479849814605
extreme,1021,0.82,Diffusion-JCSO,30,29.654190200531296,87.44381416767338,14.96,20.64105892241329,35.72704136925959,1.0956908622018486
extreme,1021,0.82,Diffusion-JCSO,40,23.153681582078814,88.45068491144565,14.96,20.612591382579012,38.12161800200156,1.169894206163524
extreme,1021,0.82,Diffusion-JCSO,50,20.091541814692274,89.19002497039487,14.96,20.588991739616755,40.410815883447995,1.2408431457430622
extreme,1021,0.82,Diffusion-RB,30,25.171366665131952,88.06658461562073,14.96,19.45643792026389,36.03524015283327,1.1047522724765646
extreme,1021,0.82,Diffusion-RB,40,21.402158934872567,88.86118846647426,14.96,19.977279724044067,38.444950763984956,1.1794309940269982
extreme,1021,0.82,Diffusion-RB,50,19.269430560386393,89.20185647987121,14.96,20.400152223525968,40.762209010421685,1.251311896796127
extreme,1021,0.82,GAN-JCSO,30,32.47100624988033,86.39186260684988,14.96,20.46462477522772,35.55256116006607,1.0912798484049784
extreme,1021,0.82,GAN-JCSO,40,26.114366930247233,87.24729294083816,14.96,20.46328614368507,37.89481774576222,1.1639011223117075
extreme,1021,0.82,GAN-JCSO,50,20.590213242524467,89.01911335603555,14.96,20.47173469961319,40.110393407666585,1.2326210154615884
extreme,1021,0.82,GAN-RB,30,27.46163681598191,86.84570882428498,14.96,20.828008074365957,36.09552419272989,1.108403102036976
extreme,1021,0.82,GAN-RB,40,22.73670612474382,88.22207346881405,14.96,20.622255910930665,38.4716844656282,1.182145784917633
extreme,1021,0.82,GAN-RB,50,19.996282804379128,89.16852526447711,14.96,20.597895000438093,40.78163711339512,1.253823186726418
extreme,1021,0.82,QuantileMLP-JCSO,30,28.10042059327144,87.42494742584107,14.96,18.18562931643067,35.7108492674563,1.0962939014173088
extreme,1021,0.82,QuantileMLP-JCSO,40,22.75399829768398,88.26983375891234,14.96,20.197990477153137,37.984836920699976,1.166743869416748
extreme,1021,0.82,QuantileMLP-JCSO,50,19.980677060322975,88.99361607800296,14.96,20.213438441312444,40.19200513266255,1.2351811192312991
extreme,1021,0.82,QuantileMLP-RB,30,28.017616243129844,87.27147675137402,14.96,20.455163310971486,35.91290517853,1.1017308598464646
extreme,1021,0.82,QuantileMLP-RB,40,23.510295877505442,87.91666666666667,14.96,20.56678257112821,38.21583224588798,1.1731064283366681
extreme,1021,0.82,QuantileMLP-RB,50,21.539929922848973,88.55069469752708,14.96,20.60610572350538,40.42665535671045,1.241669402566851
extreme,1021,1.0,Diffusion-JCSO,30,37.493397978467414,83.26673681974609,14.96,14.96,30.581610240590617,1.1414291335389806
extreme,1021,1.0,Diffusion-JCSO,40,18.530206776263817,91.15901843548295,14.96,14.96,32.63163460374636,1.2188498615083634
extreme,1021,1.0,Diffusion-JCSO,50,13.006550289456651,92.97601462074805,14.96,14.96,34.623040025286016,1.294097350284443
extreme,1021,1.0,Diffusion-RB,30,22.187036414990125,89.31440351680912,14.96,14.96,30.939851363033434,1.1543866051126856
extreme,1021,1.0,Diffusion-RB,40,13.466900698076875,92.94265296102566,14.96,14.96,32.96698763666849,1.2309710813811836
extreme,1021,1.0,Diffusion-RB,50,11.811332053477816,93.31713384527555,14.96,14.96,34.93006422969238,1.3051615409675337
extreme,1021,1.0,GAN-JCSO,30,59.68224479189071,70.23446592065466,14.96,14.96,30.55920851583882,1.1415349508715054
extreme,1021,1.0,GAN-JCSO,40,32.12800840892071,84.44611613189647,14.96,14.96,32.578926426217926,1.2179481111924453
extreme,1021,1.0,GAN-JCSO,50,13.402304947299637,92.8994237631751,14.96,14.96,34.49195424924266,1.290348433800069
extreme,1021,1.0,GAN-RB,30,54.43860419919524,74.54093053386984,14.96,14.992830824950422,30.870540988150676,1.1537326053057446
extreme,1021,1.0,GAN-RB,40,21.216771275637747,89.65143765876991,14.96,14.96,32.89122277090644,1.2301925004229626
extreme,1021,1.0,GAN-RB,50,14.691258626251392,92.58713792785636,14.96,14.96,34.90646325939868,1.3064101738537799
extreme,1021,1.0,QuantileMLP-JCSO,30,52.453017772312954,72.72869073117286,14.96,14.96,30.775915895858805,1.1498269666082086
extreme,1021,1.0,QuantileMLP-JCSO,40,21.189710523205974,89.180884378365,14.96,14.96,32.74998991308421,1.2245805470712068
extreme,1021,1.0,QuantileMLP-JCSO,50,12.234382853911672,93.08723761985542,14.96,14.96,34.690599381205814,1.2980107944813302
extreme,1021,1.0,QuantileMLP-RB,30,31.870549213999666,85.47569532171705,14.96,14.96,30.813014338283907,1.1504042509349155
extreme,1021,1.0,QuantileMLP-RB,40,15.973080295939711,91.89786212357565,14.96,14.96,32.90585584976074,1.2294300703489298
extreme,1021,1.0,QuantileMLP-RB,50,14.240765429916475,92.60595610522232,14.96,14.96,34.809336553190356,1.3014702106115095
extreme,1022,0.82,Diffusion-JCSO,30,21.91657517792876,92.49109103330098,14.96,14.96,37.70534083853744,1.2068327799699794
extreme,1022,0.82,Diffusion-JCSO,40,16.34477583207111,93.43247735308968,14.96,14.96,40.44624544371677,1.2951479690803336
extreme,1022,0.82,Diffusion-JCSO,50,12.093923643162118,94.51894402652093,14.96,14.96,43.05439228003072,1.3792810965690858
extreme,1022,0.82,Diffusion-RB,30,20.811687988621898,93.19980266733596,14.96,14.96,37.42727574637059,1.1983809619421588
extreme,1022,0.82,Diffusion-RB,40,16.094209093914376,93.74124292879205,14.96,14.96,40.05206836502196,1.2829842728656862
extreme,1022,0.82,Diffusion-RB,50,11.69065440786064,94.6154049035224,14.96,14.96,42.55594647598378,1.363789433437934
extreme,1022,0.82,GAN-JCSO,30,22.01320950424909,92.38448572080586,14.96,14.96,37.7114065882062,1.2088597370902208
extreme,1022,0.82,GAN-JCSO,40,16.623390020492074,93.52103458077183,14.96,14.96,40.433996797708616,1.296773299129166
extreme,1022,0.82,GAN-JCSO,50,11.680769716642475,94.61413804167339,14.96,14.96,43.05380045859558,1.3814294097395752
extreme,1022,0.82,GAN-RB,30,23.44567090917591,92.74214767675824,14.96,14.96,37.57174032399052,1.2030893583865203
extreme,1022,0.82,GAN-RB,40,16.282909981774356,93.81335000337513,14.96,14.96,40.22245636249847,1.288493286191411
extreme,1022,0.82,GAN-RB,50,12.587434280521492,94.70293638251022,14.96,14.96,42.695886566849175,1.368245048686868
extreme,1022,0.82,QuantileMLP-JCSO,30,19.762022545086804,92.92513641568948,14.96,14.96,37.73248716543808,1.2093502173208188
extreme,1022,0.82,QuantileMLP-JCSO,40,15.0696679351303,93.79957124736232,14.96,14.96,40.40154884993129,1.2954606211785649
extreme,1022,0.82,QuantileMLP-JCSO,50,12.411586860225214,94.15167664247187,14.96,14.96,42.94527435469223,1.377550768242223
extreme,1022,0.82,QuantileMLP-RB,30,19.619364288645567,92.55834836254564,14.96,14.96,37.814694020769444,1.2138620796317674
extreme,1022,0.82,QuantileMLP-RB,40,15.107455752283917,93.35855272859567,14.96,14.96,40.4880530087983,1.3002070850091934
extreme,1022,0.82,QuantileMLP-RB,50,13.541666666666666,93.61972683405821,14.96,14.96,43.04246362640206,1.3828237358445896
extreme,1022,1.0,Diffusion-JCSO,30,28.751424199315615,87.70762123367552,14.486204348503971,14.96,31.705250148278253,1.2361014049863883
extreme,1022,1.0,Diffusion-JCSO,40,14.413989311261453,93.60712014050668,9.475913762008284,14.96,34.03206342467312,1.3273345226441144
extreme,1022,1.0,Diffusion-JCSO,50,7.977340445038783,95.66718844427463,6.734461804823745,14.96,36.273897171828544,1.4153071243987558
extreme,1022,1.0,Diffusion-RB,30,23.500866410912682,90.60471364655349,14.96,14.96,31.458248678392945,1.227055732292261
extreme,1022,1.0,Diffusion-RB,40,15.985029984286072,92.51887889412689,14.288178885845689,14.96,33.73855941445433,1.316464052096414
extreme,1022,1.0,Diffusion-RB,50,7.833382018614759,95.50518703352272,6.674939155447999,14.96,35.957363282046174,1.4035417647072688
extreme,1022,1.0,GAN-JCSO,30,33.79526153757647,84.35236923121175,14.96,14.96,31.703661414186996,1.2378830493703583
extreme,1022,1.0,GAN-JCSO,40,15.52944567192494,92.77904709298456,10.319597613134551,14.96,34.02554234325851,1.3290741702790574
extreme,1022,1.0,GAN-JCSO,50,7.313070297544353,95.82619878970745,6.66239614895238,14.96,36.26384253647102,1.4170621766592948
extreme,1022,1.0,GAN-RB,30,22.237445568232502,91.66209966286357,12.103416656476357,14.96,31.724551656761484,1.2378482476451147
extreme,1022,1.0,GAN-RB,40,12.291515320066445,94.30558918813337,8.804337271316266,14.96,34.01900811514204,1.3277551321334666
extreme,1022,1.0,GAN-RB,50,7.706118263137659,95.83388710088227,6.7592782865735055,14.96,36.2488582511865,1.4151672494299286
extreme,1022,1.0,QuantileMLP-JCSO,30,23.30640400377387,90.33294174184797,11.769632492059493,14.96,31.742560070881723,1.2392043155322665
extreme,1022,1.0,QuantileMLP-JCSO,40,11.612648881119537,94.76384377339812,8.467259241148696,14.96,34.04982935227805,1.3298458648733662
extreme,1022,1.0,QuantileMLP-JCSO,50,9.117530117810736,95.22471218295196,6.7584248782444085,14.96,36.28244183244603,1.4176048874538099
extreme,1022,1.0,QuantileMLP-RB,30,16.204837486638223,93.43552262286526,8.80237616847423,14.96,31.73507260995312,1.2410426273990685
extreme,1022,1.0,QuantileMLP-RB,40,11.425440054118733,94.47490221019584,8.8,14.96,34.07691881195807,1.3331303947620736
extreme,1022,1.0,QuantileMLP-RB,50,9.651839556935933,94.79166666666666,8.8,14.96,36.336092925699774,1.4219861705920838
extreme,1023,0.82,Diffusion-JCSO,30,29.097305996047375,85.531791631891,14.96,21.695679770215772,39.404765990966304,1.0941607265719446
extreme,1023,0.82,Diffusion-JCSO,40,24.85554937584854,86.0597229946856,14.96,21.66348418947374,41.965114937746435,1.1662276495075212
extreme,1023,0.82,Diffusion-JCSO,50,22.905227160846536,86.31115802464097,14.96,21.639549728015798,44.43075867393212,1.2356454576807518
extreme,1023,0.82,Diffusion-RB,30,31.481943405544943,84.45661783039404,14.96,21.763886416111784,38.721433829127704,1.0757876315564041
extreme,1023,0.82,Diffusion-RB,40,25.289553613132124,85.94208927737357,14.96,21.726066727847467,41.16232139487622,1.1445633185154007
extreme,1023,0.82,Diffusion-RB,50,21.299384103832857,86.81057064070845,14.96,21.694451564182877,43.51830845865113,1.2109672244482061
extreme,1023,0.82,GAN-JCSO,30,32.70338572548257,84.8795029738578,14.96,21.70104322666419,39.2898817691195,1.091629172741569
extreme,1023,0.82,GAN-JCSO,40,27.125149087928534,85.91024494195422,14.96,21.65705189121682,41.80886391620728,1.1625958195689932
extreme,1023,0.82,GAN-JCSO,50,23.147656172100934,86.29377894384065,14.96,21.63169455898337,44.24448204756217,1.2312611245733438
extreme,1023,0.82,GAN-RB,30,41.22608593830965,78.44512329674626,14.96,22.431043366525905,41.11673107874993,1.139912750298933
extreme,1023,0.82,GAN-RB,40,33.67569431468772,82.98732642132806,14.96,21.958287234191545,44.112451755993,1.2237454247895152
extreme,1023,0.82,GAN-RB,50,28.303248882270374,84.91087555886482,14.96,21.785357852726698,46.891349244212954,1.3015645860558653
extreme,1023,0.82,QuantileMLP-JCSO,30,33.49362620393041,85.2953257638646,14.96,21.691281801224594,39.14408550119413,1.0863370707348168
extreme,1023,0.82,QuantileMLP-JCSO,40,27.112108561054306,85.77520718661874,14.96,21.659001497016,41.73479498242201,1.15927435814722
extreme,1023,0.82,QuantileMLP-JCSO,50,23.365051600268572,86.21306898457406,14.96,21.634502781253474,44.22882794722751,1.229503718481073
extreme,1023,0.82,QuantileMLP-RB,30,33.71662518482951,84.70959785197634,14.96,21.768848171024853,38.504195265616595,1.0679553754546693
extreme,1023,0.82,QuantileMLP-RB,40,26.676478706498784,86.00980218194074,14.96,21.71951142863857,41.01152054220433,1.1385237541375703
extreme,1023,0.82,QuantileMLP-RB,50,22.84934374918683,86.45833333333334,14.96,21.687900247689193,43.49630616400605,1.2084794314253324
extreme,1023,1.0,Diffusion-JCSO,30,30.003981612514636,84.55205462380395,14.96,24.940827129116812,33.78070741244603,1.1412337812977367
extreme,1023,1.0,Diffusion-JCSO,40,21.713579611817337,87.5462192151895,14.96,25.022402858951928,35.90386470117057,1.21405506889569
extreme,1023,1.0,Diffusion-JCSO,50,19.86979801334829,87.79947810888639,14.96,24.990370995117768,37.98960504874725,1.2856284445472028
extreme,1023,1.0,Diffusion-RB,30,25.490403031533283,86.57755919159112,14.96,27.12163760759156,33.532494241787575,1.1334130566538672
extreme,1023,1.0,Diffusion-RB,40,21.69597157565773,87.50860132902572,14.96,25.107171401671437,35.479111022538575,1.2002755652167372
extreme,1023,1.0,Diffusion-RB,50,18.088672602271203,88.33938789962146,14.96,25.068665643581685,37.30947086923084,1.2633471806104453
extreme,1023,1.0,GAN-JCSO,30,37.15513310057546,81.43994176849823,14.96,24.05349772140842,33.775889808467525,1.1419980206567626
extreme,1023,1.0,GAN-JCSO,40,25.596341270246786,86.22396278037468,14.96,24.00717015965516,35.88755871795764,1.2143777386467804
extreme,1023,1.0,GAN-JCSO,50,19.840545295058053,87.76098220283289,14.96,24.734580991364858,37.927369981556524,1.2843928318851323
extreme,1023,1.0,GAN-RB,30,40.548604176815076,78.96264798220675,14.96,25.451864907151553,34.74470649650114,1.1732318410784137
extreme,1023,1.0,GAN-RB,40,29.86287073657337,84.49396334512629,14.96,25.252035737541554,37.4187942019577,1.2642241155932785
extreme,1023,1.0,GAN-RB,50,23.29009887101188,87.00995605732805,14.96,25.161278781902162,39.90771816121699,1.3489300632439973
extreme,1023,1.0,QuantileMLP-JCSO,30,36.533297052122236,82.87228262891165,14.96,26.58667778851348,33.607008394898955,1.134807570728847
extreme,1023,1.0,QuantileMLP-JCSO,40,24.071999150660822,86.98763180245768,14.96,25.03047523118593,35.727076666616945,1.2074930768155696
extreme,1023,1.0,QuantileMLP-JCSO,50,20.153231252327746,87.71935374953445,14.96,24.997315808682757,37.7870831118308,1.2781174498622887
extreme,1023,1.0,QuantileMLP-RB,30,35.74136633329425,84.00431683335287,14.96,25.180057186296207,33.30757020834332,1.1239936005687545
extreme,1023,1.0,QuantileMLP-RB,40,23.293155208505443,87.56813340770123,14.96,25.126233776670574,35.22286731891657,1.1898027112247034
extreme,1023,1.0,QuantileMLP-RB,50,19.58221753945771,87.91698546491685,14.96,25.08584185562001,37.181323337370976,1.2569574020688001
extreme,1024,0.82,Diffusion-JCSO,30,34.006292013698236,88.98273817182853,14.96,25.489423710342002,35.464580768754026,1.120248063230779
extreme,1024,0.82,Diffusion-JCSO,40,22.903004594222843,90.51550953367318,14.96,25.918159585772084,38.047481227362354,1.2022859363488565
extreme,1024,0.82,Diffusion-JCSO,50,16.65100029163031,91.08803324584422,14.96,25.907031659443557,40.51850911570102,1.2807400841939787
extreme,1024,0.82,Diffusion-RB,30,33.04290577389701,87.62469022319242,14.96,21.174755875950563,35.15240623906331,1.110001736559886
extreme,1024,0.82,Diffusion-RB,40,24.249665295602917,89.88700039173249,14.96,24.109489259561485,37.636473905094036,1.188884651725408
extreme,1024,0.82,Diffusion-RB,50,20.39496669050137,90.45500555158313,14.96,25.93063171124093,40.01748144689247,1.2645513481864374
extreme,1024,0.82,GAN-JCSO,30,41.788710234710315,86.16770541302971,14.96,26.218187597972648,36.35633550072434,1.144582638519215
extreme,1024,0.82,GAN-JCSO,40,31.356800520127393,89.42130574977145,14.96,26.1907833823711,39.10353106828912,1.231597662663916
extreme,1024,0.82,GAN-JCSO,50,20.207110629665245,91.61224873456366,14.96,26.168485517086253,41.64341385947768,1.3122709065452691
extreme,1024,0.82,GAN-RB,30,40.793190681023866,83.16514265230947,14.96,26.264232789415797,36.597621797725864,1.1481221664427284
extreme,1024,0.82,GAN-RB,40,32.73695625948851,88.16813049772276,14.96,26.22849108600465,39.08642373675502,1.2267429130723908
extreme,1024,0.82,GAN-RB,50,26.057541114115228,89.75595205058879,14.96,26.203728604363867,41.20600260479033,1.2940016304669497
extreme,1024,0.82,QuantileMLP-JCSO,30,29.61124514533746,89.06562610333239,14.96,25.92798847586657,36.22985365649702,1.1459766115912657
extreme,1024,0.82,QuantileMLP-JCSO,40,19.95782626686291,90.64197462081492,14.96,25.914762222614385,38.85139429028493,1.2293874110869167
extreme,1024,0.82,QuantileMLP-JCSO,50,15.898059303059409,91.38386261431711,14.96,25.90515987879353,41.36646591924128,1.3093571794605459
extreme,1024,0.82,QuantileMLP-RB,30,28.176022806497755,88.67684826825277,14.96,25.959958824999717,35.95738720407722,1.1368066816335676
extreme,1024,0.82,QuantileMLP-RB,40,22.226891850777488,89.6831231276914,14.96,25.945688762408796,38.403426150085345,1.2146441525252687
extreme,1024,0.82,QuantileMLP-RB,50,19.683775098760318,90.37900100463156,14.96,25.934852086443126,40.64212676137336,1.2860569064552934
extreme,1024,1.0,Diffusion-JCSO,30,49.73646484643593,77.52800092330544,14.96,16.27221421682768,29.939886775365487,1.1518878010157905
extreme,1024,1.0,Diffusion-JCSO,40,29.528952542323687,86.96451354588848,14.96,16.264830331145063,32.08276240600549,1.2349031899690917
extreme,1024,1.0,Diffusion-JCSO,50,14.154664231328617,92.77831348935607,14.96,16.259027692694342,34.168160087446076,1.3157387915782868
extreme,1024,1.0,Diffusion-RB,30,36.95482303238547,84.67657287518257,14.96,16.27901890050745,29.700515812995686,1.1422838321248248
extreme,1024,1.0,Diffusion-RB,40,20.502957900496916,91.79201443080086,14.96,16.27142398340757,31.785364187349163,1.2230183049707715
extreme,1024,1.0,Diffusion-RB,50,14.659560668996079,93.32062877738954,14.96,16.26543558364284,33.78759983673622,1.3006097495489113
extreme,1024,1.0,GAN-JCSO,30,41.1085256547269,86.5356227040983,14.96,16.277162917952666,30.57078234250873,1.172330441450083
extreme,1024,1.0,GAN-JCSO,40,26.29381784504872,92.30909218328823,14.96,16.269487187767655,32.88634900117749,1.2616124819729042
extreme,1024,1.0,GAN-JCSO,50,15.356919861981956,94.26802541325611,14.96,16.263378331660267,35.115935821409224,1.3476302574036567
extreme,1024,1.0,GAN-RB,30,37.253141580204705,85.66352508646196,14.96,17.51839024743236,30.789942482197734,1.17671588901365
extreme,1024,1.0,GAN-RB,40,27.529226854789695,91.44689889438877,14.96,16.283197499189807,33.11690491476944,1.266060033868416
extreme,1024,1.0,GAN-RB,50,19.221751999596712,92.78681419361344,14.96,16.27610905188482,35.325893130228536,1.3509410594341829
extreme,1024,1.0,QuantileMLP-JCSO,30,38.10502932521244,83.39090427429761,14.96,16.269077804856035,30.506954342872675,1.1753861459230426
extreme,1024,1.0,QuantileMLP-JCSO,40,19.995631924734774,90.29114681636308,14.96,16.262154588363963,32.7023994377528,1.2605476972182383
extreme,1024,1.0,QuantileMLP-JCSO,50,11.53476123715245,93.99891961933768,14.96,16.25671534436668,34.846387668247026,1.3437266370517358
extreme,1024,1.0,QuantileMLP-RB,30,26.14673332815783,89.38768333527413,14.96,16.2837322496511,30.360484346028215,1.169089714455051
extreme,1024,1.0,QuantileMLP-RB,40,16.97884864292431,92.36611686053462,14.96,16.276144081481647,32.437437729218054,1.249611307574008
extreme,1024,1.0,QuantileMLP-RB,50,14.10970750669954,93.07454194221128,14.96,16.26988337533204,34.5027216305998,1.329777460505016
extreme,1025,0.82,Diffusion-JCSO,30,35.648674816708635,87.78318892380152,14.96,14.970475817600668,38.10013366273423,1.130114571668728
extreme,1025,0.82,Diffusion-JCSO,40,25.65837249504252,89.87208953049429,14.96,14.963105763697516,40.94324635554326,1.2149481852349493
extreme,1025,0.82,Diffusion-JCSO,50,19.98541495032321,91.43204405944685,14.96,14.96,43.640046306866054,1.2954608906847875
extreme,1025,0.82,Diffusion-RB,30,38.707514562228894,81.35086260716777,14.96,20.125489557662267,36.27413272529039,1.0738834107429407
extreme,1025,0.82,Diffusion-RB,40,32.33955199998589,85.26313301961697,14.96,16.767923996475023,39.03539927681805,1.1560851538094568
extreme,1025,0.82,Diffusion-RB,50,27.29730336543256,87.45119850425219,14.96,15.974931275616091,41.53397914070968,1.230540688383096
extreme,1025,0.82,GAN-JCSO,30,32.278011046610104,87.94654897647423,14.96,14.9644718440118,39.25691348155575,1.1649545966890305
extreme,1025,0.82,GAN-JCSO,40,23.30214079217562,90.49964729689525,14.96,14.96,42.13985780718235,1.2510910892494942
extreme,1025,0.82,GAN-JCSO,50,17.671056156573716,92.12374586002657,14.96,14.96,44.86777501854544,1.3326159393656962
extreme,1025,0.82,GAN-RB,30,29.990496005859473,85.21546132893873,14.96,20.03500879969723,39.21849090436636,1.159938008046106
extreme,1025,0.82,GAN-RB,40,26.992243255736007,87.28120539541119,14.96,17.484632862471535,42.15928368799129,1.2475389593912536
extreme,1025,0.82,GAN-RB,50,24.17433642308139,88.90049768268896,14.96,15.715589988204204,44.84683319606635,1.3277946767447404
extreme,1025,0.82,QuantileMLP-JCSO,30,30.96164769706792,88.22754498634644,14.96,14.966193158602008,39.30045522923166,1.1669291597653295
extreme,1025,0.82,QuantileMLP-JCSO,40,21.978544612884868,90.95748937788454,14.96,14.96,42.204268095808736,1.2537376477086546
extreme,1025,0.82,QuantileMLP-JCSO,50,17.297009263897447,92.04059814722052,14.96,14.96,44.95270710250224,1.3359211152582202
extreme,1025,0.82,QuantileMLP-RB,30,31.78595432417873,83.37443133755855,14.96,20.338284021528708,38.50813377764932,1.141943681698406
extreme,1025,0.82,QuantileMLP-RB,40,28.067409111857696,85.40777649944006,14.96,18.332216022563482,41.441751209801296,1.2294658849730569
extreme,1025,0.82,QuantileMLP-RB,50,25.04757176712217,87.29424470450161,14.96,16.27703832551906,44.2124653537753,1.3121493370336386
extreme,1025,1.0,Diffusion-JCSO,30,58.133430743177136,72.36994155409371,14.96,15.320685253941125,32.13156368729992,1.1609197208992146
extreme,1025,1.0,Diffusion-JCSO,40,40.938260721907014,81.44377065743211,14.96,15.147735031487091,34.50366762309532,1.2471958866563477
extreme,1025,1.0,Diffusion-JCSO,50,23.689248074686454,90.24793313399134,14.96,15.141575554776098,36.74547781712388,1.3287604038699132
extreme,1025,1.0,Diffusion-RB,30,41.850487402105635,79.97304089206995,14.96,18.9498727879129,30.78743829141498,1.1102831137828406
extreme,1025,1.0,Diffusion-RB,40,30.9057373963618,86.95364025837856,14.96,16.530131458111658,32.93415051614691,1.1881644276144294
extreme,1025,1.0,Diffusion-RB,50,25.65818124724691,89.19121237099614,14.96,16.4444402664499,35.0876150344095,1.2662864783574588
extreme,1025,1.0,GAN-JCSO,30,38.22594616993494,85.85103055895414,14.96,15.154164024632003,32.99075481828433,1.1924113449391747
extreme,1025,1.0,GAN-JCSO,40,24.872318588847882,90.29156084844776,14.96,15.146572941563,35.43494561537401,1.281380198338699
extreme,1025,1.0,GAN-JCSO,50,16.88526147433461,93.29308608975313,14.96,15.140943793740679,37.80514837733238,1.3676826059267988
extreme,1025,1.0,GAN-RB,30,53.910580128867615,70.53956485614036,14.96,19.86488102113666,32.98369721116009,1.1882491493672949
extreme,1025,1.0,GAN-RB,40,30.026324243374397,86.20586041601344,14.96,17.374808560783578,35.45031832539273,1.277730853182934
extreme,1025,1.0,GAN-RB,50,23.11094099051216,90.42369617141057,14.96,16.23905539190599,37.87546562147865,1.3657179879706407
extreme,1025,1.0,QuantileMLP-JCSO,30,37.60081106708651,85.5611541831759,14.96,15.273639189140683,33.021243848578514,1.1941929427255265
extreme,1025,1.0,QuantileMLP-JCSO,40,22.586075717168644,91.41712611274131,14.96,15.143309561712007,35.46881468868506,1.283357067369991
extreme,1025,1.0,QuantileMLP-JCSO,50,16.31383220551082,93.32056689223118,14.96,15.138061474423974,37.83534970014789,1.3695893570507807
extreme,1025,1.0,QuantileMLP-RB,30,32.525057681030454,84.18589766121833,14.96,18.76727149798871,32.589464715544054,1.1769895047695675
extreme,1025,1.0,QuantileMLP-RB,40,26.774744065847667,86.86717853497133,14.96,17.629426158812382,34.92490580240791,1.2619755021217451
extreme,1025,1.0,QuantileMLP-RB,50,24.0917087516989,88.61426166569586,14.96,16.409157774693888,37.17557448565858,1.3439044193360896
extreme,1026,0.82,Diffusion-JCSO,30,31.840065533500315,86.59618358121348,14.96,26.636016345581492,39.08000920088776,1.0995305582211132
extreme,1026,0.82,Diffusion-JCSO,40,26.572782862303345,87.5,14.96,26.608646989220322,41.6875062403184,1.1737697257132662
extreme,1026,0.82,Diffusion-JCSO,50,24.684047775327482,87.82836730228739,14.96,26.585947968818598,44.17914474758972,1.2447224262295746
extreme,1026,0.82,Diffusion-RB,30,37.23670377003831,84.60245086259536,14.96,26.81441089890092,38.148898895147234,1.0721026594273806
extreme,1026,0.82,Diffusion-RB,40,30.995155026548588,86.59727191695032,14.96,26.671360558852292,40.61977046329049,1.1423130735245615
extreme,1026,0.82,Diffusion-RB,50,27.77165697027681,87.3369821967885,14.96,26.64118181861539,43.00137440721441,1.2100564005265617
extreme,1026,0.82,GAN-JCSO,30,35.63227140322996,84.69826614038185,14.96,26.668872573140085,38.68754812149441,1.0895967833003064
extreme,1026,0.82,GAN-JCSO,40,30.807088367841033,85.62046420553695,14.96,26.62251919617704,41.24989685026212,1.162534766837035
extreme,1026,0.82,GAN-JCSO,50,26.291767380047695,86.94849979018205,14.96,26.594698445229696,43.72416793210666,1.2329895036702556
extreme,1026,0.82,GAN-RB,30,55.82969608305676,70.9692156820696,14.96,27.212998448878494,38.538415544577596,1.087714066066194
extreme,1026,0.82,GAN-RB,40,51.657721997811,74.15179303129804,14.96,26.962761687610072,40.95484282902785,1.1567597863820414
extreme,1026,0.82,GAN-RB,50,47.66893914601596,76.54380183320052,14.96,26.88932012249991,43.278294964473375,1.223229271241787
extreme,1026,0.82,QuantileMLP-JCSO,30,30.96292528247963,87.02628921086284,14.96,26.62719404053692,39.16680097612441,1.102412178496377
extreme,1026,0.82,QuantileMLP-JCSO,40,25.63834552833501,87.63777676152763,14.96,26.600255382474113,41.78313703387986,1.1769520029719693
extreme,1026,0.82,QuantileMLP-JCSO,50,23.73521035428918,88.06048543745916,14.96,26.57817870095473,44.307838707176785,1.248928761220033
extreme,1026,0.82,QuantileMLP-RB,30,31.046483687922038,86.33756534955165,14.96,26.74158395676515,39.31323653604495,1.1052021566531034
extreme,1026,0.82,QuantileMLP-RB,40,27.047109007610967,87.77832399723238,14.96,26.677191394600833,41.95526816328214,1.1803734368658911
extreme,1026,0.82,QuantileMLP-RB,50,24.917847536133745,88.125,14.96,26.63327029393488,44.46671137868775,1.2518191356836477
extreme,1026,1.0,Diffusion-JCSO,30,51.20627325715665,73.19652601960074,14.96,27.966479550464186,33.492599092769964,1.146743925242938
extreme,1026,1.0,Diffusion-JCSO,40,30.740469936784887,83.66030878829821,14.96,26.627779230921938,35.611171629679085,1.2202821863525444
extreme,1026,1.0,Diffusion-JCSO,50,18.119092032279625,89.9012559192132,14.96,26.82563534470401,37.72919558596407,1.2938039301368773
extreme,1026,1.0,Diffusion-RB,30,35.833559288219334,83.51439451236841,14.96,25.524703418468736,32.751965320215525,1.1204225802491268
extreme,1026,1.0,Diffusion-RB,40,26.978784859371064,87.65644090364779,14.96,25.688200453724516,34.82433309812218,1.1921294393323005
extreme,1026,1.0,Diffusion-RB,50,24.328817901314416,87.96024370841826,14.96,25.865185783410265,36.78698361219471,1.2601035170089185
extreme,1026,1.0,GAN-JCSO,30,33.859902449393296,84.81015446875308,14.96,25.275214571872795,33.106499821546876,1.1349236952608557
extreme,1026,1.0,GAN-JCSO,40,27.759329615053513,86.2721586775326,14.96,25.48925262240945,35.31377999039133,1.2115132842814134
extreme,1026,1.0,GAN-JCSO,50,18.71931614849034,89.6516239575742,14.96,25.756561292526623,37.41206226036825,1.2843428802935304
extreme,1026,1.0,GAN-RB,30,52.519767591150966,73.22992791108264,14.96,27.387752520821284,33.21841660282617,1.1414805619212822
extreme,1026,1.0,GAN-RB,40,44.47960883186562,77.87482313392042,14.96,27.144695403035485,35.51951930741691,1.2212590498665474
extreme,1026,1.0,GAN-RB,50,40.61740025533155,79.51895538533452,14.96,27.113958505137457,37.51340030683161,1.290540938599854
extreme,1026,1.0,QuantileMLP-JCSO,30,37.042472502870986,81.62294434167165,14.96,25.893502546738326,33.521492226295,1.1483041013786661
extreme,1026,1.0,QuantileMLP-JCSO,40,20.881941089870416,88.36377225580534,14.96,26.177679077721,35.685045074422064,1.2233929304707438
extreme,1026,1.0,QuantileMLP-JCSO,50,17.058604172614295,90.20833333333331,14.96,26.432828798611087,37.806628500255755,1.2969952905626272
extreme,1026,1.0,QuantileMLP-RB,30,25.596776248036747,88.24001565448144,14.96,25.696287400159974,33.5999135426407,1.1498457020388784
extreme,1026,1.0,QuantileMLP-RB,40,20.160149205570026,90.00963682555266,14.96,25.89677554161756,35.78619076379452,1.22550181831469
extreme,1026,1.0,QuantileMLP-RB,50,18.462204298886977,90.20833333333331,14.96,26.14055144826574,37.931592138543756,1.2997672447994535
extreme,1027,0.82,Diffusion-JCSO,30,35.48746949472485,84.71768416289498,14.96,23.65201928865468,37.858083558433044,1.1538680757036468
extreme,1027,0.82,Diffusion-JCSO,40,27.802936009795346,86.50975822035645,14.96,23.617341435166264,40.4288291139071,1.2331642350205423
extreme,1027,0.82,Diffusion-JCSO,50,22.84596002396729,87.49295578442793,14.96,23.593058961767824,42.88744549717679,1.3091086751104886
extreme,1027,0.82,Diffusion-RB,30,36.122818792938574,84.41730506873343,14.96,23.784462407134008,36.402602666687386,1.1078315222203632
extreme,1027,0.82,Diffusion-RB,40,29.45389190873686,86.07402702281578,14.96,23.71642908250871,38.824681385589635,1.1823788433430418
extreme,1027,0.82,Diffusion-RB,50,24.95066445618424,87.04824473917543,14.96,23.67415593976516,41.167686857223984,1.2545381264422863
extreme,1027,0.82,GAN-JCSO,30,38.33546979166057,83.10064110119204,14.96,23.62704769772775,38.35564087882628,1.1703216895601756
extreme,1027,0.82,GAN-JCSO,40,28.827872095020602,85.62647601035479,14.96,23.599334212423262,40.93029240283486,1.2498568508647738
extreme,1027,0.82,GAN-JCSO,50,23.72071169281256,87.08919099477082,14.96,23.576948997966532,43.40652827434431,1.3264642146828738
extreme,1027,0.82,GAN-RB,30,36.36682192541623,82.70789103051155,14.96,23.938413379964384,38.05996986564644,1.1601677760747735
extreme,1027,0.82,GAN-RB,40,29.97566082348492,85.22826531064591,14.96,23.743265050132045,40.64410144732773,1.239763786853783
extreme,1027,0.82,GAN-RB,50,26.15731505676535,86.22897301998206,14.96,23.658974497286078,43.06859884523979,1.3144700950133765
extreme,1027,0.82,QuantileMLP-JCSO,30,33.03404126971985,85.3998988662305,14.96,21.939049993156264,38.06237254253916,1.160769394785802
extreme,1027,0.82,QuantileMLP-JCSO,40,27.037669231143934,86.32366618582718,14.96,22.45426826497488,40.43547693928332,1.2339627273584615
extreme,1027,0.82,QuantileMLP-JCSO,50,22.839432353759953,87.32469471654817,14.96,22.616448490500755,42.84071763620818,1.3084660915781086
extreme,1027,0.82,QuantileMLP-RB,30,36.77173621360416,83.78282058306146,14.96,23.47238687376018,36.81792250411003,1.121741229150568
extreme,1027,0.82,QuantileMLP-RB,40,29.921812055211635,85.29002949758419,14.96,23.467803602456073,39.07744856543975,1.1913692461599343
extreme,1027,0.82,QuantileMLP-RB,50,24.664316156588875,86.82426037412051,14.96,23.51592978841535,41.2350781164434,1.2579500311489777
extreme,1027,1.0,Diffusion-JCSO,30,36.46830136819012,85.4241211046075,13.921911041510784,14.96,32.53774413401862,1.2068353934843459
extreme,1027,1.0,Diffusion-JCSO,40,20.476069161416007,92.59358940701217,10.16417002522439,14.96,34.6662730108531,1.2867863674096989
extreme,1027,1.0,Diffusion-JCSO,50,12.759581655145341,95.46902833717377,8.841288811365002,14.96,36.77580468473217,1.3660340533475344
extreme,1027,1.0,Diffusion-RB,30,29.297556798025134,90.23897818516146,12.080650783614331,14.977889142944232,31.36124151384534,1.1616247988156618
extreme,1027,1.0,Diffusion-RB,40,18.84074923265656,94.24247419812815,9.072399677810276,14.96,33.30596140723857,1.2345227666107974
extreme,1027,1.0,Diffusion-RB,50,14.339718661154023,95.15748195629055,8.822590562400043,14.96,35.25692538448192,1.3076893496086475
extreme,1027,1.0,GAN-JCSO,30,28.804177013401215,90.44282878077011,9.482527897068092,14.96,32.87057176482337,1.2206098174576825
extreme,1027,1.0,GAN-JCSO,40,18.057297241594455,93.9537361054134,8.8,14.96,35.08306294238952,1.3036853118143272
extreme,1027,1.0,GAN-JCSO,50,14.311740150736556,94.97098530318601,8.8,14.96,37.21954398956422,1.3840352967096106
extreme,1027,1.0,GAN-RB,30,25.650686300588838,90.9751874164069,12.981072502159636,14.96,32.81469637338828,1.2179844795456751
extreme,1027,1.0,GAN-RB,40,18.195056842652463,93.87133640333775,9.4008189894124,14.96,34.98942263511803,1.2994248262964148
extreme,1027,1.0,GAN-RB,50,14.320658587091152,94.78713575720597,8.825366598590271,14.96,37.060309461898264,1.377007768301501
extreme,1027,1.0,QuantileMLP-JCSO,30,22.983496027349762,92.5326547629193,8.8,14.96,32.97066507350781,1.2238312097645645
extreme,1027,1.0,QuantileMLP-JCSO,40,15.787000991940404,94.47531915512847,7.345941504137662,14.96,35.121966996040655,1.3046898416433061
extreme,1027,1.0,QuantileMLP-JCSO,50,11.151890430797861,95.85786072563388,7.162872173973969,14.96,37.13835680389758,1.3804615730055971
extreme,1027,1.0,QuantileMLP-RB,30,31.85738415170455,87.20738750773903,11.10679816207793,14.96,32.07462289902508,1.18932476198573
extreme,1027,1.0,QuantileMLP-RB,40,22.626760397443046,91.58547845623046,8.845860652315798,14.96,33.91709365146863,1.2585741259571703
extreme,1027,1.0,QuantileMLP-RB,50,12.08133505732821,95.74185089407692,7.224331154923516,14.96,35.74286981794838,1.3271997638328796
extreme,1028,0.82,Diffusion-JCSO,30,36.95461035282204,80.73454330199951,14.96,39.18730070832812,39.30337061527081,1.1160718167674086
extreme,1028,0.82,Diffusion-JCSO,40,27.46933904028142,83.50514036714702,14.96,39.15841925807234,41.912977903486265,1.1911836004812115
extreme,1028,0.82,Diffusion-JCSO,50,22.770447879632105,84.05473568171266,14.96,39.13455214115371,44.43209009961844,1.263731207681821
extreme,1028,0.82,Diffusion-RB,30,39.93624224132995,80.03150895031442,14.96,39.31212883246693,37.721934925554336,1.0687765675415344
extreme,1028,0.82,Diffusion-RB,40,33.174348072802786,82.01399393080669,14.96,39.25123333243025,40.00245528222141,1.1342544812075588
extreme,1028,0.82,Diffusion-RB,50,26.993464771216644,83.2063277896682,14.96,39.206256014211185,42.21030227636727,1.1976774259151006
extreme,1028,0.82,GAN-JCSO,30,37.02453426471346,80.72064204925688,14.96,39.20252475411024,39.347565276976816,1.1180010099530844
extreme,1028,0.82,GAN-JCSO,40,27.981503734054563,83.06401046416886,14.96,39.166581853932946,41.99875252073096,1.1943195431230926
extreme,1028,0.82,GAN-JCSO,50,23.30837933749259,84.12999079916816,14.96,39.14178515123142,44.532179079446415,1.2673327834195889
extreme,1028,0.82,GAN-RB,30,36.45201314729103,79.1127212966859,14.96,39.40048430070897,39.336367017061384,1.1173736320814085
extreme,1028,0.82,GAN-RB,40,29.131445983947593,82.32123872412272,14.96,39.32237766137976,41.99812735583971,1.1938287021703013
extreme,1028,0.82,GAN-RB,50,24.790731380639343,83.75026722457923,14.96,39.270637152556915,44.40787360946397,1.2631198901548966
extreme,1028,0.82,QuantileMLP-JCSO,30,35.54853884802318,81.47739334033888,14.96,39.18887660176678,39.1638901813407,1.1126286415102289
extreme,1028,0.82,QuantileMLP-JCSO,40,28.013175570445544,82.9361549341355,14.96,39.159973156178886,41.80270245597707,1.1885783446896856
extreme,1028,0.82,QuantileMLP-JCSO,50,23.88895550779321,84.06016742014404,14.96,39.13583910510358,44.32480379143213,1.2612476498182774
extreme,1028,0.82,QuantileMLP-RB,30,43.801641760769385,78.61467164784612,14.96,39.3212727402029,37.12101945934437,1.0519894739409288
extreme,1028,0.82,QuantileMLP-RB,40,36.578440198422236,80.41112224982415,14.96,39.257956680354965,39.41461348864292,1.1179062474625812
extreme,1028,0.82,QuantileMLP-RB,50,31.848779990638793,81.60659795015813,14.96,39.21303121307424,41.49882499786935,1.1779744762899595
extreme,1028,1.0,Diffusion-JCSO,30,45.24261555105067,80.25397624174195,14.96,22.198533015745983,33.512386932947884,1.1583082894710675
extreme,1028,1.0,Diffusion-JCSO,40,26.965906787392054,88.88561834176741,14.96,22.167699775873533,35.75482351857876,1.2367180311739394
extreme,1028,1.0,Diffusion-JCSO,50,17.562683118847506,92.03566196604358,14.96,22.14358658664998,37.9545664794516,1.3136997425371948
extreme,1028,1.0,Diffusion-RB,30,38.43359274646255,86.06693029572983,14.96,22.714131673865964,32.20575515686971,1.1108338384545065
extreme,1028,1.0,Diffusion-RB,40,26.379872635850454,90.42905519784819,14.96,22.24984877487775,34.383484809749476,1.1868176960153967
extreme,1028,1.0,Diffusion-RB,50,21.714009476393986,91.25602771855922,14.96,22.220612422439984,36.41729945997124,1.257821349825761
extreme,1028,1.0,GAN-JCSO,30,53.06094583934906,76.23605307091056,14.96,22.31078633651295,33.529951491086344,1.1596740936172834
extreme,1028,1.0,GAN-JCSO,40,32.71565544166732,85.88468952763127,14.96,22.179296525031194,35.77026863625608,1.2380607123971916
extreme,1028,1.0,GAN-JCSO,50,19.520022247050296,91.28257554686574,14.96,22.143162635880635,37.998123977462626,1.3160103572397794
extreme,1028,1.0,GAN-RB,30,53.39483628817282,76.11508185591359,14.96,23.27986492577115,33.43403132304982,1.1562016428203026
extreme,1028,1.0,GAN-RB,40,34.3206114079271,84.94121480973598,14.96,22.392048218604995,35.71899791152616,1.236154385427207
extreme,1028,1.0,GAN-RB,50,22.974591593723314,90.10183002917734,14.96,22.22348772459123,37.906331588344415,1.3126923627369502
extreme,1028,1.0,QuantileMLP-JCSO,30,46.80891802447538,80.19355744218336,14.96,22.195069130993595,33.355620064681304,1.153472267834877
extreme,1028,1.0,QuantileMLP-JCSO,40,27.155052436304693,88.82428370709528,14.96,22.164631725067427,35.61801862668294,1.2326027609246557
extreme,1028,1.0,QuantileMLP-JCSO,50,18.51113484426756,92.2026661070614,14.96,22.140707103981338,37.83075230110034,1.3100214778423378
extreme,1028,1.0,QuantileMLP-RB,30,47.63453833494732,78.5081731758224,14.96,27.292029592936842,31.626565493110913,1.0910115771345663
extreme,1028,1.0,QuantileMLP-RB,40,35.06866085971414,86.46019433106187,14.96,23.50543872931338,33.68391858626305,1.1628765996609032
extreme,1028,1.0,QuantileMLP-RB,50,24.921530889179504,90.10755091655768,14.96,22.21971518901177,35.76904630767558,1.2356472104878216
extreme,1029,0.82,Diffusion-JCSO,30,32.04372486589262,90.2182354501935,14.96,14.96,37.33339102775697,1.170464562588386
extreme,1029,0.82,Diffusion-JCSO,40,25.39979784309681,91.96790046219354,14.96,14.96,39.92004491470784,1.2523977073824708
extreme,1029,0.82,Diffusion-JCSO,50,18.81280435216113,93.32286594130647,14.96,14.96,42.4253222496607,1.3317879735129876
extreme,1029,0.82,Diffusion-RB,30,33.98371587622225,88.8081633142716,14.96,15.002680581123256,36.29793620061376,1.1374289768097203
extreme,1029,0.82,Diffusion-RB,40,27.648040754357783,91.12290538596748,14.96,14.96,38.72508021698159,1.2142619088333246
extreme,1029,0.82,Diffusion-RB,50,23.68931717176372,92.30178047137274,14.96,14.96,41.019115607957815,1.286848857725971
extreme,1029,0.82,GAN-JCSO,30,30.459250304388902,90.9538332703563,14.96,14.96,37.58415279193923,1.1781223817037787
extreme,1029,0.82,GAN-JCSO,40,23.631711563611837,92.24430844349664,14.96,14.96,40.22474377782646,1.2617017042454195
extreme,1029,0.82,GAN-JCSO,50,19.323406016516635,92.90029887190313,14.96,14.96,42.78595468125189,1.3427854313559773
extreme,1029,0.82,GAN-RB,30,31.801200688585645,87.9517328566202,14.96,15.853994886962141,37.07319067289543,1.1606362971879811
extreme,1029,0.82,GAN-RB,40,28.13469649766573,89.57848508450047,14.96,15.345593182013381,39.75137845124727,1.2451952287648176
extreme,1029,0.82,GAN-RB,50,24.64348472713254,91.0910606465114,14.96,15.21316642740701,42.33446664935856,1.3267847249492448
extreme,1029,0.82,QuantileMLP-JCSO,30,31.622172545816028,90.17814791442795,14.96,14.96,37.318376131230515,1.16952685787623
extreme,1029,0.82,QuantileMLP-JCSO,40,22.928666375126284,92.7477127341562,14.96,14.96,39.89527651708646,1.251102631733845
extreme,1029,0.82,QuantileMLP-JCSO,50,17.858451831799616,93.52058126479612,14.96,14.96,42.413257399843665,1.3308753586667819
extreme,1029,0.82,QuantileMLP-RB,30,32.74925868887564,88.96358414641146,14.96,15.0911644113255,36.636002076585,1.1462577794131408
extreme,1029,0.82,QuantileMLP-RB,40,26.75682836113309,90.82445451189535,14.96,14.96,39.08086651277298,1.2235358060734285
extreme,1029,0.82,QuantileMLP-RB,50,22.542053216570483,92.35885542054241,14.96,14.96,41.543266643265376,1.3014085543013865
extreme,1029,1.0,Diffusion-JCSO,30,32.11859130439774,87.97792968941818,12.461721232582647,14.96,31.861768006177254,1.2159440058233637
extreme,1029,1.0,Diffusion-JCSO,40,15.907730245497385,94.8677266121117,8.78079872478414,14.96,34.055643090429015,1.3004942974804305
extreme,1029,1.0,Diffusion-JCSO,50,10.17615784048417,96.03508979285573,7.287331044851556,14.96,36.20078494833638,1.3832417429438488
extreme,1029,1.0,Diffusion-RB,30,25.0180835565673,92.13521963608768,8.8,14.96,30.956402408075828,1.181035178428253
extreme,1029,1.0,Diffusion-RB,40,19.14958666784084,93.66120296270203,8.8,14.96,33.120837557674946,1.2642695703406017
extreme,1029,1.0,Diffusion-RB,50,15.761386078947885,94.68105611754375,8.8,14.96,35.17673654418245,1.343502965493656
extreme,1029,1.0,GAN-JCSO,30,37.47546615864455,84.49143358734437,13.236073771340488,14.96,32.01976738279262,1.221854891920043
extreme,1029,1.0,GAN-JCSO,40,19.94799387416256,92.40599501751964,8.838186840283464,14.96,34.23803094996432,1.307313869345771
extreme,1029,1.0,GAN-JCSO,50,10.519341950582646,95.79690016807284,7.875856824364852,14.96,36.40369636794254,1.3907960707720566
extreme,1029,1.0,GAN-RB,30,27.61896888530098,88.70267656679816,9.81805006535906,14.96,31.558627553875517,1.2030140045568585
extreme,1029,1.0,GAN-RB,40,20.674990717129504,91.25417072792249,8.837823503719472,14.96,33.786411882286195,1.2886067359383497
extreme,1029,1.0,GAN-RB,50,15.71631509374702,93.96690104861311,8.8,14.96,35.974829308729376,1.3727610434188713
extreme,1029,1.0,QuantileMLP-JCSO,30,41.666988145027894,83.01476120366398,14.96,14.96,31.864399524863856,1.2156007634471075
extreme,1029,1.0,QuantileMLP-JCSO,40,13.514503703238532,96.04326448804481,6.68771886519981,14.96,34.066275570479704,1.3004186502845485
extreme,1029,1.0,QuantileMLP-JCSO,50,9.560756156467127,96.25,6.5220022248515805,14.96,36.21355649663448,1.3831982059473713
extreme,1029,1.0,QuantileMLP-RB,30,23.492511534724663,92.23154936016336,8.8,14.96,31.278235293280524,1.191499046233181
extreme,1029,1.0,QuantileMLP-RB,40,17.29907284446424,94.13478871110546,8.8,14.96,33.47762683302304,1.2759673151894384
extreme,1029,1.0,QuantileMLP-RB,50,13.457417516548455,95.35462457505909,8.8,14.96,35.54140084109601,1.3553611861653427
extreme,1030,0.82,Diffusion-JCSO,30,24.573971599743622,91.35572695559827,14.96,24.70514818295488,36.51049660647781,1.181348876815602
extreme,1030,0.82,Diffusion-JCSO,40,16.8891613544463,92.38455250794831,14.96,24.67693204560883,39.17464899998652,1.268147160910706
extreme,1030,0.82,Diffusion-JCSO,50,14.209501448589029,93.04127729491478,14.96,24.641931478816055,41.736894155624995,1.3516637841510133
extreme,1030,0.82,Diffusion-RB,30,29.496667816615133,90.94647402725847,14.96,24.865166811409203,35.90037735170724,1.1577203376798282
extreme,1030,0.82,Diffusion-RB,40,19.38243902666326,92.00554693212214,14.96,24.802938440096973,38.456106911441346,1.240675068776888
extreme,1030,0.82,Diffusion-RB,50,14.619774805634528,93.13541926067161,14.96,24.74732657545085,40.91894258862581,1.3206618236172127
extreme,1030,0.82,GAN-JCSO,30,24.899766283951358,90.64330220293186,14.96,24.69511377714698,36.640453219560825,1.1861213366420043
extreme,1030,0.82,GAN-JCSO,40,17.23007821749692,92.36218841354221,14.96,24.66938574652845,39.31606882205114,1.2733617646479398
extreme,1030,0.82,GAN-JCSO,50,14.832239158892547,92.74188550155483,14.96,24.63718540383517,41.89009870881498,1.3573171819306245
extreme,1030,0.82,GAN-RB,30,21.858078599822765,90.94596070008863,14.96,24.817775090962858,36.87554499696848,1.1914728833516692
extreme,1030,0.82,GAN-RB,40,18.263589308050875,92.56956427677966,14.96,24.767376848946423,39.52679963595915,1.2777032092398348
extreme,1030,0.82,GAN-RB,50,13.391295667501707,93.235767285595,14.96,24.73201414549264,42.04435886958185,1.359656397391403
extreme,1030,0.82,QuantileMLP-JCSO,30,21.51072812542226,91.14188302456624,14.96,24.69684668791342,36.509185278283375,1.1837035283028239
extreme,1030,0.82,QuantileMLP-JCSO,40,16.554663449835026,92.22015409360245,14.96,24.671531477533506,39.13713910152718,1.2695134633617369
extreme,1030,0.82,QuantileMLP-JCSO,50,14.04881427997387,92.81706190667539,14.96,24.64044439607473,41.67135743828408,1.3522831006772575
extreme,1030,0.82,QuantileMLP-RB,30,31.562295203723536,88.99312382098104,14.96,25.34468521742316,35.77176404522966,1.1541689444046364
extreme,1030,0.82,QuantileMLP-RB,40,23.69023416005977,91.16616954665578,14.96,24.855006552696587,38.23787331262588,1.2342840067648315
extreme,1030,0.82,QuantileMLP-RB,50,19.18333331515032,91.8450000024244,14.96,24.80808589128874,40.43057206415062,1.3057416188474371
extreme,1030,1.0,Diffusion-JCSO,30,45.461536598309266,78.80712929325405,14.96,24.270749535545573,30.640110420998475,1.2075144186397777
extreme,1030,1.0,Diffusion-JCSO,40,17.153050562796494,92.07098215430712,14.96,23.964641954842733,32.84178072198081,1.2949152719363621
extreme,1030,1.0,Diffusion-JCSO,50,13.77656672860856,93.25503331268604,14.96,23.93439161618893,34.99508439001736,1.3804149451415497
extreme,1030,1.0,Diffusion-RB,30,28.1124849971661,91.66753980639926,14.96,24.257680374757573,30.328729744316405,1.1913939874199377
extreme,1030,1.0,Diffusion-RB,40,17.939855075392014,92.5370289849216,14.96,24.1254622543214,32.44501652092089,1.2750429081601413
extreme,1030,1.0,Diffusion-RB,50,13.874255771113997,93.35014884577721,14.96,24.071700266186177,34.47555837018048,1.3553690718893816
extreme,1030,1.0,GAN-JCSO,30,65.25629501735506,65.22559659450717,14.96,24.117137786386323,30.765203343556976,1.2130868594045368
extreme,1030,1.0,GAN-JCSO,40,29.88129082681294,84.95672315919714,14.96,23.967075260136742,32.97884432563825,1.3009605451784199
extreme,1030,1.0,GAN-JCSO,50,16.355674649008495,91.79761067410168,14.96,23.927946247377953,35.127864696642305,1.3863620971873343
extreme,1030,1.0,GAN-RB,30,25.104984379230807,89.20521809631408,14.96,24.153014289486304,30.89346626386197,1.2160903929590958
extreme,1030,1.0,GAN-RB,40,17.462875965082915,92.76196246532908,14.96,24.092513644050396,33.143381525294814,1.3051456563556871
extreme,1030,1.0,GAN-RB,50,12.832185142291571,93.4515802540625,14.96,24.045363667862862,35.31265114641669,1.3910818147868729
extreme,1030,1.0,QuantileMLP-JCSO,30,35.0098711977869,84.40803726440382,14.96,23.916767330078958,30.620449845592542,1.2092620852709235
extreme,1030,1.0,QuantileMLP-JCSO,40,19.006750098940145,91.17848329555619,14.96,23.67404842091495,32.83085339654338,1.2971191548230696
extreme,1030,1.0,QuantileMLP-JCSO,50,13.391283886418499,93.24457203786048,14.96,23.653516883181528,34.972471264127755,1.382330172221333
extreme,1030,1.0,QuantileMLP-RB,30,29.901817379768087,89.68958497389588,14.96,24.34634514155721,30.114127890587934,1.18369374908823
extreme,1030,1.0,QuantileMLP-RB,40,22.971243219459307,91.11246273762491,14.96,24.54591665819673,32.32935647587029,1.27119574841078
extreme,1030,1.0,QuantileMLP-RB,50,18.110360487858475,91.84081873743673,14.96,24.385232169724553,34.35625951608394,1.351435407160863
extreme,1031,0.82,Diffusion-JCSO,30,23.002655653361643,90.54142524363377,14.96,18.02836430795539,36.18634625299598,1.1898820339466665
extreme,1031,0.82,Diffusion-JCSO,40,17.089980603857445,91.62794688121839,14.96,17.99746506722135,38.7240585785694,1.2740856748801326
extreme,1031,0.82,Diffusion-JCSO,50,14.870726857188584,92.07203902040162,14.96,17.973012281696715,41.19054946357704,1.355970441176963
extreme,1031,0.82,Diffusion-RB,30,22.15758328343634,90.0570694527606,14.96,19.58306895632408,36.3287961068285,1.196869770696663
extreme,1031,0.82,Diffusion-RB,40,17.735905487174982,91.25,14.96,19.54464415443674,38.84240095018923,1.2804446976129213
extreme,1031,0.82,Diffusion-RB,50,15.145099894392333,91.68473336350694,14.96,19.519639429534166,41.31762310376779,1.3627688442221588
extreme,1031,0.82,GAN-JCSO,30,22.00262059905336,90.713214091785,14.96,17.360832613258264,36.0747709812178,1.187604172276339
extreme,1031,0.82,GAN-JCSO,40,16.332952105182972,91.80217864037093,14.96,17.31627780746685,38.514747148328524,1.2686339284987458
extreme,1031,0.82,GAN-JCSO,50,14.754269002595693,91.91010442820061,14.96,17.404584007766545,40.89113912361619,1.3476905031780695
extreme,1031,0.82,GAN-RB,30,33.64449184691606,85.65012098882951,14.96,19.732080897721005,36.04136474850529,1.1818580868769195
extreme,1031,0.82,GAN-RB,40,26.65643064715731,87.42182482023408,14.96,18.58256635761575,38.31905871567387,1.2574817437447547
extreme,1031,0.82,GAN-RB,50,23.047517915786734,88.54511136942473,14.96,18.065997192189087,40.34396704802295,1.32498222180297
extreme,1031,0.82,QuantileMLP-JCSO,30,21.79879742029926,90.45461498641157,14.96,17.893327631984388,36.11731583872763,1.1888533418202496
extreme,1031,0.82,QuantileMLP-JCSO,40,17.757837078086173,91.01301810243488,14.96,17.88025191938928,38.59558830015446,1.2711584229790462
extreme,1031,0.82,QuantileMLP-JCSO,50,15.706797296782396,91.50051201218363,14.96,17.872113913116632,41.00101630440612,1.3510757979914096
extreme,1031,0.82,QuantileMLP-RB,30,29.00408325119236,87.78401317951078,14.96,17.36353822001749,35.83201018493242,1.1790676552695079
extreme,1031,0.82,QuantileMLP-RB,40,24.080885831311594,88.9140263466204,14.96,17.342544634641722,38.19887506709392,1.2576398309904928
extreme,1031,0.82,QuantileMLP-RB,50,20.578085245966204,89.87674936245571,14.96,17.3011118018951,40.56652855416116,1.3362866190189886
extreme,1031,1.0,Diffusion-JCSO,30,26.38312489593976,88.8307122097704,14.96,15.346745825411396,30.630387490193126,1.2263221773427375
extreme,1031,1.0,Diffusion-JCSO,40,13.54347406625314,94.42460179096143,12.050629576543107,15.332204771524186,32.77054161551165,1.3127331254498174
extreme,1031,1.0,Diffusion-JCSO,50,11.464643900326083,94.8421723582518,11.813403955137806,15.327362676013376,34.83070014750133,1.396041316333508
extreme,1031,1.0,Diffusion-RB,30,18.930435143452108,92.69275348787214,14.556788502335985,15.40093027273974,30.707751627569156,1.2318770998796804
extreme,1031,1.0,Diffusion-RB,40,14.603983852845,93.95833333333331,14.428331595942858,15.352889168665095,32.86042068171159,1.3189089412586856
extreme,1031,1.0,Diffusion-RB,50,11.903495509276704,94.48590604496856,14.390628092139844,15.347907699675165,34.931529300575384,1.40277117352375
extreme,1031,1.0,GAN-JCSO,30,37.44348999931445,82.85758859182931,14.96,14.96,30.659026656366603,1.2289835129575524
extreme,1031,1.0,GAN-JCSO,40,19.697029233660135,90.7365055257807,14.426902920707954,14.96,32.76761699582863,1.314247820972844
extreme,1031,1.0,GAN-JCSO,50,11.40360074901633,94.42247374117794,9.16035974282596,14.96,34.78799729255948,1.3959958734176856
extreme,1031,1.0,GAN-RB,30,33.55977154772176,85.37456442401972,14.96,15.432014818653972,30.677147647689964,1.2251135136337719
extreme,1031,1.0,GAN-RB,40,23.916538196354004,89.4583761567709,14.96,15.411705860210763,32.877248207584564,1.3135371622725545
extreme,1031,1.0,GAN-RB,50,18.519775424569556,91.92542316350551,14.125217267720855,15.359596268069861,34.84991508338537,1.3930209894610726
extreme,1031,1.0,QuantileMLP-JCSO,30,32.71615866202083,85.367719321012,14.96,14.96,30.67866033909745,1.229579476741639
extreme,1031,1.0,QuantileMLP-JCSO,40,13.662252245430624,94.1917374536865,9.585985300729188,14.96,32.785601817548404,1.3147482302313773
extreme,1031,1.0,QuantileMLP-JCSO,50,11.653328384076003,94.79611276086355,9.403383345966652,14.96,34.8098505960206,1.3966494417668918
extreme,1031,1.0,QuantileMLP-RB,30,23.695911836973117,90.9759623182529,9.990135853524642,14.96,30.520999499633263,1.2230022960596676
extreme,1031,1.0,QuantileMLP-RB,40,19.498298183892985,91.97475170115291,9.731521388610853,14.96,32.633817539316595,1.3083212444444483
extreme,1031,1.0,QuantileMLP-RB,50,16.593641485119388,92.73267506051577,10.63592201521222,14.96,34.61491127311008,1.38842347681416
extreme,1032,0.82,Diffusion-JCSO,30,36.195160991951944,82.71830406206934,14.96,34.976357023639686,38.38118588149593,1.076489435227699
extreme,1032,0.82,Diffusion-JCSO,40,28.335831086433576,84.21812556172493,14.96,34.947481799915934,41.07693470361883,1.1528417860789684
extreme,1032,0.82,Diffusion-JCSO,50,23.851290022937803,85.18093910805273,14.96,34.92381270655343,43.61443952037288,1.224717093682885
extreme,1032,0.82,Diffusion-RB,30,39.61699347426467,82.32960607280076,14.96,33.98301595253885,37.7604191019035,1.0582241329004503
extreme,1032,0.82,Diffusion-RB,40,29.771530359958227,84.48149008667149,14.96,33.96591693645459,40.28336041437372,1.129684935404954
extreme,1032,0.82,Diffusion-RB,50,24.564078251969367,85.0,14.96,33.9829049454106,42.74301573778543,1.1993528080827207
extreme,1032,0.82,GAN-JCSO,30,45.537103577011436,79.05490576443545,14.96,34.96795121812182,38.3337478181835,1.0770770261520983
extreme,1032,0.82,GAN-JCSO,40,32.33612661072709,82.23104975936756,14.96,34.93844909171462,41.00891571222011,1.1530090243190103
extreme,1032,0.82,GAN-JCSO,50,24.691200366584173,84.09792745653968,14.96,34.91462664286002,43.504048499493564,1.2238006352487656
extreme,1032,0.82,GAN-RB,30,77.34619237597947,44.35123581549129,14.96,80.221124683932,37.0928247054194,1.0576312355619057
extreme,1032,0.82,GAN-RB,40,74.3117652017287,46.79665507430642,14.96,79.24031194981637,39.79277573354825,1.1358101628889818
extreme,1032,0.82,GAN-RB,50,70.31745772664047,47.73313556833988,14.96,79.22154283989158,42.06197561516742,1.2013996332780308
extreme,1032,0.82,QuantileMLP-JCSO,30,33.63287179523214,83.34227403839397,14.96,34.981401019218644,38.69607449350645,1.0861765687782023
extreme,1032,0.82,QuantileMLP-JCSO,40,26.39568620045873,84.6343970699312,14.96,34.95230270439716,41.38265815583933,1.1623329332659538
extreme,1032,0.82,QuantileMLP-JCSO,50,21.943563425525195,85.50369247695203,14.96,34.92836271117895,43.93344777432316,1.2346314481606913
extreme,1032,0.82,QuantileMLP-RB,30,36.14952058215458,82.05936579655824,14.96,33.98178072025711,38.654836296420534,1.0844765382684871
extreme,1032,0.82,QuantileMLP-RB,40,27.784368608249046,83.7665372573022,14.96,34.00158398858852,41.27470869505275,1.1586912467242128
extreme,1032,0.82,QuantileMLP-RB,50,24.738725364045262,84.38676473391587,14.96,34.96167680104329,43.80927849988384,1.2305205048742636
extreme,1032,1.0,Diffusion-JCSO,30,64.01556236171434,67.95708753733564,14.96,25.113780479229078,32.64972814804129,1.1147109201263667
extreme,1032,1.0,Diffusion-JCSO,40,34.09447725408238,83.11922794013572,14.96,25.083707519477127,34.79564765866674,1.188921718315948
extreme,1032,1.0,Diffusion-JCSO,50,21.79668934186832,88.35073570180704,14.96,25.063108831309766,36.941164364460626,1.2630220176615112
extreme,1032,1.0,Diffusion-RB,30,39.198332222808936,84.36048662010145,14.96,25.16946016782544,31.976183328565593,1.0909768195173213
extreme,1032,1.0,Diffusion-RB,40,28.603965777369083,86.9805064167433,14.96,25.140402617067164,34.13060377968334,1.1653006389825786
extreme,1032,1.0,Diffusion-RB,50,23.04444272467983,87.79722275138056,14.96,25.116376599358915,36.24769608516691,1.2383509776284631
extreme,1032,1.0,GAN-JCSO,30,50.168937596225895,78.31070936166736,14.96,25.086327896984518,32.49023797055177,1.1112869543308228
extreme,1032,1.0,GAN-JCSO,40,34.35065965289925,83.4803356712558,14.96,25.06101368557325,34.77504806700595,1.1903222037473251
extreme,1032,1.0,GAN-JCSO,50,22.451325585718113,87.50973488285638,14.96,25.041737489690572,36.969050688887464,1.266241717764795
extreme,1032,1.0,GAN-RB,30,74.55806851697334,48.41962098868444,14.96,44.16329909161302,31.480263985317464,1.0924938772280164
extreme,1032,1.0,GAN-RB,40,68.49584484155501,51.11536242554176,14.96,44.85985803588467,33.89508574723962,1.177506909390007
extreme,1032,1.0,GAN-RB,50,64.84753152875281,52.19440025779722,14.96,44.867209111105474,36.18535856705089,1.258169386664687
extreme,1032,1.0,QuantileMLP-JCSO,30,61.95626411744486,68.15662980404494,14.96,25.110703889009148,32.9050716216633,1.1243276825623287
extreme,1032,1.0,QuantileMLP-JCSO,40,37.78891642343086,80.52147201063339,14.96,25.081798362778763,35.074132475013684,1.199365596091569
extreme,1032,1.0,QuantileMLP-JCSO,50,21.506491295078938,88.09096274663587,14.96,25.060700142036914,37.21276269746634,1.2733181030691867
extreme,1032,1.0,QuantileMLP-RB,30,34.41522993324863,84.9023833529661,14.96,25.14077399232738,32.678719932618336,1.1162227228032222
extreme,1032,1.0,QuantileMLP-RB,40,25.622108515156334,87.13577810227213,14.96,25.109565403848517,34.90825050967626,1.1931885221492282
extreme,1032,1.0,QuantileMLP-RB,50,22.030255899745796,87.96894882005084,14.96,25.08813224461971,37.09363025612653,1.2686578553140255
extreme,1033,0.82,Diffusion-JCSO,30,41.99074571305623,83.6392359655255,14.96,21.1687771865077,35.03861288865196,1.0886568375688053
extreme,1033,0.82,Diffusion-JCSO,40,28.543805367282204,87.14255161419779,14.96,21.1423354752482,37.390480246381024,1.162764828667395
extreme,1033,0.82,Diffusion-JCSO,50,25.209656660802416,87.78245452506616,14.96,21.122169802423468,39.61980492103735,1.2330456566892534
extreme,1033,0.82,Diffusion-RB,30,51.67882944545599,80.40203418907052,14.96,21.28196454909078,32.714359994940686,1.0148605295992241
extreme,1033,0.82,Diffusion-RB,40,35.8426268229525,86.25489026785306,14.96,21.185477438254395,34.97106717910875,1.0857567579365064
extreme,1033,0.82,Diffusion-RB,50,27.840621743453738,87.36567522346913,14.96,21.150042442916604,37.052342056680914,1.1511824911321549
extreme,1033,0.82,GAN-JCSO,30,30.694493048210177,86.87907067209504,14.96,21.171173169909284,36.86580405503909,1.1459491389313863
extreme,1033,0.82,GAN-JCSO,40,25.735332260003897,87.74100035777647,14.96,21.146123592338668,39.30048572374056,1.222703697874149
extreme,1033,0.82,GAN-JCSO,50,23.740173347070964,88.31957538144516,14.96,21.126364357011806,41.6155778983063,1.2957843186448812
extreme,1033,0.82,GAN-RB,30,26.86900630613144,85.67262822826709,14.96,21.35514716600142,38.1573058748692,1.1819850694888714
extreme,1033,0.82,GAN-RB,40,23.576611416298437,86.99350445160368,14.96,21.262770269675933,41.00861374341007,1.2711490769484868
extreme,1033,0.82,GAN-RB,50,22.465348971886772,88.38530987550317,14.96,21.216355049617995,43.60344986842431,1.352388777596454
extreme,1033,0.82,QuantileMLP-JCSO,30,29.098172132662903,87.39776406282398,14.96,21.158587445545844,36.93559230192584,1.1476367275596369
extreme,1033,0.82,QuantileMLP-JCSO,40,25.280998623113163,87.80644455918501,14.96,21.13528805650765,39.37456932140105,1.2244723352897606
extreme,1033,0.82,QuantileMLP-JCSO,50,23.556353280149562,88.18465336878918,14.96,21.116443784807398,41.70940142203262,1.2981235921617968
extreme,1033,0.82,QuantileMLP-RB,30,31.113349382881466,86.68853076540563,14.96,21.17226497754475,36.20622884298831,1.1227652555496184
extreme,1033,0.82,QuantileMLP-RB,40,25.399373327844156,87.60704888980375,14.96,21.12786073040051,38.43788261394924,1.1930293240049719
extreme,1033,0.82,QuantileMLP-RB,50,23.43109977359995,88.0970667313524,14.96,21.1108426023655,40.64959966827761,1.2626367274459571
extreme,1033,1.0,Diffusion-JCSO,30,70.59500864343039,59.478649311561504,14.96,16.57912053951414,30.207199704505662,1.1421491482624586
extreme,1033,1.0,Diffusion-JCSO,40,46.01367197869876,76.36510409647057,14.96,14.96,32.20241232113461,1.218478523840249
extreme,1033,1.0,Diffusion-JCSO,50,25.226853834131205,88.63657308293439,14.96,14.96,34.07098628933696,1.2901679337620717
extreme,1033,1.0,Diffusion-RB,30,65.6452647461557,70.64897800259374,14.96,15.902858219026847,28.169176089692325,1.063774583458867
extreme,1033,1.0,Diffusion-RB,40,31.033526480000717,88.8928296817484,14.96,14.96,30.08289685580788,1.1369201554239563
extreme,1033,1.0,Diffusion-RB,50,20.08652908086287,92.17089968725959,14.96,14.96,31.883229687725404,1.2057233623064993
extreme,1033,1.0,GAN-JCSO,30,32.97112109204986,85.69758439054252,14.96,14.96,31.620985416900577,1.1960503225276238
extreme,1033,1.0,GAN-JCSO,40,20.84788639720186,91.41472012680696,14.96,14.96,33.7126087020226,1.2761835851808279
extreme,1033,1.0,GAN-JCSO,50,16.884990357539703,92.88230991749084,14.96,14.96,35.73163021636254,1.3536584728789278
extreme,1033,1.0,GAN-RB,30,22.591050067730237,89.93728937546751,14.96,16.255833219386286,32.31203699113715,1.21912074577926
extreme,1033,1.0,GAN-RB,40,17.618295380175695,91.66695920400575,14.96,15.22460441395919,34.89086076543532,1.3170808340849876
extreme,1033,1.0,GAN-RB,50,16.321945921225193,92.91291445149554,14.96,14.96,37.19239039060408,1.4045892735859644
extreme,1033,1.0,QuantileMLP-JCSO,30,29.045121528262843,87.72950794307032,14.96,14.96,31.666903259022106,1.1972962495062074
extreme,1033,1.0,QuantileMLP-JCSO,40,18.67433192539291,92.12930982551106,14.96,14.96,33.77324716716123,1.2779183623289196
extreme,1033,1.0,QuantileMLP-JCSO,50,17.334552348949178,92.67974287847834,14.96,14.96,35.80258072311917,1.3557321097266628
extreme,1033,1.0,QuantileMLP-RB,30,33.81403328938345,85.62690981943328,14.96,15.47217536962982,31.187835567504365,1.1769767003576599
extreme,1033,1.0,QuantileMLP-RB,40,20.790824727600825,90.94735239654509,14.96,15.037764205205052,33.16267880005292,1.2525074355268186
extreme,1033,1.0,QuantileMLP-RB,50,15.310779039775523,92.96961048011225,14.96,14.96,35.084334450434035,1.3260209993548981
extreme,1034,0.82,Diffusion-JCSO,30,26.07623204305791,91.08028176820935,14.96,14.96,37.31416426622331,1.2009418179535787
extreme,1034,0.82,Diffusion-JCSO,40,18.767444192034446,92.2143232552696,14.96,14.96,40.16737117889234,1.293257426304389
extreme,1034,0.82,Diffusion-JCSO,50,14.505511296514895,92.73946214806072,14.96,14.96,42.874779666774735,1.3809768433011842
extreme,1034,0.82,Diffusion-RB,30,27.907990354470087,89.32221111755719,14.96,14.96,37.06041238857679,1.193570500694806
extreme,1034,0.82,Diffusion-RB,40,20.85092178648173,91.8585402444958,14.96,14.96,39.842489305545556,1.283601766467892
extreme,1034,0.82,Diffusion-RB,50,16.59867785557102,92.71804602063273,14.96,14.96,42.46234903109637,1.3685119029655641
extreme,1034,0.82,GAN-JCSO,30,29.045055382018294,89.65092798421028,14.96,14.96,37.53346140544605,1.2050073175283842
extreme,1034,0.82,GAN-JCSO,40,20.572754529990046,92.56558172591753,14.96,14.96,40.41606958495164,1.2980269998449805
extreme,1034,0.82,GAN-JCSO,50,15.972649788976954,93.33764688818893,14.96,14.96,43.11893558853919,1.385445379814183
extreme,1034,0.82,GAN-RB,30,27.045196867673614,88.67438117381677,14.96,15.13149609167594,37.32858131324142,1.1968973976231683
extreme,1034,0.82,GAN-RB,40,22.96573070499323,90.80880131417005,14.96,14.96,40.194372509688655,1.2892125256329763
extreme,1034,0.82,GAN-RB,50,19.534075001698312,92.1691972216561,14.96,14.96,42.81513867296065,1.3738207261198707
extreme,1034,0.82,QuantileMLP-JCSO,30,24.12237603935201,91.4514903574074,14.96,14.96,37.504760692653576,1.2071979154757224
extreme,1034,0.82,QuantileMLP-JCSO,40,17.091746830420835,92.34998854803511,14.96,14.96,40.32921328688124,1.2986350485099873
extreme,1034,0.82,QuantileMLP-JCSO,50,13.624443815839617,93.30574095027566,14.96,14.96,43.03266388802374,1.3862351425003419
extreme,1034,0.82,QuantileMLP-RB,30,24.056591926641897,90.36082521563903,14.96,14.96,37.55093534708664,1.2098058094365385
extreme,1034,0.82,QuantileMLP-RB,40,18.352066573666214,91.69826668216673,14.96,14.96,40.349941237204916,1.300517777008321
extreme,1034,0.82,QuantileMLP-RB,50,16.65490483045873,92.03419045905197,14.96,14.96,43.03302496685467,1.3875685075467545
extreme,1034,1.0,Diffusion-JCSO,30,49.53233635420975,77.09831106419468,14.96,15.74036602177773,31.208727594408543,1.2237573993358575
extreme,1034,1.0,Diffusion-JCSO,40,22.448071403952383,90.74759869554825,14.818525423085983,15.513738130277757,33.54314873269411,1.3157890132276568
extreme,1034,1.0,Diffusion-JCSO,50,13.10471680979889,94.25811327608046,8.8,15.509044261505341,35.84811560019802,1.4066323108977992
extreme,1034,1.0,Diffusion-RB,30,26.322266029310345,90.64478581206896,10.462749077039451,15.522788781421731,30.9285634077069,1.2136565314462635
extreme,1034,1.0,Diffusion-RB,40,19.05889405209896,93.40956646700955,8.828659204490181,15.516710784260264,33.25523905641224,1.3054016254880954
extreme,1034,1.0,Diffusion-RB,50,14.975662249626074,94.1957505521301,8.813626656108044,15.511921944108423,35.53317053023848,1.395244999722031
extreme,1034,1.0,GAN-JCSO,30,27.211506248663795,91.1398866457788,9.299700810230958,15.521999514886584,31.31526895956683,1.2250041929417494
extreme,1034,1.0,GAN-JCSO,40,18.668823507990453,94.18203036813242,8.803434938875602,15.515529948212126,33.75189847391103,1.3207182385786278
extreme,1034,1.0,GAN-JCSO,50,14.503858222577616,94.61930938884444,8.8,15.51078384223462,36.10345188621909,1.41313343201659
extreme,1034,1.0,GAN-RB,30,25.206047831225334,90.41780941772065,12.894404898364577,17.794005878173888,31.17303585631084,1.2179009065570108
extreme,1034,1.0,GAN-RB,40,21.307757872758835,92.36695439695391,11.144837551830728,15.756935073842225,33.608545169249126,1.3134569586251814
extreme,1034,1.0,GAN-RB,50,17.713555497111262,93.67881483429626,9.341149230695391,15.513911814619586,35.92853259943268,1.4045279143738212
extreme,1034,1.0,QuantileMLP-JCSO,30,42.16478092286378,81.31344287190144,14.96,15.522686178359601,31.361056553554757,1.2298575012803137
extreme,1034,1.0,QuantileMLP-JCSO,40,16.791526779279984,93.06008515193129,9.906641759487297,15.51425699180234,33.69948175507237,1.3220305865079276
extreme,1034,1.0,QuantileMLP-JCSO,50,12.23597625267921,94.79962244009344,8.8,15.509656759855522,35.99750888859815,1.4126258223299308
extreme,1034,1.0,QuantileMLP-RB,30,33.57028952251768,85.63762470298651,14.96,15.523823562996663,31.393272631425926,1.2322220927843648
extreme,1034,1.0,QuantileMLP-RB,40,16.7373420629008,93.1744273243475,8.817581085170014,15.515384785713197,33.726682230098554,1.3243080242619971
extreme,1034,1.0,QuantileMLP-RB,50,14.911965698102707,93.51159190880767,8.80180634083344,15.510409220382355,36.01480959480465,1.4146457867643474
extreme,1035,0.82,Diffusion-JCSO,30,39.93446151922576,82.1152089029045,14.96,35.61314026530768,34.731451857667814,1.0720120015012977
extreme,1035,0.82,Diffusion-JCSO,40,27.47446399973655,84.53987437039964,14.96,35.05555083543314,37.116338355237936,1.1463886987660359
extreme,1035,0.82,Diffusion-JCSO,50,24.16729362891608,84.8957706371084,14.96,35.0324583752722,39.43172013430769,1.2186062425636304
extreme,1035,0.82,Diffusion-RB,30,34.75013397408885,83.53200490640513,14.96,35.123988478605156,34.969409990788186,1.0794595474819033
extreme,1035,0.82,Diffusion-RB,40,27.210260614509387,84.79166666666667,14.96,35.084364230648895,37.34777682588608,1.1536356268898211
extreme,1035,0.82,Diffusion-RB,50,23.883624847173564,84.92138692659425,14.96,35.05958451645087,39.65335443011791,1.2255630276286515
extreme,1035,0.82,GAN-JCSO,30,32.87007178132811,83.91124230914342,14.96,35.06829055313261,35.796456689127666,1.1055839240336334
extreme,1035,0.82,GAN-JCSO,40,24.081574400339978,84.74667435552723,14.96,35.03965508256173,38.272269069411436,1.1828969940265222
extreme,1035,0.82,GAN-JCSO,50,22.480155111199203,85.20833333333333,14.96,35.01794927494294,40.65920219888278,1.2574365597661228
extreme,1035,0.82,GAN-RB,30,25.814136066773706,84.8279886611022,14.96,35.100055987998054,36.377264275098135,1.121966612619282
extreme,1035,0.82,GAN-RB,40,23.04154798675047,85.2833808052998,14.96,35.06619720137157,38.84706174000506,1.198955577013185
extreme,1035,0.82,GAN-RB,50,21.84533928125125,85.41666666666666,14.96,35.04297023350127,41.27594883508003,1.2746567888896168
extreme,1035,0.82,QuantileMLP-JCSO,30,28.993628496757246,84.2029877622136,14.96,35.06205022214738,35.98862548169633,1.1119869279370418
extreme,1035,0.82,QuantileMLP-JCSO,40,24.61093209940908,84.63891446198917,14.96,35.03660243795195,38.449636242245184,1.1888598348264006
extreme,1035,0.82,QuantileMLP-JCSO,50,23.113216616978313,84.96304668654201,14.96,35.015363477458806,40.85883841712675,1.2641415059147485
extreme,1035,0.82,QuantileMLP-RB,30,28.591194423751933,84.43148290916638,14.96,34.03334233331864,36.01928060770265,1.1117011251560374
extreme,1035,0.82,QuantileMLP-RB,40,24.871126668573854,84.92955399980929,14.96,34.02376726318149,38.478253892929466,1.1883677404608024
extreme,1035,0.82,QuantileMLP-RB,50,22.780727446456083,85.05437568808424,14.96,34.057650678843856,40.88508583951885,1.2634167912109995
extreme,1035,1.0,Diffusion-JCSO,30,48.044117291296686,79.1949742881541,14.96,18.422642727044913,29.695252517742478,1.1157475555418699
extreme,1035,1.0,Diffusion-JCSO,40,31.075026061875576,86.04746448067527,14.96,17.627021463999252,31.668101686024638,1.1907230808828722
extreme,1035,1.0,Diffusion-JCSO,50,23.03238285860518,89.15918694621959,14.96,17.602166456421674,33.57708118030234,1.2632722343177232
extreme,1035,1.0,Diffusion-RB,30,47.08415071867511,77.77356354336264,14.96,20.598389338315076,29.83055478874144,1.1208358365009652
extreme,1035,1.0,Diffusion-RB,40,25.262296658652232,88.57234974042751,14.96,17.68674950659119,31.74658391519251,1.1937503615242464
extreme,1035,1.0,Diffusion-RB,50,19.107702942300897,91.01677173183876,14.96,17.651739162764134,33.69676355732895,1.2679033381203555
extreme,1035,1.0,GAN-JCSO,30,42.322968599251816,81.43604221502896,14.96,18.114344597949895,30.511613731903488,1.146960561757914
extreme,1035,1.0,GAN-JCSO,40,19.986191058998507,90.33174570796378,14.96,17.609318811950562,32.570809853052914,1.2253070584848327
extreme,1035,1.0,GAN-JCSO,50,18.263073487005695,91.25,14.96,17.58689397218549,34.58026388192194,1.3017636296676867
extreme,1035,1.0,GAN-RB,30,45.12645536321886,77.12673566503952,14.96,17.812264821016267,31.004050575616716,1.163987073232407
extreme,1035,1.0,GAN-RB,40,27.26604040377325,86.79904101635236,14.96,17.655311962069387,33.01745450692929,1.2405165770261157
extreme,1035,1.0,GAN-RB,50,19.7677121763888,90.32447724513894,14.96,17.628671667562784,35.03650197428279,1.3172096072418509
extreme,1035,1.0,QuantileMLP-JCSO,30,41.75189141525846,80.30184789805067,14.96,17.74164746083153,30.67094860447217,1.153470594983687
extreme,1035,1.0,QuantileMLP-JCSO,40,27.509510252394495,87.14467302509384,14.96,17.60424821942155,32.711314552144025,1.2311409042135013
extreme,1035,1.0,QuantileMLP-JCSO,50,19.341734058910852,90.57496807735802,14.96,17.579223352509285,34.72083759797628,1.3076308098613245
extreme,1035,1.0,QuantileMLP-RB,30,29.713230558196415,87.24793801058397,14.96,17.71094045730959,30.630374572498713,1.1507270493598096
extreme,1035,1.0,QuantileMLP-RB,40,20.166084050312246,90.726356938006,14.96,17.63407110093479,32.708285408205754,1.2297109171544087
extreme,1035,1.0,QuantileMLP-RB,50,18.11837610921907,91.2109828896457,14.96,17.607985123439942,34.728935773999,1.3065322052177222
extreme,1036,0.82,Diffusion-JCSO,30,29.950872284028414,87.77698961314798,14.96,20.712354307246628,37.20371607018192,1.1637937955529791
extreme,1036,0.82,Diffusion-JCSO,40,22.88232206758298,89.5448965156448,14.96,20.68548072877245,39.75666016129894,1.2445625504034599
extreme,1036,0.82,Diffusion-JCSO,50,19.242953878596694,90.28389229552624,14.96,20.663296782579753,42.20656382881927,1.3221501415685764
extreme,1036,0.82,Diffusion-RB,30,31.41309664362223,87.28129191463809,14.96,20.753968689715226,36.49886849184789,1.1417388730424425
extreme,1036,0.82,Diffusion-RB,40,26.475639974583686,88.64367000317704,14.96,20.72578405826791,38.916115954287534,1.2181813950996245
extreme,1036,0.82,Diffusion-RB,50,22.358327893785063,89.48666775457632,14.96,20.69826752261576,41.19984447588302,1.2905133696269466
extreme,1036,0.82,GAN-JCSO,30,28.70657377439816,87.91278104296136,14.96,20.442142283999054,37.60061133380163,1.177028189776392
extreme,1036,0.82,GAN-JCSO,40,22.36019755973511,89.40606720894776,14.96,20.41678957417435,40.19420320695002,1.2590721003365013
extreme,1036,0.82,GAN-JCSO,50,18.61221362910971,90.25615582917983,14.96,20.401813909535665,42.660305881015724,1.3371849385252939
extreme,1036,0.82,GAN-RB,30,35.04214545248909,83.14538874649823,14.96,22.026291394129277,37.94194279037663,1.181036129181675
extreme,1036,0.82,GAN-RB,40,31.58434578242459,86.14337408153816,14.96,21.23479305395882,40.77775749162398,1.2699241682710207
extreme,1036,0.82,GAN-RB,50,29.2796567531421,87.15478664631951,14.96,20.84897735047511,43.183004390572684,1.3454809864111863
extreme,1036,0.82,QuantileMLP-JCSO,30,25.751088206633177,88.19427956465154,14.96,20.432973088057956,37.29876451125904,1.1683039018575854
extreme,1036,0.82,QuantileMLP-JCSO,40,20.47653085563083,89.33429181007364,14.96,20.409290440606636,39.81664681727641,1.2480167313082615
extreme,1036,0.82,QuantileMLP-JCSO,50,18.48530208351333,89.76995684521239,14.96,20.396013062999103,42.21452670192082,1.3240276265351496
extreme,1036,0.82,QuantileMLP-RB,30,27.570372911682913,87.71421050811311,14.96,20.74842234934881,36.91261995855208,1.1561614537362817
extreme,1036,0.82,QuantileMLP-RB,40,22.169605374512997,88.59397864901823,14.96,20.714852380533234,39.37426097746087,1.2340823193840338
extreme,1036,0.82,QuantileMLP-RB,50,19.68988123491836,89.42076713298111,14.96,20.690716746079794,41.69223647069258,1.3075894080354609
extreme,1036,1.0,Diffusion-JCSO,30,49.55543378459156,76.5201293789306,14.96,16.445711615451284,31.738197295381827,1.2085685603307479
extreme,1036,1.0,Diffusion-JCSO,40,21.046051065279716,91.41845743180201,14.96,14.96,33.87701707838789,1.2908779451900492
extreme,1036,1.0,Diffusion-JCSO,50,13.76177192016026,94.22114536755035,14.96,14.96,36.01890266079804,1.3732944547876043
extreme,1036,1.0,Diffusion-RB,30,36.321823164003135,85.25831734208518,14.96,15.068040769654514,31.257422469345055,1.1902701314904227
extreme,1036,1.0,Diffusion-RB,40,20.641954135299397,92.55467977086684,14.96,15.33519178026472,33.2497666758056,1.2670377532621018
extreme,1036,1.0,Diffusion-RB,50,15.597577190543175,93.99593032651148,14.199603703478001,15.382381263381985,35.28572602995383,1.3454103101721304
extreme,1036,1.0,GAN-JCSO,30,44.15912402153586,79.96490364167374,14.96,14.986117080090336,31.971047024502234,1.2184676250578024
extreme,1036,1.0,GAN-JCSO,40,22.499268236271494,90.00288868437492,14.96,14.979725770483036,34.212711510305546,1.3047157992744267
extreme,1036,1.0,GAN-JCSO,50,12.719933493061404,94.37009224011504,14.96,14.96,36.383335794811316,1.3882296534380856
extreme,1036,1.0,GAN-RB,30,29.616122763398877,88.17258482440074,14.96,15.334556947154871,32.26264282759952,1.2236401183829697
extreme,1036,1.0,GAN-RB,40,25.3277868750177,90.94823025567779,14.96,14.96,34.801633546578145,1.3203835987142907
extreme,1036,1.0,GAN-RB,50,20.730104127331447,91.93276620807428,14.96,14.96,37.08237795666208,1.4073246949690608
extreme,1036,1.0,QuantileMLP-JCSO,30,40.967790519012446,79.94499478767672,14.96,15.04497519764287,31.77607536742242,1.2117437159302187
extreme,1036,1.0,QuantileMLP-JCSO,40,27.303547279147672,86.8850135236773,14.96,14.96,33.96199797641359,1.2958962075972251
extreme,1036,1.0,QuantileMLP-JCSO,50,12.359512952247552,94.34107685720957,13.643346914344258,14.96,36.04474644096272,1.3761485855054483
extreme,1036,1.0,QuantileMLP-RB,30,39.42945774321918,82.75168618308082,14.96,14.96,31.486838407009742,1.2006411045778094
extreme,1036,1.0,QuantileMLP-RB,40,17.996678272360647,92.31955590607478,14.514126074044249,14.96,33.56832090073549,1.280866471473062
extreme,1036,1.0,QuantileMLP-RB,50,13.675625344380263,94.12201377409549,13.667504620085298,14.96,35.612154675194255,1.359605306419865
extreme,1037,0.82,Diffusion-JCSO,30,35.120783200283064,85.23997081999825,14.96,23.12791879577412,36.943285094544684,1.074459109089838
extreme,1037,0.82,Diffusion-JCSO,40,25.564383713299087,86.70644024611397,14.96,23.091935090417913,39.540339220683514,1.1505930503653155
extreme,1037,0.82,Diffusion-JCSO,50,22.948421142715315,87.02331138098783,14.96,23.068140830377285,42.013393571563824,1.2231265855026021
extreme,1037,0.82,Diffusion-RB,30,31.02509158511226,86.48555931055533,14.96,22.68350527832425,37.40649861633528,1.0885237637053036
extreme,1037,0.82,Diffusion-RB,40,25.24148326002108,87.13111062605485,14.96,22.897646306154098,40.02482281504381,1.165355550901869
extreme,1037,0.82,Diffusion-RB,50,21.714704967969638,87.9903923397394,14.96,23.02924574049679,42.526044769996965,1.2388139774216382
extreme,1037,0.82,GAN-JCSO,30,40.7877869450572,83.48807480755092,14.96,23.12363802136288,36.64532671490821,1.0653416093486272
extreme,1037,0.82,GAN-JCSO,40,26.99457408686532,86.52419708903344,14.96,23.093546410125324,39.17792792525661,1.1395359442557282
extreme,1037,0.82,GAN-JCSO,50,23.948813795735294,86.77178528709314,14.96,23.069320078506728,41.60905828124475,1.210770857168166
extreme,1037,0.82,GAN-RB,30,70.29117656286707,66.55886544603004,14.96,27.054659336705022,36.997571042017206,1.0716583040881091
extreme,1037,0.82,GAN-RB,40,54.898240675206864,77.79740015356104,14.96,26.933384579149397,38.887071814392975,1.1275076079420605
extreme,1037,0.82,GAN-RB,50,32.43269306039623,85.55404792491971,14.96,26.79362416573619,40.69470377071361,1.1810750116306392
extreme,1037,0.82,QuantileMLP-JCSO,30,31.032077641690044,86.30115068299719,14.96,22.84857855880056,37.09466975749858,1.0799448656602653
extreme,1037,0.82,QuantileMLP-JCSO,40,25.37770783409457,86.99961316655792,14.96,22.83228869915695,39.63096487612676,1.1543227134912635
extreme,1037,0.82,QuantileMLP-JCSO,50,22.55700193439832,87.38870809153354,14.96,22.820714868053425,42.05901757760342,1.225543340814934
extreme,1037,0.82,QuantileMLP-RB,30,37.49994375274966,84.44909032327973,14.96,25.499369317562252,36.95033593336315,1.073330804675958
extreme,1037,0.82,QuantileMLP-RB,40,27.879056676903296,86.60601759836214,14.96,25.480863039083854,39.55721848025721,1.149700244674329
extreme,1037,0.82,QuantileMLP-RB,50,23.011649327393688,87.56625216740912,14.96,25.4922683842271,42.05053916732542,1.2227150930611925
extreme,1037,1.0,Diffusion-JCSO,30,62.8117726936768,67.23994698649493,14.96,22.522995245225488,31.438337440557035,1.1131236290018232
extreme,1037,1.0,Diffusion-JCSO,40,39.05569978492883,78.94772958914346,14.96,18.61060868110504,33.604296555728524,1.1906839097215418
extreme,1037,1.0,Diffusion-JCSO,50,20.731100338432398,88.6449085337932,14.96,18.50048252528095,35.68520596543125,1.2651623715489375
extreme,1037,1.0,Diffusion-RB,30,39.181365927736465,81.76421866585191,14.96,15.610485585861866,31.755811860806965,1.1250700287287654
extreme,1037,1.0,Diffusion-RB,40,21.039550039412624,89.10804998310887,14.96,15.60288797252754,33.91413236792438,1.202372245108821
extreme,1037,1.0,Diffusion-RB,50,17.070362243400584,90.37759421798657,14.96,15.597185984814143,36.06572240880264,1.2793897750013294
extreme,1037,1.0,GAN-JCSO,30,69.14977819309117,61.868429449660496,14.96,22.40707516681511,31.286440719251193,1.1073569082081927
extreme,1037,1.0,GAN-JCSO,40,47.61302271774774,74.5734773634133,14.96,18.892861084081556,33.42347789642759,1.1838040407348582
extreme,1037,1.0,GAN-JCSO,50,27.198947093233457,85.47266093337494,14.96,18.517846511831035,35.43625297478565,1.2557964701502429
extreme,1037,1.0,GAN-RB,30,81.75829388952496,52.16563970234675,14.96,29.20095920493207,32.13842252457831,1.133134847777205
extreme,1037,1.0,GAN-RB,40,73.47735791200753,62.96974002926115,14.96,19.321703689198714,34.14587092393515,1.2048744448537272
extreme,1037,1.0,GAN-RB,50,53.134042497614615,73.41645808893686,14.96,18.92182966296106,36.03125824300583,1.272406169558224
extreme,1037,1.0,QuantileMLP-JCSO,30,43.826101604955504,78.76617284375557,14.96,18.721148777342016,31.527311516513198,1.1174760344177794
extreme,1037,1.0,QuantileMLP-JCSO,40,27.690577441719007,85.97097391923913,14.96,18.545497758759517,33.689731062053255,1.194953202275604
extreme,1037,1.0,QuantileMLP-JCSO,50,18.858830908044965,89.50179656577279,14.96,18.49917653175836,35.80354160378754,1.2706490518505211
extreme,1037,1.0,QuantileMLP-RB,30,33.46981730962385,85.93947342776788,14.96,15.759198775991255,31.47288190050033,1.1131088831782612
extreme,1037,1.0,QuantileMLP-RB,40,23.90634586867533,88.63354459536949,14.96,15.616308538638103,33.61144651477973,1.1895078974059679
extreme,1037,1.0,QuantileMLP-RB,50,19.92541655008285,89.79166666666667,14.96,15.608951287561718,35.64801233239407,1.2623171450838406
extreme,1038,0.82,Diffusion-JCSO,30,64.47188279207498,74.56197668737008,14.96,42.592210316110425,33.974920450855194,0.9441494284861357
extreme,1038,0.82,Diffusion-JCSO,40,39.45890534424432,82.52888506889566,14.96,42.400234548280544,36.31985358106658,1.0100028066528672
extreme,1038,0.82,Diffusion-JCSO,50,27.402672389438173,85.26544380858094,14.96,42.37535995452265,38.51340601628566,1.0715629667946773
extreme,1038,0.82,Diffusion-RB,30,83.74847388381193,59.41339661009581,14.96,43.16648980337648,31.7480402000971,0.880953007076995
extreme,1038,0.82,Diffusion-RB,40,56.72314809313858,75.40273031837549,14.96,42.706961027577194,33.82860893979842,0.9394927296221057
extreme,1038,0.82,Diffusion-RB,50,38.465582695961416,83.07832375436655,14.96,42.46275421790907,35.80149663472483,0.9949414854595614
extreme,1038,0.82,GAN-JCSO,30,37.953477344729336,82.20364224812225,14.96,42.430031411480726,36.617515485599284,1.018449205519736
extreme,1038,0.82,GAN-JCSO,40,27.13018508887781,85.23383042456315,14.96,42.388028339524894,39.052375390996595,1.0868443277124538
extreme,1038,0.82,GAN-JCSO,50,22.95790512701162,85.94596179522985,14.96,42.365448574379066,41.36857602192204,1.1519103552924905
extreme,1038,0.82,GAN-RB,30,57.40715392815908,70.69619854953376,14.96,43.43877951216195,37.31929666702074,1.0370945238850044
extreme,1038,0.82,GAN-RB,40,41.485556773493705,80.6505044968968,14.96,42.60499464455629,39.80578070053282,1.1071537792344561
extreme,1038,0.82,GAN-RB,50,30.666944286121794,84.04638097952198,14.96,42.51091153890142,42.23773483628902,1.175609147000955
extreme,1038,0.82,QuantileMLP-JCSO,30,38.73942159980112,82.35517554848953,14.96,42.41578338416916,36.49671075557412,1.0152177448338513
extreme,1038,0.82,QuantileMLP-JCSO,40,27.355529112724533,84.88214852346378,14.96,42.35924625305849,38.93420980000114,1.0837238152959376
extreme,1038,0.82,QuantileMLP-JCSO,50,23.678464522310886,85.5674781351704,14.96,42.33835524876891,41.239758078294955,1.1484837843581048
extreme,1038,0.82,QuantileMLP-RB,30,42.32081644877078,80.9971921432547,14.96,42.7023289609525,35.799600854259275,0.9944626647820323
extreme,1038,0.82,QuantileMLP-RB,40,31.013898852783942,83.75490020244989,14.96,42.49585642778212,38.153133393067755,1.0604987847909417
extreme,1038,0.82,QuantileMLP-RB,50,24.81311665278536,84.91237666944292,14.96,42.396196718406465,40.405371090691375,1.1237433466132938
extreme,1038,1.0,Diffusion-JCSO,30,66.5510366421019,73.00921145000146,14.96,39.025664881496446,28.932123819170638,0.9788240917037438
extreme,1038,1.0,Diffusion-JCSO,40,46.326038332126174,78.99395121827372,14.96,38.73279138684686,31.002389964419216,1.0496958825937954
extreme,1038,1.0,Diffusion-JCSO,50,34.8022252898617,82.15980663043248,14.96,38.36750584794439,32.889705620214,1.1142515832714488
extreme,1038,1.0,Diffusion-RB,30,85.5729937457147,53.950978461847285,14.96,38.93825736478196,27.18954091430848,0.9184360833727494
extreme,1038,1.0,Diffusion-RB,40,67.5642634323427,66.29282815417288,14.96,38.82259704493587,29.04329748526616,0.9819994562735522
extreme,1038,1.0,Diffusion-RB,50,54.770039770129856,72.40816494600551,14.96,38.860355964967844,30.71427887650801,1.0392307213975343
extreme,1038,1.0,GAN-JCSO,30,45.57790659976513,77.61884466988974,14.96,38.74631762627975,31.158127223642776,1.0549559481810704
extreme,1038,1.0,GAN-JCSO,40,34.87884199823418,81.79846320070634,14.96,38.37472708981066,33.27452842446666,1.127444676091899
extreme,1038,1.0,GAN-JCSO,50,27.271586500361643,84.96318600445886,14.96,38.35089523078264,35.28022953709255,1.196143151644804
extreme,1038,1.0,GAN-RB,30,66.72334316845064,64.52665683154936,14.96,39.73375401488846,31.77202768763711,1.0749655859746399
extreme,1038,1.0,GAN-RB,40,51.43781942892824,75.8823879842468,14.96,39.11346161309676,34.01297625475399,1.1518331285917276
extreme,1038,1.0,GAN-RB,50,36.2149815751752,81.4888953537397,14.96,38.79092688528738,36.16649960210098,1.2256464863904237
extreme,1038,1.0,QuantileMLP-JCSO,30,46.08707927831745,79.12058005825236,14.96,38.574817573033194,31.063750273823345,1.0518929616439892
extreme,1038,1.0,QuantileMLP-JCSO,40,32.55746045030672,83.32098090455625,14.96,38.3665274212852,33.161123776697465,1.1237315415938263
extreme,1038,1.0,QuantileMLP-JCSO,50,23.007171091189992,87.08605676483289,14.96,38.32516116707619,35.151581330103234,1.191899120529838
extreme,1038,1.0,QuantileMLP-RB,30,41.407423800808445,81.40014350417675,14.96,39.156936826100484,30.579895116195544,1.034159032500018
extreme,1038,1.0,QuantileMLP-RB,40,30.025650170522376,85.48599600326985,14.96,38.526239090350195,32.59110471934118,1.1029655727552068
extreme,1038,1.0,QuantileMLP-RB,50,23.930236534184495,86.84925192368793,14.96,38.46526618168531,34.52849480945617,1.1692257240921387
extreme,1039,0.82,Diffusion-JCSO,30,27.704934416941967,91.12776587667913,11.94056291152966,15.615681403053253,37.183970676497985,1.1657058727855798
extreme,1039,0.82,Diffusion-JCSO,40,17.351923627069837,93.90702555300216,11.806086747261968,15.60800693763258,39.817785132854844,1.2489975739612438
extreme,1039,0.82,Diffusion-JCSO,50,12.052152143560948,94.73659731282461,11.771227240725045,15.602538438372342,42.350034661816714,1.3290809499709397
extreme,1039,0.82,Diffusion-RB,30,26.906153532659168,91.37092496440611,11.92249857508464,15.640003674105955,36.27514072230657,1.1363132286658888
extreme,1039,0.82,Diffusion-RB,40,18.862110578172977,92.75909268141562,11.867547048278231,15.627463479567075,38.83403817614597,1.2171668002250107
extreme,1039,0.82,Diffusion-RB,50,14.06281747296633,94.27076983874008,11.82261027372342,15.617235017202942,41.281007153186145,1.29451760254776
extreme,1039,0.82,GAN-JCSO,30,22.342427052896227,92.1215328356615,11.84379367789276,15.613144253380769,37.4096048260373,1.1741859173209568
extreme,1039,0.82,GAN-JCSO,40,14.569206319212396,94.07993552524613,11.795941072387318,15.605810693145566,40.05589206160566,1.2579634651518545
extreme,1039,0.82,GAN-JCSO,50,11.225125018878764,94.91017129419865,11.76266578058151,15.600543779903177,42.60268979873219,1.3386444213733377
extreme,1039,0.82,GAN-RB,30,17.356406279989383,93.26897891256236,12.14347731587883,15.634016644109755,37.637084078468746,1.1803406467773412
extreme,1039,0.82,GAN-RB,40,12.87264712006847,94.46273528799314,11.859441640192518,15.622364573176483,40.25078769388134,1.2630340957663422
extreme,1039,0.82,GAN-RB,50,10.565646369338731,94.95034009910931,11.815586856972049,15.612613126958566,42.80957257649532,1.3440034824179756
extreme,1039,0.82,QuantileMLP-JCSO,30,22.505372327869576,92.06981435422678,11.851139602123421,15.61353353737425,37.6439903124658,1.181902741661656
extreme,1039,0.82,QuantileMLP-JCSO,40,14.675415313082555,94.17011943435736,11.801880585613866,15.605548164466772,40.308998700275815,1.2663056284154255
extreme,1039,0.82,QuantileMLP-JCSO,50,11.264530273753428,94.81320033995331,11.762412270770948,15.600224601642335,42.884479430772885,1.3478960551098293
extreme,1039,0.82,QuantileMLP-RB,30,17.867718583410642,92.70394125593583,11.889662644144146,15.626347482224308,37.9140077242631,1.1915946456481317
extreme,1039,0.82,QuantileMLP-RB,40,14.287931163941463,93.59226745553643,11.83884367228098,15.61525121468967,40.58952317284419,1.2764166033667494
extreme,1039,0.82,QuantileMLP-RB,50,10.974693706745438,94.74454654219596,11.796175055218407,15.60629981564723,43.171185480327445,1.3582657954474615
extreme,1039,1.0,Diffusion-JCSO,30,60.705930733927296,68.90887647394896,14.96,16.151359073409264,31.617483691880647,1.2066230695592248
extreme,1039,1.0,Diffusion-JCSO,40,26.188003028870924,89.04021266455146,13.661150351090127,14.96,33.72105534292482,1.2878752334514818
extreme,1039,1.0,Diffusion-JCSO,50,12.219684462470164,94.64062929935923,8.90551135202721,14.96,35.84173534170113,1.3696727981282617
extreme,1039,1.0,Diffusion-RB,30,37.887056382881426,83.95679009422614,14.96,14.983451738120218,30.866865537469884,1.1771908927267185
extreme,1039,1.0,Diffusion-RB,40,20.207073140296508,91.90716862206435,9.484826866544992,14.969059965715445,32.858916176838015,1.2540021051124641
extreme,1039,1.0,Diffusion-RB,50,12.311348793579825,95.16273024128404,8.8,14.96,34.93271183399703,1.3338768777141468
extreme,1039,1.0,GAN-JCSO,30,49.00362857627028,75.21143235214043,14.96,16.562106842808653,31.78476306238031,1.214501292333589
extreme,1039,1.0,GAN-JCSO,40,24.629273855379928,88.54840650406044,13.007724359802342,14.96,33.92774758215413,1.2972911624639416
extreme,1039,1.0,GAN-JCSO,50,10.365485951395485,95.19371850694145,8.740019507292548,14.96,36.037059788235396,1.3787788834081502
extreme,1039,1.0,GAN-RB,30,62.56811365609213,65.27872834088659,14.96,16.93903130928604,32.0231463472339,1.2227629491885752
extreme,1039,1.0,GAN-RB,40,30.594887415282777,84.79362855488381,14.96,14.96,34.08822237806432,1.3023705330737994
extreme,1039,1.0,GAN-RB,50,8.731279899039826,95.83707735352537,8.574649575447733,14.96,36.167879972850415,1.3826505375920326
extreme,1039,1.0,QuantileMLP-JCSO,30,44.88668879990144,78.31510688198827,14.96,15.352706182738249,31.909241305126933,1.2197004912121936
extreme,1039,1.0,QuantileMLP-JCSO,40,18.495117040373053,92.32388220375712,12.491427477635137,14.96,34.09656330340404,1.30418340309257
extreme,1039,1.0,QuantileMLP-JCSO,50,9.581502196415247,95.67149975595386,8.73168473971524,14.96,36.25763258866671,1.3876550118887125
extreme,1039,1.0,QuantileMLP-RB,30,32.31414676071971,85.21666377425545,14.96,14.96,32.05870199948337,1.226873437117412
extreme,1039,1.0,QuantileMLP-RB,40,12.399615860154904,94.54735026883726,8.8,14.96,34.29139125299717,1.3130457508057618
extreme,1039,1.0,QuantileMLP-RB,50,9.069696200025964,95.64116174444011,8.644320129404104,14.96,36.452096858935505,1.3965326771018063
extreme,1040,0.82,Diffusion-JCSO,30,25.516824595367023,90.27163508092657,14.96,16.60309823258329,36.98377822272193,1.1704542915478018
extreme,1040,0.82,Diffusion-JCSO,40,19.409270677903912,91.53945936240383,14.96,16.57713049247516,39.59703194085289,1.2539160597320536
extreme,1040,0.82,Diffusion-JCSO,50,15.49214396446176,92.38639867110896,14.96,16.555975771226613,42.10627107812484,1.3341584632206496
extreme,1040,0.82,Diffusion-RB,30,26.479254805862517,90.71026166918449,14.96,16.36117975887154,36.37796099137541,1.1503875205890455
extreme,1040,0.82,Diffusion-RB,40,18.71533144252195,91.875,14.96,16.335347855837355,38.90289808246836,1.2309506128863952
extreme,1040,0.82,Diffusion-RB,50,14.864493672420588,92.2771012655159,14.96,16.326135027653546,41.35068850462839,1.3090605541040174
extreme,1040,0.82,GAN-JCSO,30,27.226152733548812,90.00935913330255,14.96,16.23434841644211,37.07349325449004,1.175848686211614
extreme,1040,0.82,GAN-JCSO,40,19.851193368278118,91.04761866200735,14.96,16.247230601429045,39.628844435364094,1.2576871791273374
extreme,1040,0.82,GAN-JCSO,50,16.067154871739042,92.0593494505694,14.96,16.26169353989384,42.110568791462754,1.3372199068544788
extreme,1040,0.82,GAN-RB,30,66.14619245781317,65.43178460690832,14.96,20.817645621322885,37.49687097874855,1.1826928886106542
extreme,1040,0.82,GAN-RB,40,40.881712840034034,80.49126807923847,14.96,18.921651625345962,40.76215169526684,1.286372573289238
extreme,1040,0.82,GAN-RB,50,28.437094252213814,87.35778766307715,14.96,17.949624598991466,43.513792075704494,1.3738602485018405
extreme,1040,0.82,QuantileMLP-JCSO,30,23.490334260195432,90.8749141797872,14.96,16.603630619228547,37.12521201674065,1.1766201824197415
extreme,1040,0.82,QuantileMLP-JCSO,40,17.10955524952115,91.73928075007561,14.96,16.578220833986588,39.66895597071116,1.2579969011554666
extreme,1040,0.82,QuantileMLP-JCSO,50,14.026204685064734,92.48148963134598,14.96,16.55722266443413,42.08823068559371,1.3354227328688235
extreme,1040,0.82,QuantileMLP-RB,30,20.13641718776355,90.87679355153709,14.96,16.560272955797565,37.20273786430516,1.1793109514978948
extreme,1040,0.82,QuantileMLP-RB,40,15.211032160254716,91.83279356794905,14.96,16.532304581196968,39.666068715028175,1.2580820190973667
extreme,1040,0.82,QuantileMLP-RB,50,13.891675490575226,92.17499705869714,14.96,16.509585434497172,42.042173570195764,1.3341140523658794
extreme,1040,1.0,Diffusion-JCSO,30,47.1377248787914,78.63230800176309,14.96,15.221246731483731,31.30726642344882,1.2063562979726576
extreme,1040,1.0,Diffusion-JCSO,40,18.76662758080661,92.2656052670256,14.96,15.186817495682622,33.46391877772014,1.2902635285048654
extreme,1040,1.0,Diffusion-JCSO,50,13.676675887924327,93.86333218067611,14.96,15.181176597344994,35.593595312601956,1.3731326587516157
extreme,1040,1.0,Diffusion-RB,30,32.812547547549094,87.60730306063574,14.96,15.218468844234833,30.77259017656604,1.1849438602492466
extreme,1040,1.0,Diffusion-RB,40,18.97390789585001,92.20999399780173,14.96,15.200946542875014,32.889180947966445,1.2671809345157947
extreme,1040,1.0,Diffusion-RB,50,13.29004765272412,93.76442856020307,14.96,15.19421837202128,34.969247140500286,1.348025749418887
extreme,1040,1.0,GAN-JCSO,30,36.06680320826734,86.46170682824477,14.96,14.96,31.3455673296259,1.210491837857895
extreme,1040,1.0,GAN-JCSO,40,22.13764355534495,90.36584569622678,14.96,14.96,33.55554178984795,1.2966084576867967
extreme,1040,1.0,GAN-JCSO,50,14.082368385245772,93.53371931256835,14.96,14.96,35.66412790237874,1.3788919432668183
extreme,1040,1.0,GAN-RB,30,82.68520679817635,51.680259068704856,14.96,21.524566345174204,31.576982817758395,1.2135527192484967
extreme,1040,1.0,GAN-RB,40,69.26837436487835,64.06010640558242,14.96,19.257970743711272,34.39092001110805,1.3222321321095942
extreme,1040,1.0,GAN-RB,50,55.919633556726616,72.62588027388983,14.96,17.21302282045738,36.84100801769271,1.417029077159936
extreme,1040,1.0,QuantileMLP-JCSO,30,37.06777185406851,83.90885730122797,14.96,15.195568245593511,31.388048966785224,1.211222874967506
extreme,1040,1.0,QuantileMLP-JCSO,40,20.775383602613424,90.82883540187589,14.96,15.187917395676816,33.5678646687625,1.2960938595420102
extreme,1040,1.0,QuantileMLP-JCSO,50,12.464932105994446,93.95833333333331,14.96,15.182191581519286,35.672236431529555,1.3781381449293173
extreme,1040,1.0,QuantileMLP-RB,30,39.58314354066379,82.00527950558441,14.96,15.205739567259638,31.536185864311857,1.2173004476857685
extreme,1040,1.0,QuantileMLP-RB,40,13.326986957028904,93.33491992740942,14.96,15.19736252527925,33.65191670050945,1.2996385010425575
extreme,1040,1.0,QuantileMLP-RB,50,12.15085177849713,93.65804940716764,14.96,15.191294999957195,35.71950947093114,1.3802325178204167
extreme,1041,0.82,Diffusion-JCSO,30,19.905459160576484,91.42188339852899,14.96,15.832625481022179,33.94397763529622,1.1807385192865512
extreme,1041,0.82,Diffusion-JCSO,40,14.14969982255968,92.50188520490077,14.96,15.791043099940959,36.38653796032408,1.266351258356734
extreme,1041,0.82,Diffusion-JCSO,50,12.236292661388804,92.73602033597227,14.96,15.764587475390288,38.73876011812538,1.3488277873293493
extreme,1041,0.82,Diffusion-RB,30,17.156143961410333,92.41967315388277,14.96,15.975284830143453,33.6921608434164,1.1713077529235798
extreme,1041,0.82,Diffusion-RB,40,12.643973517322744,92.91666666666669,14.96,15.880707686961305,36.07472544080464,1.2547533140133953
extreme,1041,0.82,Diffusion-RB,50,11.865839445076189,92.91666666666669,14.96,15.831416761717877,38.388773099697765,1.33582399688671
extreme,1041,0.82,GAN-JCSO,30,25.754053101261974,90.53690963311789,14.96,15.864066272934405,33.99973368345483,1.18315594426656
extreme,1041,0.82,GAN-JCSO,40,16.34874178217884,92.12586798151806,14.96,15.810438950203876,36.489775913959555,1.2704055579829872
extreme,1041,0.82,GAN-JCSO,50,12.416487209563655,92.70833333333334,14.96,15.771648001378006,38.88935761348304,1.3545321087465776
extreme,1041,0.82,GAN-RB,30,19.32679835670465,90.15613103541062,14.96,16.517958148833586,34.26812520248504,1.1890505115269245
extreme,1041,0.82,GAN-RB,40,15.187452696714079,91.875,14.96,15.987957316327732,36.859080148801766,1.2795193286319302
extreme,1041,0.82,GAN-RB,50,14.732799253971908,92.05160223808427,14.96,15.915920098953874,39.283426242210176,1.3642124586912767
extreme,1041,0.82,QuantileMLP-JCSO,30,19.71399140821966,91.40183476529673,14.96,15.851416177061363,34.03516901493753,1.1845070210454416
extreme,1041,0.82,QuantileMLP-JCSO,40,14.400878620451484,92.58189182272815,14.96,15.79402453606943,36.49605487168609,1.2707926579117763
extreme,1041,0.82,QuantileMLP-JCSO,50,12.35547427045364,92.70833333333334,14.96,15.764984126512031,38.87348406348016,1.354181424613674
extreme,1041,0.82,QuantileMLP-RB,30,16.874868198583023,91.69644740020242,14.96,15.98386797601088,34.25031529508175,1.1933140240903353
extreme,1041,0.82,QuantileMLP-RB,40,13.66983946142169,92.43361729673667,14.96,15.89484033123845,36.716570846256424,1.2798804027821693
extreme,1041,0.82,QuantileMLP-RB,50,11.636713207270748,92.91666666666669,14.96,15.84475563170115,39.13079200578415,1.364625980791201
extreme,1041,1.0,Diffusion-JCSO,30,15.473672771760889,94.98456084653698,9.596558155112337,14.96,28.62505632042287,1.2126176472339676
extreme,1041,1.0,Diffusion-JCSO,40,10.725203483196923,95.86849590927443,9.561600865831997,14.96,30.67460376854988,1.300069879864828
extreme,1041,1.0,Diffusion-JCSO,50,9.04111555891856,96.10444222054073,9.337597790818482,14.96,32.652434528148106,1.384539393378227
extreme,1041,1.0,Diffusion-RB,30,14.769528845522164,94.93535887123265,11.997922503462991,14.981871838354547,28.45547691912836,1.204848849005673
extreme,1041,1.0,Diffusion-RB,40,9.406982335325809,96.25,9.609427666508592,14.96,30.480673568461487,1.291204966263602
extreme,1041,1.0,Diffusion-RB,50,8.660030727466694,96.25,9.58343236685099,14.96,32.43197406888378,1.3744570605920698
extreme,1041,1.0,GAN-JCSO,30,21.30638260005292,94.09606475934055,9.583408043029548,14.96,28.63971586333412,1.2137598207019795
extreme,1041,1.0,GAN-JCSO,40,12.371569279263761,95.59554891531779,9.555794205831681,14.96,30.73068889594568,1.3029838786049415
extreme,1041,1.0,GAN-JCSO,50,9.18487430972666,96.04166666666669,9.533115041054122,14.96,32.741862609782096,1.3888796497914984
extreme,1041,1.0,GAN-RB,30,15.978367599195401,93.67664486111809,11.73218516513595,14.96,28.882129766455257,1.2207516022435185
extreme,1041,1.0,GAN-RB,40,12.002282924054196,95.20833333333331,10.283017972119689,14.96,31.05466421997217,1.3131231454791594
extreme,1041,1.0,GAN-RB,50,11.574289274197142,95.4854655107419,9.941112457554473,14.96,33.10765221960911,1.4004679703241572
extreme,1041,1.0,QuantileMLP-JCSO,30,15.215458317942531,94.9640902803429,9.582455434002162,14.96,28.679514413919957,1.2155608266091695
extreme,1041,1.0,QuantileMLP-JCSO,40,10.819233793483788,96.04166666666669,9.553609033972954,14.96,30.754253372972347,1.3041087414294787
extreme,1041,1.0,QuantileMLP-JCSO,50,9.061356607147895,96.06799418154638,9.53162457265704,14.96,32.74506593981689,1.3891680526730426
extreme,1041,1.0,QuantileMLP-RB,30,13.490834528398038,95.06678554356218,9.78759960762989,14.96,28.831490819013577,1.2233846578023442
extreme,1041,1.0,QuantileMLP-RB,40,9.984710094610573,95.92698759201605,9.748982518280124,14.96,30.900537836978195,1.3118300932436349
extreme,1041,1.0,QuantileMLP-RB,50,8.46991110087141,96.25,9.54958477542231,14.96,32.910069655442214,1.3977710051391166
extreme,1042,0.82,Diffusion-JCSO,30,27.108107971893894,88.76649907303559,14.96,27.15771031055772,39.15410811284459,1.1291298597478943
extreme,1042,0.82,Diffusion-JCSO,40,20.26589596758079,89.5090920027016,14.96,27.13220480301213,41.81183773892884,1.2066489381776127
extreme,1042,0.82,Diffusion-JCSO,50,17.82797402662227,89.92711688297283,14.96,27.081599921125758,44.366145146996615,1.281180678244522
extreme,1042,0.82,Diffusion-RB,30,27.817587895808156,87.85418450926299,14.96,27.20574615566421,38.51309190733632,1.1101409356390932
extreme,1042,0.82,Diffusion-RB,40,21.11946985641947,89.35211670889623,14.96,27.177736735737216,41.06215479756597,1.1844900564949374
extreme,1042,0.82,Diffusion-RB,50,17.94037158356689,90.2004316943666,14.96,27.1409847282997,43.541455215632595,1.2567984608090026
extreme,1042,0.82,GAN-JCSO,30,31.469816298426096,88.01659836695576,14.96,27.164690219960228,38.636992873842175,1.1120202781317017
extreme,1042,0.82,GAN-JCSO,40,21.684923605736,89.43769818417417,14.96,27.111499207554772,41.27638850654878,1.1888485128402368
extreme,1042,0.82,GAN-JCSO,50,18.729712989058093,89.58333333333334,14.96,27.06007315214942,43.784324426176624,1.261908691537805
extreme,1042,0.82,GAN-RB,30,44.534523251074184,84.05593507926194,14.96,28.575385590867075,38.622449040128615,1.1045354076374123
extreme,1042,0.82,GAN-RB,40,27.0544944386871,89.40636986654113,14.96,27.623978084262127,41.06138114035462,1.175224836492514
extreme,1042,0.82,GAN-RB,50,20.103688667978247,90.70839706649178,14.96,27.227661177242442,43.20355239615437,1.2374792277129807
extreme,1042,0.82,QuantileMLP-JCSO,30,27.87235217313174,88.66309858451957,14.96,26.88187240984633,38.98257495883101,1.1245678412138642
extreme,1042,0.82,QuantileMLP-JCSO,40,20.531944015074544,89.48347957736058,14.96,26.86260277306729,41.64269064012257,1.2022808100662226
extreme,1042,0.82,QuantileMLP-JCSO,50,18.1958305073616,89.78154802275787,14.96,26.809038142113614,44.158296013108576,1.2757610118432277
extreme,1042,0.82,QuantileMLP-RB,30,26.79517955092161,88.3973675072026,14.96,27.20179614970854,38.7902921923535,1.118567148469084
extreme,1042,0.82,QuantileMLP-RB,40,21.357952048893363,89.29012799694416,14.96,27.16906446566769,41.37324186233469,1.1938932141998286
extreme,1042,0.82,QuantileMLP-RB,50,18.401405414631046,89.83374504227736,14.96,27.114573421707615,43.865997514172754,1.2666293064454386
extreme,1042,1.0,Diffusion-JCSO,30,41.7553317564467,82.06320674205762,14.96,15.830077063982552,33.25677486839091,1.1674745956371915
extreme,1042,1.0,Diffusion-JCSO,40,23.644826513015538,89.12540272812713,14.96,15.066183704578437,35.52033942640224,1.2477821438702155
extreme,1042,1.0,Diffusion-JCSO,50,16.332236786459163,91.97263995436475,14.96,15.044688109729643,37.702805748358195,1.325311043921792
extreme,1042,1.0,Diffusion-RB,30,36.56936434911884,83.91536996568307,14.96,15.845560296696842,33.05791097066861,1.160091861242265
extreme,1042,1.0,Diffusion-RB,40,23.792948427854746,89.72474023450542,14.96,15.124138477669911,35.05203852524147,1.2308936189493769
extreme,1042,1.0,Diffusion-RB,50,15.940133854334613,92.62954986974968,14.96,15.05599762331207,37.05228362966001,1.3019174559868136
extreme,1042,1.0,GAN-JCSO,30,43.916125106560145,80.79893862132248,14.96,15.604505438507024,32.875346338272735,1.1518025073584364
extreme,1042,1.0,GAN-JCSO,40,22.964138476697332,89.34125249377493,14.96,15.048887756234043,35.10285626475947,1.2306902382590925
extreme,1042,1.0,GAN-JCSO,50,17.19051341811224,91.61719893523023,14.96,15.043998493568601,37.27073748033338,1.3075323749916623
extreme,1042,1.0,GAN-RB,30,38.05895875678276,86.50914046620646,14.96,15.414311460025427,33.10226394907441,1.1527986953838005
extreme,1042,1.0,GAN-RB,40,21.322840787505946,92.31876517583216,14.96,15.112303610995768,35.40244311026103,1.2336173715980068
extreme,1042,1.0,GAN-RB,50,16.958427577442727,93.26039310563931,14.96,15.084369695874253,37.48536698023337,1.306899310472148
extreme,1042,1.0,QuantileMLP-JCSO,30,30.30214950039749,88.95635447091657,14.96,15.076926956574688,33.13886759933342,1.163831838647617
extreme,1042,1.0,QuantileMLP-JCSO,40,18.55431369830208,91.87183824209113,14.96,15.049211572697915,35.397312555881186,1.243962866968347
extreme,1042,1.0,QuantileMLP-JCSO,50,16.616962585015415,91.88742602041282,14.96,15.04394023106885,37.562729576381734,1.3208620552731598
extreme,1042,1.0,QuantileMLP-RB,30,25.202004309195537,90.42299569080447,14.96,15.105682814430594,33.27281473964537,1.1681399423390073
extreme,1042,1.0,QuantileMLP-RB,40,21.848754777055376,90.59541551358436,14.96,15.06133804970997,35.28676089983441,1.2396295384458227
extreme,1042,1.0,QuantileMLP-RB,50,17.054933790574385,91.99638169347972,14.96,15.050936616777122,37.28694088896348,1.310637396925454
extreme,1043,0.82,Diffusion-JCSO,30,30.044960089298133,87.43995796085595,14.96,15.589033749172534,38.68239520184271,1.1415694665155673
extreme,1043,0.82,Diffusion-JCSO,40,23.639732298898572,88.97851010816709,14.96,15.57750761548477,41.364718947580144,1.22154122394738
extreme,1043,0.82,Diffusion-JCSO,50,20.6130753844703,89.71071825643928,14.96,15.568525784762532,43.90427224859265,1.2974024748299848
extreme,1043,0.82,Diffusion-RB,30,34.00692111997091,86.57230803765219,14.96,15.658757246385226,37.87040565396768,1.1182810125098552
extreme,1043,0.82,Diffusion-RB,40,24.868612571870113,88.60896783660854,14.96,15.611311116397351,40.432532652418985,1.1947110317212752
extreme,1043,0.82,Diffusion-RB,50,22.107584947107288,88.94620752644636,14.96,15.599499202880185,42.81729312385463,1.2660288867746232
extreme,1043,0.82,GAN-JCSO,30,28.766450028913688,87.97266546999468,14.96,15.584029763136153,38.76070705376876,1.1450141858224658
extreme,1043,0.82,GAN-JCSO,40,22.34316404616909,89.38739277345042,14.96,15.57294028553631,41.432266537548074,1.22477269257193
extreme,1043,0.82,GAN-JCSO,50,19.989416868912436,89.95056244943856,14.96,15.56535166555325,44.00181451177466,1.3015260221169402
extreme,1043,0.82,GAN-RB,30,26.427205853588724,88.70180760163474,14.96,15.608336327489173,38.897891440268495,1.1479472621780717
extreme,1043,0.82,GAN-RB,40,21.919560226845515,89.4281580628316,14.96,15.595357884109562,41.587973170908015,1.2281239173099814
extreme,1043,0.82,GAN-RB,50,19.946746700090593,90.11528531327896,14.96,15.584704816991943,44.19970830687112,1.3059894323166013
extreme,1043,0.82,QuantileMLP-JCSO,30,28.178635875158417,87.9586932734078,14.96,15.583450401534089,38.79125357731701,1.1450976808835054
extreme,1043,0.82,QuantileMLP-JCSO,40,22.596331694318714,89.24527332327806,14.96,15.572394957932554,41.45573853874519,1.2246110397579364
extreme,1043,0.82,QuantileMLP-JCSO,50,20.207340880898144,89.90762795239301,14.96,15.564803501209092,44.00450497918319,1.300764261215473
extreme,1043,0.82,QuantileMLP-RB,30,31.470779804710876,87.17624753139357,14.96,15.623326184447325,37.958043231842645,1.1183523161846924
extreme,1043,0.82,QuantileMLP-RB,40,26.485041537548994,88.84010003443137,14.96,15.608779438811993,40.48285098474114,1.1935266318074744
extreme,1043,0.82,QuantileMLP-RB,50,21.080641404634576,89.79166666666667,14.96,15.597021345848495,42.96728085126789,1.2675425338880018
extreme,1043,1.0,Diffusion-JCSO,30,37.683336439700376,82.46691412470233,14.96,15.349969825475927,32.96135832180177,1.1840449704160807
extreme,1043,1.0,Diffusion-JCSO,40,19.01123513983877,91.0475829625024,14.96,15.339174639412764,35.19288020429074,1.2650929706308156
extreme,1043,1.0,Diffusion-JCSO,50,13.500805584277344,93.13862036079644,14.96,15.330845040501687,37.380868124726156,1.3445553196997357
extreme,1043,1.0,Diffusion-RB,30,28.452587642756622,87.97676108854647,14.96,15.434357152156243,32.39046039675068,1.1642228379871165
extreme,1043,1.0,Diffusion-RB,40,16.841551659193165,91.875,14.96,15.395132989610355,34.462699012181076,1.2395722923018555
extreme,1043,1.0,Diffusion-RB,50,14.841851521806914,92.37074090576321,14.96,15.38307904528567,36.53696653891867,1.3149939626516016
extreme,1043,1.0,GAN-JCSO,30,28.867192136696513,87.30531582025773,14.96,15.339946553257391,32.98990376867064,1.1862445214821573
extreme,1043,1.0,GAN-JCSO,40,15.798458614422223,92.27383953573266,14.96,15.330655906491584,35.24291580437942,1.2681302711484903
extreme,1043,1.0,GAN-JCSO,50,13.321969802653404,93.125,14.96,15.323511930490218,37.429913330964276,1.3476480115427807
extreme,1043,1.0,GAN-RB,30,27.91644828554923,87.17533180818879,14.96,15.368031509308167,33.09892806383774,1.1890997290775598
extreme,1043,1.0,GAN-RB,40,15.019373965445094,92.61627990969832,14.96,15.356421551221587,35.338349386898734,1.2703980413332432
extreme,1043,1.0,GAN-RB,50,13.111296999086354,93.37033938904115,14.96,15.347315659886782,37.52623111851271,1.3498529277374027
extreme,1043,1.0,QuantileMLP-JCSO,30,35.66990818273385,83.3968937318884,14.96,15.33216647551967,33.036645842074144,1.1870782364520474
extreme,1043,1.0,QuantileMLP-JCSO,40,17.336427827400023,91.66295358186198,14.96,15.324516251534607,35.28207349804224,1.2686483323571847
extreme,1043,1.0,QuantileMLP-JCSO,50,13.327260724895174,93.13107260843816,14.96,15.3199892440669,37.46961304199154,1.3481276420838644
extreme,1043,1.0,QuantileMLP-RB,30,28.890954803807347,87.89439628657054,14.96,15.31553348178936,32.5590332307535,1.1677190882799136
extreme,1043,1.0,QuantileMLP-RB,40,17.452537780787015,92.18647308575102,14.96,15.355612029723737,34.6116319112988,1.2422213121616463
extreme,1043,1.0,QuantileMLP-RB,50,13.433155370570516,93.03891854934936,14.96,15.346476078123608,36.674951202307284,1.3170592312777
extreme,1044,0.82,Diffusion-JCSO,30,35.48681567882169,84.19430353090232,14.96,35.782148630125434,37.08956431708478,1.0738622985463442
extreme,1044,0.82,Diffusion-JCSO,40,27.75275990260428,85.7411146861458,14.96,35.7559665740464,39.70506955145577,1.1502376220997674
extreme,1044,0.82,Diffusion-JCSO,50,23.310439231302766,86.69969915743295,14.96,35.72433308014038,42.21755517126271,1.2235579187683623
extreme,1044,0.82,Diffusion-RB,30,35.568404837143824,84.46965236590457,14.96,35.85305104991238,36.672813897837884,1.0615074366545245
extreme,1044,0.82,Diffusion-RB,40,26.157166534187017,86.2924583443733,14.96,35.818946256264915,39.24277382116118,1.1365535819824755
extreme,1044,0.82,Diffusion-RB,50,21.806354034469596,86.87485909195635,14.96,35.79124744792369,41.745382886169715,1.2096440000433335
extreme,1044,0.82,GAN-JCSO,30,36.29091962861755,83.80285619172274,14.96,35.7997730619276,37.482719914740365,1.0843841212721526
extreme,1044,0.82,GAN-JCSO,40,26.707008481413954,85.61808426032904,14.96,35.772251009715234,40.13043791558548,1.1615965827535235
extreme,1044,0.82,GAN-JCSO,50,22.713181369862504,86.7972249747658,14.96,35.73865013111225,42.67364327232984,1.2357399107954483
extreme,1044,0.82,GAN-RB,30,27.872306891978567,85.1479592427422,14.96,35.87188675152668,38.11105948334415,1.100552967125901
extreme,1044,0.82,GAN-RB,40,21.53360440835527,87.00385274555263,14.96,35.834729770012544,40.79575682217449,1.178710632396283
extreme,1044,0.82,GAN-RB,50,18.8539505704468,87.42192902405498,14.96,35.805919188857374,43.4369204636175,1.2555920505719922
extreme,1044,0.82,QuantileMLP-JCSO,30,35.15022384064097,83.97025322927023,14.96,35.79005911306489,37.25035649926933,1.0790545257384958
extreme,1044,0.82,QuantileMLP-JCSO,40,26.4706593137412,85.80004971988346,14.96,35.764646337472854,39.82531991315672,1.154247202242329
extreme,1044,0.82,QuantileMLP-JCSO,50,22.740527604956224,86.69602317695174,14.96,35.73896108731718,42.33164434114321,1.2274254260664792
extreme,1044,0.82,QuantileMLP-RB,30,30.54471144280456,85.09939104477242,14.96,31.94879243313425,37.26827788361599,1.0802508120855345
extreme,1044,0.82,QuantileMLP-RB,40,25.10159550106859,86.01001094855354,14.96,35.81207211217672,39.86193280589208,1.156130516683702
extreme,1044,0.82,QuantileMLP-RB,50,20.901539478353804,86.81574154035276,14.96,35.78463599119298,42.421055072500025,1.2309631557390337
extreme,1044,1.0,Diffusion-JCSO,30,45.37203607680605,78.95390766138867,14.96,27.345005181377182,31.334743753011438,1.1046401813408167
extreme,1044,1.0,Diffusion-JCSO,40,27.270383618219746,86.50987661116574,14.96,27.30306042310946,33.50878647362593,1.182069253238332
extreme,1044,1.0,Diffusion-JCSO,50,21.91228303485349,87.96725115090842,14.96,27.279468765930165,35.64799988720812,1.2582231279113862
extreme,1044,1.0,Diffusion-RB,30,34.43184370467201,85.5324580525504,14.96,27.46651395442457,31.011305002764413,1.092934574161682
extreme,1044,1.0,Diffusion-RB,40,24.4027191352307,87.7626315937669,14.96,27.40600154285571,33.111612032864635,1.1677181797702336
extreme,1044,1.0,Diffusion-RB,50,19.98221046797109,88.37102047756036,14.96,27.360217656341838,35.17590337228612,1.241224360249138
extreme,1044,1.0,GAN-JCSO,30,49.416592865413335,77.04170229485793,14.96,27.3799027015352,31.65545129731544,1.1151214315512072
extreme,1044,1.0,GAN-JCSO,40,29.708417607152768,84.61715326376085,14.96,27.310526360251714,33.868369916088874,1.193828988847967
extreme,1044,1.0,GAN-JCSO,50,22.11748094321449,87.57377200256661,14.96,27.286037322850063,36.032552890836946,1.2707890555843964
extreme,1044,1.0,GAN-RB,30,28.22257373817309,85.7228668908449,14.96,27.482849931103903,32.09357335413517,1.1286647636354785
extreme,1044,1.0,GAN-RB,40,19.793865420195896,88.48182874949582,14.96,27.417778448106272,34.34882000437087,1.2086368569240848
extreme,1044,1.0,GAN-RB,50,17.353913172870293,88.8906883734491,14.96,27.37014823709594,36.54506264819774,1.2865577657440537
extreme,1044,1.0,QuantileMLP-JCSO,30,58.132754916639655,70.6118398582075,14.96,27.616081902740007,31.534247042886747,1.1121936117366176
extreme,1044,1.0,QuantileMLP-JCSO,40,37.087500412041834,80.61119028782849,14.96,27.3078850973501,33.67949287914061,1.1886505025892906
extreme,1044,1.0,QuantileMLP-JCSO,50,22.95296000155692,86.73562769182864,14.96,27.282107689559908,35.78818563959749,1.2637926012109033
extreme,1044,1.0,QuantileMLP-RB,30,27.793231381164585,87.47484502286481,14.96,27.467887623662854,31.53256596613057,1.1128606213470256
extreme,1044,1.0,QuantileMLP-RB,40,22.569057105484635,88.23235844495593,14.96,27.39787471376059,33.700377071846624,1.190139093131475
extreme,1044,1.0,QuantileMLP-RB,50,18.539060409640726,88.95870565576561,14.96,27.34904921165348,35.819577344088145,1.2656840369635753
extreme,1045,0.82,Diffusion-JCSO,30,33.47124689460603,86.60779327998581,14.96,22.270348170096227,33.87767474078813,1.122330788631313
extreme,1045,0.82,Diffusion-JCSO,40,23.253946273993716,88.99769031384591,14.96,22.22041179990711,36.25624282797749,1.2018207674733241
extreme,1045,0.82,Diffusion-JCSO,50,18.092470407192256,90.17317258522823,14.96,22.196313244477423,38.548349260635504,1.278428810416433
extreme,1045,0.82,Diffusion-RB,30,35.24112218974974,86.58730823066506,14.96,22.61762777214123,33.001084988450124,1.0914012411155096
extreme,1045,0.82,Diffusion-RB,40,24.48252733475026,89.05473666642237,14.96,22.44295913845659,35.279339553944816,1.1673850983187835
extreme,1045,0.82,Diffusion-RB,50,18.75105284080579,89.9241467114419,14.96,22.36734731037926,37.4585457851458,1.240118438413287
extreme,1045,0.82,GAN-JCSO,30,35.19627259560859,86.34216080254413,14.96,22.21081610058772,34.44541820186126,1.1435139943543124
extreme,1045,0.82,GAN-JCSO,40,24.85873258382233,88.64161459051591,14.96,22.18350718205554,36.86894099712911,1.2247645741146718
extreme,1045,0.82,GAN-JCSO,50,19.117910799380375,89.5955223001549,14.96,22.162030924764167,39.215485083071634,1.3034677983193772
extreme,1045,0.82,GAN-RB,30,34.449133878877234,85.46139981815203,14.96,22.413960511692505,34.83120609362355,1.1498723170771787
extreme,1045,0.82,GAN-RB,40,26.49826445862687,88.2199376555936,14.96,22.30438110483408,37.30629272995628,1.2322830392612631
extreme,1045,0.82,GAN-RB,50,22.7349100750607,89.21542790728408,14.96,22.244570385131862,39.591034062133765,1.3084893891675455
extreme,1045,0.82,QuantileMLP-JCSO,30,23.48936091995662,89.20356829500182,14.96,21.222630755577427,34.74920000653203,1.15390582030469
extreme,1045,0.82,QuantileMLP-JCSO,40,18.550442845064754,89.59987922407325,14.96,22.19726946109873,37.110189774772955,1.2330439402174551
extreme,1045,0.82,QuantileMLP-JCSO,50,16.764231521517512,90.10636727060526,14.96,22.175397504263877,39.41447728856639,1.3103376223766288
extreme,1045,0.82,QuantileMLP-RB,30,22.498613946825643,89.81163994157217,14.96,21.107854293780374,34.69331972793635,1.1507253148633338
extreme,1045,0.82,QuantileMLP-RB,40,17.49575774821328,90.20833333333331,14.96,21.096285673655217,36.98068035879338,1.2272850302333465
extreme,1045,0.82,QuantileMLP-RB,50,16.660648456660887,90.0,14.96,22.279163523679028,39.21175029963264,1.3019084909491772
extreme,1045,1.0,Diffusion-JCSO,30,45.80335301259805,77.74075131559188,14.96,16.624004164173858,28.723552939556143,1.1588561758055318
extreme,1045,1.0,Diffusion-JCSO,40,23.669337589370528,89.52360320433053,14.96,16.37009766687599,30.706664424589096,1.2394677948977895
extreme,1045,1.0,Diffusion-JCSO,50,15.795684875358575,92.50752969159497,14.96,16.309654653823255,32.63433940638614,1.317936027776071
extreme,1045,1.0,Diffusion-RB,30,34.123694554322114,86.58331597317896,14.96,18.980803756849554,28.135329731983177,1.1332215046233345
extreme,1045,1.0,Diffusion-RB,40,22.993651507978576,90.6965334243586,14.96,16.687232537635385,30.137295073079613,1.2144468922271958
extreme,1045,1.0,Diffusion-RB,50,16.185961402425644,92.34614105284821,14.96,16.424474582033525,31.969865936723124,1.288887297027765
extreme,1045,1.0,GAN-JCSO,30,63.12664912872599,68.1683936257402,14.96,16.64162613784647,29.25631050841847,1.1823471840057367
extreme,1045,1.0,GAN-JCSO,40,34.53473651446697,83.57024296913607,14.96,16.302414865387412,31.264528573121748,1.2643578990244022
extreme,1045,1.0,GAN-JCSO,50,18.441865182553148,90.86012396408158,14.96,16.278530630641658,33.203094803079686,1.3435970392350083
extreme,1045,1.0,GAN-RB,30,32.395575418215884,87.92520323143766,14.96,16.656519886263716,29.46195033118784,1.1844593177735165
extreme,1045,1.0,GAN-RB,40,22.17774313825452,91.11240248841865,14.96,16.386846168259865,31.61902532303259,1.2717941156019816
extreme,1045,1.0,GAN-RB,50,18.119423677696105,92.11146612086397,14.96,16.331279733284884,33.64413087141226,1.3538721654626613
extreme,1045,1.0,QuantileMLP-JCSO,30,49.54503951571969,76.21047969672385,14.96,16.462870209687534,29.52338061964028,1.1935842039481805
extreme,1045,1.0,QuantileMLP-JCSO,40,23.57164724569093,87.61894582240824,14.96,16.301061388596086,31.528481799342806,1.2754950361366146
extreme,1045,1.0,QuantileMLP-JCSO,50,14.211753806932172,92.19717381096362,14.96,16.278116575941663,33.45099057262167,1.3540816931392317
extreme,1045,1.0,QuantileMLP-RB,30,19.998805138231738,91.60502037178146,14.96,16.68323736790864,29.54539411916756,1.1933087162049458
extreme,1045,1.0,QuantileMLP-RB,40,12.306121944684202,93.28543089503508,14.96,16.400903573134364,31.57000381962755,1.275820289827439
extreme,1045,1.0,QuantileMLP-RB,50,11.985019534914368,93.125,14.96,16.304946428320843,33.45658009804848,1.3528091133115796
extreme,1046,0.82,Diffusion-JCSO,30,27.13297958132609,89.2144582579407,14.96,17.235221880417818,37.07511600986655,1.1710096177173084
extreme,1046,0.82,Diffusion-JCSO,40,19.44379435151813,90.87425948805668,14.96,17.23192034851457,39.66451617678177,1.2535760489985852
extreme,1046,0.82,Diffusion-JCSO,50,15.47859827442162,91.4557071268209,14.96,17.20824584372073,42.144494590178724,1.332754552194467
extreme,1046,0.82,Diffusion-RB,30,29.824934189895636,88.13010538900177,14.96,17.418017431886312,36.1860616876644,1.1406823240194233
extreme,1046,0.82,Diffusion-RB,40,21.73559555503622,89.93068444457428,14.96,17.31118044173106,38.55765138324826,1.2161803870414214
extreme,1046,0.82,Diffusion-RB,50,17.48246941720199,90.96558398064569,14.96,17.277320178917876,40.84288545610455,1.2889554942728085
extreme,1046,0.82,GAN-JCSO,30,27.72478581467613,89.42073876403701,14.96,17.26595513999407,37.39056541645501,1.1803891582098796
extreme,1046,0.82,GAN-JCSO,40,19.76403893092526,90.48972659712491,14.96,17.236374233108286,40.00743286171231,1.2637852811899781
extreme,1046,0.82,GAN-JCSO,50,15.130954914255943,91.70895923309055,14.96,17.21214620623189,42.496989146345506,1.3432453063946899
extreme,1046,0.82,GAN-RB,30,43.117160333682975,85.02881821515395,14.96,17.408405890178518,36.74711301421315,1.152461939731668
extreme,1046,0.82,GAN-RB,40,29.846704061885262,88.84541071742736,14.96,17.345302776265246,38.89599751826572,1.2212348340213004
extreme,1046,0.82,GAN-RB,50,20.49779221634116,90.83947763119791,14.96,17.304188653509478,40.88558499045813,1.2850537588920325
extreme,1046,0.82,QuantileMLP-JCSO,30,25.194884418765906,89.88287365446203,14.96,15.36969090517479,36.98332663747361,1.170827681474304
extreme,1046,0.82,QuantileMLP-JCSO,40,19.554292184658557,90.53566923845885,14.96,15.570463472651337,39.46495173317603,1.2501098259510133
extreme,1046,0.82,QuantileMLP-JCSO,50,16.8897277212515,90.625,14.96,16.470765096509776,41.87741874730722,1.3272785363164643
extreme,1046,0.82,QuantileMLP-RB,30,25.030215663067892,88.95520757508493,14.96,15.972720660593536,36.88685768169124,1.1669954595410543
extreme,1046,0.82,QuantileMLP-RB,40,19.780041861688364,90.41860413416305,14.96,15.959056818447632,39.299704936234114,1.2439851632150445
extreme,1046,0.82,QuantileMLP-RB,50,17.34172516352871,90.625,14.96,15.98059327272752,41.51188281789444,1.3147715308369392
extreme,1046,1.0,Diffusion-JCSO,30,30.18430402863163,88.83326888327956,14.483158247070635,14.96,31.467848689411387,1.21014430813621
extreme,1046,1.0,Diffusion-JCSO,40,13.767374829943549,94.92862501889515,8.8,14.96,33.66636737412138,1.2954259673551505
extreme,1046,1.0,Diffusion-JCSO,50,9.691999065830831,95.62380024911178,8.617772818696311,14.96,35.809113762968174,1.3785997028153625
extreme,1046,1.0,Diffusion-RB,30,31.77018654025673,86.80287368914142,14.96,16.751937634816343,30.884290998243348,1.1855705561637069
extreme,1046,1.0,Diffusion-RB,40,20.051952824642186,91.83985441296355,12.833633331641554,14.96,33.002207862397064,1.2675148395874043
extreme,1046,1.0,Diffusion-RB,50,11.999132156491779,94.5550986172482,8.890972074212787,14.96,35.047742464650796,1.3467061860284932
extreme,1046,1.0,GAN-JCSO,30,23.135532183082535,92.32735266264645,10.493148056319491,14.96,31.67135794673635,1.2174665830788232
extreme,1046,1.0,GAN-JCSO,40,13.733712829818762,94.69202421393923,8.8,14.96,33.926681601159636,1.3048552492973462
extreme,1046,1.0,GAN-JCSO,50,9.142645574028107,95.92737397174699,8.087267766964857,14.96,36.10589483747527,1.3893561347193881
extreme,1046,1.0,GAN-RB,30,34.07833381488449,89.72307453828896,10.819714417830072,14.96,31.87789170471145,1.2167017536988873
extreme,1046,1.0,GAN-RB,40,20.10558146766584,93.9141758313686,8.844386028143845,14.96,33.997208850374605,1.298519095531208
extreme,1046,1.0,GAN-RB,50,13.31139783823867,95.62911290533025,8.793916858478749,14.96,35.78190360829936,1.367804181694009
extreme,1046,1.0,QuantileMLP-JCSO,30,33.94009697070147,86.2209040839284,14.96,14.96,31.456092283247404,1.212544064612726
extreme,1046,1.0,QuantileMLP-JCSO,40,15.369624944872843,93.11581039327541,9.903042252448984,14.96,33.637094045590494,1.297364003607731
extreme,1046,1.0,QuantileMLP-JCSO,50,10.759252875181433,94.82253352422995,8.75859537757933,14.96,35.77193337736957,1.3804271050555539
extreme,1046,1.0,QuantileMLP-RB,30,21.889142135410207,91.46994260279826,9.247599731310586,14.96,31.293211078266488,1.205527484892691
extreme,1046,1.0,QuantileMLP-RB,40,13.324605340677135,94.21066079804166,8.8,14.96,33.46177663543216,1.289791222981673
extreme,1046,1.0,QuantileMLP-RB,50,10.769743176625532,94.85169876958847,8.69587639452285,14.96,35.59990842478506,1.372878144534509
extreme,1047,0.82,Diffusion-JCSO,30,27.62715188267166,86.71491913066583,14.96,27.7186053592251,36.31634454488786,1.1237356340641482
extreme,1047,0.82,Diffusion-JCSO,40,21.321370902607644,87.62271505877376,14.96,27.669304993027783,38.61236187115858,1.195725011067801
extreme,1047,0.82,Diffusion-JCSO,50,18.764378191016515,88.1896517141056,14.96,27.64705367115141,40.83453055629338,1.2654409851756114
extreme,1047,0.82,Diffusion-RB,30,23.941228911031146,87.86885943890888,14.96,27.82417267708016,36.07653337259882,1.1146215138939601
extreme,1047,0.82,Diffusion-RB,40,19.221804336589127,88.03063913268218,14.96,27.75217895842478,38.09090219614695,1.1777542969020516
extreme,1047,0.82,Diffusion-RB,50,18.419121476190107,88.15563629761914,14.96,27.719905477405625,40.04678814537382,1.2391638396500515
extreme,1047,0.82,GAN-JCSO,30,30.881811908700232,86.09632753751632,14.96,26.998781947437994,36.129957272162585,1.1191492196594224
extreme,1047,0.82,GAN-JCSO,40,21.641737230234202,87.74165658615702,14.96,27.66988719112542,38.35633592856051,1.188923478870476
extreme,1047,0.82,GAN-JCSO,50,18.58025235194962,88.18801349689728,14.96,27.64774957050981,40.5427689404662,1.2576348856804724
extreme,1047,0.82,GAN-RB,30,22.37817760873916,87.18043795821397,14.96,27.75459605821628,37.31823946542998,1.155607735209416
extreme,1047,0.82,GAN-RB,40,18.606909700454842,88.125,14.96,27.724171849950228,39.65252515161097,1.2287323930528706
extreme,1047,0.82,GAN-RB,50,16.666666666666664,88.75,14.96,27.69847079110622,41.952728827817005,1.300975864130568
extreme,1047,0.82,QuantileMLP-JCSO,30,25.916334588431617,86.28418147588229,14.96,27.70933839464401,36.17900191207497,1.1201884141293978
extreme,1047,0.82,QuantileMLP-JCSO,40,21.01227680504385,87.5892113056579,14.96,27.652330455532276,38.35861232019265,1.188587160761543
extreme,1047,0.82,QuantileMLP-JCSO,50,18.701192067224586,88.06640176283898,14.96,27.631542412217193,40.526939905103895,1.256810741792285
extreme,1047,0.82,QuantileMLP-RB,30,29.960107114923456,86.20406169592997,14.96,27.917834383254558,35.66387147708009,1.1020757810245991
extreme,1047,0.82,QuantileMLP-RB,40,22.04185649888713,87.19601143176533,14.96,27.779653884459258,37.38261336529278,1.1561872956563617
extreme,1047,0.82,QuantileMLP-RB,50,19.152855757040797,88.0860955152585,14.96,27.71061718187196,39.263347350244864,1.2154014322831466
extreme,1047,1.0,Diffusion-JCSO,30,37.33891237984777,82.92422995476159,14.96,18.587307857924024,30.981875100750464,1.166887496669219
extreme,1047,1.0,Diffusion-JCSO,40,24.40754061305251,88.17408381961678,14.96,18.553970533842655,33.077527711109425,1.2466486768216867
extreme,1047,1.0,Diffusion-JCSO,50,16.4559284918259,91.42140190726049,14.96,18.526981932017087,35.0251943027838,1.3209877919458117
extreme,1047,1.0,Diffusion-RB,30,25.70918378819248,88.60339260674913,14.96,20.865335653569062,31.28802864100367,1.1764752405081502
extreme,1047,1.0,Diffusion-RB,40,14.337023557178501,92.40388746939885,14.96,19.103616671446975,33.22575448445847,1.250238125233382
extreme,1047,1.0,Diffusion-RB,50,12.66035136311173,92.98074549255541,14.96,18.610055478462524,34.8913088314362,1.3139085297006816
extreme,1047,1.0,GAN-JCSO,30,40.33123370058786,81.19907668127816,14.96,20.779580252012497,31.0137263610585,1.169381535167931
extreme,1047,1.0,GAN-JCSO,40,18.726538049526425,90.54643974878793,14.96,20.072899578151834,33.035733614286535,1.2465006692988576
extreme,1047,1.0,GAN-JCSO,50,13.102500291249042,92.91666666666669,14.96,18.515055379466197,34.962754353171555,1.3201073638724001
extreme,1047,1.0,GAN-RB,30,23.8114127825526,88.14966691255091,14.96,18.70807374545163,31.80695687776848,1.1991640174352618
extreme,1047,1.0,GAN-RB,40,13.341559788659488,92.6361467371135,14.96,18.59298989681904,33.9425379333676,1.2804677427899966
extreme,1047,1.0,GAN-RB,50,12.5860408507696,92.83062581589708,14.96,18.565166272771933,35.95924346589493,1.3573974925434005
extreme,1047,1.0,QuantileMLP-JCSO,30,38.393184678811274,80.3661407975022,14.96,20.8690166951073,31.079076294459632,1.1712387519991043
extreme,1047,1.0,QuantileMLP-JCSO,40,20.44834174267365,89.19109325375251,14.96,19.8707900996114,33.095468787113376,1.2481190782713514
extreme,1047,1.0,QuantileMLP-JCSO,50,13.701498112273002,92.45455200810014,14.96,18.511130556495058,34.99001532704071,1.3205223608319947
extreme,1047,1.0,QuantileMLP-RB,30,25.591241599731383,89.46912996674223,14.96,18.203375351637884,30.748681020762547,1.1566637500566654
extreme,1047,1.0,QuantileMLP-RB,40,16.05168437235274,92.67545244362417,14.96,17.75686990266145,32.764219934017895,1.2332862131309965
extreme,1047,1.0,QuantileMLP-RB,50,12.890367604256701,93.125,14.96,18.60907417483791,34.53822932272425,1.3008823836494556
extreme,1048,0.82,Diffusion-JCSO,30,33.074740215202354,85.2279793801173,14.96,23.071113670065454,36.539795104296736,1.120506546484976
extreme,1048,0.82,Diffusion-JCSO,40,25.243868548460853,86.52119718238379,14.96,23.04041889624436,39.04701747518115,1.198266700716312
extreme,1048,0.82,Diffusion-JCSO,50,21.56426153093359,87.05190718023997,14.96,23.01518412610945,41.47312463844439,1.2735525967542323
extreme,1048,0.82,Diffusion-RB,30,40.64956648881955,82.22300898374068,14.96,23.146586592349504,34.89987744389921,1.069687779057841
extreme,1048,0.82,Diffusion-RB,40,32.158406795451015,85.18558379935827,14.96,23.10411484598841,37.27037519041545,1.1431653447210892
extreme,1048,0.82,Diffusion-RB,50,26.216638904517037,85.99167459870942,14.96,23.077592906344798,39.55346467183025,1.2139903338890303
extreme,1048,0.82,GAN-JCSO,30,35.43448265856432,83.28810346828713,14.96,23.06151878395467,36.91347194511639,1.1329857481635186
extreme,1048,0.82,GAN-JCSO,40,25.546239469310475,85.52731648653584,14.96,23.031956418578204,39.43554170704345,1.2112663399554588
extreme,1048,0.82,GAN-JCSO,50,20.249140862292332,87.20861971256923,14.96,23.007179817302227,41.85664517184788,1.2864437339675856
extreme,1048,0.82,GAN-RB,30,44.42300558916069,77.23422737957164,14.96,23.137538649387388,37.010848962404765,1.13918370822764
extreme,1048,0.82,GAN-RB,40,37.06930362739302,81.33552424587448,14.96,23.08580308445691,39.59948072018849,1.2196939326587812
extreme,1048,0.82,GAN-RB,50,33.17912576159109,82.80228760184566,14.96,23.051699079319505,41.9647821168211,1.2933738509022519
extreme,1048,0.82,QuantileMLP-JCSO,30,31.567203942861106,85.0347783041658,14.96,23.0825139905884,36.879002589819244,1.1311982079387477
extreme,1048,0.82,QuantileMLP-JCSO,40,25.0785626849461,86.1171437315054,14.96,23.05126006051127,39.3907141009192,1.2091339004376487
extreme,1048,0.82,QuantileMLP-JCSO,50,21.027013054133025,86.97612985223118,14.96,23.02524926034701,41.82405696242353,1.2846772721337216
extreme,1048,0.82,QuantileMLP-RB,30,37.657565172683356,83.07417437851613,14.96,23.160376429460214,35.92430749308407,1.1003239096591173
extreme,1048,0.82,QuantileMLP-RB,40,29.925521477166903,85.17486963070827,14.96,23.12076502750876,38.34850792415332,1.1754332234739393
extreme,1048,0.82,QuantileMLP-RB,50,26.9343560450472,85.92264553674693,14.96,23.089590007094124,40.72108109015434,1.2489314647445902
extreme,1048,1.0,Diffusion-JCSO,30,51.49182440932756,74.4187900063831,14.96,14.96,31.26348391176977,1.166796288506975
extreme,1048,1.0,Diffusion-JCSO,40,25.483037998372595,88.56480793187625,14.96,14.96,33.275983817983125,1.2429098197099153
extreme,1048,1.0,Diffusion-JCSO,50,17.09024752788857,91.94213971292604,14.96,14.96,35.3050690711422,1.3196058632960677
extreme,1048,1.0,Diffusion-RB,30,46.282503343583215,80.85004978461987,14.96,15.527416006843708,29.880824954736667,1.1146877881178792
extreme,1048,1.0,Diffusion-RB,40,31.271822001064514,87.62360666637896,14.96,14.96,31.762845227968484,1.1858252022480598
extreme,1048,1.0,Diffusion-RB,50,21.87127112731956,90.68917799270619,14.96,14.96,33.660195807751826,1.2575222510961912
extreme,1048,1.0,GAN-JCSO,30,30.754572293939592,87.66265710533591,14.96,14.96,31.425744844851287,1.1740108458196543
extreme,1048,1.0,GAN-JCSO,40,20.25930305728139,90.73130824659083,14.96,14.96,33.56796194702781,1.2549551471918035
extreme,1048,1.0,GAN-JCSO,50,15.707280265030091,92.1947954672122,14.96,14.96,35.64771778410109,1.3335922331068117
extreme,1048,1.0,GAN-RB,30,50.79034408159319,75.2874021850146,14.96,15.21447356582812,31.476325617231215,1.1795097792907117
extreme,1048,1.0,GAN-RB,40,32.52227081870051,86.10471569316054,14.96,14.96,33.663165479955616,1.2622852655563541
extreme,1048,1.0,GAN-RB,50,28.403228787010228,87.82392373766326,14.96,14.96,35.778628811600534,1.3423623947218488
extreme,1048,1.0,QuantileMLP-JCSO,30,34.59438359687045,85.41224656125182,14.96,14.96,31.451026529874795,1.1741691470947548
extreme,1048,1.0,QuantileMLP-JCSO,40,21.50406692659117,90.06262937273777,14.96,14.96,33.553532262546085,1.2536055610898613
extreme,1048,1.0,QuantileMLP-JCSO,50,16.44745276989425,91.95471414428089,14.96,14.96,35.61091511710725,1.3313658213914858
extreme,1048,1.0,QuantileMLP-RB,30,32.18780220872948,87.75336141235475,14.96,14.98544230492681,30.852950829008336,1.1501619291532312
extreme,1048,1.0,QuantileMLP-RB,40,26.21012245844578,89.55270500755532,14.96,14.96,32.84068752432473,1.2251698573495011
extreme,1048,1.0,QuantileMLP-RB,50,22.023717923002245,90.8646761174207,14.96,14.96,34.740475724697106,1.29694883570755
extreme,1049,0.82,Diffusion-JCSO,30,29.984765657030252,87.66661183760978,14.96,15.492016785505433,38.26880990031374,1.119870803793038
extreme,1049,0.82,Diffusion-JCSO,40,19.576637341997234,89.00537362866697,14.96,15.486136494081652,40.96667832233212,1.1995316536675764
extreme,1049,0.82,Diffusion-JCSO,50,16.179067182054098,89.55585323025585,14.96,15.48139434249203,43.540905032977875,1.275561836819508
extreme,1049,0.82,Diffusion-RB,30,27.981359311198993,88.28016920189722,14.96,15.500434296611312,37.9216236096826,1.1098147815349007
extreme,1049,0.82,Diffusion-RB,40,19.036711832663148,89.11455664919336,14.96,15.490635144119935,40.47105733960379,1.1851092643759058
extreme,1049,0.82,Diffusion-RB,50,16.423588295511596,89.46528234089769,14.96,15.488421126099716,42.88839270553615,1.2565452795877456
extreme,1049,0.82,GAN-JCSO,30,28.423349973482146,87.69258564755312,14.96,15.490241115177428,38.5248662736553,1.1278613504883668
extreme,1049,0.82,GAN-JCSO,40,19.787914329147654,88.60634651346446,14.96,15.48446356454715,41.21195435144284,1.2072634471172439
extreme,1049,0.82,GAN-JCSO,50,16.644309104795248,89.19170357748008,14.96,15.479910105403988,43.7662742698235,1.282794348330203
extreme,1049,0.82,GAN-RB,30,27.07648715684037,87.29804993550346,14.96,15.498272473367434,38.53543210524852,1.1276455348804784
extreme,1049,0.82,GAN-RB,40,20.394737619046055,88.60446549783592,14.96,15.491101557344802,41.105200839176,1.2036053728615015
extreme,1049,0.82,GAN-RB,50,16.897038858857215,89.3876350473553,14.96,15.486123101112724,43.54478773918353,1.2758204976317813
extreme,1049,0.82,QuantileMLP-JCSO,30,25.805838468723746,88.32263494234861,14.96,15.49252274843795,38.680583570494406,1.1316150336002309
extreme,1049,0.82,QuantileMLP-JCSO,40,18.349830457300843,89.26361433782797,14.96,15.486530711812085,41.374855738248726,1.2111441290240836
extreme,1049,0.82,QuantileMLP-JCSO,50,15.778632788246513,89.56412923480252,14.96,15.481824655188673,43.95996491636275,1.287468110436287
extreme,1049,0.82,QuantileMLP-RB,30,25.974893927930847,87.71667992567531,14.96,15.507842237087361,38.2346979436179,1.1182967488367737
extreme,1049,0.82,QuantileMLP-RB,40,20.839612939426715,88.67462364526665,14.96,15.496335641774172,40.7551232920562,1.1926935502038718
extreme,1049,0.82,QuantileMLP-RB,50,16.314576303171297,89.77782888741568,14.96,15.487881056580758,43.18867441982006,1.2645598665172255
extreme,1049,1.0,Diffusion-JCSO,30,43.89288054694945,79.7479209572868,14.96,20.392916532834334,32.340652966532524,1.1523101870522579
extreme,1049,1.0,Diffusion-JCSO,40,20.943616025517958,88.51578053453753,14.96,20.151706609504707,34.564173886490885,1.2323312528340207
extreme,1049,1.0,Diffusion-JCSO,50,14.59737318216605,90.82865338372241,14.96,20.101716188036438,36.747213455238644,1.310893339910164
extreme,1049,1.0,Diffusion-RB,30,29.82234143835838,87.22067081502483,14.96,18.684108262592176,32.22485842646797,1.1483697689747339
extreme,1049,1.0,Diffusion-RB,40,16.9161593594174,90.56262682681232,14.96,18.75297281962887,34.32571023867465,1.2239304058076128
extreme,1049,1.0,Diffusion-RB,50,14.673509125828582,90.94029817483428,14.96,18.835191886525294,36.366444409385785,1.297402872975186
extreme,1049,1.0,GAN-JCSO,30,35.22667040229737,84.22697180605154,14.96,18.64671377807625,32.578444348079536,1.161304495405794
extreme,1049,1.0,GAN-JCSO,40,20.92856129346522,88.77304474404347,14.96,18.619967060221498,34.81944355382888,1.2419360178884855
extreme,1049,1.0,GAN-JCSO,50,14.817821733322395,90.69362437576058,14.96,18.69683579038487,36.987989211360194,1.3200335792046807
extreme,1049,1.0,GAN-RB,30,36.01190111073921,83.28231396836023,14.96,16.167781474011772,32.668160134661356,1.1640802696158619
extreme,1049,1.0,GAN-RB,40,18.82130239906619,89.80481237370687,14.96,16.160837367463994,34.84835058705569,1.2424828775924315
extreme,1049,1.0,GAN-RB,50,14.454346199974777,91.0898553047655,14.96,16.162236634283257,36.979396594051146,1.3191807638698905
extreme,1049,1.0,QuantileMLP-JCSO,30,39.08669795265364,80.8041774817327,14.96,19.284240493031973,32.6819492931541,1.1642069384360634
extreme,1049,1.0,QuantileMLP-JCSO,40,22.13110256960826,87.28425188310247,14.96,19.106098160995177,34.923401918989185,1.2448383732643662
extreme,1049,1.0,QuantileMLP-JCSO,50,14.340185537859007,90.75324770047531,14.96,19.08658060835584,37.10735629160517,1.32338880221925
extreme,1049,1.0,QuantileMLP-RB,30,22.649940393896767,89.375,14.96,18.85087796206801,32.59262903389375,1.1607836489150651
extreme,1049,1.0,QuantileMLP-RB,40,17.88741068478907,90.12061975830974,14.96,18.9354226480757,34.68913846986654,1.2361367733635518
extreme,1049,1.0,QuantileMLP-RB,50,13.85984888817975,91.47064388897752,14.96,19.02513346708178,36.7202709089327,1.3092037865613664
extreme,1050,0.82,Diffusion-JCSO,30,31.14562950046883,90.4013345709537,11.464947856706482,17.984495927005536,35.887041572472334,1.1900749307224148
extreme,1050,0.82,Diffusion-JCSO,40,20.33787617644082,93.39816774510474,11.415533452511522,17.957251731974296,38.63596262624918,1.2817311543077476
extreme,1050,0.82,Diffusion-JCSO,50,13.47352294482172,94.88408582957932,11.39094031127316,17.935477221339596,41.23751269685329,1.3685837239903142
extreme,1050,0.82,Diffusion-RB,30,24.79144194803584,92.78278624923043,11.566701344687075,18.07297024995941,36.0642788811747,1.195687691326338
extreme,1050,0.82,Diffusion-RB,40,15.844732599227935,94.546711233462,11.508532856042969,18.004631618526023,38.76447432338891,1.2856538406380116
extreme,1050,0.82,Diffusion-RB,50,10.931705193068144,95.20833333333331,11.46232234186447,17.977708168157108,41.32040998122411,1.3708855631645533
extreme,1050,0.82,GAN-JCSO,30,24.362426471597363,91.773976715434,12.253391804398778,17.982255624773753,36.523276523635474,1.2136802873747223
extreme,1050,0.82,GAN-JCSO,40,16.726958312215004,93.84940399193457,11.40128817860279,17.956097197293808,39.27579326371258,1.305641622818142
extreme,1050,0.82,GAN-JCSO,50,12.28953133393964,94.95581471415579,11.374862388354902,17.93421246425278,41.944900026731716,1.3948656709955647
extreme,1050,0.82,GAN-RB,30,19.078823722123982,93.44009145187805,11.739006642012999,18.024096786428373,36.755814409296114,1.2197719030085081
extreme,1050,0.82,GAN-RB,40,14.244354141749847,94.66729398425001,11.475589008898792,17.988967056171532,39.489678605829404,1.3109725245830186
extreme,1050,0.82,GAN-RB,50,11.346870079098702,94.98923665787792,11.431925520811426,17.969202047984844,42.141543828707725,1.399493719793675
extreme,1050,0.82,QuantileMLP-JCSO,30,24.170643978106327,92.36005049472719,11.463498504270948,17.988037553158012,36.614369478944226,1.215161961503596
extreme,1050,0.82,QuantileMLP-JCSO,40,17.002561624908726,94.15745243925512,11.415792192573988,17.961582464424275,39.381396628707265,1.3074818605344425
extreme,1050,0.82,QuantileMLP-JCSO,50,12.632895049585102,94.91216105609833,11.383560645242529,17.939598198632723,42.05221004034207,1.3966699681246777
extreme,1050,0.82,QuantileMLP-RB,30,17.40708775787112,93.68524911509245,12.260416837631892,18.10004730901064,36.6748158742982,1.2194374427634633
extreme,1050,0.82,QuantileMLP-RB,40,12.248549558208472,94.79166666666666,11.51981470213702,17.9949500399712,39.42573764908258,1.311369048366858
extreme,1050,0.82,QuantileMLP-RB,50,11.268016340587552,94.92455010869304,11.474229740580173,17.959826128151697,42.090047217277395,1.4004379547026784
extreme,1050,1.0,Diffusion-JCSO,30,42.61150895252369,83.689343303068,14.96,15.685710141509468,30.084303526291404,1.215298984244247
extreme,1050,1.0,Diffusion-JCSO,40,20.634352902678334,93.84380728051693,8.8,15.173245615010565,32.355508246851045,1.3075953885035871
extreme,1050,1.0,Diffusion-JCSO,50,12.14294975917042,96.17260669877729,8.426910948217461,15.167790164135464,34.55320312523213,1.3969232204669753
extreme,1050,1.0,Diffusion-RB,30,27.947991587345438,91.21416929562123,11.070570628276904,17.583187918030784,30.165967531076472,1.2184540117836935
extreme,1050,1.0,Diffusion-RB,40,14.27108469129917,95.88537477367235,8.446263790836829,15.17800919635656,32.42166016302647,1.3100378435485678
extreme,1050,1.0,Diffusion-RB,50,9.75039407941794,96.45833333333331,7.652931898695762,15.172315978276016,34.607350452612536,1.398818321119211
extreme,1050,1.0,GAN-JCSO,30,32.34171295962012,87.54859182238052,12.937539335266571,14.96,30.60781708240964,1.2390072162280223
extreme,1050,1.0,GAN-JCSO,40,17.470701451723954,93.90829470737779,8.80520048365681,14.96,32.880136185581044,1.3315536532871632
extreme,1050,1.0,GAN-JCSO,50,10.756736880286798,96.26392662782665,7.695792647785591,14.96,35.10475147767691,1.422174181293272
extreme,1050,1.0,GAN-RB,30,19.887078992885122,93.4260189559703,8.978873458985408,15.200650268996338,30.757242810159088,1.243514836304241
extreme,1050,1.0,GAN-RB,40,13.012344321933629,95.93844322348887,8.623891999284583,15.179517374170095,33.01315300622836,1.3352279166609426
extreme,1050,1.0,GAN-RB,50,10.163105714730134,96.2613069046508,8.539262582418711,15.173750867166973,35.22842339446408,1.4253347046562508
extreme,1050,1.0,QuantileMLP-JCSO,30,34.81403847952822,87.00255112951102,14.136870671490907,15.286988788458471,30.648967751409142,1.2391433210266352
extreme,1050,1.0,QuantileMLP-JCSO,40,16.018756440267985,95.26614422326634,8.685415197211688,15.175207786754978,32.935733493796505,1.3321439147667542
extreme,1050,1.0,QuantileMLP-JCSO,50,11.396474880389833,96.17986591996457,8.544749655757348,15.16966937089672,35.16812888673753,1.4229504430178253
extreme,1050,1.0,QuantileMLP-RB,30,18.51869236797153,93.65432383502502,8.540769509640466,14.96,30.67261307638337,1.2424699469251022
extreme,1050,1.0,QuantileMLP-RB,40,10.926723173079242,96.04166666666669,7.749709196111393,14.96,32.9353747093498,1.3346519535624146
extreme,1050,1.0,QuantileMLP-RB,50,9.941715464304856,96.19998373412061,7.740192617476944,14.96,35.14615540735799,1.4247293725832995
extreme,1051,0.82,Diffusion-JCSO,30,30.98393641431678,86.79661497401095,14.96,27.372284860526776,36.491338136197015,1.142439371916383
extreme,1051,0.82,Diffusion-JCSO,40,23.778581020024156,87.55974522541214,14.96,27.90353974366736,39.0384472600562,1.2229062924146619
extreme,1051,0.82,Diffusion-JCSO,50,20.262462532906024,88.04070801028928,14.96,28.57412712805447,41.4900824600104,1.300362315093601
extreme,1051,0.82,Diffusion-RB,30,31.939965460437154,87.17156582486163,14.96,26.65452741460972,36.0205034462101,1.1279847244671497
extreme,1051,0.82,Diffusion-RB,40,23.821528967266165,88.54166666666666,14.96,26.59277854056589,38.419572189909864,1.2036657703234241
extreme,1051,0.82,Diffusion-RB,50,21.00276377513171,88.94000840158763,14.96,26.56696265276967,40.672269898854324,1.2747788949959618
extreme,1051,0.82,GAN-JCSO,30,40.85567100284069,82.15738794240977,14.96,27.373516923331717,36.2728859150221,1.1362599282403527
extreme,1051,0.82,GAN-JCSO,40,26.016707873262433,87.39090159880078,14.96,27.39176178490946,38.83203392013332,1.2171243251114456
extreme,1051,0.82,GAN-JCSO,50,20.975034258635592,88.09583047844704,14.96,27.425917989140967,41.26885268120384,1.2941006949345972
extreme,1051,0.82,GAN-RB,30,32.25428303749845,84.73120239375064,14.96,28.661048125132545,36.547878639131625,1.1446222849177854
extreme,1051,0.82,GAN-RB,40,24.670379028501095,87.02425752763311,14.96,28.63552000468326,39.139028403399045,1.226477923261714
extreme,1051,0.82,GAN-RB,50,20.778700392564694,87.8782415685255,14.96,28.61364250030598,41.659362946152,1.3061225519356943
extreme,1051,0.82,QuantileMLP-JCSO,30,31.012595269773374,86.7856711289725,14.96,27.385765706432302,36.51904597512956,1.1439425971960473
extreme,1051,0.82,QuantileMLP-JCSO,40,24.101329272334286,87.40563394248319,14.96,28.010287375113993,39.08516397556338,1.2250303473212936
extreme,1051,0.82,QuantileMLP-JCSO,50,20.204705454010885,87.99735300707525,14.96,28.568733626079055,41.538459397807074,1.3025398204740657
extreme,1051,0.82,QuantileMLP-RB,30,25.838830868246752,86.97779228293831,14.96,26.594503331686013,36.79279288847761,1.1530452360862322
extreme,1051,0.82,QuantileMLP-RB,40,20.765776445230934,88.06306187645582,14.96,26.545524747026416,39.308578022792794,1.232502129494213
extreme,1051,0.82,QuantileMLP-RB,50,18.699232710681223,88.28256604401456,14.96,27.027723780019347,41.76984020170328,1.3102460122469233
extreme,1051,1.0,Diffusion-JCSO,30,44.98416027476042,81.41446476073557,14.96,14.96,30.99222154130804,1.1812947135974707
extreme,1051,1.0,Diffusion-JCSO,40,20.319815140189316,92.17515212599416,14.96,14.96,33.11733756205615,1.2631497365047735
extreme,1051,1.0,Diffusion-JCSO,50,14.956711230953516,93.71888517519832,14.96,14.96,35.217782514113,1.3440109458733875
extreme,1051,1.0,Diffusion-RB,30,28.102258315074188,90.44577807594146,14.96,14.96,30.62930995552166,1.1677799384801582
extreme,1051,1.0,Diffusion-RB,40,18.331828309788673,92.9926294729076,13.593494812084554,14.96,32.692040916812694,1.2472345834643699
extreme,1051,1.0,Diffusion-RB,50,14.600675790170817,93.94966210491457,11.940137587460883,14.96,34.71718272776343,1.3252541258181436
extreme,1051,1.0,GAN-JCSO,30,63.228838464842475,69.01683524313741,14.96,14.96,30.8730688762236,1.1773936128926077
extreme,1051,1.0,GAN-JCSO,40,43.36492998925396,80.26343714660973,14.96,14.96,32.97986924131945,1.2586033505021688
extreme,1051,1.0,GAN-JCSO,50,23.10556275215401,89.44055249700122,14.96,14.96,35.046819425338676,1.3382676218378786
extreme,1051,1.0,GAN-RB,30,66.33983785691063,68.33951670717924,14.96,14.961988851386696,31.041970145632234,1.1836399374152478
extreme,1051,1.0,GAN-RB,40,29.638092377046476,87.12873701337986,14.96,14.96,33.12327999943759,1.2639037494674397
extreme,1051,1.0,GAN-RB,50,15.06890087090786,93.84491934068919,14.96,14.96,35.2123902264577,1.3443922408394673
extreme,1051,1.0,QuantileMLP-JCSO,30,58.204242987333615,73.72342876038583,14.96,14.96,31.043615525305032,1.1838649358843114
extreme,1051,1.0,QuantileMLP-JCSO,40,30.90201352246163,86.48554720817026,14.96,14.96,33.1560401221099,1.2653136945672039
extreme,1051,1.0,QuantileMLP-JCSO,50,15.286803446229813,93.53121863228606,14.96,14.96,35.239376722149764,1.3455890469509095
extreme,1051,1.0,QuantileMLP-RB,30,49.93079553298004,77.85704000967522,14.96,14.973032210123604,31.259873160107645,1.192813253899115
extreme,1051,1.0,QuantileMLP-RB,40,23.423774147177998,89.38411924879402,14.96,14.96,33.36138378861349,1.2738417998349625
extreme,1051,1.0,QuantileMLP-RB,50,13.936028550909402,93.75,14.96,14.96,35.437962771561516,1.3538637118052603
extreme,1052,0.82,Diffusion-JCSO,30,72.27931416547392,67.88040699813409,14.96,20.088653207111104,32.758916166334885,0.9899905945520976
extreme,1052,0.82,Diffusion-JCSO,40,45.53463124400589,83.32256975596596,14.96,19.176918819976432,35.15240286066515,1.0628114248580485
extreme,1052,0.82,Diffusion-JCSO,50,29.960846627543628,87.85374778429828,14.96,19.1150414813446,37.449344274143115,1.1327371984520889
extreme,1052,0.82,Diffusion-RB,30,48.61930371381973,81.45038168455355,14.96,19.436369092035527,33.09406490382093,1.0002960722071537
extreme,1052,0.82,Diffusion-RB,40,32.78264692166098,86.5193091092085,14.96,19.23441633906398,35.501323510430225,1.073535549027176
extreme,1052,0.82,Diffusion-RB,50,27.288330722413676,88.08400052218393,14.96,18.294867565506806,37.69723504817331,1.1404364393343704
extreme,1052,0.82,GAN-JCSO,30,31.48242197672888,87.54913191731674,14.96,19.10224969350207,37.35808576937145,1.130113129833298
extreme,1052,0.82,GAN-JCSO,40,23.069930186982372,89.54927477326318,14.96,19.072877989256828,39.9399532663304,1.2088972931863922
extreme,1052,0.82,GAN-JCSO,50,18.744640694312828,90.33494112503946,14.96,19.04930403503473,42.37811908903795,1.2833606775037192
extreme,1052,0.82,GAN-RB,30,27.685745165656666,87.6407896367309,14.96,19.128816963465898,37.630664182472664,1.1369986698509353
extreme,1052,0.82,GAN-RB,40,25.498591148825337,88.84597421845079,14.96,19.098034612108904,40.15309544529686,1.2138303777782038
extreme,1052,0.82,GAN-RB,50,21.369031283076737,90.16072082010263,14.96,19.072300430365114,42.55359342619083,1.2870265569778818
extreme,1052,0.82,QuantileMLP-JCSO,30,29.196864913840113,88.0653671048733,14.96,18.19811062554633,37.529828101129624,1.1353309027630163
extreme,1052,0.82,QuantileMLP-JCSO,40,22.15722694590544,89.89196454020495,14.96,18.211560410469836,40.073169668918005,1.2129227339594233
extreme,1052,0.82,QuantileMLP-JCSO,50,17.03340748829457,90.7694362050043,14.96,18.2325240788744,42.483041996824205,1.28654145276302
extreme,1052,0.82,QuantileMLP-RB,30,26.01153531515128,88.63102627030307,14.96,18.239056404150425,37.826679462986284,1.1445916175038764
extreme,1052,0.82,QuantileMLP-RB,40,20.30265925597389,89.83400171015987,14.96,18.8837762757223,40.30961285527027,1.2204329103764227
extreme,1052,0.82,QuantileMLP-RB,50,17.115734026226367,90.83333333333331,14.96,19.09097049352847,42.72916896773006,1.2944079059685354
extreme,1052,1.0,Diffusion-JCSO,30,81.48216518073448,55.601168152598845,14.96,24.172824119587553,27.874257289405108,1.0263076281453598
extreme,1052,1.0,Diffusion-JCSO,40,64.58724918852997,69.3303143160016,14.96,15.360936587438946,29.946684524371094,1.103056730712539
extreme,1052,1.0,Diffusion-JCSO,50,47.130275407994425,77.70246780416267,14.96,14.96,31.866826481534666,1.1741281673213335
extreme,1052,1.0,Diffusion-RB,30,80.6041886618244,56.57089611920256,14.96,21.60198989062111,28.324362295326097,1.0431306184345583
extreme,1052,1.0,Diffusion-RB,40,56.06780358488796,73.64463620546279,14.96,14.96,30.253872714053166,1.1145541886383656
extreme,1052,1.0,Diffusion-RB,50,29.762989579487673,87.4871834366477,14.96,14.96,32.1355729524856,1.1842051509226639
extreme,1052,1.0,GAN-JCSO,30,45.05480858515041,78.5864739253079,14.96,14.96,31.64666421539542,1.1658836785711817
extreme,1052,1.0,GAN-JCSO,40,26.026657448079398,88.11483080612862,14.96,14.96,33.90525176111937,1.2497204223392981
extreme,1052,1.0,GAN-JCSO,50,15.66517287778579,92.95368517083033,14.96,14.96,36.041533176907684,1.329044827044358
extreme,1052,1.0,GAN-RB,30,44.44790707760424,79.40336340691546,14.96,14.96,31.879111271689798,1.173213050990377
extreme,1052,1.0,GAN-RB,40,22.70339221215938,91.10522510660763,14.96,14.96,34.11980652968316,1.2562224954591314
extreme,1052,1.0,GAN-RB,50,16.79448698010878,93.15709403924717,14.96,14.96,36.27254453196974,1.33601596312634
extreme,1052,1.0,QuantileMLP-JCSO,30,33.03503214087905,85.76593384772538,14.96,14.96,31.775910945818392,1.1706578866548925
extreme,1052,1.0,QuantileMLP-JCSO,40,18.90849011714609,92.25725807710319,14.96,14.96,34.04973191617118,1.2550532792473703
extreme,1052,1.0,QuantileMLP-JCSO,50,12.906075458327098,93.75211824166792,14.96,14.96,36.20324697546173,1.3350308195023373
extreme,1052,1.0,QuantileMLP-RB,30,28.363252517035676,87.92707145879345,14.96,14.96,32.04697154109698,1.1809519366521761
extreme,1052,1.0,QuantileMLP-RB,40,15.906639606870973,92.82772784344426,14.96,14.96,34.29238381687425,1.264331085436425
extreme,1052,1.0,QuantileMLP-RB,50,13.317469536579647,93.75,14.96,14.96,36.44507697511685,1.3442912602297368
extreme,1053,0.82,Diffusion-JCSO,30,25.153765923239433,86.99404834237632,14.96,33.588637560152065,35.35386953277388,1.0761792340993581
extreme,1053,0.82,Diffusion-JCSO,40,18.87051006547144,87.52195581696547,14.96,33.56274849228832,37.77437035047591,1.150448521019189
extreme,1053,0.82,Diffusion-JCSO,50,17.184172055762183,87.95249820363483,14.96,33.54174454483084,40.10591308749922,1.221940113302869
extreme,1053,0.82,Diffusion-RB,30,24.2046764444236,86.13225841270585,14.96,33.70277151277183,34.966330197471095,1.0622989454836642
extreme,1053,0.82,Diffusion-RB,40,19.740413845061557,87.85383446197538,14.96,33.65438354715183,37.41641896893509,1.1373893245290079
extreme,1053,0.82,Diffusion-RB,50,16.92063656320791,88.33333333333333,14.96,33.617006863874,39.78404876987862,1.2099751818400932
extreme,1053,0.82,GAN-JCSO,30,30.822405521407156,85.61576053170765,14.96,33.57029127065654,34.9170250865803,1.064955474134052
extreme,1053,0.82,GAN-JCSO,40,20.294501084573046,87.52714790713192,14.96,33.54534211747184,37.27986028625749,1.1375971127739306
extreme,1053,0.82,GAN-JCSO,50,17.266530740468934,88.09882894183777,14.96,33.52501467704327,39.5620883666542,1.2077135677426707
extreme,1053,0.82,GAN-RB,30,30.951996973574502,84.9498967790913,14.96,33.875557913793166,36.24236283576343,1.10214023748154
extreme,1053,0.82,GAN-RB,40,22.315553996583958,87.28768544501378,14.96,33.70860428187874,38.9257180969411,1.1844855494424447
extreme,1053,0.82,GAN-RB,50,16.97694878677565,88.37061989330768,14.96,33.623738931214476,41.479207327671375,1.2628431783586263
extreme,1053,0.82,QuantileMLP-JCSO,30,24.25692662341845,86.5378612972981,14.96,35.06064666559469,34.91951421238607,1.065699545268011
extreme,1053,0.82,QuantileMLP-JCSO,40,18.197183488689635,87.68770947942201,14.96,35.0503951602824,37.22918390434018,1.1367588849706376
extreme,1053,0.82,QuantileMLP-JCSO,50,16.535852180127403,88.25581448653926,14.96,35.04389692104816,39.44975080705269,1.2050026231987452
extreme,1053,0.82,QuantileMLP-RB,30,20.68824279492172,87.42012466816028,14.96,35.922251205604766,35.124974380920406,1.07211110832927
extreme,1053,0.82,QuantileMLP-RB,40,17.1164761259166,88.01254763518752,14.96,35.42964421685282,37.37654936938405,1.141359133987273
extreme,1053,0.82,QuantileMLP-RB,50,16.26240096935457,88.125,14.96,34.859594864040545,39.54955669842586,1.2081596072157113
extreme,1053,1.0,Diffusion-JCSO,30,53.65198203159775,67.2004203845868,14.96,33.27083101343331,30.10282694220089,1.1154586909055357
extreme,1053,1.0,Diffusion-JCSO,40,33.3333823940087,81.11012688621334,14.96,29.84610567648284,31.985417910171236,1.1861529775549116
extreme,1053,1.0,Diffusion-JCSO,50,16.538496623617235,89.20939001434981,14.96,29.858016694692314,33.91641629036396,1.2585478296873955
extreme,1053,1.0,Diffusion-RB,30,31.1242569166928,82.96705678540295,14.96,33.25757929605686,29.615796443896638,1.0954051317576818
extreme,1053,1.0,Diffusion-RB,40,19.93238395424472,88.47570543811445,14.96,32.65639484322854,31.574677680276373,1.168674509654463
extreme,1053,1.0,Diffusion-RB,50,16.254313142773878,89.58333333333334,14.96,30.170012683733983,33.511730152931065,1.2410882216571468
extreme,1053,1.0,GAN-JCSO,30,67.77503286138146,61.33636207639343,14.96,35.68431898583127,29.820128414801403,1.1071132062774218
extreme,1053,1.0,GAN-JCSO,40,42.951482644026726,75.98548896217714,14.96,29.784847442390813,31.686857114443,1.177371889809693
extreme,1053,1.0,GAN-JCSO,50,20.546133803399194,87.17165587399306,14.96,29.761333214460493,33.54705797126084,1.2473050767665288
extreme,1053,1.0,GAN-RB,30,54.79914027560435,72.62076495493531,14.96,36.71754288183755,30.664641458691847,1.1355161664877784
extreme,1053,1.0,GAN-RB,40,28.395275933554853,84.46750079038125,14.96,36.701904212732984,32.86044418959609,1.2177062650016723
extreme,1053,1.0,GAN-RB,50,16.836956772442022,89.2993092278621,14.96,31.34602670621947,34.96180895759344,1.296312727609526
extreme,1053,1.0,QuantileMLP-JCSO,30,40.21171507293601,77.28997579686532,14.96,27.403842483151802,29.733071238006048,1.1046787498219326
extreme,1053,1.0,QuantileMLP-JCSO,40,22.9974444125587,85.84699528747127,14.96,27.35970102088894,31.63019872074927,1.1760448945850235
extreme,1053,1.0,QuantileMLP-JCSO,50,16.54504671193127,89.15630530617457,14.96,27.863211401228252,33.53312663066788,1.2475391118106294
extreme,1053,1.0,QuantileMLP-RB,30,33.31987960982343,82.31148061408736,14.96,30.641230625772813,29.897396341494144,1.111161805762938
extreme,1053,1.0,QuantileMLP-RB,40,17.31286987793685,88.94621721260752,14.96,30.750773627160093,31.81182858401175,1.1830809817493029
extreme,1053,1.0,QuantileMLP-RB,50,15.408507544616633,89.7957462276917,14.96,30.864555494720854,33.71373653170133,1.2544796266021245
extreme,1054,0.82,Diffusion-JCSO,30,32.38703042395107,87.24374023670774,14.96,21.982318994988457,37.82414555737324,1.1499241812708147
extreme,1054,0.82,Diffusion-JCSO,40,24.224552151836942,89.18807341352374,14.96,21.954727441625,40.301847757980966,1.2262556579622916
extreme,1054,0.82,Diffusion-JCSO,50,21.037445336955077,89.79166666666667,14.96,21.931468712177903,42.70558547911731,1.3003741419939896
extreme,1054,0.82,Diffusion-RB,30,31.802056998502128,87.434469486548,14.96,22.04351351237837,37.06679741722378,1.1270047299948118
extreme,1054,0.82,Diffusion-RB,40,25.080118578093106,89.19230961771471,14.96,21.99815708989016,39.33487513511614,1.1968807377759494
extreme,1054,0.82,Diffusion-RB,50,21.78839159562346,89.39034447601921,14.96,21.979152261698875,41.537824926191526,1.2648620441379235
extreme,1054,0.82,GAN-JCSO,30,33.732065243696056,85.78958865381489,14.96,21.984183117561965,38.043137552008325,1.1577759258719937
extreme,1054,0.82,GAN-JCSO,40,24.152567977170996,88.80133046680669,14.96,21.955489804156148,40.49504735561214,1.2333603638826078
extreme,1054,0.82,GAN-JCSO,50,20.893399047683427,89.56831690474581,14.96,21.932369443114567,42.80403648536691,1.3045779735123506
extreme,1054,0.82,GAN-RB,30,41.75945410692876,84.00822819711712,14.96,22.738484428647457,37.7588346615808,1.1473254003387117
extreme,1054,0.82,GAN-RB,40,32.48772613072969,87.29443818553416,14.96,22.28215256255471,40.302968018577026,1.2256433043676638
extreme,1054,0.82,GAN-RB,50,24.553603915446807,89.03344052404188,14.96,22.05481232732448,42.64794110474511,1.2978834916930173
extreme,1054,0.82,QuantileMLP-JCSO,30,27.843812190409064,88.1104964306535,14.96,21.967122443713905,38.02930358875729,1.1567649563426379
extreme,1054,0.82,QuantileMLP-JCSO,40,22.72046046028166,89.20193943949532,14.96,21.941382809505505,40.41925923418302,1.2304114935128034
extreme,1054,0.82,QuantileMLP-JCSO,50,20.08225357474672,89.79166666666667,14.96,21.919449400344813,42.75663371144631,1.3025137303518233
extreme,1054,0.82,QuantileMLP-RB,30,29.329090591323652,88.59948867608455,14.96,22.01942076157091,37.56302548020772,1.1424621674317066
extreme,1054,0.82,QuantileMLP-RB,40,22.018078698070926,89.28714699214895,14.96,21.98933042545176,39.882456624208785,1.213882995912235
extreme,1054,0.82,QuantileMLP-RB,50,19.924279514415673,89.88635127297256,14.96,21.964775121086213,42.13040291781484,1.2831343533571307
extreme,1054,1.0,Diffusion-JCSO,30,43.08263865034537,80.07213686957357,14.96,14.96,32.67036889411864,1.2085393267905853
extreme,1054,1.0,Diffusion-JCSO,40,23.607294155795174,89.85475619954674,14.96,14.96,34.72576755373642,1.2856851456700866
extreme,1054,1.0,Diffusion-JCSO,50,11.357362914543243,95.61575785338081,8.78618841767506,14.96,36.74523116137168,1.3614471833597994
extreme,1054,1.0,Diffusion-RB,30,24.534503402461393,91.53837885875613,10.204163312339361,14.96,31.936264961415944,1.181575450803443
extreme,1054,1.0,Diffusion-RB,40,14.526161327585891,95.20833333333331,8.800375904100855,14.96,33.94251856446125,1.2568278212369226
extreme,1054,1.0,Diffusion-RB,50,11.522522701699415,95.53415909943352,8.824564060687099,14.96,35.91450498179435,1.3308130323437204
extreme,1054,1.0,GAN-JCSO,30,24.54105486698751,91.18772942487968,8.8,14.96,32.80199670777046,1.2148448235372566
extreme,1054,1.0,GAN-JCSO,40,15.080820695820297,94.56716919416927,8.800735150587462,14.96,34.900964750612324,1.2936307232886985
extreme,1054,1.0,GAN-JCSO,50,12.187868591089346,95.23428285222768,8.802936832145718,14.96,36.93286573257313,1.369920095855622
extreme,1054,1.0,GAN-RB,30,44.64926643980614,82.31006025666574,14.96,15.238641818418767,32.43372103240308,1.1999171585903672
extreme,1054,1.0,GAN-RB,40,25.94348964239938,89.5502864406135,14.96,14.989656106609491,34.72624015315839,1.2854981605881395
extreme,1054,1.0,GAN-RB,50,15.004237917277557,93.4009798734782,11.688481443063942,14.960861865302707,36.81752731505611,1.3637076533957797
extreme,1054,1.0,QuantileMLP-JCSO,30,21.460680051316512,92.52899562950208,8.94162027205198,14.96,32.79970652857157,1.2140228804413402
extreme,1054,1.0,QuantileMLP-JCSO,40,13.130534736892074,95.50508061020166,8.8,14.96,34.90286278331955,1.2929379233484783
extreme,1054,1.0,QuantileMLP-JCSO,50,10.80934595531456,95.6309968445047,8.8,14.96,36.935046793495225,1.36919102406299
extreme,1054,1.0,QuantileMLP-RB,30,32.925819248257945,85.87528446463176,14.278289126590817,14.96,32.4247491841143,1.2001892533374439
extreme,1054,1.0,QuantileMLP-RB,40,12.446972479383057,95.34631935260128,8.761931382154422,14.96,34.36654937364637,1.2730476988773225
extreme,1054,1.0,QuantileMLP-RB,50,10.46132011551957,96.04166666666669,8.794738993253139,14.96,36.35242528915777,1.3475588442025035
extreme,1055,0.82,Diffusion-JCSO,30,33.91690971789418,85.18384099736252,14.96,23.2626837368698,38.47335089647755,1.1348494811965961
extreme,1055,0.82,Diffusion-JCSO,40,26.95449440089633,86.96898519348007,14.96,23.234041420932083,41.148517293240744,1.2145736823727509
extreme,1055,0.82,Diffusion-JCSO,50,22.523093861596834,87.85219417251497,14.96,23.212939249590363,43.713781864823595,1.2910847495657407
extreme,1055,0.82,Diffusion-RB,30,33.974362349818946,84.94760757248464,14.96,23.306566076485137,37.735308187494645,1.113320235406308
extreme,1055,0.82,Diffusion-RB,40,27.275986581955234,86.33646935027562,14.96,23.275258682383292,40.365294127552595,1.1916000536876716
extreme,1055,0.82,Diffusion-RB,50,24.298396558625495,87.15993677470784,14.96,23.251645017772237,42.88005715843323,1.266492278135753
extreme,1055,0.82,GAN-JCSO,30,36.03998208403561,84.73688949674934,14.96,23.23536914028408,38.38535208575458,1.1335384077669395
extreme,1055,0.82,GAN-JCSO,40,26.25968750677094,86.91472916531248,14.96,23.209542744842338,41.06703169519885,1.2135920917628187
extreme,1055,0.82,GAN-JCSO,50,21.696141284691567,87.77450282021945,14.96,23.18957662777417,43.633037069458624,1.290225364984615
extreme,1055,0.82,GAN-RB,30,38.33125691224936,83.86597145419451,14.96,22.53182092205754,38.438815470219154,1.1353230865007926
extreme,1055,0.82,GAN-RB,40,30.356371924608545,85.53598637954993,14.96,22.528533200028523,41.10785164422939,1.2149171060229496
extreme,1055,0.82,GAN-RB,50,25.51928529915002,87.10095245014166,14.96,23.2093608981001,43.68879705628791,1.2919143775252986
extreme,1055,0.82,QuantileMLP-JCSO,30,33.365732091023446,85.19224150647172,14.96,23.253704876185704,38.39167497192491,1.1329034525621802
extreme,1055,0.82,QuantileMLP-JCSO,40,27.647704672441055,86.5492493025904,14.96,23.225316415945034,41.08296996285956,1.213143787828546
extreme,1055,0.82,QuantileMLP-JCSO,50,22.521646574943713,87.88870816853102,14.96,23.204494335569375,43.68683399707329,1.2908277065595206
extreme,1055,0.82,QuantileMLP-RB,30,31.883143582130355,85.71195897653418,14.96,23.283398411355524,38.256258403306575,1.1276589029509845
extreme,1055,0.82,QuantileMLP-RB,40,27.289449279680923,86.34489855033205,14.96,23.251881161464333,40.94671039464485,1.2077225830484888
extreme,1055,0.82,QuantileMLP-RB,50,23.60474243737198,87.47371842887279,14.96,23.228334344626674,43.53473204780998,1.284791871702946
extreme,1055,1.0,Diffusion-JCSO,30,31.42020900414092,87.75834258959152,14.96,21.140645287319643,32.631425074754176,1.1719556110050315
extreme,1055,1.0,Diffusion-JCSO,40,21.971798126406412,90.43694579519882,14.96,21.04293952668945,34.92897134052463,1.2552845400051431
extreme,1055,1.0,Diffusion-JCSO,50,17.475685703697877,91.29652952592707,14.96,20.992416049307767,37.14805681454238,1.3358046142877325
extreme,1055,1.0,Diffusion-RB,30,34.27659748307739,85.02882082208384,14.96,22.135779567769944,32.098366706167035,1.153094790622407
extreme,1055,1.0,Diffusion-RB,40,24.35698168369355,88.65123882822526,14.96,21.12035004935156,34.217059526759755,1.2299786872688485
extreme,1055,1.0,Diffusion-RB,50,19.40526194264496,90.50570236201085,14.96,21.04271236081196,36.330688983312776,1.3067176684921338
extreme,1055,1.0,GAN-JCSO,30,35.5228242413348,85.37818457333289,14.96,21.16743989039552,32.55705458519041,1.1705605819195335
extreme,1055,1.0,GAN-JCSO,40,22.54726718217764,89.89515295276877,14.96,21.05902273217868,34.864801051714466,1.2543708985160082
extreme,1055,1.0,GAN-JCSO,50,16.971312819124684,91.14654731947353,14.96,20.99625719995936,37.095906397687145,1.3354535081183507
extreme,1055,1.0,GAN-RB,30,33.18159831361387,86.61800391453903,14.96,21.117646538734785,32.60480099376163,1.1725382744759276
extreme,1055,1.0,GAN-RB,40,25.181329912951448,88.9066938863301,14.96,21.045325826051283,34.84536639367312,1.2538984126053274
extreme,1055,1.0,GAN-RB,50,20.402215238565713,90.5232419046835,14.96,20.99463005566943,37.06172483945001,1.3345168614899003
extreme,1055,1.0,QuantileMLP-JCSO,30,35.48121197631969,84.87344516856318,14.96,21.108210849717153,32.5320239814808,1.16881203847815
extreme,1055,1.0,QuantileMLP-JCSO,40,23.11094444451254,89.88597222219789,14.96,21.076441303503028,34.80930580022329,1.251466721290667
extreme,1055,1.0,QuantileMLP-JCSO,50,17.905604079837136,91.362897079254,14.96,21.009820650437337,37.04604802725447,1.3326641722173236
extreme,1055,1.0,QuantileMLP-RB,30,29.134195231630436,87.71848065678215,14.96,21.13592791485729,32.478071117426985,1.165612221238714
extreme,1055,1.0,QuantileMLP-RB,40,23.429888915205918,89.25598829855315,14.96,21.1034500842366,34.648013225918035,1.2443268614910368
extreme,1055,1.0,QuantileMLP-RB,50,19.12727585378005,90.71789655483248,14.96,21.07189429371465,36.8070106633853,1.3226632043616549
extreme,1056,0.82,Diffusion-JCSO,30,34.2797102051447,86.05527949450314,14.96,27.506049593243667,35.77341019023701,1.153005091696951
extreme,1056,0.82,Diffusion-JCSO,40,24.792912641405355,88.40236245286488,14.96,27.480929264972037,38.329652257722046,1.2361195528195268
extreme,1056,0.82,Diffusion-JCSO,50,20.90256508748105,89.32873915208648,14.96,27.460375459379367,40.81784383696695,1.317036166758499
extreme,1056,0.82,Diffusion-RB,30,30.653980027513906,87.29430971649015,14.96,27.545438883547366,35.51588559620629,1.1434808264864285
extreme,1056,0.82,Diffusion-RB,40,23.907449123492675,88.81480438579351,14.96,27.517023099351956,38.010657974643046,1.2244738455281434
extreme,1056,0.82,Diffusion-RB,50,19.024230222861714,89.82331920973444,14.96,27.49413129619384,40.443814427245016,1.303480427922147
extreme,1056,0.82,GAN-JCSO,30,32.46340225426296,86.51276246201564,14.96,27.48270913277503,35.664609243396555,1.153466532479201
extreme,1056,0.82,GAN-JCSO,40,24.099868210085052,88.25540766155862,14.96,27.46022966496144,38.191870764808804,1.235997540149031
extreme,1056,0.82,GAN-JCSO,50,20.502319287431177,89.00740561836086,14.96,27.441346945494697,40.663519225081636,1.3167027630005688
extreme,1056,0.82,GAN-RB,30,26.383105282486927,87.91441519930919,14.96,27.524860764721222,35.92947637682437,1.1613067306356493
extreme,1056,0.82,GAN-RB,40,21.45802680789857,88.90157088341239,14.96,27.49903141112549,38.428423682586846,1.2428129248908126
extreme,1056,0.82,GAN-RB,50,19.63434722600436,89.16666666666667,14.96,27.477838734830048,40.89572967718218,1.323275110591917
extreme,1056,0.82,QuantileMLP-JCSO,30,29.946778244231027,87.31383615910926,14.96,27.500195038065137,35.753301143669006,1.1551484583341824
extreme,1056,0.82,QuantileMLP-JCSO,40,22.49350453185367,88.82016616312737,14.96,27.476374380508922,38.27596709285098,1.2374120315029187
extreme,1056,0.82,QuantileMLP-JCSO,50,19.9943488971791,89.16760851713681,14.96,27.456432924246098,40.74351233978639,1.3178955633694636
extreme,1056,0.82,QuantileMLP-RB,30,25.317240298916122,88.37729900491674,14.96,27.528175029582787,35.778655430013714,1.1551520604219154
extreme,1056,0.82,QuantileMLP-RB,40,21.296591006438423,89.26336084614361,14.96,27.50191703569889,38.29176479564673,1.2369928945978956
extreme,1056,0.82,QuantileMLP-RB,50,18.541666666666668,89.58333333333334,14.96,27.480273213236423,40.74894018272391,1.3170265156234335
extreme,1056,1.0,Diffusion-JCSO,30,40.61110299654766,81.6741235953484,14.96,14.96,30.37774775471994,1.1920586518704597
extreme,1056,1.0,Diffusion-JCSO,40,18.55487252269056,92.71135441702343,14.96,14.96,32.48198558072833,1.2754203403715876
extreme,1056,1.0,Diffusion-JCSO,50,15.232867400232466,93.42559982739627,14.96,14.96,34.55461425122675,1.3575373345651953
extreme,1056,1.0,Diffusion-RB,30,25.92862530698951,90.93927493860211,14.96,14.96,30.006605072458402,1.1764960857067002
extreme,1056,1.0,Diffusion-RB,40,17.778722873731443,92.9829419396061,14.96,14.96,32.143480811650036,1.260906156871245
extreme,1056,1.0,Diffusion-RB,50,13.545291031103009,93.88808347456971,14.96,14.96,34.21070460985337,1.3426329741997294
extreme,1056,1.0,GAN-JCSO,30,28.422115660652864,89.38190000821825,14.96,14.96,30.27571441205842,1.192059318571539
extreme,1056,1.0,GAN-JCSO,40,18.17640738734558,92.31128240991512,14.96,14.96,32.365686941101174,1.2751882196558726
extreme,1056,1.0,GAN-JCSO,50,14.82091841331922,93.17118118303542,14.96,14.96,34.41417266090704,1.356674507463689
extreme,1056,1.0,GAN-RB,30,35.58027056151032,83.21997499691996,14.96,14.96,30.440294662941437,1.1979632549428654
extreme,1056,1.0,GAN-RB,40,19.277279061123256,90.78022706038918,14.96,14.96,32.52067609453674,1.2805815828435625
extreme,1056,1.0,GAN-RB,50,14.391169678932165,93.18905455146707,14.96,14.96,34.56841964717102,1.3619618950344488
extreme,1056,1.0,QuantileMLP-JCSO,30,29.496122453012177,88.7357119784085,14.96,14.96,30.35170044890075,1.1938318967817465
extreme,1056,1.0,QuantileMLP-JCSO,40,18.403705405486075,92.26119110847526,14.96,14.96,32.44213741900748,1.2768791071611922
extreme,1056,1.0,QuantileMLP-JCSO,50,14.418327289042939,93.22194545182617,14.96,14.96,34.49900359697854,1.358620154620146
extreme,1056,1.0,QuantileMLP-RB,30,22.722338021954137,90.73231354124259,14.96,14.96,30.326252416271934,1.1920827784070096
extreme,1056,1.0,QuantileMLP-RB,40,15.501398234716017,93.43509761161843,14.96,14.96,32.40949654074874,1.2747578262689991
extreme,1056,1.0,QuantileMLP-RB,50,13.541666666666666,93.54166666666669,14.96,14.96,34.458750677806535,1.3561085276086038
extreme,1057,0.82,Diffusion-JCSO,30,,,,,,
extreme,1057,0.82,Diffusion-JCSO,40,,,,,,
extreme,1057,0.82,Diffusion-JCSO,50,,,,,,
extreme,1057,0.82,Diffusion-RB,30,,,,,,
extreme,1057,0.82,Diffusion-RB,40,,,,,,
extreme,1057,0.82,Diffusion-RB,50,,,,,,
extreme,1057,0.82,GAN-JCSO,30,42.73517315486076,83.02471695053424,14.96,31.46136558708638,36.22913505561265,1.090025937970383
extreme,1057,0.82,GAN-JCSO,40,31.488084001393624,84.84609036166584,14.96,31.36643437117955,38.68314629312073,1.1648737269106832
extreme,1057,0.82,GAN-JCSO,50,26.320252225380052,85.59017680516082,14.96,31.344709201379697,41.035395814259815,1.236561976919585
extreme,1057,0.82,GAN-RB,30,34.175805708381034,84.1205821123147,14.96,31.437793148654496,36.57568021734606,1.0995010373147207
extreme,1057,0.82,GAN-RB,40,27.48144561872731,85.36672483717702,14.96,31.40266899233379,39.01857884391829,1.1738542958750255
extreme,1057,0.82,GAN-RB,50,25.084281316989937,86.23595311383502,14.96,31.378912410175147,41.371614816849835,1.245535708771673
extreme,1057,0.82,QuantileMLP-JCSO,30,40.05959325140122,83.8962662533374,14.96,31.384916563863115,36.38165245745253,1.095017160706001
extreme,1057,0.82,QuantileMLP-JCSO,40,29.886037780930263,85.27653144428682,14.96,31.359370623547225,38.8348080433042,1.1698440380306068
extreme,1057,0.82,QuantileMLP-JCSO,50,26.162010129800375,85.62140515634064,14.96,31.338524059751737,41.2138118646783,1.242411468332908
extreme,1057,0.82,QuantileMLP-RB,30,32.22809548461505,84.67514282427355,14.96,31.4022361940529,36.55398339994972,1.100546565981843
extreme,1057,0.82,QuantileMLP-RB,40,28.393151769582577,85.0,14.96,31.37592306792376,39.04999980680489,1.1766564876847845
extreme,1057,0.82,QuantileMLP-RB,50,26.329399071911418,85.58530046404428,14.96,31.354172545056095,41.456905443264496,1.2500647797114113
extreme,1057,1.0,Diffusion-JCSO,30,,,,,,
extreme,1057,1.0,Diffusion-JCSO,40,,,,,,
extreme,1057,1.0,Diffusion-JCSO,50,,,,,,
extreme,1057,1.0,Diffusion-RB,30,,,,,,
extreme,1057,1.0,Diffusion-RB,40,,,,,,
extreme,1057,1.0,Diffusion-RB,50,,,,,,
extreme,1057,1.0,GAN-JCSO,30,43.832375381574266,82.894618090846,14.96,26.32016140543021,31.093455696631732,1.138241258620828
extreme,1057,1.0,GAN-JCSO,40,25.776799361335044,88.66958754351674,14.96,25.80214923415115,33.09640049592283,1.2126576994545177
extreme,1057,1.0,GAN-JCSO,50,20.895674089389004,89.43339703091107,14.96,25.76933721806058,35.06327665471376,1.2857004577546616
extreme,1057,1.0,GAN-RB,30,32.03002689808422,86.0306241879847,14.96,25.999559186084948,31.252396554860585,1.1432779228980843
extreme,1057,1.0,GAN-RB,40,22.261972448174703,89.28568044257932,14.96,25.905288083454153,33.28390590550705,1.2186038511346218
extreme,1057,1.0,GAN-RB,50,19.44810093448626,90.09198317758562,14.96,25.841577440353085,35.28968133934374,1.2929876654422305
extreme,1057,1.0,QuantileMLP-JCSO,30,52.57816776575849,76.54183896176974,14.96,25.986123697412175,31.227042020755256,1.143523465778381
extreme,1057,1.0,QuantileMLP-JCSO,40,30.19277274307045,85.8621981472381,14.96,25.804576318104957,33.20692980956085,1.217165381078832
extreme,1057,1.0,QuantileMLP-JCSO,50,21.13190857034063,89.27547492099757,14.96,25.768630729028423,35.18317554087403,1.2906232563982025
extreme,1057,1.0,QuantileMLP-RB,30,51.15712185019219,74.17227874029469,14.96,26.563118349790088,31.33713777321022,1.1480014744086902
extreme,1057,1.0,QuantileMLP-RB,40,30.6116821996165,85.10010051200115,14.96,25.999584716442946,33.29176508850638,1.2207308562799242
extreme,1057,1.0,QuantileMLP-RB,50,21.971084764854247,89.04792089497056,14.96,25.889063708015527,35.27187209372898,1.2943306016474845
extreme,1058,0.82,Diffusion-JCSO,30,32.84549158435895,86.41514688528846,14.96,18.965928055515345,38.2795135981835,1.1410978320366527
extreme,1058,0.82,Diffusion-JCSO,40,26.30062758246019,87.16900279172903,14.96,18.93814382054326,40.80841552656418,1.2175046382830115
extreme,1058,0.82,Diffusion-JCSO,50,23.498231377780925,87.5328004345672,14.96,18.915134627962374,43.229743270237854,1.2907819995371352
extreme,1058,0.82,Diffusion-RB,30,32.234577972249035,85.86598483443693,14.96,19.005848413304538,37.69452959247871,1.1229515013039444
extreme,1058,0.82,Diffusion-RB,40,25.810253701853796,87.29496375687803,14.96,18.97528419269102,40.02842882245011,1.1934373939262723
extreme,1058,0.82,Diffusion-RB,50,23.949003415133394,87.71299829243331,14.96,18.951807928716025,42.224927678395936,1.2598756963381617
extreme,1058,0.82,GAN-JCSO,30,30.7012287023853,85.90898621428474,14.96,18.944008666476616,38.56786326869525,1.1516015758986575
extreme,1058,0.82,GAN-JCSO,40,25.01548053862511,87.18362986534372,14.96,18.919869865375755,41.02020262280513,1.2257546581622565
extreme,1058,0.82,GAN-JCSO,50,23.031340388071193,87.57985106799208,14.96,18.901353206708887,43.42380192065884,1.2986048679709348
extreme,1058,0.82,GAN-RB,30,33.84499066602893,84.78913246390675,14.96,19.063061410576463,38.87059297598317,1.16123145532467
extreme,1058,0.82,GAN-RB,40,28.62888531949509,86.26485351756895,14.96,19.02140363285839,41.51487366859569,1.2411456411505983
extreme,1058,0.82,GAN-RB,50,24.34825883736561,87.61527884125637,14.96,18.993171433483766,44.04603663262118,1.3177108970302185
extreme,1058,0.82,QuantileMLP-JCSO,30,30.731620782131,86.724264357541,14.96,18.952432337651242,38.34547248257599,1.143136901266534
extreme,1058,0.82,QuantileMLP-JCSO,40,24.962823542862317,87.35186452640646,14.96,18.927678189305592,40.813827818028436,1.217714809582034
extreme,1058,0.82,QuantileMLP-JCSO,50,22.50708169861931,87.77541721157134,14.96,18.907815480365578,43.16516852873223,1.2888709196869197
extreme,1058,0.82,QuantileMLP-RB,30,29.967886489791358,86.46400042337017,14.96,18.98196061279725,38.01942520042534,1.1329711981928734
extreme,1058,0.82,QuantileMLP-RB,40,25.37032349406907,87.30093530118619,14.96,18.95553569564029,40.42034376112554,1.2054689761299422
extreme,1058,0.82,QuantileMLP-RB,50,23.353559534596368,87.70428809308072,14.96,18.934707349253575,42.727893025353275,1.2752562705748176
extreme,1058,1.0,Diffusion-JCSO,30,40.32454896072742,82.82807560501591,14.96,14.96,33.05938741618053,1.199026666356042
extreme,1058,1.0,Diffusion-JCSO,40,17.628221969653517,92.0470585725838,10.369087123954632,14.96,35.19545949135307,1.2775911201019055
extreme,1058,1.0,Diffusion-JCSO,50,10.980003833324286,94.82249808333785,8.8,14.96,37.26089008744662,1.3535902887206817
extreme,1058,1.0,Diffusion-RB,30,29.325495311565085,88.32077760461381,14.96,14.96,32.58033218401992,1.1812265851605175
extreme,1058,1.0,Diffusion-RB,40,14.09082117470135,94.48864735316232,8.8,14.96,34.670732837401516,1.2578508015624916
extreme,1058,1.0,Diffusion-RB,50,12.451412974072763,94.79166666666666,8.8,14.96,36.61287091755275,1.3292400656204344
extreme,1058,1.0,GAN-JCSO,30,24.17378722526345,89.89751186866387,12.577599031243153,14.96,33.25363585033383,1.20818182325179
extreme,1058,1.0,GAN-JCSO,40,14.603244111414444,93.56544282652106,9.04794665288292,14.96,35.419395966597264,1.2879358106389123
extreme,1058,1.0,GAN-JCSO,50,11.673148161280942,94.55264550076937,8.8,14.96,37.49836881500151,1.3645632417747573
extreme,1058,1.0,GAN-RB,30,20.68771063766562,92.17061636678233,10.45789255515454,14.96,33.54196375928669,1.2201781611374145
extreme,1058,1.0,GAN-RB,40,15.707380790698966,93.93633707095947,9.018028569762677,14.96,35.7611234568292,1.301529780066182
extreme,1058,1.0,GAN-RB,50,11.011591311227313,95.01002511847979,8.8,14.96,37.84333500785793,1.3780264988656092
extreme,1058,1.0,QuantileMLP-JCSO,30,27.063778324946675,88.8522760445787,12.736891414223324,14.96,33.11581264961586,1.2011603868158849
extreme,1058,1.0,QuantileMLP-JCSO,40,14.190870695565014,93.66592519218241,9.146466211957637,14.96,35.24954784205237,1.2796610949201683
extreme,1058,1.0,QuantileMLP-JCSO,50,10.7713567054589,94.9512144315137,8.8,14.96,37.32132973686238,1.3559045780970052
extreme,1058,1.0,QuantileMLP-RB,30,20.004178385511125,92.9677054036222,9.099962735805528,14.96,32.86911971697422,1.1918287587951146
extreme,1058,1.0,QuantileMLP-RB,40,13.881842464129956,94.38592726702905,8.8,14.96,34.97908626545312,1.2693097341953314
extreme,1058,1.0,QuantileMLP-RB,50,11.714801342320774,94.69550457014464,8.8,14.96,36.947466427814284,1.3417687025088179
extreme,1059,0.82,Diffusion-JCSO,30,28.446656964816203,85.92508925116937,14.96,32.97017841621106,36.0183219682163,1.121347362377256
extreme,1059,0.82,Diffusion-JCSO,40,22.601976827374678,86.79422479695837,14.96,32.94658636067503,38.546621144397,1.2007678811444764
extreme,1059,0.82,Diffusion-JCSO,50,19.906909543142515,87.53103015228582,14.96,32.92681046773851,41.016599217089926,1.2783762971597192
extreme,1059,0.82,Diffusion-RB,30,31.09634544510337,84.97992803227012,14.96,33.02016585524081,35.56576741569259,1.106160314669933
extreme,1059,0.82,Diffusion-RB,40,25.542873157143415,85.90668005421229,14.96,32.99300161512434,37.99371114917741,1.1823498786483013
extreme,1059,0.82,Diffusion-RB,50,21.25704148176466,87.17060719568629,14.96,32.97019262201061,40.36280780264133,1.2566729981630647
extreme,1059,0.82,GAN-JCSO,30,31.404731634368197,85.42019629976768,14.96,32.96792281365769,35.75888039775966,1.1137368451555931
extreme,1059,0.82,GAN-JCSO,40,22.550704286280453,86.80260311218424,14.96,32.94398648752234,38.28249351071184,1.1930725521537948
extreme,1059,0.82,GAN-JCSO,50,20.224834983232896,87.55754950503014,14.96,32.924249074577546,40.73525720484714,1.2702043834605246
extreme,1059,0.82,GAN-RB,30,28.39360659608793,85.86298420798697,14.96,33.00777967051388,36.40466917265212,1.134458938083164
extreme,1059,0.82,GAN-RB,40,21.83212669456098,87.30595776847967,14.96,32.98129698977263,38.95182629731275,1.2145695916828612
extreme,1059,0.82,GAN-RB,50,19.543980930960277,87.70833333333333,14.96,32.95929609064101,41.44529864037498,1.2929920719702883
extreme,1059,0.82,QuantileMLP-JCSO,30,28.909478521127845,85.79708821489518,14.96,32.961531233605456,35.74650005187297,1.113772042996119
extreme,1059,0.82,QuantileMLP-JCSO,40,22.45937914397399,86.7289052140065,14.96,32.93882854700753,38.24958723603086,1.1924742062228073
extreme,1059,0.82,QuantileMLP-JCSO,50,20.679106336546116,87.2646134983936,14.96,32.919730722118636,40.701764958720325,1.2695989429028658
extreme,1059,0.82,QuantileMLP-RB,30,31.54856346918276,85.3968600514802,14.96,33.01090686661493,35.32568773300534,1.098167981834945
extreme,1059,0.82,QuantileMLP-RB,40,22.951813878705785,87.06190042891706,14.96,32.983584429126566,37.81136032272798,1.1761145735567837
extreme,1059,0.82,QuantileMLP-RB,50,20.589165916516823,87.46550015002997,14.96,32.961231960911796,40.14639375147169,1.249441423716201
extreme,1059,1.0,Diffusion-JCSO,30,41.51168561200725,78.6010550790148,14.96,23.405180404554763,30.525378253364426,1.1570022766051844
extreme,1059,1.0,Diffusion-JCSO,40,23.819373845889768,87.41622182152447,14.96,23.382972303326227,32.57357459971438,1.2354473762220086
extreme,1059,1.0,Diffusion-JCSO,50,17.10957858447319,90.91134523084824,14.96,23.365775374685125,34.62317252532266,1.3139111001326795
extreme,1059,1.0,Diffusion-RB,30,30.283957334275016,86.66577646626645,14.96,23.187671082016706,30.214051392303684,1.144126296703598
extreme,1059,1.0,Diffusion-RB,40,21.798281906982936,89.71489931893466,14.96,23.17996869524235,32.184082758941294,1.2195017718775794
extreme,1059,1.0,Diffusion-RB,50,17.860433759832276,91.05291324803356,14.96,23.186609743288304,34.14765802892864,1.2946216929261618
extreme,1059,1.0,GAN-JCSO,30,36.90177512519381,83.89117021678118,14.96,23.39957469721333,30.285109466665073,1.1483660139158391
extreme,1059,1.0,GAN-JCSO,40,26.469206129441364,86.45707877993627,14.96,23.378584347810854,32.3755983721536,1.228439480195326
extreme,1059,1.0,GAN-JCSO,50,18.207891927206358,90.5085098957841,14.96,23.3616786160358,34.40356436905832,1.3061455401053814
extreme,1059,1.0,GAN-RB,30,30.891198462219982,86.02237829037112,14.96,23.45378068223999,30.767460258162757,1.1674233087716448
extreme,1059,1.0,GAN-RB,40,20.352539422102087,90.14223887598096,14.96,23.420196275006536,32.86661152207489,1.247899213298092
extreme,1059,1.0,GAN-RB,50,16.8987995183726,91.04166666666669,14.96,23.40086197729057,34.94810874432672,1.3276716428076394
extreme,1059,1.0,QuantileMLP-JCSO,30,41.00767481527255,80.50858311604605,14.96,23.39105247622839,30.291462888465254,1.149032281741333
extreme,1059,1.0,QuantileMLP-JCSO,40,26.534875210483058,86.34169760511321,14.96,23.37115010940867,32.34203172894556,1.2276163601741377
extreme,1059,1.0,QuantileMLP-JCSO,50,17.99868464447267,90.68815767776368,14.96,23.35464144654996,34.359705272357004,1.3049601381957059
extreme,1059,1.0,QuantileMLP-RB,30,29.38663313554444,87.90820635441712,14.96,23.440325793868098,29.96145560232818,1.1339822205917127
extreme,1059,1.0,QuantileMLP-RB,40,21.050409518256743,89.82493174695722,14.96,23.4098667378013,31.958293952394282,1.2103791584723582
extreme,1059,1.0,QuantileMLP-RB,50,17.93832492267083,90.82467003093166,14.96,23.390490883452344,33.96120647549306,1.2869514390691623
extreme,1060,0.82,Diffusion-JCSO,30,33.65486220842337,87.24712688240282,14.96,26.58778425775465,34.88419984872009,1.131227516883851
extreme,1060,0.82,Diffusion-JCSO,40,22.46911535972216,89.24640599120373,14.96,26.509565419445785,37.34047203360516,1.2116788956408577
extreme,1060,0.82,Diffusion-JCSO,50,18.506076044820972,90.50711812436914,14.96,26.461094228854005,39.69644962533835,1.2888503701962735
extreme,1060,0.82,Diffusion-RB,30,30.61074338721977,87.60310590528714,14.96,26.678827521837196,34.51554024784201,1.1196070758546313
extreme,1060,0.82,Diffusion-RB,40,23.33742814982361,89.2026841743226,14.96,26.503568031952664,36.85948919479696,1.1963781543543743
extreme,1060,0.82,Diffusion-RB,50,20.092025589090664,89.69927657532477,14.96,26.4712403553279,39.08690855784197,1.2693619003004113
extreme,1060,0.82,GAN-JCSO,30,36.72482548437038,86.08365051529572,14.96,26.579087579433605,35.17117749844429,1.1404817613610674
extreme,1060,0.82,GAN-JCSO,40,23.911587826643682,89.6889427941361,14.96,26.5120246099899,37.66495465496295,1.222145015717845
extreme,1060,0.82,GAN-JCSO,50,18.96454805072552,90.20833333333331,14.96,26.363968311517283,40.071239319207216,1.3009809500995693
extreme,1060,0.82,GAN-RB,30,26.789385828034007,88.30794316201595,14.96,26.613021911181523,35.684785688953255,1.1554501843243787
extreme,1060,0.82,GAN-RB,40,21.19906884824077,89.8780881616975,14.96,26.49464166007994,38.18760609676603,1.237247094317736
extreme,1060,0.82,GAN-RB,50,16.979271105571407,90.69442123579896,14.96,26.369354774888198,40.60742845160608,1.3163526317205188
extreme,1060,0.82,QuantileMLP-JCSO,30,29.796384800682496,87.95545051415571,14.96,26.559404410615716,35.322913033465674,1.145678338365237
extreme,1060,0.82,QuantileMLP-JCSO,40,20.67466588754566,89.72716686144692,14.96,26.51506726499051,37.804361823650524,1.22696026490745
extreme,1060,0.82,QuantileMLP-JCSO,50,18.021940518322296,90.45101982722588,14.96,26.441742898471215,40.21308098749748,1.3058851710057733
extreme,1060,0.82,QuantileMLP-RB,30,25.82875259415127,88.62199716752677,14.96,26.637971297257874,35.30008529692166,1.1435871907293276
extreme,1060,0.82,QuantileMLP-RB,40,21.097898456903078,89.44708697528606,14.96,26.504694612481554,37.69254110008836,1.2218378970426653
extreme,1060,0.82,QuantileMLP-RB,50,18.494170168019554,90.04333233294679,14.96,26.478350481696975,40.005029572241256,1.297465526687144
extreme,1060,1.0,Diffusion-JCSO,30,53.12178204496797,74.84110876054024,14.96,16.36064844704963,29.66071944233244,1.170860561903591
extreme,1060,1.0,Diffusion-JCSO,40,23.363314883264273,88.85967609670197,14.96,16.33608505624851,31.674857857991203,1.2513248025958377
extreme,1060,1.0,Diffusion-JCSO,50,14.698850949316784,93.11350561333926,14.96,16.31984134578451,33.658229060390475,1.3304952942229715
extreme,1060,1.0,Diffusion-RB,30,29.648236016862874,88.78669635643732,14.96,16.48464823466947,29.323615871449995,1.15800752376487
extreme,1060,1.0,Diffusion-RB,40,18.113073223656837,92.53969171236521,14.96,16.35101796352489,31.31266448744677,1.2374011578534765
extreme,1060,1.0,Diffusion-RB,50,14.668725249291889,92.98031203056054,14.96,16.33326329149766,33.230263363522845,1.3139543019613151
extreme,1060,1.0,GAN-JCSO,30,58.33092909522251,73.08130302111222,14.96,16.40839619103674,29.927285088786885,1.181328909593099
extreme,1060,1.0,GAN-JCSO,40,29.225422612947032,87.5480056286466,14.96,16.379161396896507,31.96581491603461,1.2627294604437826
extreme,1060,1.0,GAN-JCSO,50,15.802185282602034,92.63434441521939,14.96,16.35807504254724,33.97328483321729,1.3428467477089112
extreme,1060,1.0,GAN-RB,30,40.23781540369557,81.22790735855995,14.96,16.43871399028763,30.240591523745245,1.1921772301604203
extreme,1060,1.0,GAN-RB,40,17.987871807835283,92.13122799057109,14.96,16.408791265173157,32.306715416858516,1.2744774853348373
extreme,1060,1.0,GAN-RB,50,12.904645344936673,93.49258866376582,14.96,16.386876614177094,34.343163197230034,1.3555495081424365
extreme,1060,1.0,QuantileMLP-JCSO,30,40.25255876125282,82.22263728090093,14.96,16.3950929798191,29.962154334889927,1.18305732418978
extreme,1060,1.0,QuantileMLP-JCSO,40,18.489064625121067,91.36597127772399,14.96,16.37030137571216,32.01478021843789,1.2649901341272987
extreme,1060,1.0,QuantileMLP-JCSO,50,13.951473348688436,93.26617555043721,14.96,16.350926600838665,34.035025772021825,1.3456078193295433
extreme,1060,1.0,QuantileMLP-RB,30,20.385353782193988,91.53986104322999,14.96,16.526536748952708,29.98024494314025,1.1825176390621372
extreme,1060,1.0,QuantileMLP-RB,40,16.412358032295483,92.44077228911954,14.96,16.3987884149539,32.006481257060166,1.2632433169589135
extreme,1060,1.0,QuantileMLP-RB,50,14.04031099832514,93.04205400047853,14.96,16.377897025329027,33.95650854144714,1.340966583834741
extreme,1061,0.82,Diffusion-JCSO,30,90.77270958403727,56.75137591756485,14.96,36.530204103496374,30.868609308391935,0.9134780864572274
extreme,1061,0.82,Diffusion-JCSO,40,68.16948298401947,73.90691297577762,14.96,34.655487949425954,33.04319883434695,0.9787019796269477
extreme,1061,0.82,Diffusion-JCSO,50,48.82215252812609,80.84827430962352,14.96,34.60109474265836,35.12995424570424,1.041230395097027
extreme,1061,0.82,Diffusion-RB,30,99.80769873298749,36.95474268741814,15.237115337334734,38.21101911011428,28.262358269339142,0.8346959180241755
extreme,1061,0.82,Diffusion-RB,40,86.54247907134028,58.94728834512976,14.96,35.289874009791724,30.195299915441858,0.8926996460539707
extreme,1061,0.82,Diffusion-RB,50,69.53382844011475,71.38682615822275,14.96,34.855045347663506,32.07924012459173,0.94913844723495
extreme,1061,0.82,GAN-JCSO,30,38.61207997858018,82.7646325631209,14.96,34.699443436752155,36.40255403777833,1.079410109004985
extreme,1061,0.82,GAN-JCSO,40,29.40794050984355,84.24670594901565,14.96,34.6658529556268,38.87824631005136,1.153583167017553
extreme,1061,0.82,GAN-JCSO,50,24.973394505566656,85.41999235347083,14.96,34.640022345039256,41.26572349307013,1.2251319389058892
extreme,1061,0.82,GAN-RB,30,32.785926172416936,84.14726845689577,14.96,34.929202324425844,36.86878548128567,1.0913198954472803
extreme,1061,0.82,GAN-RB,40,25.594109217295667,85.4290229797484,14.96,34.78633319426929,39.426368559349534,1.1677993172726837
extreme,1061,0.82,GAN-RB,50,22.874394809897797,86.25,14.96,34.74209231673199,41.87123770146303,1.240918913692299
extreme,1061,0.82,QuantileMLP-JCSO,30,37.91329717589889,82.8830658653238,14.96,34.63636518284706,36.41638003334855,1.0798549190838211
extreme,1061,0.82,QuantileMLP-JCSO,40,29.12388339664283,84.22575292628012,14.96,34.61537774175776,38.86655364167058,1.153282127328335
extreme,1061,0.82,QuantileMLP-JCSO,50,25.33117115794788,85.13695332055967,14.96,34.593777851238606,41.22025363002312,1.2238713844386775
extreme,1061,0.82,QuantileMLP-RB,30,41.57061493807197,82.2054091417289,14.96,33.76898677207944,35.64479319332318,1.0547759761635642
extreme,1061,0.82,QuantileMLP-RB,40,30.993131533676976,84.75171711658075,14.96,33.749334736169864,38.022465961285164,1.1259249922732728
extreme,1061,0.82,QuantileMLP-RB,50,25.625361559492056,85.75516313839682,14.96,33.7567091826788,40.2175281120949,1.1916435503465577
extreme,1061,1.0,Diffusion-JCSO,30,91.17692078303784,51.89872196301711,14.96,26.960028834804913,26.72185563271176,0.962568935959524
extreme,1061,1.0,Diffusion-JCSO,40,75.62968525768046,64.76400334310678,14.96,22.61786424223822,28.645605793331068,1.0327427000768756
extreme,1061,1.0,Diffusion-JCSO,50,55.87977722460401,76.66837633432499,14.96,22.564152338912116,30.277325451509803,1.0923663098515815
extreme,1061,1.0,Diffusion-RB,30,99.63105318547143,32.2532306589377,17.920454693777387,36.59248657949943,24.626091082955703,0.8856108734691956
extreme,1061,1.0,Diffusion-RB,40,93.26040460994395,49.80778451534257,14.96,27.55763989444221,26.36909329314748,0.9490800321126238
extreme,1061,1.0,Diffusion-RB,50,78.28113453135411,66.11574667483008,14.96,26.05458915699602,27.75631781063254,0.9997019943120926
extreme,1061,1.0,GAN-JCSO,30,41.23380084591231,83.49367884489187,14.96,22.54675694125912,31.121102317782555,1.1231284240858368
extreme,1061,1.0,GAN-JCSO,40,24.142449833008357,89.36430409784683,14.96,22.513749669543248,33.20160589787694,1.199179208502442
extreme,1061,1.0,GAN-JCSO,50,18.01436191803175,91.94091309357935,14.96,22.489963104637432,35.22316790415736,1.2730521951502878
extreme,1061,1.0,GAN-RB,30,29.700561583409108,88.88289105745037,14.96,22.745500075163513,31.37958278290366,1.1306645625294085
extreme,1061,1.0,GAN-RB,40,19.65853163692298,91.8207589694872,14.96,22.60182142311433,33.52246280780469,1.2087737467022752
extreme,1061,1.0,GAN-RB,50,16.01364111691424,92.70833333333334,14.96,22.571810740698705,35.60741507669141,1.2847754479101916
extreme,1061,1.0,QuantileMLP-JCSO,30,37.64335691472796,84.83910932421367,14.96,22.503353532287843,31.172143785345636,1.1250387484400515
extreme,1061,1.0,QuantileMLP-JCSO,40,22.786331106510183,90.09119127148445,14.96,22.47785808137641,33.24385448723034,1.2007793329687517
extreme,1061,1.0,QuantileMLP-JCSO,50,17.779933507896732,91.77971510390694,14.96,22.45721512903389,35.25945601918492,1.274409337995128
extreme,1061,1.0,QuantileMLP-RB,30,34.409070124556095,87.82120302309507,14.96,22.583857502889636,30.511379661474972,1.0988714401004762
extreme,1061,1.0,QuantileMLP-RB,40,24.479755469206474,90.3124345774956,14.96,22.541389218158784,32.48835723180298,1.1709896829086743
extreme,1061,1.0,QuantileMLP-RB,50,17.334551604673607,92.16342941804612,14.96,22.51293995210089,34.42065687828001,1.2414844203701383
extreme,1062,0.82,Diffusion-JCSO,30,32.7910913931624,86.16126120996614,14.96,19.788310472290092,35.97350243634167,1.142051780625592
extreme,1062,0.82,Diffusion-JCSO,40,23.904580651134943,87.3077924713262,14.96,19.759837277612743,38.392486986893616,1.2198131934982601
extreme,1062,0.82,Diffusion-JCSO,50,21.64324140725485,87.94977503705884,14.96,19.73680342463869,40.727883850950256,1.2949072742955665
extreme,1062,0.82,Diffusion-RB,30,35.621992029805206,84.37542971002783,14.96,19.85993641004369,34.95259724469029,1.109228234037412
extreme,1062,0.82,Diffusion-RB,40,27.997617125270306,85.65684571868242,14.96,19.848720209817134,37.22944480044537,1.1824144096411013
extreme,1062,0.82,Diffusion-RB,50,24.576264526387757,86.25353440347278,14.96,19.80230913930447,39.4703383527499,1.2544416162052667
extreme,1062,0.82,GAN-JCSO,30,32.35066464232777,85.99626187453062,14.96,19.26650549037541,35.98559618356461,1.1437091632835483
extreme,1062,0.82,GAN-JCSO,40,24.246738779030224,87.32373197190911,14.96,19.2564849168527,38.40664407848121,1.2216143503394155
extreme,1062,0.82,GAN-JCSO,50,22.343040815528386,87.83009750593497,14.96,19.251815890744762,40.73966840984194,1.2967231281307314
extreme,1062,0.82,GAN-RB,30,28.713639172291167,86.1848770822517,14.96,19.95650154965474,36.037328528216534,1.1431665050525024
extreme,1062,0.82,GAN-RB,40,22.41267268690514,87.71917763479841,14.96,19.89487892728754,38.47330444936997,1.2213368999465288
extreme,1062,0.82,GAN-RB,50,19.96432573145799,88.33333333333333,14.96,19.84443175615654,40.82832216609422,1.296925116912926
extreme,1062,0.82,QuantileMLP-JCSO,30,31.82063082821979,86.13780710285381,14.96,19.805897518685164,35.99803577053727,1.1436981086119156
extreme,1062,0.82,QuantileMLP-JCSO,40,24.39034633730564,87.13596615043178,14.96,19.77581485321041,38.4306749367924,1.2219571307645023
extreme,1062,0.82,QuantileMLP-JCSO,50,21.970667250319213,87.80004745228975,14.96,19.751673775438114,40.77478305920878,1.297376663657109
extreme,1062,0.82,QuantileMLP-RB,30,26.950926252198265,86.81074874971327,14.96,19.890943669058142,36.09194916238379,1.1453209646064446
extreme,1062,0.82,QuantileMLP-RB,40,22.57900821693516,87.58441461243288,14.96,19.847606669825694,38.4950142832188,1.222512009403437
extreme,1062,0.82,QuantileMLP-RB,50,20.821523441819583,88.0688504451944,14.96,19.814807855128183,40.878872280145316,1.2990611123737525
extreme,1062,1.0,Diffusion-JCSO,30,26.255037013806103,90.59051462721912,14.903837321891343,14.96,30.970481591836037,1.1963953731862842
extreme,1062,1.0,Diffusion-JCSO,40,14.727307917432867,94.17297002293532,13.912723937162532,14.96,32.98451169063131,1.275239165338138
extreme,1062,1.0,Diffusion-JCSO,50,11.784005108988085,94.91099914850199,12.891522910357377,14.96,34.96298692530207,1.352709962593651
extreme,1062,1.0,Diffusion-RB,30,21.855362868079546,92.03615928298011,12.996708460790597,14.96,30.169283557943416,1.1650647366257758
extreme,1062,1.0,Diffusion-RB,40,16.419803151571436,93.12981627272023,12.963631366221618,14.96,32.04321554208527,1.2384239928150504
extreme,1062,1.0,Diffusion-RB,50,14.683528318933032,93.44147168106697,12.936864142716365,14.96,33.90150102375869,1.3111970194567557
extreme,1062,1.0,GAN-JCSO,30,36.7831731891093,83.01673556592584,14.96,14.96,31.019200311074563,1.199606887544568
extreme,1062,1.0,GAN-JCSO,40,17.15715752400751,91.87237215226217,14.781743905502585,14.96,33.00275715697526,1.2774169943349125
extreme,1062,1.0,GAN-JCSO,50,12.862056818726284,94.44943257543089,13.347195708331126,14.96,34.95972717623849,1.3541562167661023
extreme,1062,1.0,GAN-RB,30,20.58052583798847,91.49898912084697,14.688971902929676,14.96,30.989551179243666,1.1964451533241862
extreme,1062,1.0,GAN-RB,40,11.81603548335784,94.97006600512066,12.969912520560875,14.96,33.0036584468338,1.2751408662610795
extreme,1062,1.0,GAN-RB,50,10.375864837167553,95.20833333333331,12.942290094365877,14.96,34.9523844803489,1.3513547978198392
extreme,1062,1.0,QuantileMLP-JCSO,30,25.788112977876477,89.55412028243185,14.96,14.96,30.954452349522853,1.1967317612154795
extreme,1062,1.0,QuantileMLP-JCSO,40,15.94446722496884,93.34978495772874,14.007651111743726,14.96,32.988446164576956,1.2763991766179748
extreme,1062,1.0,QuantileMLP-JCSO,50,12.12825016714781,94.84613883317294,12.885485582297704,14.96,34.97190295166961,1.3541221481738637
extreme,1062,1.0,QuantileMLP-RB,30,16.348081907584273,93.72547952310391,14.119950587537746,14.96,31.019590265551496,1.197961242364971
extreme,1062,1.0,QuantileMLP-RB,40,12.55983048117638,94.58333333333331,12.951365132483954,14.96,33.01717266994213,1.2760719473944486
extreme,1062,1.0,QuantileMLP-RB,50,11.179357965840921,95.0,12.925344021516109,14.96,34.98569825407359,1.3530934608519083
extreme,1063,0.82,Diffusion-JCSO,30,27.595272914473647,89.41345216405196,14.96,19.873138125013856,35.20874386150517,1.189179117928607
extreme,1063,0.82,Diffusion-JCSO,40,19.60032925334802,91.6618106895196,14.96,19.794001537087905,37.81443772872333,1.277733889442447
extreme,1063,0.82,Diffusion-JCSO,50,15.220606963556492,92.31967519568242,14.96,19.7707729178471,40.31002208317974,1.362632301223103
extreme,1063,0.82,Diffusion-RB,30,25.919684744135843,90.64603136595359,14.96,19.95547610552953,34.788441972128965,1.1735561909129806
extreme,1063,0.82,Diffusion-RB,40,17.78527537741614,92.24442091603638,14.96,19.88057111213671,37.329570430275375,1.2597576679933327
extreme,1063,0.82,Diffusion-RB,50,13.42213902280871,92.91666666666669,14.96,19.83861163129038,39.73520470585076,1.3415026205766714
extreme,1063,0.82,GAN-JCSO,30,26.320547153788382,89.97364819633036,14.96,19.831105482774568,35.375473879113564,1.1946720739705123
extreme,1063,0.82,GAN-JCSO,40,19.602305447884536,91.63825348568109,14.96,19.801971690071113,37.984583640505605,1.2833507334217675
extreme,1063,0.82,GAN-JCSO,50,14.773028423622291,92.51310976298068,14.96,19.77780812303825,40.51731977177221,1.369472326491641
extreme,1063,0.82,GAN-RB,30,23.537684752111964,91.66723551160304,14.96,20.00888649459387,35.78140920950743,1.2041996384442462
extreme,1063,0.82,GAN-RB,40,15.91605822227604,92.82586820201041,14.96,19.88564811173181,38.43955324988998,1.2941688527011213
extreme,1063,0.82,GAN-RB,50,11.47828912722127,93.6327353102022,14.96,19.858065040405155,40.933202616061855,1.3786378655882556
extreme,1063,0.82,QuantileMLP-JCSO,30,23.441348356793018,90.42908238416443,14.96,18.931674872380402,35.093287473366686,1.1876283779139185
extreme,1063,0.82,QuantileMLP-JCSO,40,17.848519213630585,91.81204578917803,14.96,19.06898942124715,37.62095720290392,1.2736981266367262
extreme,1063,0.82,QuantileMLP-JCSO,50,14.467791890851109,92.29621657699288,14.96,19.36171482655853,40.09786573523998,1.358104352130787
extreme,1063,0.82,QuantileMLP-RB,30,25.516144178275166,90.72259666309482,14.96,19.53899426350534,34.7813003076913,1.1755767605170853
extreme,1063,0.82,QuantileMLP-RB,40,18.298860310889772,92.50344730224437,14.96,19.531995849553216,37.27282766286273,1.2602210623793675
extreme,1063,0.82,QuantileMLP-RB,50,13.228710765334132,93.08599448766657,14.96,19.55178210912156,39.71293023848128,1.3431181639833065
extreme,1063,1.0,Diffusion-JCSO,30,33.25044567250723,84.78859309196548,14.96,14.96,29.73921144120106,1.2233473841789424
extreme,1063,1.0,Diffusion-JCSO,40,18.36416462561618,92.52666740886683,9.293483399903295,14.96,31.85187133661782,1.3108690345616658
extreme,1063,1.0,Diffusion-JCSO,50,11.433744638510404,95.03318816680024,8.47781977157052,14.96,33.95725250178478,1.3980664845891422
extreme,1063,1.0,Diffusion-RB,30,26.53534148531388,88.97409979393974,13.51329002666582,14.96,29.45166664693712,1.2100643834181135
extreme,1063,1.0,Diffusion-RB,40,14.570276378065266,93.92087922755292,8.836431832501379,14.96,31.434799255371036,1.2921894006511252
extreme,1063,1.0,Diffusion-RB,50,8.941291099435764,95.9234835602257,8.120748391642339,14.96,33.467782517224606,1.3763140422937972
extreme,1063,1.0,GAN-JCSO,30,25.613000839802677,90.40290872826704,10.76417369291516,14.96,29.824294226819084,1.2267304935101193
extreme,1063,1.0,GAN-JCSO,40,15.349377904880924,94.39742958726191,8.8,14.96,31.991037280650083,1.3164386810864193
extreme,1063,1.0,GAN-JCSO,50,8.844682733199374,96.09354723191318,8.057078134954947,14.96,34.11682163316359,1.4044791900539941
extreme,1063,1.0,GAN-RB,30,17.442651547626753,95.16281705467259,8.8,14.96,30.08320503506755,1.2333167140309251
extreme,1063,1.0,GAN-RB,40,10.118114923767367,96.34216092295141,7.84434324052649,14.96,32.30749708700904,1.325043222957738
extreme,1063,1.0,GAN-RB,50,5.549503980039537,97.26320152808678,6.524732112409027,14.96,34.44914751501716,1.4133788916544763
extreme,1063,1.0,QuantileMLP-JCSO,30,42.00675698377827,79.36550824659234,14.96,14.96,29.758869537201406,1.226557218916727
extreme,1063,1.0,QuantileMLP-JCSO,40,18.556550216509876,91.3954352265218,11.297360498214035,14.96,31.81601877171878,1.3120450283205136
extreme,1063,1.0,QuantileMLP-JCSO,50,9.17429003437664,95.79834998677823,7.053274200308835,14.96,33.85440277737465,1.3966296600115136
extreme,1063,1.0,QuantileMLP-RB,30,20.371253312937302,93.08852750701114,8.8,14.96,29.40715454477766,1.210587209162022
extreme,1063,1.0,QuantileMLP-RB,40,12.463425703101157,95.56883534128917,8.5356985739056,14.96,31.484121811388817,1.2966739801933267
extreme,1063,1.0,QuantileMLP-RB,50,7.67059295451217,96.70182005411732,7.810774177430137,14.96,33.46277581807956,1.3787519553726304
extreme,1064,0.82,Diffusion-JCSO,30,31.670003598545595,88.38918870289923,14.96,15.819132530678488,36.25661830170288,1.0989331084114724
extreme,1064,0.82,Diffusion-JCSO,40,23.058273914529845,89.75904510826213,14.96,15.795508977430982,38.73109947968105,1.1746849556274832
extreme,1064,0.82,Diffusion-JCSO,50,18.205452344889945,91.0132637418118,14.96,15.77587684746804,41.10063272241065,1.2472073234312253
extreme,1064,0.82,Diffusion-RB,30,31.947565965222438,88.26310850869439,14.96,15.542500782980987,35.976157628981504,1.0903229964748662
extreme,1064,0.82,Diffusion-RB,40,22.016085020978668,90.24555756248881,14.96,15.525177143296467,38.37471349032492,1.1637990030618157
extreme,1064,0.82,Diffusion-RB,50,17.84433263323634,91.01584636926061,14.96,15.511845116073887,40.64275136508566,1.2333500830750481
extreme,1064,0.82,GAN-JCSO,30,30.703644616337254,88.17295157819939,14.96,15.819249962333549,36.21263978195293,1.0988258010395517
extreme,1064,0.82,GAN-JCSO,40,23.085756786674626,88.97702057777398,14.96,15.795348870967796,38.67871609656505,1.1743572135612783
extreme,1064,0.82,GAN-JCSO,50,18.35553207489504,91.0909751573048,14.96,15.775815290990915,41.03929882395986,1.24666088792405
extreme,1064,0.82,GAN-RB,30,26.839746197361883,88.7721442850883,14.96,15.85965162266884,36.82899322313432,1.1156593739034495
extreme,1064,0.82,GAN-RB,40,20.688390727250987,90.27421633609802,14.96,15.828417148454946,39.374314012021465,1.1934464980237538
extreme,1064,0.82,GAN-RB,50,17.26590540130408,91.3563134387802,14.96,15.805223640587045,41.77643562881548,1.266877498035071
extreme,1064,0.82,QuantileMLP-JCSO,30,26.29333554476285,89.32466622438076,14.96,15.538140968425935,36.25307682882835,1.1001003226737678
extreme,1064,0.82,QuantileMLP-JCSO,40,19.95450145628502,90.48426911874732,14.96,15.52109165390357,38.67329815377104,1.1742107243404591
extreme,1064,0.82,QuantileMLP-JCSO,50,17.521606489001915,90.8261311703327,14.96,15.507903841331753,41.00477231473943,1.2455985520451227
extreme,1064,0.82,QuantileMLP-RB,30,27.513659473775007,89.03160736840454,14.96,15.579937181296016,36.144917851663664,1.0951060700319415
extreme,1064,0.82,QuantileMLP-RB,40,19.67314948112797,91.07273101493854,14.96,15.560516667600881,38.49731972040401,1.167014768170045
extreme,1064,0.82,QuantileMLP-RB,50,16.415004476147654,91.45833333333331,14.96,15.625783993999567,40.80852666918259,1.2376358670005956
extreme,1064,1.0,Diffusion-JCSO,30,50.39058121564578,74.92696176581657,14.96,15.818709320935007,31.073733465134598,1.1463063738948418
extreme,1064,1.0,Diffusion-JCSO,40,28.11008887482001,86.07356801610673,14.96,14.96,33.087811029095974,1.221545724174788
extreme,1064,1.0,Diffusion-JCSO,50,12.758202237372876,93.1344720356798,14.96,14.96,35.097737777553085,1.2965621898468407
extreme,1064,1.0,Diffusion-RB,30,25.314511859104634,90.34967103667809,14.96,14.96,30.763154065334195,1.1349342145431427
extreme,1064,1.0,Diffusion-RB,40,15.288582649492593,93.01414589032007,14.96,14.96,32.79328805990508,1.2106378844713757
extreme,1064,1.0,Diffusion-RB,50,11.213956733889216,93.96434054435178,14.96,14.96,34.79208838840698,1.2852130169485354
extreme,1064,1.0,GAN-JCSO,30,39.21879572816823,81.9923620480068,14.96,14.96,30.943499990073107,1.1429801221743519
extreme,1064,1.0,GAN-JCSO,40,20.97612221062496,89.47355420116499,14.96,14.96,33.020779640498624,1.2205242795170763
extreme,1064,1.0,GAN-JCSO,50,12.01674743717535,93.94998205099807,14.96,14.96,35.0445167552898,1.2960613007200672
extreme,1064,1.0,GAN-RB,30,27.39132465718339,87.22545227080482,14.96,14.96,31.376967942625317,1.1572980223418707
extreme,1064,1.0,GAN-RB,40,15.821788501855412,92.43355962222036,14.96,14.96,33.55822722764241,1.2384197132708896
extreme,1064,1.0,GAN-RB,50,10.535827763024093,94.33034768641467,14.96,14.96,35.628314965378216,1.3155153576274272
extreme,1064,1.0,QuantileMLP-JCSO,30,29.53507093098275,86.4887725483169,14.96,14.96,30.974731032316495,1.1442467362731776
extreme,1064,1.0,QuantileMLP-JCSO,40,16.928679132370178,91.5184766337079,14.96,14.96,33.04484137907675,1.2215188798276533
extreme,1064,1.0,QuantileMLP-JCSO,50,11.70647535971969,93.50825138434436,14.96,14.96,35.04925746604041,1.296330515670175
extreme,1064,1.0,QuantileMLP-RB,30,19.304286708908265,92.23342977978623,14.96,14.96,30.944600444392133,1.1416656990516096
extreme,1064,1.0,QuantileMLP-RB,40,13.192718415214419,93.98517550652195,14.96,14.96,32.95153141356035,1.2163343896344343
extreme,1064,1.0,QuantileMLP-RB,50,10.362366416190268,94.16666666666669,14.96,14.96,34.934288829695966,1.290156883139388
extreme,1065,0.82,Diffusion-JCSO,30,43.3504621952935,84.41902903593463,14.96,23.056486972565065,36.252553349440355,1.0976141790422538
extreme,1065,0.82,Diffusion-JCSO,40,26.747625950224013,87.36626830735763,14.96,22.99091660297439,38.72277173993458,1.173009866257324
extreme,1065,0.82,Diffusion-JCSO,50,22.468817468492905,88.18263439098936,14.96,22.964509165200596,41.013287234381394,1.2430527007742225
extreme,1065,0.82,Diffusion-RB,30,48.44267320175792,81.2963172778405,14.96,23.872012485454746,34.67347347394903,1.048724746519847
extreme,1065,0.82,Diffusion-RB,40,34.61938239020222,85.03085194960599,14.96,23.130233282476382,37.0004406226393,1.1196668416463946
extreme,1065,0.82,Diffusion-RB,50,26.852731982610443,87.13680841775351,14.96,23.06690954688145,39.14571058776926,1.1851022628708678
extreme,1065,0.82,GAN-JCSO,30,29.37388216566877,87.31333402883887,14.96,23.00895086691008,37.65703726931422,1.1402914042140595
extreme,1065,0.82,GAN-JCSO,40,22.895906705632157,88.01601435297967,14.96,22.952791007055175,40.19638950374862,1.2180507448651132
extreme,1065,0.82,GAN-JCSO,50,20.33959291482412,88.41562340308487,14.96,22.820880996282234,42.68658316655849,1.2944947782880545
extreme,1065,0.82,GAN-RB,30,29.429649775064874,85.91598228220492,14.96,23.193330650012008,37.99327274398133,1.15138024538202
extreme,1065,0.82,GAN-RB,40,23.263025649706538,87.7317692278756,14.96,23.092521849613973,40.61783329315575,1.2316852604675594
extreme,1065,0.82,GAN-RB,50,20.223918827595224,88.49688290114761,14.96,23.037995702948486,43.18659522662855,1.3104366298423609
extreme,1065,0.82,QuantileMLP-JCSO,30,32.91763219633343,86.77306232328888,14.96,23.004940219052433,37.331063044507154,1.1304634201792167
extreme,1065,0.82,QuantileMLP-JCSO,40,24.318177077022384,87.6866889889968,14.96,22.974562036484514,39.82137992806333,1.206745165943949
extreme,1065,0.82,QuantileMLP-JCSO,50,20.315716470914673,88.25846907558362,14.96,22.949871198323503,42.14807405124867,1.2781102029287508
extreme,1065,0.82,QuantileMLP-RB,30,31.592535211210304,85.94908654828761,14.96,23.145329657605867,37.0050108530032,1.1194150196676524
extreme,1065,0.82,QuantileMLP-RB,40,25.316041705095127,87.17738635664936,14.96,23.06740067267249,39.36545112350928,1.1915434028346594
extreme,1065,0.82,QuantileMLP-RB,50,22.1257630307111,87.78318072719112,14.96,23.035573526622116,41.59989273593742,1.2599515860364294
extreme,1065,1.0,Diffusion-JCSO,30,72.25424267837073,64.6258131831264,14.96,20.360840839460487,31.097110125798686,1.1466615379918284
extreme,1065,1.0,Diffusion-JCSO,40,45.22686743489455,78.47999681169718,14.96,21.116908034882208,33.145021077460626,1.2228396613311627
extreme,1065,1.0,Diffusion-JCSO,50,22.77388252347299,88.35140229154972,14.96,21.02287025671237,35.09249425642264,1.2952515843086423
extreme,1065,1.0,Diffusion-RB,30,63.24267841026362,71.11360779406634,14.96,23.706519638787956,29.811642208008,1.0982388982850555
extreme,1065,1.0,Diffusion-RB,40,36.24451451788491,84.25623600199526,14.96,20.057799277331704,31.721285866508058,1.1691763903853758
extreme,1065,1.0,Diffusion-RB,50,23.412096577059796,88.91514330346438,14.96,21.241969500945125,33.56030777859339,1.2374840760263968
extreme,1065,1.0,GAN-JCSO,30,67.52450694804703,62.66774117199152,14.96,22.811551126769057,32.127479019849304,1.1844671783810439
extreme,1065,1.0,GAN-JCSO,40,46.123593608797684,75.9157442288488,14.96,21.079979967467096,34.2979258034621,1.2652606537268172
extreme,1065,1.0,GAN-JCSO,50,25.21932934489893,86.6321921855195,14.96,20.978970863748177,36.330386293368264,1.3410433472507475
extreme,1065,1.0,GAN-RB,30,45.364007898997855,78.05336398900084,14.96,21.859148549575536,32.27382522410182,1.1913703186431241
extreme,1065,1.0,GAN-RB,40,27.48710699139124,85.3179547344114,14.96,21.222304621465565,34.516775568181814,1.2747966718585495
extreme,1065,1.0,GAN-RB,50,18.100400590077594,89.59451488329807,14.96,21.089580459712153,36.669416652155995,1.3548677423259474
extreme,1065,1.0,QuantileMLP-JCSO,30,47.67181450478975,78.41203581393663,14.96,20.378734863229152,31.810064985858606,1.1728030959998357
extreme,1065,1.0,QuantileMLP-JCSO,40,27.018876773060384,86.16924033542135,14.96,21.005555131066384,33.979878854567104,1.2535740906128985
extreme,1065,1.0,QuantileMLP-JCSO,50,16.491374330964042,90.52845026761439,14.96,20.969981668965094,36.04233411971423,1.3303882287903035
extreme,1065,1.0,QuantileMLP-RB,30,31.977451136077182,85.03064417763649,14.96,22.05752967515687,31.616672612804038,1.1645991296838478
extreme,1065,1.0,QuantileMLP-RB,40,21.612938860639087,89.14121231167651,14.96,21.0514727564419,33.71834404670719,1.242756016870462
extreme,1065,1.0,QuantileMLP-RB,50,18.033071328422107,90.14338573431556,14.96,21.021774152250334,35.68615057427492,1.315953378577791
extreme,1066,0.82,Diffusion-JCSO,30,48.105105002227255,82.90137827072503,14.96,18.033994659476388,34.689794016286044,1.0618731199862266
extreme,1066,0.82,Diffusion-JCSO,40,33.16549443946934,87.0735846719796,14.96,17.999875809228392,37.06047866122459,1.1352833177095245
extreme,1066,0.82,Diffusion-JCSO,50,27.366217213409946,87.91067540975735,14.96,17.97403268817177,39.27401482800202,1.2039080319071216
extreme,1066,0.82,Diffusion-RB,30,35.65507067446416,84.49397581214012,14.96,19.105694026256558,35.34042116029373,1.081776208553327
extreme,1066,0.82,Diffusion-RB,40,29.13097300893986,86.3062112012204,14.96,18.009351190401965,37.66185691570408,1.1537450395556081
extreme,1066,0.82,Diffusion-RB,50,26.052680151776325,87.4933919089342,14.96,17.982902948615553,39.84731889469825,1.2215908462297254
extreme,1066,0.82,GAN-JCSO,30,33.82692316098516,86.07981083074546,14.96,16.49119417567881,37.13952511267501,1.138903983583711
extreme,1066,0.82,GAN-JCSO,40,23.493577332775526,89.33193341677126,14.96,16.45917074180359,39.51705052736232,1.2128099176740206
extreme,1066,0.82,GAN-JCSO,50,19.877117478510932,89.79166666666667,14.96,16.432806706447305,41.827479550403275,1.2846596517588345
extreme,1066,0.82,GAN-RB,30,29.997456627942945,85.08110642515015,14.96,21.686464871489623,37.734220162030056,1.1523883807293742
extreme,1066,0.82,GAN-RB,40,26.22641467164028,86.55110079801055,14.96,20.968905150510896,40.317810443779585,1.2321259890739982
extreme,1066,0.82,GAN-RB,50,24.698719428934517,87.35363149182145,14.96,19.81313382328481,42.79562492447279,1.3086839265977042
extreme,1066,0.82,QuantileMLP-JCSO,30,31.280544241365703,87.09275995689899,14.96,18.00283393564092,37.240024089823606,1.1411314135795796
extreme,1066,0.82,QuantileMLP-JCSO,40,25.108219392775574,88.46670688098118,14.96,17.974834499320174,39.696382518279314,1.217397686489907
extreme,1066,0.82,QuantileMLP-JCSO,50,20.639543706942554,89.55910713399153,14.96,17.948489632507016,42.08883099030247,1.2917126010992557
extreme,1066,0.82,QuantileMLP-RB,30,28.499992513239306,86.32143071050305,14.96,18.00871525699208,36.93195275056803,1.1330913854705251
extreme,1066,0.82,QuantileMLP-RB,40,25.774249469240182,87.50967622079249,14.96,17.980528354850897,39.35430758422128,1.208376490018373
extreme,1066,0.82,QuantileMLP-RB,50,22.940605809423477,88.37943188097746,14.96,17.957040339725033,41.70739013282859,1.2815355162305662
extreme,1066,1.0,Diffusion-JCSO,30,52.20371418881163,75.46782168865288,14.96,15.002622243045852,30.016404848097253,1.1182510228565818
extreme,1066,1.0,Diffusion-JCSO,40,29.67568275035646,87.98852667009041,14.96,14.96,31.97283065567579,1.191985358952074
extreme,1066,1.0,Diffusion-JCSO,50,15.794278601969795,93.55605525190586,14.019084704132384,14.96,33.87645539558309,1.263734732220888
extreme,1066,1.0,Diffusion-RB,30,31.57882865840015,86.46030906795315,14.96,16.544042956491605,30.407479595309198,1.132698478039101
extreme,1066,1.0,Diffusion-RB,40,17.143883636913447,92.40320189071116,14.498854148034441,14.965531154685683,32.45977806518273,1.2100620897763796
extreme,1066,1.0,Diffusion-RB,50,15.298316829359418,93.4435785017031,13.313902866665336,14.96,34.40194599237102,1.2833098405735541
extreme,1066,1.0,GAN-JCSO,30,53.693936816743104,75.19589821644848,14.96,14.96,32.11327249452963,1.1981334108701045
extreme,1066,1.0,GAN-JCSO,40,31.45715973009818,84.51443657039863,14.96,14.96,34.19251541107922,1.2768101713495585
extreme,1066,1.0,GAN-JCSO,50,11.355401456231743,93.43044936289861,14.96,14.96,36.16925929006592,1.3516924364016882
extreme,1066,1.0,GAN-RB,30,19.63140815852273,90.91880423464855,14.96,18.389615773415404,32.366247915964415,1.2031960636301453
extreme,1066,1.0,GAN-RB,40,15.372654936311237,92.52934115357029,14.96,17.753996223973566,34.618597438393344,1.2877453474738223
extreme,1066,1.0,GAN-RB,50,14.091092932941338,93.38371582248357,13.933612673674313,16.18055513343869,36.793438047622715,1.3694700060850646
extreme,1066,1.0,QuantileMLP-JCSO,30,22.963325486775176,90.56351722472347,13.869821204783705,14.96,32.07141618078035,1.195833186316126
extreme,1066,1.0,QuantileMLP-JCSO,40,13.5919809834144,94.62684984899099,13.098564128312484,14.96,34.19388737730268,1.2759361223873344
extreme,1066,1.0,QuantileMLP-JCSO,50,9.027487574264338,95.43213101026694,12.48098579118184,14.96,36.25210251097966,1.3536844521377591
extreme,1066,1.0,QuantileMLP-RB,30,19.14356298992456,91.4698851717044,13.679594037594736,14.96,31.76694435262317,1.18599640132777
extreme,1066,1.0,QuantileMLP-RB,40,15.077239862293512,93.4898362298209,13.099682495895529,14.96,33.878861749523516,1.2657985320107372
extreme,1066,1.0,QuantileMLP-RB,50,11.658108990979912,94.37713941892169,13.07645752320896,14.96,35.91072870568095,1.3426633814596536
extreme,1067,0.82,Diffusion-JCSO,30,26.56515544914959,86.90598445508505,14.96,28.69155013851763,37.16387831395761,1.0939669912717964
extreme,1067,0.82,Diffusion-JCSO,40,21.10051124591149,87.66270253299479,14.96,29.30210355810005,39.64666854427049,1.1677887300113492
extreme,1067,0.82,Diffusion-JCSO,50,19.207145979535717,87.91666666666667,14.96,29.281010747914166,42.016913620375504,1.2382202189561429
extreme,1067,0.82,Diffusion-RB,30,25.530318738618977,86.56163769042858,14.96,27.646253240012285,36.445659530675506,1.0723293276365458
extreme,1067,0.82,Diffusion-RB,40,22.04886770779922,87.50765902789647,14.96,28.134966566408487,38.76280325068392,1.1411451005296949
extreme,1067,0.82,Diffusion-RB,50,19.786400903876633,87.91666666666667,14.96,28.66524152638413,40.97911165218028,1.2069889079437939
extreme,1067,0.82,GAN-JCSO,30,29.803275076975204,85.89950161872116,14.96,27.81234859276633,36.8007821717243,1.0832385842019328
extreme,1067,0.82,GAN-JCSO,40,23.492844896577825,87.08875797445431,14.96,28.094517867341445,39.19828076009509,1.1544337399197107
extreme,1067,0.82,GAN-JCSO,50,21.089541195240276,87.43594803452326,14.96,28.144676091111997,41.44836903333195,1.2212553941653257
extreme,1067,0.82,GAN-RB,30,23.702367557153593,86.8339961973533,14.96,29.354412170286267,37.21824888141735,1.0957119051611517
extreme,1067,0.82,GAN-RB,40,20.657111420232635,87.70833333333333,14.96,29.323604204913938,39.708191494074384,1.1697755704614623
extreme,1067,0.82,GAN-RB,50,19.595927553361147,87.70833333333333,14.96,29.300445871204843,42.23237712163265,1.24508901973078
extreme,1067,0.82,QuantileMLP-JCSO,30,25.309707471067274,86.97047293855644,14.96,28.129944344186985,37.12985444817247,1.0925016204003972
extreme,1067,0.82,QuantileMLP-JCSO,40,20.829414183211448,87.64019527226286,14.96,28.186919758536252,39.542536602324596,1.164120416410143
extreme,1067,0.82,QuantileMLP-JCSO,50,19.09096102635455,88.11867532747677,14.96,28.68761068970937,41.92076630325249,1.2348409490620216
extreme,1067,0.82,QuantileMLP-RB,30,24.864333484928867,87.0712221969563,14.96,28.11786443336803,36.7377974482174,1.0808913477465338
extreme,1067,0.82,QuantileMLP-RB,40,20.79317959857761,87.7913915881374,14.96,28.132763259163323,39.101557620720754,1.1510626091998408
extreme,1067,0.82,QuantileMLP-RB,50,18.82743915826195,88.125,14.96,28.181425579719807,41.400141053055066,1.21931352393384
extreme,1067,1.0,Diffusion-JCSO,30,30.617497021154332,86.13225367468932,14.96,24.460557298608265,31.633062053645816,1.133555824081562
extreme,1067,1.0,Diffusion-JCSO,40,18.269326272372414,90.5914571130767,14.96,24.446981403622775,33.7236830767145,1.2093336923968026
extreme,1067,1.0,Diffusion-JCSO,50,15.498686485920723,91.25,14.96,24.628712102514385,35.77708386430133,1.2837247383285355
extreme,1067,1.0,Diffusion-RB,30,20.18444839270462,89.6501238954857,14.96,23.784352091356162,31.328128972382626,1.1221369038904183
extreme,1067,1.0,Diffusion-RB,40,17.751769944206103,90.41568336432992,14.96,23.87773762329133,33.15452791939454,1.1884085137945815
extreme,1067,1.0,Diffusion-RB,50,15.661173890613288,91.25,14.96,24.029038417923545,35.090933341885794,1.2585593373578443
extreme,1067,1.0,GAN-JCSO,30,37.008904989261026,82.6253240399862,14.96,24.146066620301994,31.461549859428192,1.12748058909769
extreme,1067,1.0,GAN-JCSO,40,23.10036421411771,88.46818764768625,14.96,24.189873752125603,33.50694021134747,1.2016075487483284
extreme,1067,1.0,GAN-JCSO,50,17.43071680995306,90.53815413084506,14.96,24.122774316708746,35.50183538973099,1.2738657087178695
extreme,1067,1.0,GAN-RB,30,34.25910653440019,82.22228767573324,14.96,24.603582353239478,31.714656933193794,1.136680391857331
extreme,1067,1.0,GAN-RB,40,20.456345663747676,89.2284814885267,14.96,24.08879106177178,33.77072263369015,1.2111656543963574
extreme,1067,1.0,GAN-RB,50,15.969149842911287,90.83333333333331,14.96,24.149655640632744,35.79680315647038,1.2845811588391183
extreme,1067,1.0,QuantileMLP-JCSO,30,35.514777744544645,83.10409466251433,14.96,24.122630962292593,31.726153235045786,1.1365580792190995
extreme,1067,1.0,QuantileMLP-JCSO,40,23.57044035408678,87.7217865117537,14.96,23.77319299633192,33.77152852453116,1.2106457974559799
extreme,1067,1.0,QuantileMLP-JCSO,50,16.401532688624535,90.67889768386235,14.96,23.84574203018814,35.77153853388707,1.2830706726881196
extreme,1067,1.0,QuantileMLP-RB,30,21.31488125715037,89.44574821224276,14.96,24.030107733850873,31.459811260616362,1.1268860627715591
extreme,1067,1.0,QuantileMLP-RB,40,16.440892654784854,91.19635285064518,14.96,23.803270191224037,33.405620230410264,1.1973915853395174
extreme,1067,1.0,QuantileMLP-RB,50,15.0,91.29012473631582,14.96,23.83955152108867,35.35482954047225,1.2680027596087515
extreme,1068,0.82,Diffusion-JCSO,30,71.9561141205925,66.74178658276125,14.96,19.57453688894119,34.63376613350632,0.9749758022784711
extreme,1068,0.82,Diffusion-JCSO,40,44.43672809972838,81.73090737374447,14.96,19.49465674845293,36.90953713209871,1.039352260546666
extreme,1068,0.82,Diffusion-JCSO,50,27.945294730969845,87.26723598495032,14.96,19.439752720852685,39.15958031298596,1.1030465821957123
extreme,1068,0.82,Diffusion-RB,30,88.56277562881296,52.964619801589485,14.96,21.108837970450985,32.366229616326954,0.910521137811566
extreme,1068,0.82,Diffusion-RB,40,57.82775352319212,74.42967995228427,14.96,20.706292087429347,34.4522075325788,0.9694561534020198
extreme,1068,0.82,Diffusion-RB,50,34.820435434618076,84.07242095060252,14.96,19.868540934211726,36.39915320659526,1.024547619137756
extreme,1068,0.82,GAN-JCSO,30,43.19586443794329,78.96997093711164,14.96,19.428808393532034,38.5299629539952,1.08477328065291
extreme,1068,0.82,GAN-JCSO,40,22.816214834582432,88.19216599646617,14.96,19.377605034143123,41.11076621581006,1.1581360623180892
extreme,1068,0.82,GAN-JCSO,50,17.172368962526626,89.79166666666667,14.96,19.35198474882459,43.56149396167545,1.2278257391939187
extreme,1068,0.82,GAN-RB,30,24.70176416667181,87.5674911419732,14.96,19.46225064572621,39.28285065586567,1.1055650141616518
extreme,1068,0.82,GAN-RB,40,19.01981643550899,89.3210367128982,14.96,19.408873897782552,41.99826853625924,1.182652741075411
extreme,1068,0.82,GAN-RB,50,16.17231739011803,89.96733731913716,14.96,19.37301133680662,44.578338638677984,1.2559709650108535
extreme,1068,0.82,QuantileMLP-JCSO,30,27.335556440555564,87.57545730810457,14.96,19.452460405471186,38.724429278913114,1.0900995066617416
extreme,1068,0.82,QuantileMLP-JCSO,40,20.252181900679147,89.03874342884362,14.96,19.400374935815485,41.318741083762234,1.1638508375494883
extreme,1068,0.82,QuantileMLP-JCSO,50,17.061668782842233,89.51348427134606,14.96,19.364178537898525,43.74048115361999,1.2327608658000777
extreme,1068,0.82,QuantileMLP-RB,30,25.94973928820818,87.40721734622623,14.96,20.191102651574973,38.86468528977517,1.092592619119369
extreme,1068,0.82,QuantileMLP-RB,40,21.661037371149686,88.83445919243673,14.96,19.755910114274048,41.529695178692144,1.1682039848695527
extreme,1068,0.82,QuantileMLP-RB,50,17.425773530238253,89.63042663384918,14.96,19.525603758603502,44.02281593482041,1.2390569970145915
extreme,1068,1.0,Diffusion-JCSO,30,80.89115037469308,53.75747475912588,14.96,32.93944988218591,29.516616406115585,1.0124811955795914
extreme,1068,1.0,Diffusion-JCSO,40,68.49550987505094,60.744295231998166,14.96,26.1647058503051,31.68612918744396,1.0872956257472903
extreme,1068,1.0,Diffusion-JCSO,50,54.96776233419687,69.88821611058087,14.96,18.568021175134145,33.561493801521934,1.1519646016332015
extreme,1068,1.0,Diffusion-RB,30,94.88310796359835,30.365132001849204,14.96,30.388848823662435,27.859454433602995,0.955177373006393
extreme,1068,1.0,Diffusion-RB,40,86.73427627452948,43.63979035536386,14.96,27.914352859348014,29.897075590574442,1.0254372857739746
extreme,1068,1.0,Diffusion-RB,50,71.02714471618552,59.60838015690888,14.96,17.709370793243885,31.50724680573914,1.080851465445556
extreme,1068,1.0,GAN-JCSO,30,67.72001009100536,61.876949499434375,14.96,21.461872501884994,32.67672292210692,1.120204840053821
extreme,1068,1.0,GAN-JCSO,40,58.3804661556902,66.87388451980155,14.96,18.342561546676134,34.9625960702994,1.1992628815047686
extreme,1068,1.0,GAN-JCSO,50,43.91899805529784,76.13171966157914,14.96,16.705547339286852,37.06807012772294,1.2722040103925074
extreme,1068,1.0,GAN-RB,30,73.71225843695048,50.692934813489124,14.96,21.751437348256868,33.39931369002337,1.1446910164462816
extreme,1068,1.0,GAN-RB,40,49.15272045697111,73.76955686252833,14.96,16.75466914761194,35.57391954614824,1.2198900429597064
extreme,1068,1.0,GAN-RB,50,17.264414412514192,90.00337837937847,14.96,16.722442360891996,37.73729755100258,1.2947497371235828
extreme,1068,1.0,QuantileMLP-JCSO,30,53.52045785466902,72.9954522544599,14.96,17.03904465979355,32.77163410314952,1.1233913522911412
extreme,1068,1.0,QuantileMLP-JCSO,40,33.2315635794939,82.97012132985904,14.96,16.739338193662455,35.0189688054976,1.2010793703137914
extreme,1068,1.0,QuantileMLP-JCSO,50,20.282942902089065,88.64032898389891,14.96,16.711718273888163,37.20403611204306,1.2766752409971078
extreme,1068,1.0,QuantileMLP-RB,30,26.283823127419627,87.1208868689456,14.96,17.020852497953463,33.01458387159767,1.1304141887960344
extreme,1068,1.0,QuantileMLP-RB,40,20.672783284711485,89.69156146744993,14.96,16.857238462934358,35.37693888204723,1.211862419552177
extreme,1068,1.0,QuantileMLP-RB,50,16.56028107523223,90.47961045162022,14.96,16.780008974946128,37.44331278164592,1.2832393415311163
extreme,1069,0.82,Diffusion-JCSO,30,38.89033436771517,83.91201511408475,14.96,26.183402496561065,36.510547190610744,1.118567054490309
extreme,1069,0.82,Diffusion-JCSO,40,28.27840989329186,86.28081272103681,14.96,26.154160788630932,39.042742838600724,1.1970528222533048
extreme,1069,0.82,Diffusion-JCSO,50,22.518981595315406,87.78965138933755,14.96,26.13032146808245,41.436207551181205,1.2713364818615103
extreme,1069,0.82,Diffusion-RB,30,36.45563263711785,83.32472294879584,14.96,26.230328252260588,36.4249793443793,1.117126226283388
extreme,1069,0.82,Diffusion-RB,40,28.19070686702296,86.0750117255177,14.96,26.18174585983275,38.9122760316683,1.1941981736932124
extreme,1069,0.82,Diffusion-RB,50,21.2851484702613,87.66852900849678,14.96,26.15232762315348,41.293144489054946,1.2680563871028594
extreme,1069,0.82,GAN-JCSO,30,34.90651321449805,84.53422324880682,14.96,26.18399583427587,37.167699516372274,1.1391304667921336
extreme,1069,0.82,GAN-JCSO,40,28.00705836122096,86.49764721292635,14.96,26.154951621871458,39.66487387405094,1.2166372153764633
extreme,1069,0.82,GAN-JCSO,50,21.375158820651873,88.41664019655802,14.96,26.131085705350426,42.05138966906158,1.2907996205278758
extreme,1069,0.82,GAN-RB,30,34.9727956703186,84.0425134563552,14.96,26.26995977415309,37.30166291651719,1.1426245505977066
extreme,1069,0.82,GAN-RB,40,27.73646802419873,86.3692695118517,14.96,26.217443409640296,39.83004336753847,1.220949574426412
extreme,1069,0.82,GAN-RB,50,23.760998649709403,87.18835144573639,14.96,26.179028623116455,42.25750464187879,1.2962687678536622
extreme,1069,0.82,QuantileMLP-JCSO,30,33.54000429384912,84.55179355061053,14.96,25.150921880545095,36.91684025066469,1.1315167997932902
extreme,1069,0.82,QuantileMLP-JCSO,40,26.57965454101213,86.50807189239937,14.96,25.15068532459618,39.4242303860195,1.2093014659268162
extreme,1069,0.82,QuantileMLP-JCSO,50,21.264926426042727,87.98113563576354,14.96,25.170863459820332,41.81579537581957,1.2836062100978447
extreme,1069,0.82,QuantileMLP-RB,30,34.22025727388112,83.86588958961057,14.96,25.188528665583494,37.08139138871892,1.1373770969711334
extreme,1069,0.82,QuantileMLP-RB,40,27.349439044212325,86.41825493258114,14.96,26.166820785748737,39.589437039457295,1.2151803321654153
extreme,1069,0.82,QuantileMLP-RB,50,21.230624648682795,87.86406262547042,14.96,26.142120867127367,42.02442820014405,1.2908075844861326
extreme,1069,1.0,Diffusion-JCSO,30,49.13324808313214,77.83743952406144,14.96,15.89555806269491,31.271282934812856,1.1660392415507557
extreme,1069,1.0,Diffusion-JCSO,40,27.110312446208237,88.77561555475384,14.96,15.88939887303219,33.37955287948332,1.245574770837131
extreme,1069,1.0,Diffusion-JCSO,50,15.390418106527987,93.71473162862097,14.96,15.884731210410752,35.45450680570497,1.3238560257157306
extreme,1069,1.0,Diffusion-RB,30,31.312307710408426,87.9423076837696,14.96,15.98340187641472,31.07979147455689,1.160313590918297
extreme,1069,1.0,Diffusion-RB,40,18.916516487380214,92.8816906953525,14.96,15.89289457918744,33.206118300993055,1.240546948877052
extreme,1069,1.0,Diffusion-RB,50,13.569549473804269,93.89084300748448,14.96,15.888190517159794,35.255255079785016,1.3178968252936256
extreme,1069,1.0,GAN-JCSO,30,43.15210517657523,81.27748857430423,14.96,15.897061428264083,31.798394852480573,1.1861576904085203
extreme,1069,1.0,GAN-JCSO,40,21.723130530029675,91.55228948037585,14.96,15.890970050552754,33.943308946080556,1.2670533879095898
extreme,1069,1.0,GAN-JCSO,50,12.91100440596051,94.67011686953639,14.96,15.886340686578915,36.03570765897256,1.3460390532224011
extreme,1069,1.0,GAN-RB,30,28.974301384636224,89.60645235635549,14.96,15.90970388924144,31.83338128731374,1.1869523621072868
extreme,1069,1.0,GAN-RB,40,19.619990934842626,92.54222322946194,14.96,15.902599390845523,33.99066008288716,1.2682448581805246
extreme,1069,1.0,GAN-RB,50,15.709617859882584,93.84498375221212,14.96,15.897202760514798,36.10562622276079,1.3479955712851954
extreme,1069,1.0,QuantileMLP-JCSO,30,37.162114592687324,84.41494791241485,14.96,15.893750975218609,31.56850983394288,1.1776958606917938
extreme,1069,1.0,QuantileMLP-JCSO,40,20.67886119776591,91.41692097174094,14.96,15.88814738631258,33.7094681898321,1.2584552891821257
extreme,1069,1.0,QuantileMLP-JCSO,50,13.12836086610446,94.37371967005545,14.96,15.88365355111152,35.80245727777229,1.3374436980405837
extreme,1069,1.0,QuantileMLP-RB,30,27.959130480578196,89.19516695385094,14.96,15.898731562438034,31.609832171238597,1.1801832523808802
extreme,1069,1.0,QuantileMLP-RB,40,18.36567571095287,92.85455680577562,14.96,15.892996012062097,33.77479333490237,1.261857453364228
extreme,1069,1.0,QuantileMLP-RB,50,13.27861595105992,94.35303668196043,14.96,15.888300514461498,35.88291136737539,1.3414546443208002
extreme,1070,0.82,Diffusion-JCSO,30,35.80828049181702,83.92167723496992,14.96,42.131414134659174,36.772799652520725,1.094458050059164
extreme,1070,0.82,Diffusion-JCSO,40,26.030220703516683,84.87652612842,14.96,42.043596164156575,39.357110516058,1.1721421655212492
extreme,1070,0.82,Diffusion-JCSO,50,23.252036482379612,85.20833333333333,14.96,42.06064272783348,41.80941725644537,1.2458818077324318
extreme,1070,0.82,Diffusion-RB,30,38.41718101271258,82.67874003472889,14.96,42.40056908400246,36.227472160382426,1.0791277277997913
extreme,1070,0.82,Diffusion-RB,40,28.82713004088253,84.80953701539215,14.96,42.20131549382914,38.677502857375245,1.152747743332774
extreme,1070,0.82,Diffusion-RB,50,23.56086005139536,85.25345742799045,14.96,43.079607783886125,41.03863940667365,1.223727744675343
extreme,1070,0.82,GAN-JCSO,30,33.98893280203137,83.4094542579842,14.96,43.20849013579444,37.152021443752155,1.1065688617538711
extreme,1070,0.82,GAN-JCSO,40,25.243084232532905,84.56123476673943,14.96,43.046914220276705,39.75438875171501,1.184861265764867
extreme,1070,0.82,GAN-JCSO,50,24.327581668291735,84.66858388834719,14.96,43.02071678322135,42.20836280488123,1.2587232312382097
extreme,1070,0.82,GAN-RB,30,30.900700518166175,83.14510916752016,14.96,43.5773333567277,37.60163549316393,1.1206384741026114
extreme,1070,0.82,GAN-RB,40,25.355496571572548,84.55880612696012,14.96,43.28078678674231,40.219021914584445,1.1993821970429837
extreme,1070,0.82,GAN-RB,50,23.451381204493945,84.79166666666667,14.96,43.12830044458456,42.73559863561953,1.275115052515533
extreme,1070,0.82,QuantileMLP-JCSO,30,34.2525751217484,83.68729273361646,14.96,42.2082796816032,36.91903538303755,1.0985524315378972
extreme,1070,0.82,QuantileMLP-JCSO,40,26.151928736756787,84.70384521054054,14.96,42.04282395845217,39.47291136545233,1.175322255604889
extreme,1070,0.82,QuantileMLP-JCSO,50,22.98495500706667,85.20833333333333,14.96,42.060244143616735,41.89384201896182,1.2481207914410273
extreme,1070,0.82,QuantileMLP-RB,30,45.618936443573745,79.35909175919626,14.96,43.76624108230074,37.22326268850684,1.0974459379736796
extreme,1070,0.82,QuantileMLP-RB,40,32.38954988534777,83.43959448266186,14.96,43.47309587668429,39.92730621179579,1.1778518079023703
extreme,1070,0.82,QuantileMLP-RB,50,23.89760804618689,85.79328205408683,14.96,43.27778464977118,42.43542392192849,1.2524819679886803
extreme,1070,1.0,Diffusion-JCSO,30,55.34415787714703,73.96876335351357,14.96,37.446979717307606,31.204519928468315,1.1306117108060922
extreme,1070,1.0,Diffusion-JCSO,40,28.26054023226196,85.37297918511902,14.96,37.23648199250124,33.26457330976497,1.206157775055655
extreme,1070,1.0,Diffusion-JCSO,50,22.235431786089784,87.70833333333333,14.96,37.19644532593576,35.33295019021944,1.28192926068325
extreme,1070,1.0,Diffusion-RB,30,42.00486813819076,82.07784466420276,14.96,36.743853763713545,30.746913477219724,1.115056744723084
extreme,1070,1.0,Diffusion-RB,40,25.576001613893425,87.96568509552445,14.96,36.73154338482936,32.801787062660665,1.1904824657100743
extreme,1070,1.0,Diffusion-RB,50,20.815357410510284,88.44049598713717,14.96,37.08373729227565,34.815738661898436,1.2643453458221015
extreme,1070,1.0,GAN-JCSO,30,52.54966921769379,75.10324015224843,14.96,37.35249106643829,31.499690902937733,1.1421571951985665
extreme,1070,1.0,GAN-JCSO,40,27.93921393432499,84.99139643734091,14.96,37.2374189874988,33.61147716802905,1.2196430786037613
extreme,1070,1.0,GAN-JCSO,50,23.850020498290736,86.8854081257122,14.96,37.20330828589486,35.69904333608683,1.2961737687403336
extreme,1070,1.0,GAN-RB,30,40.50713205976551,80.0540117877953,14.96,37.28168082193985,31.76900864168064,1.1527273004391623
extreme,1070,1.0,GAN-RB,40,25.80177990034218,86.05428803986314,14.96,37.2530498838641,33.919471558312324,1.231641033018714
extreme,1070,1.0,GAN-RB,50,22.599923187335584,87.29166666666667,14.96,37.23357232608623,36.05085179981028,1.3098052419506545
extreme,1070,1.0,QuantileMLP-JCSO,30,57.39706093859735,72.91060271329599,14.96,37.33528350603929,31.349086319578447,1.1355734596937714
extreme,1070,1.0,QuantileMLP-JCSO,40,31.098687651647026,83.89385827267452,14.96,37.218166481273,33.42966855931482,1.2118391656192111
extreme,1070,1.0,QuantileMLP-JCSO,50,22.44418943607424,87.3386372948055,14.96,37.20085194949393,35.486945651893905,1.2871937955917792
extreme,1070,1.0,QuantileMLP-RB,30,43.63296195274623,81.9982966085451,14.96,37.521024950946476,31.47264534297212,1.130006182094401
extreme,1070,1.0,QuantileMLP-RB,40,30.572071815053768,86.10860368584946,14.96,37.354635826621056,33.736501292137596,1.2120321010651525
extreme,1070,1.0,QuantileMLP-RB,50,22.017204802414263,88.54529123378556,14.96,37.30437637432842,35.8856677939386,1.289921287822408
extreme,1071,0.82,Diffusion-JCSO,30,33.21299392730231,81.59180504292713,14.96,36.232489808128605,35.65934269139522,1.0472367918042236
extreme,1071,0.82,Diffusion-JCSO,40,24.09222972125074,82.91666666666667,14.96,36.20379451392102,37.920930964435236,1.1145597364715003
extreme,1071,0.82,Diffusion-JCSO,50,22.397207671908745,83.0411169312365,14.96,36.18028059487878,40.07450053921168,1.1787105525510297
extreme,1071,0.82,Diffusion-RB,30,38.9152595521728,80.7016234079712,14.96,36.30764957858349,34.787050838395096,1.0208326477169642
extreme,1071,0.82,Diffusion-RB,40,27.154169790046954,82.92724334948358,14.96,36.25401905375011,36.92068834472621,1.084262605254711
extreme,1071,0.82,Diffusion-RB,50,23.218077954482744,83.35254256314177,14.96,36.23701934419946,38.93743345119665,1.144300489367669
extreme,1071,0.82,GAN-JCSO,30,33.93532854693796,79.98312262628349,14.96,36.236324298525965,36.122274275381926,1.0617480978053275
extreme,1071,0.82,GAN-JCSO,40,24.671243387215885,82.65973355988231,14.96,36.20747889202702,38.40139148921553,1.129684705202357
extreme,1071,0.82,GAN-JCSO,50,22.0097586689163,83.20670688851395,14.96,36.18365497844904,40.628500296342516,1.1961550249392265
extreme,1071,0.82,GAN-RB,30,34.91140124487719,79.93303171171326,14.96,36.56141255669677,37.19092794940228,1.0921755486277296
extreme,1071,0.82,GAN-RB,40,24.26559181340401,82.73021497065253,14.96,36.36274004754273,39.747866829740566,1.1682762124014028
extreme,1071,0.82,GAN-RB,50,22.182011176630287,83.17982774501819,14.96,36.30874683699174,42.191600553277944,1.2409721363860928
extreme,1071,0.82,QuantileMLP-JCSO,30,29.24293597887341,82.31889845502346,14.96,36.19728117707646,35.93093782884572,1.0556277093566135
extreme,1071,0.82,QuantileMLP-JCSO,40,23.925617214943475,82.808196174457,14.96,36.17170600493698,38.22171521874508,1.1239473574837153
extreme,1071,0.82,QuantileMLP-JCSO,50,22.19038696973581,83.20240325756605,14.96,36.15042675819608,40.41188367940905,1.189244331881364
extreme,1071,0.82,QuantileMLP-RB,30,36.41929933162523,81.11556407234906,14.96,36.256913963573375,35.28109910242578,1.0346270349435223
extreme,1071,0.82,QuantileMLP-RB,40,26.990070697957695,82.70625637499218,14.96,36.2229804275471,37.36828886128499,1.0967447190741821
extreme,1071,0.82,QuantileMLP-RB,50,22.386816083772274,83.3099885063765,14.96,36.19759520888726,39.44168898539675,1.1584670705990274
extreme,1071,1.0,Diffusion-JCSO,30,57.14917927555174,67.67541036222413,14.96,34.67646523800881,30.677082546125625,1.0960625632645487
extreme,1071,1.0,Diffusion-JCSO,40,32.99345079815144,79.27256912994329,14.96,34.384037253036226,32.50102794090749,1.162385801806975
extreme,1071,1.0,Diffusion-JCSO,50,22.94161498525124,84.29288852085938,14.96,34.35902448735682,34.32209324676726,1.2284833497459915
extreme,1071,1.0,Diffusion-RB,30,46.18896691627647,78.56932628859445,14.96,34.53187843880774,29.881785325800823,1.0670507520902812
extreme,1071,1.0,Diffusion-RB,40,27.013987727425256,84.89581215364697,14.96,34.4836747438517,31.73462393884225,1.1342392200618103
extreme,1071,1.0,Diffusion-RB,50,21.303028144355054,86.41502041983397,14.96,34.4471688210663,33.51635701901568,1.1988503013802627
extreme,1071,1.0,GAN-JCSO,30,57.09833729997937,67.81426705732007,14.96,35.28682632579678,31.053269133498205,1.11044117539231
extreme,1071,1.0,GAN-JCSO,40,41.07529790271275,75.80054618229818,14.96,34.604369065638544,32.93555171628467,1.1789221216587953
extreme,1071,1.0,GAN-JCSO,50,25.541801435849788,83.07076931797135,14.96,34.357425935438286,34.768367139408575,1.2455683786427745
extreme,1071,1.0,GAN-RB,30,60.744025061642404,66.84089204761167,14.96,36.81283095082014,31.83926005772867,1.1378784031345035
extreme,1071,1.0,GAN-RB,40,36.237999810553085,78.40997108038732,14.96,35.92497285625,33.88625319899967,1.2122206441585561
extreme,1071,1.0,GAN-RB,50,29.8674784146482,80.95956706774318,14.96,34.826790374969725,35.88019767227861,1.2844876652143467
extreme,1071,1.0,QuantileMLP-JCSO,30,48.78108853041023,72.85944035673872,14.96,35.24886005907195,30.929390971676483,1.1054748514056727
extreme,1071,1.0,QuantileMLP-JCSO,40,30.187469706735534,81.4213097599694,14.96,34.38849663934773,32.75831336330419,1.1720518913669289
extreme,1071,1.0,QuantileMLP-JCSO,50,21.60172578230593,85.34497044218037,14.96,34.363392730932325,34.59768706590668,1.238850816254458
extreme,1071,1.0,QuantileMLP-RB,30,33.40917426756655,84.45602554089693,14.96,34.498988660210905,30.353245811738496,1.0830993860342506
extreme,1071,1.0,QuantileMLP-RB,40,24.457455398219913,85.91658685438362,14.96,34.574225874505835,32.20052882040562,1.1500533866691174
extreme,1071,1.0,QuantileMLP-RB,50,19.997363873606925,86.66534860347014,14.96,34.45895043973994,33.99857255842254,1.2152427912177666
extreme,1072,0.82,Diffusion-JCSO,30,33.83132858847134,86.19206761563908,14.96,25.970962334307295,36.59586761408637,1.1249145826906206
extreme,1072,0.82,Diffusion-JCSO,40,25.20769006058308,87.90335031085489,14.96,25.942662083526525,39.119938153446995,1.2033719906192388
extreme,1072,0.82,Diffusion-JCSO,50,19.804116484193727,88.95584336982792,14.96,25.919288304679775,41.54418691382072,1.2787787429437631
extreme,1072,0.82,Diffusion-RB,30,30.4009345164029,87.08619372429038,14.96,25.72439714798336,36.467759126164225,1.1214212496203375
extreme,1072,0.82,Diffusion-RB,40,21.476230665874667,88.84969233353134,14.96,25.894089981555577,38.91833475620389,1.1976604139264366
extreme,1072,0.82,Diffusion-RB,50,18.99103014493734,89.20179397101253,14.96,25.950933193788963,41.32746165074108,1.2725810866637275
extreme,1072,0.82,GAN-JCSO,30,39.34843783864129,84.32584052445334,14.96,25.976181053401636,36.499951112984384,1.122020595225563
extreme,1072,0.82,GAN-JCSO,40,26.80102479861888,87.84805683534213,14.96,25.94648594387456,39.03497215677326,1.2008490353529557
extreme,1072,0.82,GAN-JCSO,50,21.248296077447836,88.5157314951595,14.96,25.92248198905147,41.466187583290285,1.2765068904004708
extreme,1072,0.82,GAN-RB,30,33.223220532726884,85.89092880024971,14.96,26.07989781566506,36.470367931062604,1.118785578548667
extreme,1072,0.82,GAN-RB,40,25.646862429629827,88.09055328888886,14.96,26.00886720632911,39.0168950808606,1.1977234461883315
extreme,1072,0.82,GAN-RB,50,19.24644927625609,89.39642512062399,14.96,25.980397005680867,41.452906895544295,1.2732877441753687
extreme,1072,0.82,QuantileMLP-JCSO,30,32.398024793630164,86.08156718695457,14.96,25.075557407655516,36.61966344659875,1.1265266295510625
extreme,1072,0.82,QuantileMLP-JCSO,40,23.55353846022203,88.20089903870837,14.96,25.019338933278537,39.09760379167808,1.2036110823189603
extreme,1072,0.82,QuantileMLP-JCSO,50,19.539391285517656,88.75,14.96,25.082778529544658,41.45610493499603,1.277014110097027
extreme,1072,0.82,QuantileMLP-RB,30,30.61441756065899,86.33667033263741,14.96,25.057383546910575,36.871721262934884,1.1362028407025588
extreme,1072,0.82,QuantileMLP-RB,40,24.216625606787506,87.69168035329305,14.96,25.171747517059426,39.38206390761831,1.2143584874344449
extreme,1072,0.82,QuantileMLP-RB,50,20.241345142350035,88.990096457295,14.96,25.51884764708537,41.887298502270355,1.2925074076629914
extreme,1072,1.0,Diffusion-JCSO,30,52.376959588972966,72.7762176980379,14.96,16.19162762535666,31.292055572464342,1.1707397308043002
extreme,1072,1.0,Diffusion-JCSO,40,32.23840247866187,83.37119727368416,14.96,16.122728473864836,33.345368702877046,1.2485332033281598
extreme,1072,1.0,Diffusion-JCSO,50,15.991277570293622,91.1564811259615,14.96,16.077653711155055,35.37340690895233,1.3253284394228178
extreme,1072,1.0,Diffusion-RB,30,28.45870094634759,87.71617909032817,14.96,19.677570654182727,31.10277017116769,1.1642887586021073
extreme,1072,1.0,Diffusion-RB,40,15.904744180752814,91.70786139661932,14.96,16.669991906986134,33.19142030897403,1.2433479502547482
extreme,1072,1.0,Diffusion-RB,50,13.630130908909733,92.05384525258566,14.96,16.64480642843739,35.17601235827187,1.3185166403948752
extreme,1072,1.0,GAN-JCSO,30,54.214700810240934,73.64746095400173,14.96,18.491392874415503,31.20058960265786,1.1673335748916551
extreme,1072,1.0,GAN-JCSO,40,31.014993753959804,85.11955002400914,14.96,16.101796149806116,33.290228127095475,1.2464875407121438
extreme,1072,1.0,GAN-JCSO,50,18.41853192287608,90.04228875009325,14.96,16.072744429309473,35.32829315302461,1.3236889637946172
extreme,1072,1.0,GAN-RB,30,31.52573637512613,86.85547340939232,14.96,16.767614433266722,31.085398292555553,1.160850613724718
extreme,1072,1.0,GAN-RB,40,20.138429047723548,90.94992462363233,14.96,16.70089381057826,33.21317413737356,1.2411801815182448
extreme,1072,1.0,GAN-RB,50,13.925003190305096,92.20064053482487,14.96,16.67265243889164,35.26401252799995,1.318638409117662
extreme,1072,1.0,QuantileMLP-JCSO,30,27.05353081545089,89.07172458886838,14.96,16.14894307961475,31.272534203120145,1.1709571534830947
extreme,1072,1.0,QuantileMLP-JCSO,40,17.470575035515772,91.36898635717895,14.96,16.09765661862924,33.3795767193118,1.2507843843899535
extreme,1072,1.0,QuantileMLP-JCSO,50,14.222445758956145,91.86802761346381,14.96,16.07037369444534,35.412887844211475,1.3278206779612631
extreme,1072,1.0,QuantileMLP-RB,30,34.98304624562378,84.39175438791125,14.96,16.705588069682435,31.417740835374083,1.1785395792355586
extreme,1072,1.0,QuantileMLP-RB,40,21.376217112613315,89.40342484563385,14.96,16.60472429700871,33.55049335865253,1.2594388357930753
extreme,1072,1.0,QuantileMLP-RB,50,14.713418026461014,91.6484745920617,14.96,16.59361035374768,35.58600488057725,1.3366749258805426
extreme,1073,0.82,Diffusion-JCSO,30,31.06900396798437,90.18220127355148,14.96,14.96,36.86484709389164,1.177223526729729
extreme,1073,0.82,Diffusion-JCSO,40,22.042776099436978,91.36092620564938,14.96,14.96,39.48760484542786,1.2617505857102027
extreme,1073,0.82,Diffusion-JCSO,50,17.631755077078957,92.34346877386444,14.96,14.96,42.004098158869056,1.3428787357267225
extreme,1073,0.82,Diffusion-RB,30,30.483271529990215,89.20209878416911,14.96,14.96,36.854855229380405,1.1777574026735758
extreme,1073,0.82,Diffusion-RB,40,21.597242343144412,91.39984850619005,14.96,14.96,39.44225906743849,1.2612119665110486
extreme,1073,0.82,Diffusion-RB,50,17.01097500654892,92.37186428384318,14.96,14.96,41.951970366380536,1.3421648499361802
extreme,1073,0.82,GAN-JCSO,30,31.010198923939228,89.93753530963147,14.96,14.96,36.87477646542886,1.1775771570708817
extreme,1073,0.82,GAN-JCSO,40,22.556613225735596,91.50943190744879,14.96,14.96,39.468620540491,1.2611894983072365
extreme,1073,0.82,GAN-JCSO,50,18.12838976888047,92.29166666666669,14.96,14.96,41.97881510312273,1.3421400436733337
extreme,1073,0.82,GAN-RB,30,28.878192291209338,90.40420584503443,14.96,14.96,36.98071862164552,1.179773011351746
extreme,1073,0.82,GAN-RB,40,23.42719855044372,91.73122695657793,14.96,14.96,39.597017657764695,1.2639910026811882
extreme,1073,0.82,GAN-RB,50,19.021132553545986,91.99295581548468,14.96,14.96,42.10176879811049,1.3446786483224635
extreme,1073,0.82,QuantileMLP-JCSO,30,30.806083768835357,90.0,14.96,14.96,36.89126190669782,1.178468890163557
extreme,1073,0.82,QuantileMLP-JCSO,40,22.080505349370192,91.32635745114368,14.96,14.96,39.51385876605437,1.2630087934718817
extreme,1073,0.82,QuantileMLP-JCSO,50,17.212311415910754,92.5,14.96,14.96,42.0324855681672,1.3442292007749084
extreme,1073,0.82,QuantileMLP-RB,30,26.919668959593785,90.74285296646501,14.96,14.96,37.18771055571214,1.1880621853233804
extreme,1073,0.82,QuantileMLP-RB,40,19.88581731779636,91.68950320310738,14.96,14.96,39.80737693547086,1.2724914797428202
extreme,1073,0.82,QuantileMLP-RB,50,16.717199677026457,92.34988155325337,14.96,14.96,42.35036102606486,1.3544652149759633
extreme,1073,1.0,Diffusion-JCSO,30,30.285232544592308,88.60391090007012,14.96,14.96,31.454320195376113,1.2226684307234719
extreme,1073,1.0,Diffusion-JCSO,40,15.106600374664874,94.33766265694162,8.8,14.96,33.60742275880302,1.307226035004737
extreme,1073,1.0,Diffusion-JCSO,50,11.203999490319118,95.1812778627246,8.317100488003208,14.96,35.72449573101696,1.3903829369524157
extreme,1073,1.0,Diffusion-RB,30,24.123354478844533,92.11008798820568,8.8,14.96,31.461981043106622,1.2239557801872154
extreme,1073,1.0,Diffusion-RB,40,14.189976781350458,95.15042247132904,8.8,14.96,33.58892234296177,1.3074948296151574
extreme,1073,1.0,Diffusion-RB,50,10.604597268261804,95.45225792335376,8.008357335133104,14.96,35.64700391818677,1.388384651657645
extreme,1073,1.0,GAN-JCSO,30,48.964101088405755,77.17994958369086,14.96,15.07855438327849,31.518094649015982,1.2250835554487205
extreme,1073,1.0,GAN-JCSO,40,19.13813534426652,92.43702427949296,11.714694850152007,14.96,33.622727263893744,1.307819498966671
extreme,1073,1.0,GAN-JCSO,50,11.759586450343859,95.0,8.8,14.96,35.734096390193585,1.3908054495830604
extreme,1073,1.0,GAN-RB,30,39.62187255207364,83.20178390786583,14.96,14.96,31.507581071118445,1.2236728630117037
extreme,1073,1.0,GAN-RB,40,15.872398697517543,94.58333333333331,8.8,14.96,33.67263667344609,1.3086126468769779
extreme,1073,1.0,GAN-RB,50,12.310479268254245,94.85484024391525,8.8,14.96,35.80506107593451,1.3922576361939696
extreme,1073,1.0,QuantileMLP-JCSO,30,32.16643659284892,87.47492034670029,11.677637220243946,14.96,31.46441837881194,1.2234772448758835
extreme,1073,1.0,QuantileMLP-JCSO,40,14.96772024007069,94.38306993998233,8.571371247968244,14.96,33.619972310395454,1.3081818400976848
extreme,1073,1.0,QuantileMLP-JCSO,50,11.302871092733119,95.20833333333331,7.687221899619281,14.96,35.746330991318985,1.3917334959155045
extreme,1073,1.0,QuantileMLP-RB,30,27.43709318186382,88.88782350778321,10.960274967915804,14.96,31.674926384875622,1.2318496881696372
extreme,1073,1.0,QuantileMLP-RB,40,13.282444996784909,94.55184433397635,8.8,14.96,33.8280899066888,1.316466217297083
extreme,1073,1.0,QuantileMLP-RB,50,10.16745962833265,95.22195790166688,7.745401041017197,14.96,35.95961224010796,1.4001881773083487
extreme,1074,0.82,Diffusion-JCSO,30,19.534717023141013,91.02896944232967,14.96,15.081353741843508,34.01015805604301,1.16365344378539
extreme,1074,0.82,Diffusion-JCSO,40,13.930233460099018,92.02139229794109,14.96,15.073794012910536,36.52225514753516,1.2501593891420568
extreme,1074,0.82,Diffusion-JCSO,50,12.399535587696498,92.26469943640922,14.96,15.067994811049392,38.953153269222724,1.3338625113122118
extreme,1074,0.82,Diffusion-RB,30,19.989955730221514,90.96682220634348,14.96,15.113642404481618,33.46960200961838,1.1444337989972904
extreme,1074,0.82,Diffusion-RB,40,15.830686920533713,91.42405217991103,14.96,15.099706429542497,35.89208571680409,1.2277090649193914
extreme,1074,0.82,Diffusion-RB,50,13.875514064493759,91.79153815054322,14.96,15.0881779436992,38.251886667136,1.3088663754248437
extreme,1074,0.82,GAN-JCSO,30,17.420935631355416,91.25719494274965,14.96,15.05087200083306,34.28915987976826,1.176779398460581
extreme,1074,0.82,GAN-JCSO,40,14.44937782717977,91.65990504601395,14.96,15.072611326284672,36.81182878055368,1.2639968509604336
extreme,1074,0.82,GAN-JCSO,50,12.646222820119844,92.11438858994006,14.96,15.066918801393818,39.25664877029834,1.3484352684854206
extreme,1074,0.82,GAN-RB,30,19.99867287854918,90.72949844702936,14.96,15.140257338521907,34.88410190701098,1.1986696832604176
extreme,1074,0.82,GAN-RB,40,16.413905148063474,91.62569037965079,14.96,15.114541631380265,37.4992450246425,1.289047152920174
extreme,1074,0.82,GAN-RB,50,13.859853119293867,91.9261355912288,14.96,15.101602543219485,40.029706067767705,1.3765177030017834
extreme,1074,0.82,QuantileMLP-JCSO,30,16.772940472515042,91.75975751899043,14.96,15.079874797274979,34.17571712964933,1.1705708774482348
extreme,1074,0.82,QuantileMLP-JCSO,40,13.659108887872263,92.00703206363728,14.96,15.073074548392507,36.68169523672478,1.2569655743061456
extreme,1074,0.82,QuantileMLP-JCSO,50,12.470951566562716,92.24684544169267,14.96,15.067387170888225,39.12617512120365,1.341232034603558
extreme,1074,0.82,QuantileMLP-RB,30,14.295097220041864,91.875,14.96,15.100786890917751,34.25061680280338,1.1721262583680547
extreme,1074,0.82,QuantileMLP-RB,40,12.84629620938624,92.10679015242683,14.96,15.088229021114033,36.73079563605016,1.257521807414927
extreme,1074,0.82,QuantileMLP-RB,50,11.669645175306698,92.49900716378666,14.96,15.077414729338212,39.20893441808165,1.3429054137360121
extreme,1074,1.0,Diffusion-JCSO,30,48.57268157045989,74.00583310824021,14.96,16.339062699926,28.5757211372697,1.190934472848172
extreme,1074,1.0,Diffusion-JCSO,40,28.016072989649736,85.01225212476963,14.96,15.792779961448106,30.57098660078585,1.2746625875664597
extreme,1074,1.0,Diffusion-JCSO,50,14.931395463113368,91.59680226844333,14.96,15.787418646383788,32.5432647289627,1.3574765571270215
extreme,1074,1.0,Diffusion-RB,30,35.878596366368555,82.44017549913444,14.96,16.06361384338833,28.217437275593355,1.175341799181886
extreme,1074,1.0,Diffusion-RB,40,20.903413441641263,89.2548193545547,14.96,15.829016728964136,30.130654840394016,1.255616523829238
extreme,1074,1.0,Diffusion-RB,50,16.504361286025635,90.87532268468865,14.96,15.81917182003016,32.00215464177023,1.3341120914595994
extreme,1074,1.0,GAN-JCSO,30,28.396383160251986,86.20916938023151,14.96,15.531282366187076,28.68238386191135,1.199137436660671
extreme,1074,1.0,GAN-JCSO,40,14.355136024950035,92.2140616367853,14.96,15.521723737430175,30.74307214345303,1.2858039856994952
extreme,1074,1.0,GAN-JCSO,50,12.222740799912051,92.74279626671066,14.96,15.514553203872817,32.76632059327899,1.3709421031268632
extreme,1074,1.0,GAN-RB,30,38.95092158365164,81.7480343071524,14.96,16.050038486150576,29.10954495381705,1.2186159528607388
extreme,1074,1.0,GAN-RB,40,24.89890811165059,87.71272933512793,14.96,16.023815046776615,31.28016792100747,1.3100776828818104
extreme,1074,1.0,GAN-RB,50,13.577820806085796,92.55435893246394,14.96,15.822414063623402,33.40226475374154,1.3994603114141906
extreme,1074,1.0,QuantileMLP-JCSO,30,43.538466742614645,75.68179903082591,14.96,16.512225575685324,28.688752202711445,1.1969892516465284
extreme,1074,1.0,QuantileMLP-JCSO,40,23.102947343287493,87.19811121499976,14.96,15.79394248104891,30.689405362624278,1.2809951181262458
extreme,1074,1.0,QuantileMLP-JCSO,50,12.986033648671057,92.40388190574159,14.96,15.789003508718318,32.669102191345424,1.3641911381235465
extreme,1074,1.0,QuantileMLP-RB,30,18.12864832341003,90.58493339910457,14.96,15.839202298472033,28.69684156739857,1.1964605354896873
extreme,1074,1.0,QuantileMLP-RB,40,12.196716651305804,92.94831667178696,14.96,15.82756156181922,30.761214627939935,1.282986102093858
extreme,1074,1.0,QuantileMLP-RB,50,11.440921983616915,93.1308037832388,14.96,15.817843889767111,32.71374657186243,1.3649364920934692
extreme,1075,0.82,Diffusion-JCSO,30,40.00510348217678,84.7137501014059,14.96,25.32257141381569,38.11029258695427,1.1548025770937764
extreme,1075,0.82,Diffusion-JCSO,40,28.813424621699134,86.33230693340157,14.96,25.291095857632616,40.744028738686836,1.2355624330482309
extreme,1075,0.82,Diffusion-JCSO,50,24.73096010990341,86.80476120213,14.96,25.26547220185485,43.27419107579107,1.3131840768315552
extreme,1075,0.82,Diffusion-RB,30,38.034297988968184,84.70261700183865,14.96,24.77914494679839,37.463129078495086,1.1352662597712475
extreme,1075,0.82,Diffusion-RB,40,29.697954940311973,85.86774696690226,14.96,24.791178094632077,40.023608517047485,1.2136371742092318
extreme,1075,0.82,Diffusion-RB,50,25.356089371356138,86.45833333333334,14.96,24.904482089319327,42.438579860199106,1.2876027159425885
extreme,1075,0.82,GAN-JCSO,30,38.73005444534953,84.12370679603984,14.96,25.3550807814355,38.16326439292915,1.1568822332311395
extreme,1075,0.82,GAN-JCSO,40,29.653081049127188,86.20163807841266,14.96,25.30350513720447,40.799933285869116,1.2377719087855188
extreme,1075,0.82,GAN-JCSO,50,25.51635842902928,86.52877220095647,14.96,25.277292035473582,43.339716376283405,1.3157099930359992
extreme,1075,0.82,GAN-RB,30,39.97072401633371,83.15391984291652,14.96,25.60734566952492,38.35638916069555,1.1599685706390652
extreme,1075,0.82,GAN-RB,40,32.0328502460019,85.99465914992507,14.96,25.46037008429436,40.98486429568341,1.2403435473098208
extreme,1075,0.82,GAN-RB,50,28.444179287814446,87.09377840963893,14.96,25.40673380829475,43.4242051429288,1.3149790131467134
extreme,1075,0.82,QuantileMLP-JCSO,30,37.51742532702705,84.47393906855856,14.96,25.31760052133236,38.27226206095492,1.1601404207224721
extreme,1075,0.82,QuantileMLP-JCSO,40,29.954034022038922,86.30140362718086,14.96,25.28671201213307,40.90317160051241,1.2408487561067063
extreme,1075,0.82,QuantileMLP-JCSO,50,24.3736035400181,86.9214514585165,14.96,25.26139188123732,43.44525386533178,1.3188602817800803
extreme,1075,0.82,QuantileMLP-RB,30,30.41240309437676,86.21929371255395,14.96,25.374376966648395,38.684947655045534,1.17232062510044
extreme,1075,0.82,QuantileMLP-RB,40,25.00511844326794,86.5260716300218,14.96,25.339132017841663,41.29997518676825,1.252491270917774
extreme,1075,0.82,QuantileMLP-RB,50,22.33087449509119,87.28186470956054,14.96,25.310751520879204,43.835065187547706,1.330250663571534
extreme,1075,1.0,Diffusion-JCSO,30,50.70040414899598,78.13147806380186,14.96,14.96,32.69094939790438,1.2057220075012898
extreme,1075,1.0,Diffusion-JCSO,40,26.048856005197777,89.76030019264984,10.740276938733167,14.96,34.943474803245614,1.28967416924806
extreme,1075,1.0,Diffusion-JCSO,50,14.931158886713046,94.58333333333331,8.8,14.96,37.114543279574036,1.3706499222620798
extreme,1075,1.0,Diffusion-RB,30,34.8690904708512,89.46168966917699,10.388669319575651,14.96,32.00810141719171,1.1808638088960386
extreme,1075,1.0,Diffusion-RB,40,19.544933554164377,93.75639996319482,8.8,14.96,34.19282590963911,1.2622814706892074
extreme,1075,1.0,Diffusion-RB,50,16.580914327268083,94.16666666666669,8.8,14.96,36.33095589640582,1.341939853542628
extreme,1075,1.0,GAN-JCSO,30,51.77453589223609,76.62537636852699,14.96,14.96,32.75180012047529,1.2084055405060528
extreme,1075,1.0,GAN-JCSO,40,29.424190602103234,88.4362789647377,13.467085699299824,14.96,34.99652158235213,1.292111236069675
extreme,1075,1.0,GAN-JCSO,50,17.099613810801483,93.72366038902962,9.122400160432303,14.96,37.160719494662516,1.37288389254214
extreme,1075,1.0,GAN-RB,30,56.474121910480996,77.24535534326583,14.96,14.96,32.70029168100915,1.2041608613598542
extreme,1075,1.0,GAN-RB,40,32.51590159645178,89.3792916997869,11.178837297864016,14.96,35.107052957522555,1.293673318606272
extreme,1075,1.0,GAN-RB,50,18.064610935196466,94.64304942180821,8.8,14.96,37.30765065196854,1.375477336362088
extreme,1075,1.0,QuantileMLP-JCSO,30,47.9700915147093,79.9428710083013,14.96,14.96,32.84219791484266,1.2116770174227294
extreme,1075,1.0,QuantileMLP-JCSO,40,26.816812780640326,90.15124847568164,11.030362320532262,14.96,35.102203699044125,1.2959097765724255
extreme,1075,1.0,QuantileMLP-JCSO,50,14.14952059237308,94.79166666666666,8.8,14.96,37.26106956363958,1.3765088149611129
extreme,1075,1.0,QuantileMLP-RB,30,39.280439750513885,84.88700759680151,14.96,14.96,33.09888129250765,1.2209436727092775
extreme,1075,1.0,QuantileMLP-RB,40,19.895332635215006,92.20725030542678,10.231641223288307,14.96,35.358534463334536,1.3051002989078069
extreme,1075,1.0,QuantileMLP-RB,50,12.526786080098933,95.20297611731355,8.8,14.96,37.52876345126548,1.3860530393401425
extreme,1076,0.82,Diffusion-JCSO,30,32.21632629703574,83.15261646712271,14.96,40.56012126265804,37.61849316311142,1.075311503583993
extreme,1076,0.82,Diffusion-JCSO,40,26.939368797366804,84.04870668627854,14.96,40.546834763628134,39.9425046437683,1.1427012457493888
extreme,1076,0.82,Diffusion-JCSO,50,25.153007572166228,84.375,14.96,40.537296870542434,42.20573335792539,1.2083483249374105
extreme,1076,0.82,Diffusion-RB,30,26.509750346383527,84.08008321787216,14.96,40.74419748298068,38.76362259642059,1.107716107509297
extreme,1076,0.82,Diffusion-RB,40,24.98378804027152,84.58738632326545,14.96,40.82973113714873,41.27233861982496,1.1803712692955215
extreme,1076,0.82,Diffusion-RB,50,23.7477990154207,84.931289217082,14.96,40.81030024255807,43.797185291797,1.2537866589133624
extreme,1076,0.82,GAN-JCSO,30,39.75078078623562,81.72660955921755,14.96,32.97127506076643,36.80494243597852,1.0524015679572767
extreme,1076,0.82,GAN-JCSO,40,30.45893279240699,83.59080009835024,14.96,34.864650168584596,38.91629352337643,1.1135488239445417
extreme,1076,0.82,GAN-JCSO,50,27.28047776160544,83.75335667151836,14.96,35.357439685243456,41.02190467092886,1.1746625857025237
extreme,1076,0.82,GAN-RB,30,31.682476820158726,83.41347350999119,14.96,35.50960250163316,37.78730031170767,1.0818203235798245
extreme,1076,0.82,GAN-RB,40,27.681292388427952,83.72985640128579,14.96,35.55215394762609,40.10293787319387,1.149047916483749
extreme,1076,0.82,GAN-RB,50,26.48891677474363,83.90443329010255,14.96,37.50579211568566,42.37785169746385,1.2151171032247117
extreme,1076,0.82,QuantileMLP-JCSO,30,34.67932946994831,83.06042617595588,14.96,32.98820939838946,36.84890188079753,1.0541418308856099
extreme,1076,0.82,QuantileMLP-JCSO,40,27.873377047209555,83.95833333333333,14.96,35.516425103197875,38.93177084989375,1.1144500082960247
extreme,1076,0.82,QuantileMLP-JCSO,50,26.334870811428075,83.98919896380964,14.96,40.47191358917694,40.991832603389234,1.1742649284793545
extreme,1076,0.82,QuantileMLP-RB,30,30.814625217303576,84.11341407608148,14.96,33.37399511723304,36.98468342199651,1.0582308231045283
extreme,1076,0.82,QuantileMLP-RB,40,27.048350813196894,83.95833333333333,14.96,39.04000382594069,39.17864712409041,1.1219223768431292
extreme,1076,0.82,QuantileMLP-RB,50,26.041666666666668,83.95833333333333,14.96,40.69035924597967,41.398739936103645,1.186523869786346
extreme,1076,1.0,Diffusion-JCSO,30,44.459670410779154,78.05629060674534,14.96,33.05226306532596,32.63921527970744,1.1352329268130834
extreme,1076,1.0,Diffusion-JCSO,40,24.715470884964496,87.45447941707987,14.96,32.28043816157159,34.571622358819646,1.2034673924115606
extreme,1076,1.0,Diffusion-JCSO,50,19.974789839090093,89.50009552768633,14.96,26.50494651608734,36.46260098498725,1.2702362227097146
extreme,1076,1.0,Diffusion-RB,30,23.94677231352184,88.15285819325653,14.96,32.195538414486236,33.36883956841532,1.160511931877863
extreme,1076,1.0,Diffusion-RB,40,19.838883280432885,89.73111335449352,14.96,32.19930508917998,35.523886015026484,1.236469406725901
extreme,1076,1.0,Diffusion-RB,50,18.114532533472143,89.79166666666667,14.96,25.74397031256257,37.6290386652919,1.3107664637482583
extreme,1076,1.0,GAN-JCSO,30,49.17920565973443,78.18035269185043,14.96,29.797336725961017,32.33494569591391,1.1252710617670685
extreme,1076,1.0,GAN-JCSO,40,33.02306702547072,84.64931433001105,14.96,29.94224050570176,34.118015095770076,1.1882579078537376
extreme,1076,1.0,GAN-JCSO,50,21.659000017045848,88.96139999318166,14.96,30.129812589928655,35.8165444681208,1.2482258665421395
extreme,1076,1.0,GAN-RB,30,53.39468691408305,73.00567256596017,14.96,29.351126952319735,32.81356855887257,1.1430429761402767
extreme,1076,1.0,GAN-RB,40,30.25869366650883,84.15980115454084,14.96,25.78682849307152,34.720801660355946,1.2105756977811273
extreme,1076,1.0,GAN-RB,50,20.83555665064176,88.66533267628162,14.96,25.674740636908897,36.604326683437066,1.2772314371728284
extreme,1076,1.0,QuantileMLP-JCSO,30,45.18608795446728,78.07423579232295,14.96,30.18891670561769,32.387985856070294,1.12767804063246
extreme,1076,1.0,QuantileMLP-JCSO,40,28.43516324585152,86.07659923903235,14.96,30.4917399019444,34.11641643363354,1.1887664588823896
extreme,1076,1.0,QuantileMLP-JCSO,50,20.60714411716104,89.33663965163213,14.96,30.794941100203346,35.82525744028811,1.2491094875273951
extreme,1076,1.0,QuantileMLP-RB,30,39.57661120690979,82.23175528857489,14.96,31.075095159640846,32.38499623390152,1.1278890922950056
extreme,1076,1.0,QuantileMLP-RB,40,25.099406763115972,87.10859699417068,14.96,31.304973118150375,34.15387098753721,1.1903895242294997
extreme,1076,1.0,QuantileMLP-RB,50,20.0,89.375,14.96,31.64122071193133,35.88529772439001,1.2514819607538354
extreme,1077,0.82,Diffusion-JCSO,30,,,,,,
extreme,1077,0.82,Diffusion-JCSO,40,,,,,,
extreme,1077,0.82,Diffusion-JCSO,50,83.84140588847052,61.761841988989154,14.96,32.92939843516054,33.26515166400376,0.9322631984375568
extreme,1077,0.82,Diffusion-RB,30,100.0,29.285020130377546,16.005167616231503,59.867688883623494,28.693839850415653,0.803542945202337
extreme,1077,0.82,Diffusion-RB,40,88.44102148224151,58.59861561646058,14.96,42.94927755581842,31.271974452562436,0.8761265209394399
extreme,1077,0.82,Diffusion-RB,50,65.08977899451581,74.00950675115683,14.96,34.335736177408535,33.294184245789005,0.9333301618159585
extreme,1077,0.82,GAN-JCSO,30,38.80615135631065,85.45275482943869,14.96,32.17428460950975,38.190872869091095,1.0690129175798542
extreme,1077,0.82,GAN-JCSO,40,23.073617859155686,88.02067751278022,14.96,32.12811343138503,40.57557087354476,1.1365627126567317
extreme,1077,0.82,GAN-JCSO,50,19.458040198118788,88.79170330856849,14.96,32.018263522688756,42.82042292429037,1.2002029270265722
extreme,1077,0.82,GAN-RB,30,32.60358118915579,86.10552404787525,14.96,32.716041908777974,39.03473455167667,1.0891114579185195
extreme,1077,0.82,GAN-RB,40,21.9247750165326,88.51846839795577,14.96,32.393022537272536,41.572880803043354,1.1606792320249466
extreme,1077,0.82,GAN-RB,50,18.862987964423468,88.95833333333333,14.96,32.261917232643476,43.9613426857796,1.2280450022069505
extreme,1077,0.82,QuantileMLP-JCSO,30,30.214463067475073,86.32120497003132,14.96,32.09529771687892,38.361811584534586,1.076576201733688
extreme,1077,0.82,QuantileMLP-JCSO,40,24.81191993033172,86.9417440092891,14.96,32.10100993487319,40.76498054457169,1.145034422274018
extreme,1077,0.82,QuantileMLP-JCSO,50,22.370943818130428,87.42809737880073,14.96,32.0245640653473,43.029830392874885,1.2095011372967768
extreme,1077,0.82,QuantileMLP-RB,30,26.640646960261453,86.62159201740573,14.96,31.5205778116843,38.50436074476817,1.0807408710202615
extreme,1077,0.82,QuantileMLP-RB,40,23.56733484608942,87.18493318205772,14.96,31.521973773468797,40.904701797799206,1.1491217511541407
extreme,1077,0.82,QuantileMLP-RB,50,21.451549340970267,87.7100293314241,14.96,31.529048139273016,43.171174089952096,1.2136695741166088
extreme,1077,1.0,Diffusion-JCSO,30,,,,,,
extreme,1077,1.0,Diffusion-JCSO,40,,,,,,
extreme,1077,1.0,Diffusion-JCSO,50,92.81503278530977,43.932944057575426,14.96,31.136810169660215,28.91913746352914,0.9874085653127558
extreme,1077,1.0,Diffusion-RB,30,100.0,21.95311051499787,17.156230878325744,50.04147554194881,24.545419265316593,0.8378510058576303
extreme,1077,1.0,Diffusion-RB,40,96.56488201041702,40.713391188701365,14.96,35.758881225131454,27.02795830113135,0.9228334703797706
extreme,1077,1.0,Diffusion-RB,50,85.44410765459632,58.45551219408731,14.96,32.764539009505874,28.78445173634098,0.983093827480464
extreme,1077,1.0,GAN-JCSO,30,46.36981265138057,80.02414200416894,14.96,29.993617945054012,32.76764631087843,1.1162881601060506
extreme,1077,1.0,GAN-JCSO,40,26.493583794026314,85.67644086589152,14.96,29.700600420776873,34.89805864134059,1.1898721423140497
extreme,1077,1.0,GAN-JCSO,50,18.527402171832186,88.7901210576081,14.96,29.34344001345368,36.90304446422896,1.2590801891316694
extreme,1077,1.0,GAN-RB,30,31.215287530159095,85.84201145079356,14.96,30.221509932866756,33.363559272324025,1.1333996894439076
extreme,1077,1.0,GAN-RB,40,19.134823301262095,89.68626620422098,14.96,29.966501189328618,35.584725466095485,1.2096322410740903
extreme,1077,1.0,GAN-RB,50,15.780760739559383,90.59667986553465,14.96,29.850481308354706,37.707514819216,1.2825451617140955
extreme,1077,1.0,QuantileMLP-JCSO,30,38.393531154480776,82.23621840571732,14.96,30.231626045595583,32.87798458059702,1.12269831343161
extreme,1077,1.0,QuantileMLP-JCSO,40,22.346470513826695,87.94225928736917,14.96,29.750972079861448,34.972322376517454,1.1952143313487626
extreme,1077,1.0,QuantileMLP-JCSO,50,18.411912868287043,89.14920454778807,14.96,29.442561228103788,36.99118775671533,1.2651889987032712
extreme,1077,1.0,QuantileMLP-RB,30,27.65011372801747,86.27015294030164,14.96,29.95551841565416,32.98511283151533,1.1266701680256608
extreme,1077,1.0,QuantileMLP-RB,40,20.214640320521113,88.64425658653639,14.96,29.76515886368995,35.07158671900029,1.198855643335598
extreme,1077,1.0,QuantileMLP-RB,50,17.70993223823679,89.40945573807164,14.96,29.743622065277194,37.0819974696176,1.268515452243025
extreme,1078,0.82,Diffusion-JCSO,30,23.31460494787715,93.01174926216501,8.8,14.96,37.10518628488039,1.2193023388127437
extreme,1078,0.82,Diffusion-JCSO,40,15.032296950931588,94.51674638838986,8.8,14.96,39.90195604034314,1.311667017934529
extreme,1078,0.82,Diffusion-JCSO,50,12.255766093399245,95.0,8.055388102477112,14.96,42.543489445742495,1.3990550688510741
extreme,1078,0.82,Diffusion-RB,30,24.582828105542106,92.82990321342706,8.8,14.96,36.48813630484348,1.1979028360920527
extreme,1078,0.82,Diffusion-RB,40,19.112616625441817,93.66843572017498,8.8,14.96,39.057027120161116,1.2825999352215005
extreme,1078,0.82,Diffusion-RB,50,15.503446148462842,94.11632205182039,8.8,14.96,41.30716411631105,1.3570135798966798
extreme,1078,0.82,GAN-JCSO,30,21.383738991809476,93.00351645746667,8.8,14.96,37.18708148335421,1.22296991459807
extreme,1078,0.82,GAN-JCSO,40,14.67534676927185,94.64683856948986,8.308313963884027,14.96,39.95554634386041,1.3144812549863378
extreme,1078,0.82,GAN-JCSO,50,11.79271124652585,95.0,8.040643992894061,14.96,42.604144392113916,1.4021445368927095
extreme,1078,0.82,GAN-RB,30,18.167571553638027,94.24432379284828,8.8,14.96,37.387103333217446,1.2280346344952704
extreme,1078,0.82,GAN-RB,40,13.771930464307738,94.75179420021443,8.8,14.96,40.138007620498,1.3188970156396895
extreme,1078,0.82,GAN-RB,50,11.148343492979116,95.28583079342188,7.973821307721995,14.96,42.7489582359276,1.4052543008486535
extreme,1078,0.82,QuantileMLP-JCSO,30,20.607962748954485,93.33781682045058,8.8,14.96,37.16623245233124,1.2222819543831025
extreme,1078,0.82,QuantileMLP-JCSO,40,13.575648379210211,94.68410182874564,8.8,14.96,39.92743581608955,1.313535458035426
extreme,1078,0.82,QuantileMLP-JCSO,50,11.721957730575602,94.98617723402276,8.105465486509049,14.96,42.57649094035559,1.40117645635084
extreme,1078,0.82,QuantileMLP-RB,30,18.763558956879706,93.14193441939521,8.8,14.96,37.02927233482298,1.2179664586527987
extreme,1078,0.82,QuantileMLP-RB,40,14.132175947097865,94.66044238212639,8.8,14.96,39.6526002443402,1.30465252286637
extreme,1078,0.82,QuantileMLP-RB,50,11.7744212352264,95.0,8.8,14.96,42.190842282668235,1.3886123604515415
extreme,1078,1.0,Diffusion-JCSO,30,38.27088741952517,83.73839587804157,14.96,14.96,31.043337712825846,1.2429187039240253
extreme,1078,1.0,Diffusion-JCSO,40,18.457522657699716,92.32322067002929,9.449889304762017,14.96,33.39382573342142,1.3374596890592674
extreme,1078,1.0,Diffusion-JCSO,50,11.362923154261681,95.29117247308014,5.734276650899553,14.96,35.65004687858878,1.4282551142978004
extreme,1078,1.0,Diffusion-RB,30,23.527484581366227,91.9895534700154,8.80011529542257,14.96,30.70240409136555,1.2281788444534356
extreme,1078,1.0,Diffusion-RB,40,15.574360879400793,94.4187372329588,8.138760949412841,14.96,32.922133589513614,1.3173549396043893
extreme,1078,1.0,Diffusion-RB,50,12.686477250050602,94.97336039284991,6.62989297816105,14.96,35.03030431310351,1.4021474417118234
extreme,1078,1.0,GAN-JCSO,30,34.88130333618861,84.12825095115727,14.96,14.96,31.116126161627214,1.2468696293063395
extreme,1078,1.0,GAN-JCSO,40,20.744766495184976,90.59741923285273,10.710239483609136,14.96,33.461501549014315,1.3412670360897152
extreme,1078,1.0,GAN-JCSO,50,9.563015271455516,95.8384128488028,5.720000000000001,14.96,35.71131796116143,1.4318454598368577
extreme,1078,1.0,GAN-RB,30,24.90037427116782,89.72105050411693,9.49111602959522,14.96,31.22109782118591,1.2495706829966309
extreme,1078,1.0,GAN-RB,40,12.633021662593347,94.60138993730743,7.149164811769164,14.96,33.55991118664893,1.343580834903188
extreme,1078,1.0,GAN-RB,50,9.075781706482449,95.93307276450587,5.7401380174499845,14.96,35.84565325663285,1.4354888373380144
extreme,1078,1.0,QuantileMLP-JCSO,30,29.854774306867505,87.8423225302811,11.95850740802315,14.96,31.09134705788055,1.2459107323168084
extreme,1078,1.0,QuantileMLP-JCSO,40,13.616882447175378,94.22908960219927,6.757318150465938,14.96,33.42650099971292,1.3398999280877746
extreme,1078,1.0,QuantileMLP-JCSO,50,9.362963530600286,95.83333333333334,5.720000000000001,14.96,35.68471010398859,1.4308052598009533
extreme,1078,1.0,QuantileMLP-RB,30,18.4515550304722,92.81532429285879,8.178832690869331,14.96,31.016727457833763,1.2432199512136808
extreme,1078,1.0,QuantileMLP-RB,40,11.388544776353935,95.53828047257818,5.902225213789933,14.96,33.292815043489185,1.334807448484591
extreme,1078,1.0,QuantileMLP-RB,50,9.622817129110212,95.83333333333334,5.789164397192236,14.96,35.50075490200081,1.423690616455063
extreme,1079,0.82,Diffusion-JCSO,30,34.8898601559982,86.13827005958136,14.96,21.94049470426615,38.98795592352237,1.1376626648969426
extreme,1079,0.82,Diffusion-JCSO,40,26.492787214761083,87.90977589038111,14.96,21.90907200850658,41.65664820930228,1.2163796019970952
extreme,1079,0.82,Diffusion-JCSO,50,21.988542583606744,88.56751868931936,14.96,21.886515722845058,44.21865665505137,1.2920050569932093
extreme,1079,0.82,Diffusion-RB,30,33.263496601885464,86.51049022047982,14.96,22.051057821316043,38.230596585782656,1.1149351779201186
extreme,1079,0.82,Diffusion-RB,40,27.225706800132272,87.38159598665344,14.96,22.001880522915712,40.708783333286554,1.1880287512598144
extreme,1079,0.82,Diffusion-RB,50,22.89856324684143,88.2466338218798,14.96,21.961047389413338,43.061737869675355,1.257500106166858
extreme,1079,0.82,GAN-JCSO,30,37.51544525166287,84.89437264218611,14.96,21.937028962528927,38.87971249986321,1.1353402951651297
extreme,1079,0.82,GAN-JCSO,40,28.159904142518066,87.3042598528755,14.96,21.90920769206183,41.54076105661801,1.2139538861122599
extreme,1079,0.82,GAN-JCSO,50,22.926236294485168,88.46532265848475,14.96,21.886563685354556,44.07719405839729,1.288924741356852
extreme,1079,0.82,GAN-RB,30,32.20316575920742,86.04686388385252,14.96,22.015536039704276,38.89294503463061,1.1351546834948398
extreme,1079,0.82,GAN-RB,40,25.335017426305782,88.03832959912495,14.96,21.968625900620488,41.50747683245292,1.2123310467914743
extreme,1079,0.82,GAN-RB,50,20.92449963123697,88.76673814791853,14.96,21.930175873504897,44.027057320494755,1.2867729059071018
extreme,1079,0.82,QuantileMLP-JCSO,30,35.30359198056313,86.07419473094227,14.96,21.9186681297521,39.02188752938297,1.1389012120498474
extreme,1079,0.82,QuantileMLP-JCSO,40,26.76710468140186,87.67035835681335,14.96,21.892589811337874,41.69202409334245,1.217681705454133
extreme,1079,0.82,QuantileMLP-JCSO,50,22.039527652890214,88.49780066828741,14.96,21.871131712948593,44.24657933244167,1.2931151954630213
extreme,1079,0.82,QuantileMLP-RB,30,34.14673404712595,85.6062813228609,14.96,21.983505371823608,38.626725357682325,1.127568852407315
extreme,1079,0.82,QuantileMLP-RB,40,27.33290269568038,87.76761185506801,14.96,21.938484374306785,41.232810965447996,1.2044270362987735
extreme,1079,0.82,QuantileMLP-RB,50,22.02674078419118,88.73100853698152,14.96,21.902038610523753,43.665494621091824,1.2762312727531637
extreme,1079,1.0,Diffusion-JCSO,30,40.12974157523009,83.67910328113278,14.96,19.94544134648808,33.23047241590505,1.1802365175096212
extreme,1079,1.0,Diffusion-JCSO,40,25.496313830176845,88.72291996440654,14.96,19.899958952951792,35.47047651149262,1.260747802211487
extreme,1079,1.0,Diffusion-JCSO,50,16.74310945074405,91.76640434228895,14.96,19.87603038791332,37.63051314307142,1.3383976508895183
extreme,1079,1.0,Diffusion-RB,30,36.436806654890944,85.15845530035185,14.96,18.751150723703567,32.70042056184581,1.1608657343338922
extreme,1079,1.0,Diffusion-RB,40,23.240063582280893,90.07199224385958,14.96,18.88821598552316,34.782320459150334,1.2356279675631119
extreme,1079,1.0,Diffusion-RB,50,16.96094197907919,91.68415114584582,14.96,18.637475416631652,36.84061568947918,1.3095541652844094
extreme,1079,1.0,GAN-JCSO,30,39.63190274512055,84.46814261904079,14.96,19.223474538288524,33.158365978715054,1.1785516672397116
extreme,1079,1.0,GAN-JCSO,40,25.403288702126034,88.80219321985865,14.96,18.71244022427044,35.39372763996374,1.2589590899801473
extreme,1079,1.0,GAN-JCSO,50,17.639055637321363,91.42520102705217,14.96,19.52455739547732,37.5419890443599,1.336252505385879
extreme,1079,1.0,GAN-RB,30,53.84006152199795,73.11891860037632,14.96,20.55217817673761,33.18261174496158,1.1788246740912223
extreme,1079,1.0,GAN-RB,40,27.228282111735044,87.00526198157995,14.96,19.92663504234065,35.33965457681631,1.2563974841852221
extreme,1079,1.0,GAN-RB,50,16.077923021822528,91.58211540757395,14.96,19.899036170551867,37.46770465141337,1.332935663725794
extreme,1079,1.0,QuantileMLP-JCSO,30,36.60595769597072,85.43319745932683,14.96,19.922927645850177,33.25686277719062,1.1814265582976697
extreme,1079,1.0,QuantileMLP-JCSO,40,23.25395130277109,89.68022432376141,14.96,19.893407761204074,35.50214421335034,1.2621392243713334
extreme,1079,1.0,QuantileMLP-JCSO,50,16.681651696149828,91.7053363274367,14.96,19.869799534993366,37.66827561184451,1.340014010342827
extreme,1079,1.0,QuantileMLP-RB,30,32.50342283030196,87.08214278366309,14.96,19.626759637939514,32.96450955344142,1.1713055639222814
extreme,1079,1.0,QuantileMLP-RB,40,22.38061211257645,90.5818027571761,14.96,20.180405754303003,35.10772354451599,1.2483582329267036
extreme,1079,1.0,QuantileMLP-RB,50,16.796457287342225,92.00530472856204,14.96,19.894177736502566,37.24124459570016,1.325083210747207
extreme,1080,0.82,Diffusion-JCSO,30,,,,,,
extreme,1080,0.82,Diffusion-JCSO,40,,,,,,
extreme,1080,0.82,Diffusion-JCSO,50,,,,,,
extreme,1080,0.82,Diffusion-RB,30,,,,,,
extreme,1080,0.82,Diffusion-RB,40,,,,,,
extreme,1080,0.82,Diffusion-RB,50,,,,,,
extreme,1080,0.82,GAN-JCSO,30,35.88515436789041,86.34996204068268,14.96,18.831378357744736,38.62274246155912,1.1111170759152804
extreme,1080,0.82,GAN-JCSO,40,27.312129263818722,88.38829127904678,14.96,18.769895946685978,41.14541942727826,1.1846470873057422
extreme,1080,0.82,GAN-JCSO,50,22.093630357704164,88.98244430793046,14.96,18.747202737299265,43.54480189723988,1.2546333652040151
extreme,1080,0.82,GAN-RB,30,30.070310282409622,87.68129091702194,14.96,19.630430298528992,40.018354672100855,1.1483096798771906
extreme,1080,0.82,GAN-RB,40,23.55710298692675,89.16446147805809,14.96,19.506148113373353,42.70818793129634,1.2262306188583787
extreme,1080,0.82,GAN-RB,50,19.614207570038886,89.56493275102265,14.96,19.43808438611148,45.24146910719665,1.2997003429363523
extreme,1080,0.82,QuantileMLP-JCSO,30,33.10137264386673,86.7588115502764,14.96,18.87004594643387,38.91767779560956,1.1208420107806019
extreme,1080,0.82,QuantileMLP-JCSO,40,24.521131779994572,88.49735852750068,14.96,18.775185972378118,41.371707526426604,1.1922863204813665
extreme,1080,0.82,QuantileMLP-JCSO,50,21.018313315569728,89.24389556147676,14.96,18.74753371058879,43.7003760969103,1.2601150690848555
extreme,1080,0.82,QuantileMLP-RB,30,29.906247063841285,87.95934168199385,14.96,18.972140801517845,39.1769091207093,1.1278414045322438
extreme,1080,0.82,QuantileMLP-RB,40,22.264757593776526,88.54166666666666,14.96,18.822525364158487,41.492948854903695,1.1952378063705953
extreme,1080,0.82,QuantileMLP-RB,50,21.013798399988715,88.54166666666666,14.96,18.87924459298661,43.84634423140415,1.2639514632649167
extreme,1080,1.0,Diffusion-JCSO,30,,,,,,
extreme,1080,1.0,Diffusion-JCSO,40,,,,,,
extreme,1080,1.0,Diffusion-JCSO,50,,,,,,
extreme,1080,1.0,Diffusion-RB,30,,,,,,
extreme,1080,1.0,Diffusion-RB,40,,,,,,
extreme,1080,1.0,Diffusion-RB,50,,,,,,
extreme,1080,1.0,GAN-JCSO,30,44.38736866168162,80.89983890484663,14.96,17.975350778927982,33.071675198769455,1.1579082115719115
extreme,1080,1.0,GAN-JCSO,40,29.587181474370315,86.74290967661251,14.96,17.940996573778822,35.30285471794575,1.2369759212107885
extreme,1080,1.0,GAN-JCSO,50,17.14671902900333,91.355984291299,14.96,17.919878473990735,37.40318591285415,1.3115251791004636
extreme,1080,1.0,GAN-RB,30,22.683570022463318,91.32219592343,14.96,18.078411122180665,34.043336197147084,1.1898723260192097
extreme,1080,1.0,GAN-RB,40,17.984276762531753,91.9574042249942,14.96,18.021981026491883,36.47697084548804,1.2754367434009963
extreme,1080,1.0,GAN-RB,50,14.062004383175937,92.31783223753936,14.96,17.98669056551512,38.697716198407726,1.3536229016791907
extreme,1080,1.0,QuantileMLP-JCSO,30,30.67258113128175,88.04025821861474,14.96,17.95759583100818,33.36421993049198,1.1698954228442429
extreme,1080,1.0,QuantileMLP-JCSO,40,19.639541024838074,90.90992174368611,14.96,17.918867589644396,35.636692474636206,1.250393663991927
extreme,1080,1.0,QuantileMLP-JCSO,50,16.673563326839457,91.6643677799424,14.96,17.89932082101596,37.72697946938313,1.324515575252525
extreme,1080,1.0,QuantileMLP-RB,30,22.722471044620107,90.90839935141432,14.96,18.018563298803155,33.733599307209836,1.1829230771892403
extreme,1080,1.0,QuantileMLP-RB,40,16.61359824664508,91.3021927874098,14.96,17.96149786095513,36.057322558846614,1.2649539173200897
extreme,1080,1.0,QuantileMLP-RB,50,15.697032294432978,91.29543367963345,14.96,17.9376279019484,38.051667555056845,1.3354533520053842
heavy,1001,0.82,Diffusion-JCSO,30,25.50577517744923,90.76222537620784,14.96,15.646150842584362,35.08387617292274,1.1958390785000723
heavy,1001,0.82,Diffusion-JCSO,40,18.084118840917235,92.04152804768128,14.96,15.61710386181342,37.59381308737084,1.282078983949679
heavy,1001,0.82,Diffusion-JCSO,50,15.705100494483379,92.77244975275833,14.96,15.593153241607453,40.02707798009176,1.365714110370082
heavy,1001,0.82,Diffusion-RB,30,20.381710973915304,92.08333333333331,14.96,15.705939937708457,34.8047829146906,1.184739500250962
heavy,1001,0.82,Diffusion-RB,40,16.02998863171383,92.71066894032391,14.96,15.672524603783698,37.25745469100885,1.2688524235351517
heavy,1001,0.82,Diffusion-RB,50,14.79973126043544,93.01680103644895,14.96,15.645538717606602,39.613005572294014,1.3496782412808477
heavy,1001,0.82,GAN-JCSO,30,27.416346601582703,89.25009144716684,14.96,15.656836987758904,34.97905604437676,1.1954542531033883
heavy,1001,0.82,GAN-JCSO,40,18.64007004809997,91.95852636008117,14.96,15.626839606972835,37.47627329524298,1.2814655959293297
heavy,1001,0.82,GAN-JCSO,50,15.719808992072709,92.69478919160866,14.96,15.601943562394826,39.91630133577501,1.365538916999223
heavy,1001,0.82,GAN-RB,30,40.30370079808489,79.720141068103,14.96,16.62076430814983,35.22512001867127,1.2005887305146448
heavy,1001,0.82,GAN-RB,40,37.51556285944659,82.47821199677477,14.96,15.756586231337746,37.6921032849055,1.2852776353714899
heavy,1001,0.82,GAN-RB,50,36.54393297538685,83.24773369127982,14.96,15.714688487754598,39.614957316031905,1.351661220235407
heavy,1001,0.82,QuantileMLP-JCSO,30,22.549057608815506,91.51364086367359,14.96,15.639313193782266,35.017828043269915,1.1951382269708128
heavy,1001,0.82,QuantileMLP-JCSO,40,17.362537357700223,92.36070361208564,14.96,15.611048783411851,37.51146047863558,1.2809393018877473
heavy,1001,0.82,QuantileMLP-JCSO,50,16.01078538478794,92.67284292304242,14.96,15.58769768139149,39.94304424915083,1.3646184060320832
heavy,1001,0.82,QuantileMLP-RB,30,18.73326677106626,92.08333333333331,14.96,15.667596143450092,35.0542885999291,1.196168311034791
heavy,1001,0.82,QuantileMLP-RB,40,16.784578072965818,92.31427214842523,14.96,15.637506637325572,37.51514290291111,1.2808311981262757
heavy,1001,0.82,QuantileMLP-RB,50,15.921527596521017,92.5,14.96,15.612958306261758,39.919549927427866,1.3635342348380983
heavy,1001,1.0,Diffusion-JCSO,30,39.69560673567551,78.67095464319054,14.96,14.96,30.077955057177785,1.2479925141273225
heavy,1001,1.0,Diffusion-JCSO,40,10.933078178281688,93.74964661216933,6.477191926989174,14.66716423673228,32.11838185691807,1.333470945881351
heavy,1001,1.0,Diffusion-JCSO,50,3.938257581894675,98.26852616745138,5.2343385839760845,8.155757303411352,34.146632744248954,1.4183908952359472
heavy,1001,1.0,Diffusion-RB,30,27.834887521664736,86.39505623916763,11.93960567438417,14.96,29.551686617621876,1.2247952191051268
heavy,1001,1.0,Diffusion-RB,40,8.707074262379201,96.22351743608826,6.2746112077189276,11.928939778108873,31.70779556648001,1.3147874784237041
heavy,1001,1.0,Diffusion-RB,50,3.0960996008719732,98.75,5.110433380292164,6.556607849476557,33.75091955133577,1.4001481483827387
heavy,1001,1.0,GAN-JCSO,30,21.498593223937227,91.21921779828827,8.8,14.96,29.930597085476954,1.2452294777207005
heavy,1001,1.0,GAN-JCSO,40,5.499553550798885,98.1667224728168,5.320370225607338,8.8,31.98929039708956,1.3316883389868162
heavy,1001,1.0,GAN-JCSO,50,4.065989737203266,98.43401026279673,5.188732626439071,8.8,34.032717582785224,1.4174698143878994
heavy,1001,1.0,GAN-RB,30,27.62454032514939,86.77640061326504,9.093505898396186,14.96,29.947772406405484,1.2432146223261777
heavy,1001,1.0,GAN-RB,40,23.117185104288783,89.79557411452228,8.8,10.943160793262441,32.24794825047538,1.339050083090363
heavy,1001,1.0,GAN-RB,50,19.72771797104979,92.36874123843958,8.8,8.926416799850927,34.31612327923546,1.4253491062362766
heavy,1001,1.0,QuantileMLP-JCSO,30,27.909808281098574,86.9998316264415,10.192803879769084,14.96,29.972616523680703,1.2452587455055995
heavy,1001,1.0,QuantileMLP-JCSO,40,9.2586585416589,95.98194218364571,5.8844995281716574,14.148148731843348,32.03196059071985,1.3316089339505968
heavy,1001,1.0,QuantileMLP-JCSO,50,4.015413567460377,98.47716790634917,5.225197010230745,8.8,34.05903486438721,1.4166028389358856
heavy,1001,1.0,QuantileMLP-RB,30,34.14630650009581,82.92684674995209,10.038600910650676,14.96,29.933963216284617,1.243522393638002
heavy,1001,1.0,QuantileMLP-RB,40,5.1153328274058225,97.85900025296377,5.323946528407361,8.8,31.988498099142063,1.3296410365057794
heavy,1001,1.0,QuantileMLP-RB,50,4.133136907330687,98.20562103088977,5.186482962203126,8.8,34.007340111035894,1.4142787211295043
heavy,1002,0.82,Diffusion-JCSO,30,27.055032152852597,87.93197800263125,14.96,24.292599549246013,35.82863010171867,1.1616482121554315
heavy,1002,0.82,Diffusion-JCSO,40,19.157083280407683,89.33477084127219,14.96,24.2656957284443,38.33814667058753,1.2437080549655306
heavy,1002,0.82,Diffusion-JCSO,50,16.538014729096588,89.90399509030114,14.96,24.244612072124248,40.72411984970462,1.321929460891516
heavy,1002,0.82,Diffusion-RB,30,20.709867621752807,88.54166666666666,14.96,24.263229811927072,36.26878757147914,1.1762564342938375
heavy,1002,0.82,Diffusion-RB,40,16.095525696740616,89.90302013856086,14.96,24.241089335465762,38.70057413052572,1.2556519312539833
heavy,1002,0.82,Diffusion-RB,50,14.803506005579404,90.07368524790772,14.96,24.24863502504317,41.098537758169535,1.3344238397163524
heavy,1002,0.82,GAN-JCSO,30,27.83656694352063,87.51525709012306,14.96,24.248586886218686,35.60024195908833,1.1553320779954483
heavy,1002,0.82,GAN-JCSO,40,19.903569531549582,89.3727896576525,14.96,24.22337602852051,38.038329998818035,1.235100334916742
heavy,1002,0.82,GAN-JCSO,50,16.355977847938654,89.81213776374561,14.96,24.211418297631145,40.31356412370546,1.3096712574232372
heavy,1002,0.82,GAN-RB,30,18.774965563458256,90.0,14.96,24.437173471582657,36.61967247158551,1.1873262776118951
heavy,1002,0.82,GAN-RB,40,15.20209216456789,90.41874705625513,14.96,24.391235420126076,39.25527699902068,1.2734639211523813
heavy,1002,0.82,GAN-RB,50,13.020355494886756,91.25,14.96,24.359238553094006,41.71920308406622,1.3540324940104915
heavy,1002,0.82,QuantileMLP-JCSO,30,23.67359888833768,88.66068910504545,14.96,24.23579121273018,35.60055007141662,1.15546670996101
heavy,1002,0.82,QuantileMLP-JCSO,40,17.42009629353506,89.83027712467029,14.96,24.223212030973485,38.012766616479425,1.23438086726867
heavy,1002,0.82,QuantileMLP-JCSO,50,15.894510825649585,90.0,14.96,24.208335673644022,40.297877642522955,1.3092736650966217
heavy,1002,0.82,QuantileMLP-RB,30,23.923492449381847,88.45735822151688,14.96,24.244787451735537,35.57324522760469,1.153982507059231
heavy,1002,0.82,QuantileMLP-RB,40,17.9187401910869,89.34262971419176,14.96,24.221702413330657,37.85302549973366,1.2284452378846336
heavy,1002,0.82,QuantileMLP-RB,50,15.540923037497846,90.08345727152813,14.96,24.201889275584875,39.915076699675346,1.29603398369503
heavy,1002,1.0,Diffusion-JCSO,30,27.67205609410661,88.86647767683513,14.96,18.766786321953322,30.379700465298864,1.1993000254202537
heavy,1002,1.0,Diffusion-JCSO,40,14.093385063426714,93.35543876985385,14.96,18.35948791607828,32.49490412965703,1.2835455874533495
heavy,1002,1.0,Diffusion-JCSO,50,11.868068218825567,93.95948863019572,14.96,18.32883631556325,34.56345451555765,1.3659109048353901
heavy,1002,1.0,Diffusion-RB,30,16.391720448786295,92.55513824173222,14.96,14.999318878914814,30.78876556125244,1.216000928919396
heavy,1002,1.0,Diffusion-RB,40,11.70086486491433,94.12624474473651,14.96,15.034284983835375,32.886912344258455,1.2996176989971335
heavy,1002,1.0,Diffusion-RB,50,10.055219409385957,94.13124753865496,14.96,15.630047940651481,34.91913071696006,1.380503256031521
heavy,1002,1.0,GAN-JCSO,30,38.94446388499664,83.02776805750169,14.96,15.569655322870771,30.30083413047734,1.1973656194708717
heavy,1002,1.0,GAN-JCSO,40,14.16000124207341,94.59987169932766,11.067499398663205,15.33322820639715,32.36792529039722,1.2798183479637457
heavy,1002,1.0,GAN-JCSO,50,11.364464010977326,94.867217330589,11.109965421996332,15.341353326665423,34.39145607154759,1.3604523328599134
heavy,1002,1.0,GAN-RB,30,14.212947152756483,93.67228948908883,14.96,17.66233815848198,30.934394426343108,1.2214706241995787
heavy,1002,1.0,GAN-RB,40,9.858890007762339,94.53208291375579,14.96,17.272158502060318,33.13750821279652,1.3091556459861537
heavy,1002,1.0,GAN-RB,50,8.267914717088855,95.0,14.96,17.19495747622006,35.268351703599805,1.3939964971584355
heavy,1002,1.0,QuantileMLP-JCSO,30,37.37308530286104,82.47394024963401,14.96,14.96,30.40418880706664,1.2016850139809896
heavy,1002,1.0,QuantileMLP-JCSO,40,16.84362112714143,92.03255340883506,14.96,14.962442617464566,32.40058839586216,1.2813395021999796
heavy,1002,1.0,QuantileMLP-JCSO,50,11.816152259672746,94.58333333333331,11.543956094257965,14.988382687622805,34.36387817159555,1.3595493044918279
heavy,1002,1.0,QuantileMLP-RB,30,17.98563417630134,93.29774168799868,12.64739923026334,14.96,30.350895619899127,1.1990216271696097
heavy,1002,1.0,QuantileMLP-RB,40,12.897445913488093,94.45085136217064,11.18601960669618,14.96,32.356557575269306,1.278947847568268
heavy,1002,1.0,QuantileMLP-RB,50,11.03872877646794,94.93104520392201,9.934704531861652,14.96,34.306464608184996,1.356601093486098
heavy,1003,0.82,Diffusion-JCSO,30,22.824221005401398,91.13743690748723,14.96,17.030969994795928,34.315147630017215,1.1829341643034001
heavy,1003,0.82,Diffusion-JCSO,40,16.753346452916265,91.8030933638691,14.96,17.005759787365193,36.73398806213309,1.26701434764397
heavy,1003,0.82,Diffusion-JCSO,50,13.726376915487691,92.37386690183668,14.96,16.98468427844439,39.092795205185816,1.3490251671794702
heavy,1003,0.82,Diffusion-RB,30,20.21655728278872,91.35211067930283,14.96,17.117669960287888,33.91736017115908,1.1689078342397508
heavy,1003,0.82,Diffusion-RB,40,15.499769808784695,92.29166666666669,14.96,17.04734118261274,36.28077136991867,1.251019382274479
heavy,1003,0.82,Diffusion-RB,50,12.899675641455422,92.71399700840375,14.96,17.021025319914802,38.620314834619776,1.3323067897889347
heavy,1003,0.82,GAN-JCSO,30,21.683204881808543,90.9852357717513,14.96,17.042573743327466,34.54711643313033,1.1912850674064073
heavy,1003,0.82,GAN-JCSO,40,16.560452591212027,91.77112582030304,14.96,17.016294714776546,36.98604973529439,1.2760845923651372
heavy,1003,0.82,GAN-JCSO,50,13.332093300142303,92.83701539738118,14.96,16.99427030575691,39.36663409177692,1.3588749167409586
heavy,1003,0.82,GAN-RB,30,15.668725542874913,93.13468281120343,14.96,17.165422331622683,35.102926143969604,1.208917063854619
heavy,1003,0.82,GAN-RB,40,11.822596609724505,93.33333333333331,14.96,17.080894078463224,37.58104696712067,1.2949257869301753
heavy,1003,0.82,GAN-RB,50,10.743525302089692,93.50215823263679,14.96,17.04273271794915,40.01147021853421,1.3792714703390168
heavy,1003,0.82,QuantileMLP-JCSO,30,20.72564647853698,91.43792242257557,14.96,17.02736604878085,34.48194790681077,1.189312755378328
heavy,1003,0.82,QuantileMLP-JCSO,40,15.683760812181102,92.07493893159318,14.96,17.002493455544457,36.90573717526401,1.2736111039353537
heavy,1003,0.82,QuantileMLP-JCSO,50,13.777386341439692,92.29166666666669,14.96,16.98169205190568,39.2738385032309,1.3559928219749684
heavy,1003,0.82,QuantileMLP-RB,30,17.131633131340024,91.862168343433,14.96,17.052559864576256,34.65174885348735,1.1957630244973423
heavy,1003,0.82,QuantileMLP-RB,40,12.530945263927753,92.80734245601205,14.96,17.024097208646573,37.06626793930245,1.279764586824045
heavy,1003,0.82,QuantileMLP-RB,50,11.4691558464666,93.11958874343337,14.96,17.001876496745254,39.440086736391855,1.3623699887837808
heavy,1003,1.0,Diffusion-JCSO,30,27.76230993948403,88.33924939889128,14.672519670429393,14.96,29.060732990181112,1.2196901553566126
heavy,1003,1.0,Diffusion-JCSO,40,12.974055273758497,94.36680162755832,13.772156065244603,14.96,31.0437845527764,1.3037405030176739
heavy,1003,1.0,Diffusion-JCSO,50,10.015137937089722,94.9769320777634,13.750444971958641,14.96,33.00583995421598,1.386874219941921
heavy,1003,1.0,Diffusion-RB,30,15.168672699304329,94.33035303554712,14.030067423183745,14.96,28.838635177107037,1.210175916439829
heavy,1003,1.0,Diffusion-RB,40,11.609836977489216,94.79166666666666,13.79732207334595,14.96,30.719980647395214,1.2898137935791125
heavy,1003,1.0,Diffusion-RB,50,9.44966611864952,95.25288907156126,13.7727974959297,14.96,32.56749722459548,1.3681232490185429
heavy,1003,1.0,GAN-JCSO,30,20.96242804066193,91.69548071248656,14.479429689805666,14.96,29.219556928796774,1.2267791719323426
heavy,1003,1.0,GAN-JCSO,40,12.872944132769522,94.27685680716591,13.818441608637823,14.96,31.242543399052405,1.3124975380885207
heavy,1003,1.0,GAN-JCSO,50,9.662894490528252,95.43506269182932,13.754040511409057,14.96,33.21993219830195,1.396297012325073
heavy,1003,1.0,GAN-RB,30,12.213096313734345,95.49072670381746,14.39758762251285,14.96,29.615270538716338,1.2421942185623325
heavy,1003,1.0,GAN-RB,40,7.943483825198355,95.96018952185022,13.890753734003138,14.96,31.71281368311338,1.3307335846134238
heavy,1003,1.0,GAN-RB,50,7.291666666666667,96.04166666666669,13.79192400993299,14.96,33.712880099297244,1.415285206289556
heavy,1003,1.0,QuantileMLP-JCSO,30,25.49844323344749,88.85728913501453,14.96,14.96,29.194525112008108,1.225943354504952
heavy,1003,1.0,QuantileMLP-JCSO,40,12.684906418523667,94.17447563826988,14.204933000189975,14.96,31.186024317750828,1.3103941174206424
heavy,1003,1.0,QuantileMLP-JCSO,50,10.341026846305965,94.79166666666666,13.746885949799287,14.96,33.15238025474994,1.3937655078754105
heavy,1003,1.0,QuantileMLP-RB,30,24.631425586563317,88.09338042653357,14.931593435261162,14.96,29.328159242263453,1.2322220614235602
heavy,1003,1.0,QuantileMLP-RB,40,8.959975382529581,95.34694854735619,13.77744604415887,14.96,31.292288917297622,1.3155508250546346
heavy,1003,1.0,QuantileMLP-RB,50,8.125,95.625,13.755683746752307,14.96,33.25295375322418,1.3987202299054369
heavy,1004,0.82,Diffusion-JCSO,30,23.025652921165545,92.41115051540697,14.96,17.2273140053202,34.1978771526506,1.2043965224884348
heavy,1004,0.82,Diffusion-JCSO,40,13.195974384830016,94.47887980284438,14.96,17.199793610407085,36.768828738951875,1.2954105288239135
heavy,1004,0.82,Diffusion-JCSO,50,9.823095180642845,95.13190477467197,14.96,17.17714543698249,39.228370746790624,1.382569091621747
heavy,1004,0.82,Diffusion-RB,30,17.746603734162978,93.5272355715412,14.96,17.31261810174113,33.9261786065773,1.1934190390412953
heavy,1004,0.82,Diffusion-RB,40,11.35439031270948,94.92783300475935,14.96,17.273455928466838,36.4475586989484,1.2825127333428277
heavy,1004,0.82,Diffusion-RB,50,8.214968090873947,95.41666666666669,14.96,17.246167810773215,38.77687819720311,1.3649428842370448
heavy,1004,0.82,GAN-JCSO,30,24.544732906932786,90.74556795612868,14.96,16.496464093270596,33.97481496582286,1.2004080648262272
heavy,1004,0.82,GAN-JCSO,40,17.257707139284125,92.30136938877597,14.96,16.515933462150006,36.51223183077134,1.2904991114191748
heavy,1004,0.82,GAN-JCSO,50,11.879637910785526,93.95678736307148,14.96,16.53955318077855,38.93526551957682,1.3765577682036587
heavy,1004,0.82,GAN-RB,30,45.24018791412981,70.6374484630996,14.96,28.21201462800473,33.80239516839081,1.2042150470750432
heavy,1004,0.82,GAN-RB,40,41.716914716432015,73.91436628978867,14.96,25.16770741078188,36.4723544662542,1.2996830188110626
heavy,1004,0.82,GAN-RB,50,38.57646544656438,76.65114950381735,14.96,22.221204209166658,39.07604730965241,1.3927953445736094
heavy,1004,0.82,QuantileMLP-JCSO,30,18.421239509874173,92.76340373607005,14.96,16.53778575894214,34.16388692186989,1.206665779454112
heavy,1004,0.82,QuantileMLP-JCSO,40,13.114449873053667,94.21357026529805,14.96,16.60672895556782,36.69093629591731,1.2963891067370101
heavy,1004,0.82,QuantileMLP-JCSO,50,9.888921186312482,94.85030505337268,14.96,17.162729550312836,39.157418362807796,1.3840173664907707
heavy,1004,0.82,QuantileMLP-RB,30,15.492527381564635,93.43070646241011,14.96,16.981301344704132,34.304857729156225,1.2121694023146063
heavy,1004,0.82,QuantileMLP-RB,40,11.59139976339687,94.05672004732061,14.96,17.219248302994323,36.82476190037582,1.3016819738149716
heavy,1004,0.82,QuantileMLP-RB,50,9.832117245446167,94.375,14.96,17.19568498898151,39.30576780844322,1.3898460784582338
heavy,1004,1.0,Diffusion-JCSO,30,39.90679292852329,81.79884156931305,14.96,14.963110523043666,28.60282913371257,1.2271384719781662
heavy,1004,1.0,Diffusion-JCSO,40,13.391355446015876,94.30047056950171,8.923846260259253,14.96,30.71704144633046,1.3183981282411565
heavy,1004,1.0,Diffusion-JCSO,50,8.890348605085626,95.77899660627727,8.695844430825298,14.96,32.79042019574932,1.4078764573428098
heavy,1004,1.0,Diffusion-RB,30,18.534397455689565,94.13846244997127,10.79424165464796,17.424905748970076,28.38559423375096,1.216571796297998
heavy,1004,1.0,Diffusion-RB,40,9.640719739578055,95.79347537239663,8.81019814706214,15.00882208041251,30.499543282924048,1.307578869417175
heavy,1004,1.0,Diffusion-RB,50,6.869929429347293,96.25,8.572127400063879,14.96,32.50842460197631,1.3941264942784097
heavy,1004,1.0,GAN-JCSO,30,45.10864601292614,79.6964848450133,14.96,15.11340298115988,28.384135809097284,1.2217695787720413
heavy,1004,1.0,GAN-JCSO,40,28.429687932609717,86.69862669729861,14.96,14.96,30.532434201007074,1.314718227670207
heavy,1004,1.0,GAN-JCSO,50,13.162060312346867,93.44921830909414,10.563596655257872,14.96,32.597024729514864,1.4041218621086118
heavy,1004,1.0,GAN-RB,30,45.253479059465604,70.8107604702672,14.96,29.430514494785736,28.17037805247635,1.222910652384491
heavy,1004,1.0,GAN-RB,40,40.35769870907131,74.84080663132946,14.96,20.76419748532755,30.426832396267532,1.3210950068522
heavy,1004,1.0,GAN-RB,50,37.304927415596886,77.48673925106979,14.96,19.458646011342893,32.571579763212924,1.4144891282609162
heavy,1004,1.0,QuantileMLP-JCSO,30,41.004599178985266,79.9107320815454,14.96,14.9706304658081,28.56331176367545,1.2290084686615912
heavy,1004,1.0,QuantileMLP-JCSO,40,13.991015739249287,93.75490100053695,8.937808271766514,14.96,30.669268354002764,1.3201333805218665
heavy,1004,1.0,QuantileMLP-JCSO,50,8.739741504459555,95.48725094394895,8.8,14.96,32.72316921926834,1.409054765269616
heavy,1004,1.0,QuantileMLP-RB,30,20.600404437124407,90.61355283690185,11.177909479961182,14.96,28.636754566557805,1.2327944935335429
heavy,1004,1.0,QuantileMLP-RB,40,10.35988129003817,94.70729431090214,8.8,14.96,30.732296016418722,1.3234952660702355
heavy,1004,1.0,QuantileMLP-RB,50,8.75,95.0,8.8,14.96,32.79387537786643,1.4127568088090157
heavy,1005,0.82,Diffusion-JCSO,30,41.64928979528806,85.29774857164918,14.96,16.044742172664716,32.70658750235423,1.0842908133295184
heavy,1005,0.82,Diffusion-JCSO,40,22.94032762871939,90.57381228946275,14.96,15.858916642862246,35.125044427817414,1.1650817847140407
heavy,1005,0.82,Diffusion-JCSO,50,15.547121131136,92.13988144405148,14.96,15.850294465745689,37.30648349595403,1.2380561689595586
heavy,1005,0.82,Diffusion-RB,30,50.6609446456423,80.98713560050696,14.96,16.318447774712794,31.02800824649109,1.0275425596481178
heavy,1005,0.82,Diffusion-RB,40,27.968403228328803,89.1478533715168,14.96,16.124926525834876,33.44920350643997,1.1083190446917603
heavy,1005,0.82,Diffusion-RB,50,19.764856009939184,91.3153177750169,14.96,15.886172050067609,35.47584310577011,1.1759893084270285
heavy,1005,0.82,GAN-JCSO,30,18.14554039620199,91.1348728479525,14.96,15.610606573571866,35.705117646854646,1.1857150708651303
heavy,1005,0.82,GAN-JCSO,40,14.17441897024975,92.17521128354555,14.96,15.844399409017988,38.04010114670618,1.2640088645002432
heavy,1005,0.82,GAN-JCSO,50,11.737750992089477,92.9509789186443,14.96,15.839932516063934,40.28371995516029,1.339432267765249
heavy,1005,0.82,GAN-RB,30,17.810819797689373,91.16119434351731,14.96,15.878050239191207,36.019566235439775,1.197480333788169
heavy,1005,0.82,GAN-RB,40,13.748467237980794,92.62216642861912,14.96,15.85943372004695,38.478229787673044,1.2799795049710265
heavy,1005,0.82,GAN-RB,50,10.791024531257266,93.20854737846979,14.96,15.851066156095099,40.84149783086607,1.3595042543125535
heavy,1005,0.82,QuantileMLP-JCSO,30,16.93443607216256,91.64000173219624,14.96,15.577336820709242,35.791619314336444,1.1880283071367579
heavy,1005,0.82,QuantileMLP-JCSO,40,13.198880103040711,92.61426218787533,14.96,15.57979847479828,38.12435910621564,1.266194928583946
heavy,1005,0.82,QuantileMLP-JCSO,50,11.638050021252864,92.92238999574944,14.96,15.838686605437696,40.38926197843823,1.3423625467538178
heavy,1005,0.82,QuantileMLP-RB,30,16.818841132604376,91.77173900756938,14.96,15.870479988800724,35.68495026765728,1.1849524152115176
heavy,1005,0.82,QuantileMLP-RB,40,12.441289551804578,92.77509427871553,14.96,15.849843371088504,37.895307794797205,1.2591183892990057
heavy,1005,0.82,QuantileMLP-RB,50,11.041666666666666,93.125,14.96,15.845052626665401,40.04435217557849,1.3315207017245594
heavy,1005,1.0,Diffusion-JCSO,30,69.7300253277416,63.27848593610267,14.96,18.43660039729334,27.586854774634052,1.1140701435964313
heavy,1005,1.0,Diffusion-JCSO,40,40.74423671162746,79.8362149775196,14.96,17.197123847745154,29.62362517960217,1.196862967381782
heavy,1005,1.0,Diffusion-JCSO,50,22.024378171680826,89.42754083407411,14.96,16.505223740235234,31.570348757905222,1.2760190413207424
heavy,1005,1.0,Diffusion-RB,30,68.18205805620208,68.73943378030924,14.96,19.60632626520262,26.243745634613404,1.058861298290494
heavy,1005,1.0,Diffusion-RB,40,31.494614489140844,87.03180104001233,14.96,17.319884605147518,28.264574156501453,1.140955555747232
heavy,1005,1.0,Diffusion-RB,50,20.25322235129953,91.27898479568051,14.96,17.199016200943532,30.135434360806794,1.2169552724012425
heavy,1005,1.0,GAN-JCSO,30,34.55147832940864,82.812788097107,14.96,16.576982364051418,30.210752255862115,1.2219572174453237
heavy,1005,1.0,GAN-JCSO,40,17.668754692666262,90.95728932033353,14.96,16.553589558198137,32.29871942613799,1.3069732278701838
heavy,1005,1.0,GAN-JCSO,50,9.657224256613365,94.67599133692379,14.96,16.53505818469186,34.29967346172147,1.3885405815434717
heavy,1005,1.0,GAN-RB,30,44.9343389565432,76.97001480624432,14.96,17.060133942252094,30.336234933458517,1.2285721379053596
heavy,1005,1.0,GAN-RB,40,21.024627518989963,88.56426027818875,14.96,16.832495660131958,32.463480247982986,1.3152620292586767
heavy,1005,1.0,GAN-RB,50,9.55869741870511,94.49353761686645,14.96,16.804936381389982,34.52826643107236,1.3994471380954965
heavy,1005,1.0,QuantileMLP-JCSO,30,29.829101142177947,85.20775102589278,14.96,16.58553277923536,30.26290665340607,1.2235121610612463
heavy,1005,1.0,QuantileMLP-JCSO,40,14.200705034061269,92.41899941594059,14.96,16.56134295861731,32.379602779478574,1.3096170259444129
heavy,1005,1.0,QuantileMLP-JCSO,50,9.237167588371314,94.8192331489924,14.96,16.542570314223838,34.38743185063875,1.3914122702262688
heavy,1005,1.0,QuantileMLP-RB,30,15.575393899716438,92.58255521322688,14.96,16.593217852459148,30.228198619307157,1.2228533321679707
heavy,1005,1.0,QuantileMLP-RB,40,9.962464852600384,94.6968837868499,14.96,16.57032158505232,32.33018675158584,1.3083201983749722
heavy,1005,1.0,QuantileMLP-RB,50,8.589081561732145,95.0,14.96,16.55134186580198,34.3058982591432,1.3887312077526743
heavy,1006,0.82,Diffusion-JCSO,30,,,,,,
heavy,1006,0.82,Diffusion-JCSO,40,,,,,,
heavy,1006,0.82,Diffusion-JCSO,50,85.57983939585259,63.118173611250896,14.96,23.760871628060166,30.551024171203437,0.9601977520915224
heavy,1006,0.82,Diffusion-RB,30,99.87975323400455,37.901294525278686,14.96,28.19604365298779,27.609112413206542,0.865856961127275
heavy,1006,0.82,Diffusion-RB,40,90.94784417622961,58.7865670689889,14.96,26.9006034624439,29.691826107355606,0.9320490975594665
heavy,1006,0.82,Diffusion-RB,50,68.1784654290647,73.03778112210148,14.96,24.372012808694485,31.458457881631066,0.9882756924092146
heavy,1006,0.82,GAN-JCSO,30,29.437375303418158,87.22292913632485,14.96,23.828100354561226,35.46916629005816,1.1154047266261442
heavy,1006,0.82,GAN-JCSO,40,22.555197488023435,88.68411729466081,14.96,23.808884224350454,37.807940414587435,1.1897898902844888
heavy,1006,0.82,GAN-JCSO,50,19.87086634653084,89.35520008003397,14.96,23.78448230108119,40.09809688896051,1.2627640955945705
heavy,1006,0.82,GAN-RB,30,37.584183018889554,85.62057842766647,14.96,23.86686210419759,35.211892217986794,1.109164420299295
heavy,1006,0.82,GAN-RB,40,28.681441514159843,87.61197503519388,14.96,23.8372183777814,37.649640273184986,1.1870636066174645
heavy,1006,0.82,GAN-RB,50,24.32383314354919,88.58239289781089,14.96,23.81319061731903,40.04773649524357,1.2636755795879604
heavy,1006,0.82,QuantileMLP-JCSO,30,25.168190160371797,88.3830286345923,14.96,23.848663802634313,35.61576979014175,1.1195843565552521
heavy,1006,0.82,QuantileMLP-JCSO,40,21.01981660510051,89.27629584872487,14.96,23.821756891036298,37.970542705457746,1.1944982515696723
heavy,1006,0.82,QuantileMLP-JCSO,50,19.374690519470676,89.72232538239867,14.96,23.79936751192291,40.228743231675445,1.266393775465158
heavy,1006,0.82,QuantileMLP-RB,30,24.443319534715062,88.57333458775317,14.96,23.85149958530089,35.933468745570806,1.131324271240664
heavy,1006,0.82,QuantileMLP-RB,40,21.414271683454263,89.21531213566246,14.96,23.824594550072383,38.339463209949095,1.2080603315781784
heavy,1006,0.82,QuantileMLP-RB,50,19.973194046652655,89.43378482167017,14.96,23.802219396148764,40.65066892101471,1.2817306162827837
heavy,1006,1.0,Diffusion-JCSO,30,,,,,,
heavy,1006,1.0,Diffusion-JCSO,40,,,,,,
heavy,1006,1.0,Diffusion-JCSO,50,85.51689682748342,60.86114728887485,14.96,18.870069756753658,26.459085686995092,1.012692685665091
heavy,1006,1.0,Diffusion-RB,30,99.67366435284686,37.69735762844152,16.405145017529748,41.49397863468383,23.673988086013697,0.9041548735110901
heavy,1006,1.0,Diffusion-RB,40,92.99463260545498,53.35872432810043,14.96,32.14466566369164,25.63365165685008,0.9798990077190991
heavy,1006,1.0,Diffusion-RB,50,74.97003315659138,63.721912373723825,14.96,17.70465279358799,27.305494322403707,1.0445242585578645
heavy,1006,1.0,GAN-JCSO,30,27.5435991640936,87.28694174884609,14.96,14.96,30.47665313028155,1.1663224683298796
heavy,1006,1.0,GAN-JCSO,40,18.306482883996182,90.64749936886838,14.96,14.96,32.45693238216331,1.2431610806325437
heavy,1006,1.0,GAN-JCSO,50,14.426749851489415,92.25390914491294,14.96,14.96,34.3788019403434,1.3177025525189827
heavy,1006,1.0,GAN-RB,30,36.233456118530135,86.21495088592128,14.96,14.96,30.27676604822928,1.1608387732693044
heavy,1006,1.0,GAN-RB,40,23.124470399618424,90.33354517348597,14.96,14.96,32.23580572193729,1.2369267973318039
heavy,1006,1.0,GAN-RB,50,18.09681239923421,91.6697986223073,14.96,14.96,34.11159194487435,1.309836844471383
heavy,1006,1.0,QuantileMLP-JCSO,30,24.93717216702681,87.54657073944078,14.96,14.96,30.559115752494407,1.1689844959672808
heavy,1006,1.0,QuantileMLP-JCSO,40,15.684946999836818,91.86484425934992,14.96,14.96,32.53077385458198,1.245467714894737
heavy,1006,1.0,QuantileMLP-JCSO,50,13.414303270657909,92.89642418233554,14.96,14.96,34.45250336042809,1.3199833178719644
heavy,1006,1.0,QuantileMLP-RB,30,22.40820123875082,88.71596913390114,14.96,14.96,30.797561102693063,1.1800110584890775
heavy,1006,1.0,QuantileMLP-RB,40,15.400961390823747,92.49476490805236,14.96,14.96,32.77993276000657,1.2569934149838027
heavy,1006,1.0,QuantileMLP-RB,50,14.323468198582031,92.40871628368784,14.96,14.96,34.702089311201874,1.3316523386001606
heavy,1007,0.82,Diffusion-JCSO,30,68.72522921900286,70.43460854837315,14.96,15.111690561842188,30.459672264448912,1.0288358536000026
heavy,1007,0.82,Diffusion-JCSO,40,34.44067593499193,87.63499643525951,14.96,15.095256767793977,32.5603710113909,1.100227281766162
heavy,1007,0.82,Diffusion-JCSO,50,19.501897489076228,92.00946942391722,14.96,15.089495533392993,34.62589784674766,1.1704313393079302
heavy,1007,0.82,Diffusion-RB,30,72.59207020035471,65.21639764420797,14.96,20.533765841133775,28.38913263136085,0.9571874950965249
heavy,1007,0.82,Diffusion-RB,40,48.08812648236922,80.73881997157852,14.96,17.24243122782188,30.501460529921154,1.0288971984198696
heavy,1007,0.82,Diffusion-RB,50,34.11824797711019,87.94087601144491,14.96,15.387576058053252,32.49238462805293,1.0964446810895587
heavy,1007,0.82,GAN-JCSO,30,20.777111302746682,91.59908329740168,14.96,15.089423747193885,34.38381605192824,1.1616417236622298
heavy,1007,0.82,GAN-JCSO,40,14.069760463085531,93.00074263613674,14.96,15.083981222085523,36.78937679777805,1.2435712820409348
heavy,1007,0.82,GAN-JCSO,50,12.453439819200211,93.34497337853327,14.96,15.07948535495288,39.09386731975094,1.3221302506446078
heavy,1007,0.82,GAN-RB,30,14.643102674022519,92.58922433149438,14.96,15.105273780233839,34.94167290435575,1.177859273348164
heavy,1007,0.82,GAN-RB,40,11.085277364488174,93.5965742118373,14.96,15.097901329695462,37.394991058215076,1.2611372690988323
heavy,1007,0.82,GAN-RB,50,10.121694043462242,94.0016529782689,14.96,15.09253225667035,39.715624859894795,1.3399945756408034
heavy,1007,0.82,QuantileMLP-JCSO,30,17.019761164001004,92.45368364768605,14.96,15.090607241761397,34.559935927032996,1.1680527394328015
heavy,1007,0.82,QuantileMLP-JCSO,40,13.493594071722146,93.27457168776546,14.96,15.085205739372082,36.95683380061622,1.249689880272059
heavy,1007,0.82,QuantileMLP-JCSO,50,11.879604961983425,93.54166666666669,14.96,15.080665494193285,39.27522185953851,1.3287149921541257
heavy,1007,0.82,QuantileMLP-RB,30,17.56268999163913,92.19830293467108,14.96,15.111115274314631,34.37480245037027,1.1600410947324014
heavy,1007,0.82,QuantileMLP-RB,40,13.00257570404092,93.22299244431798,14.96,15.098410478662014,36.78231044281094,1.2418602117176691
heavy,1007,0.82,QuantileMLP-RB,50,11.415904336817032,93.37576232984962,14.96,15.094843058591092,38.99547769299652,1.317265280712538
heavy,1007,1.0,Diffusion-JCSO,30,84.88117264106445,41.644424535631444,14.96,36.06448890092304,26.11316825506125,1.0743963540264727
heavy,1007,1.0,Diffusion-JCSO,40,70.48793007086216,56.38706992913784,14.96,21.874088301261047,27.93185463060587,1.14979533991292
heavy,1007,1.0,Diffusion-JCSO,50,52.788282929477546,71.75741386325366,14.96,15.397152759403657,29.549280400338223,1.2167666442900256
heavy,1007,1.0,Diffusion-RB,30,89.05446146798586,43.04522367572394,14.96,25.416611095047514,24.580312394195424,1.0097643426378746
heavy,1007,1.0,Diffusion-RB,40,70.55229244580175,62.64164998175749,14.96,17.88275502294782,26.129581843827996,1.0738275203730356
heavy,1007,1.0,Diffusion-RB,50,48.376176878172714,77.6560311524534,14.96,17.913721501302955,27.57184950530657,1.13351393077754
heavy,1007,1.0,GAN-JCSO,30,59.71842122862856,66.91340144864128,14.96,15.011404390769654,29.099260327160312,1.1971577268112745
heavy,1007,1.0,GAN-JCSO,40,30.34529054094741,84.1440945943695,14.96,14.96,31.088082496874474,1.2796653190857281
heavy,1007,1.0,GAN-JCSO,50,10.784630251091642,93.89624723626757,10.147202944072202,14.96,33.03966850143389,1.3606530186486923
heavy,1007,1.0,GAN-RB,30,15.240557108099885,91.67062711609545,14.96,14.96,29.407665798370815,1.2074555380653451
heavy,1007,1.0,GAN-RB,40,8.393762726642496,95.13517952889963,9.82855546894643,14.96,31.473728608227322,1.2928524753997057
heavy,1007,1.0,GAN-RB,50,6.652474114650059,95.94459627600831,6.924824475769712,14.96,33.48364400162711,1.3759713689593407
heavy,1007,1.0,QuantileMLP-JCSO,30,24.279944493505702,88.37600200918631,13.783587464469909,14.96,29.130939446223554,1.199013772751253
heavy,1007,1.0,QuantileMLP-JCSO,40,10.317892651793773,94.89375923648959,9.63534941459094,14.96,31.155419039305198,1.283003980166713
heavy,1007,1.0,QuantileMLP-JCSO,50,8.421150066111602,95.41666666666669,8.8,14.96,33.16362791487582,1.3663223879063071
heavy,1007,1.0,QuantileMLP-RB,30,13.677539813227186,94.20321015358519,9.749684343578629,14.96,29.070202958489617,1.1947453343167012
heavy,1007,1.0,QuantileMLP-RB,40,9.403394416977477,95.20022064276831,8.872178075086966,14.96,31.057041487471878,1.2770493102095648
heavy,1007,1.0,QuantileMLP-RB,50,8.04796690763205,95.28536642570128,8.834196924429566,14.96,32.99113348253518,1.357200121362612
heavy,1008,0.82,Diffusion-JCSO,30,17.582144575967824,92.74010649526882,14.96,15.634873165939933,34.6409185031131,1.195809246878835
heavy,1008,0.82,Diffusion-JCSO,40,13.374001922293472,93.44003660986073,14.96,15.629998896125718,37.14487823289523,1.2828428803159249
heavy,1008,0.82,Diffusion-JCSO,50,11.151115951209198,94.13018357181917,14.96,15.625918751768303,39.58420618406444,1.3676305972877225
heavy,1008,0.82,Diffusion-RB,30,15.035648989763839,93.58700135976177,14.96,15.6418045988462,34.50633995717504,1.1913335124366902
heavy,1008,0.82,Diffusion-RB,40,11.578742632405737,94.08448100856525,14.96,15.636284806993192,36.98711632814806,1.2775647375302555
heavy,1008,0.82,Diffusion-RB,50,10.136501124334591,94.58333333333331,14.96,15.631860700015112,39.374801966859685,1.3605882669944191
heavy,1008,0.82,GAN-JCSO,30,17.021322296956413,92.72383609242755,14.96,15.639893216006094,34.86780714525269,1.2031947909733285
heavy,1008,0.82,GAN-JCSO,40,12.740569611384226,93.83590525750125,14.96,15.634620685154525,37.399240742318895,1.291132714004517
heavy,1008,0.82,GAN-JCSO,50,10.645391137267909,94.57568665685785,14.96,15.63023085091678,39.867717860626136,1.376887515990649
heavy,1008,0.82,GAN-RB,30,17.273985730556827,92.21281394054195,14.96,15.655128513597006,35.03541011524362,1.206660193402966
heavy,1008,0.82,GAN-RB,40,11.830671080734735,94.03052254836149,14.96,15.647810536690644,37.621912321041506,1.2963253879561178
heavy,1008,0.82,GAN-RB,50,9.95230189366751,94.59923270211083,14.96,15.642514714058638,40.107022409160045,1.3824884021939976
heavy,1008,0.82,QuantileMLP-JCSO,30,16.116416862220067,92.76267813394666,14.96,15.634008860027887,34.69143519181167,1.199236462514163
heavy,1008,0.82,QuantileMLP-JCSO,40,12.879791339983159,93.54166666666669,14.96,15.629236518684923,37.18253354089644,1.285937583661066
heavy,1008,0.82,QuantileMLP-JCSO,50,11.839028157948484,93.63938873682062,14.96,15.625315303570874,39.603950863815044,1.370240728603272
heavy,1008,0.82,QuantileMLP-RB,30,15.383740594267291,93.10924773095815,14.96,15.641531642581834,34.54279857012212,1.193872674749773
heavy,1008,0.82,QuantileMLP-RB,40,11.648762234821895,94.31152369950381,14.96,15.636112947363749,37.02330637089357,1.2802083697761848
heavy,1008,0.82,QuantileMLP-RB,50,9.949100088339915,94.53085552610891,14.96,15.631711450884946,39.45054992876113,1.3646797617217625
heavy,1008,1.0,Diffusion-JCSO,30,41.30647823869985,79.6354727365437,14.96,14.96,29.194881948506215,1.2272928423572471
heavy,1008,1.0,Diffusion-JCSO,40,21.010885264448213,89.66758667035907,13.97317166198005,14.96,31.23660729401536,1.3138792489360493
heavy,1008,1.0,Diffusion-JCSO,50,9.748716070394773,95.4510271436842,8.732568842435498,14.96,33.25957490908963,1.3996192645354244
heavy,1008,1.0,Diffusion-RB,30,24.72001870366695,88.93617517178248,13.813729959697799,14.96,29.128532783519844,1.2247508926019632
heavy,1008,1.0,Diffusion-RB,40,12.628761834607936,94.14091429974509,9.788501850870395,14.96,31.04851680978878,1.3062087171080299
heavy,1008,1.0,Diffusion-RB,50,8.86313493777996,95.83333333333334,8.82503293412981,14.96,33.05968225230868,1.3914416177048095
heavy,1008,1.0,GAN-JCSO,30,47.268740948584565,74.69896285904106,14.96,15.061596656420479,29.373426813337982,1.2343838675870251
heavy,1008,1.0,GAN-JCSO,40,30.065824926339154,84.26167227132946,14.96,14.96,31.446686034937024,1.3222109594401612
heavy,1008,1.0,GAN-JCSO,50,10.480665995960004,95.25644466801332,8.697331812226063,14.96,33.45499271393312,1.4073461657611643
heavy,1008,1.0,GAN-RB,30,64.15672671203427,61.82257615807076,14.96,17.685403415930352,29.53729233417438,1.2391807517849918
heavy,1008,1.0,GAN-RB,40,39.037484468715796,79.18334368752281,14.96,14.96,31.638060460188406,1.3278901669682104
heavy,1008,1.0,GAN-RB,50,15.426011812723958,92.15581704399469,11.896192552133002,14.96,33.653000475927286,1.413059527576218
heavy,1008,1.0,QuantileMLP-JCSO,30,24.41582949504581,89.14382021732207,14.96,14.96,29.18003104364698,1.2284406359217905
heavy,1008,1.0,QuantileMLP-JCSO,40,13.202362866441634,94.24496754364169,9.23388075297883,14.96,31.24078720720977,1.3159113888183076
heavy,1008,1.0,QuantileMLP-JCSO,50,10.556051268093084,94.93030769928679,8.822359161166805,14.96,33.27666170111186,1.4023120752857359
heavy,1008,1.0,QuantileMLP-RB,30,23.789059516482375,89.04297024175881,12.942928462675688,14.96,29.10953424778842,1.2253096893825886
heavy,1008,1.0,QuantileMLP-RB,40,10.210009848348388,95.62424556824323,8.82574832302297,14.96,31.078594547685423,1.3088859543683626
heavy,1008,1.0,QuantileMLP-RB,50,8.559541916681946,95.82737491666158,8.04668961876581,14.96,33.098343003026585,1.3945818842773117
heavy,1009,0.82,Diffusion-JCSO,30,27.17736544583292,89.2135167743873,14.96,23.74842765521856,34.19350189517739,1.1387803345025407
heavy,1009,0.82,Diffusion-JCSO,40,19.944089695600926,89.96189424276645,14.96,23.720076935141822,36.57777665843334,1.2189461446320053
heavy,1009,0.82,Diffusion-JCSO,50,17.774286062618792,90.41666666666669,14.96,23.69698865573056,38.867493342059745,1.2959267432897936
heavy,1009,0.82,Diffusion-RB,30,31.706832073581573,87.66579075979723,14.96,21.81540319957266,33.40386778175484,1.1122601762600397
heavy,1009,0.82,Diffusion-RB,40,22.736312980493512,89.83031388513234,14.96,21.979569538286366,35.64921912363641,1.187681679327232
heavy,1009,0.82,Diffusion-RB,50,18.902109498663254,90.61628312145517,14.96,22.60414401209224,37.79923082534317,1.2600436974712605
heavy,1009,0.82,GAN-JCSO,30,25.012670825566133,89.10442768023583,14.96,22.962967412829567,34.51843488593864,1.1499006340019027
heavy,1009,0.82,GAN-JCSO,40,18.700460629036403,90.24056742137044,14.96,23.57807616936724,36.91268173972148,1.2303861053984395
heavy,1009,0.82,GAN-JCSO,50,16.917583845904417,90.49148323081913,14.96,23.64189035479848,39.20816015990911,1.3076089157592419
heavy,1009,0.82,GAN-RB,30,22.238924267374827,89.89786188715225,14.96,24.744031237006052,34.88601030596654,1.1615568864510342
heavy,1009,0.82,GAN-RB,40,16.83050200343889,90.8444578324736,14.96,24.709259751572908,37.31187265538974,1.2430725099341544
heavy,1009,0.82,GAN-RB,50,15.702557367339326,91.04166666666669,14.96,24.6809994445222,39.67553241593932,1.322516884137311
heavy,1009,0.82,QuantileMLP-JCSO,30,23.68879357590771,89.19362064240923,14.96,23.686082893232737,34.67925516540781,1.1553715276391965
heavy,1009,0.82,QuantileMLP-JCSO,40,18.563799382264214,89.95169351865407,14.96,23.719786301812558,37.075355018639655,1.2359213131317293
heavy,1009,0.82,QuantileMLP-JCSO,50,16.140735061364456,90.67861281492398,14.96,23.696719153030294,39.37285909803232,1.3131891199267907
heavy,1009,0.82,QuantileMLP-RB,30,24.396638203503063,89.42167378245757,14.96,22.791262971472094,34.718706926198,1.157344877822291
heavy,1009,0.82,QuantileMLP-RB,40,19.334538482494338,90.51539903453231,14.96,22.81204809013464,37.05796691299689,1.2360293371577653
heavy,1009,0.82,QuantileMLP-RB,50,16.599518134801684,90.74595379963291,14.96,23.740216490788075,39.34838408073166,1.3131636373048514
heavy,1009,1.0,Diffusion-JCSO,30,67.50031196942737,62.40506398879374,14.96,23.239083046809895,29.112245293757326,1.18032747577101
heavy,1009,1.0,Diffusion-JCSO,40,34.7037011254513,82.10238583309369,14.96,21.062959548057282,31.03572342848704,1.2592033761897234
heavy,1009,1.0,Diffusion-JCSO,50,14.728981064561276,92.51779185428074,14.96,20.9397814924071,32.925576080443165,1.3366984217909919
heavy,1009,1.0,Diffusion-RB,30,35.10900827395336,86.2032821683057,14.96,17.923660960425984,28.50558361985343,1.1557691246318829
heavy,1009,1.0,Diffusion-RB,40,18.411101603023987,92.63680793257734,14.96,17.844516991451385,30.433310275240906,1.234615645803347
heavy,1009,1.0,Diffusion-RB,50,14.414369749459583,93.39752847784985,14.96,19.667202205373687,32.225923532720195,1.3079858419989485
heavy,1009,1.0,GAN-JCSO,30,54.11949723800765,71.94649148220307,14.96,19.046950455886105,29.274181755006857,1.1872593341113176
heavy,1009,1.0,GAN-JCSO,40,28.795322513253012,85.544417121264,14.96,20.98758945146944,31.27317388697069,1.2691714043800042
heavy,1009,1.0,GAN-JCSO,50,14.054511962358351,92.29587089700436,14.96,20.89239327559971,33.21886296780837,1.3489276766247211
heavy,1009,1.0,GAN-RB,30,39.98704136069881,80.96751937198516,14.96,21.334917711138047,29.492941858697485,1.195767892934891
heavy,1009,1.0,GAN-RB,40,15.937722518245893,92.30103521897914,14.96,20.997287485311613,31.524075223657615,1.2788588754117007
heavy,1009,1.0,GAN-RB,50,11.53740329966088,93.95833333333331,14.96,20.973842304878076,33.51764471465992,1.3604188968404847
heavy,1009,1.0,QuantileMLP-JCSO,30,49.025870189239534,76.33848929915293,14.96,19.03209021441219,29.351787245482623,1.1906389056249609
heavy,1009,1.0,QuantileMLP-JCSO,40,20.978296604810737,89.70253939778966,14.96,20.268782497279812,31.372173764793644,1.2733833016977911
heavy,1009,1.0,QuantileMLP-JCSO,50,11.918775533618575,93.56982696510578,14.96,20.879948443021114,33.35417763608991,1.3545709146155434
heavy,1009,1.0,QuantileMLP-RB,30,26.67358248576853,88.7052903729285,14.96,19.05557841602102,29.41139268594699,1.1938523970861732
heavy,1009,1.0,QuantileMLP-RB,40,15.948527531706198,92.6769167337771,14.96,20.74904242407883,31.42282328871126,1.2761759204750103
heavy,1009,1.0,QuantileMLP-RB,50,11.826993336039067,93.73751999939873,14.96,20.877649237498,33.37424704331105,1.3561452760675243
heavy,1010,0.82,Diffusion-JCSO,30,17.299998842289796,91.05349484772884,14.96,17.793931232175463,34.98810199868025,1.1637188213010374
heavy,1010,0.82,Diffusion-JCSO,40,13.55920781310993,91.64156950224704,14.96,17.76870230420471,37.201090206328544,1.2384272778327594
heavy,1010,0.82,Diffusion-JCSO,50,12.247536762299887,92.09436580942501,14.96,17.74761864508434,39.34038428568097,1.3106687362767893
heavy,1010,0.82,Diffusion-RB,30,14.903051527019446,91.875,14.96,17.872922242635052,35.058175917466826,1.1666286914504593
heavy,1010,0.82,Diffusion-RB,40,12.76623079750265,91.875,14.96,17.809610501491576,37.249608819365584,1.2405960966177692
heavy,1010,0.82,Diffusion-RB,50,12.33229000752674,91.93090333082442,14.96,17.77015176927329,39.45647077791857,1.3152096652755316
heavy,1010,0.82,GAN-JCSO,30,17.411057296402785,90.48036867458038,14.96,18.44414626644612,34.892026629487574,1.1611868341912153
heavy,1010,0.82,GAN-JCSO,40,14.357854082082646,91.25857295895868,14.96,18.47500921400649,37.02512592981107,1.2332494185912668
heavy,1010,0.82,GAN-JCSO,50,13.077802889024253,91.78263261107726,14.96,18.07867979217072,39.020469220413204,1.3006348224722672
heavy,1010,0.82,GAN-RB,30,16.431753711228932,90.92887921727086,14.96,17.85779630154699,35.155948543368154,1.170613421307748
heavy,1010,0.82,GAN-RB,40,13.801861624225486,91.44536792727695,14.96,17.82282996840538,37.41313482010351,1.2468399235628211
heavy,1010,0.82,GAN-RB,50,13.085404667814188,91.7320905326448,14.96,17.798353430167975,39.60700073664649,1.3210139699544123
heavy,1010,0.82,QuantileMLP-JCSO,30,16.32842496727229,91.23261032057724,14.96,16.866706699904732,34.97675999653768,1.163634400854826
heavy,1010,0.82,QuantileMLP-JCSO,40,13.42233805990525,91.59233215169034,14.96,16.84190913647106,37.14988439162213,1.237054038713868
heavy,1010,0.82,QuantileMLP-JCSO,50,12.127815268012219,91.99906157732924,14.96,17.563164362055733,39.21398517450789,1.3067777867986545
heavy,1010,0.82,QuantileMLP-RB,30,14.350750962608592,91.55523476097497,14.96,17.868341893248633,34.98845688267117,1.1637535586913572
heavy,1010,0.82,QuantileMLP-RB,40,12.51862962255618,91.86879012581461,14.96,17.80611274156479,37.13423993803977,1.236156634089871
heavy,1010,0.82,QuantileMLP-RB,50,11.875,92.08333333333331,14.96,17.782462282046158,39.196345961369396,1.3057390071898913
heavy,1010,1.0,Diffusion-JCSO,30,64.02995137046724,62.32932394749488,14.96,15.545176337903827,29.96134304132937,1.2126258858233645
heavy,1010,1.0,Diffusion-JCSO,40,26.055135013480488,85.77504479901117,14.96,14.96,31.85245044471549,1.2901321583787966
heavy,1010,1.0,Diffusion-JCSO,50,10.308483439924466,94.41106107558073,14.96,14.96,33.69603644773741,1.3658987445305437
heavy,1010,1.0,Diffusion-RB,30,11.861684574411333,93.92199283690213,14.96,14.96,29.921284199522333,1.2121240318471396
heavy,1010,1.0,Diffusion-RB,40,10.031410271719452,94.58333333333331,14.96,14.96,31.93202105262592,1.294282568751076
heavy,1010,1.0,Diffusion-RB,50,9.791666666666666,94.58333333333331,14.96,14.96,33.77619473373576,1.3699160906690402
heavy,1010,1.0,GAN-JCSO,30,30.780987241154975,86.35884140561582,14.96,14.96,29.73445481815067,1.2044247885547539
heavy,1010,1.0,GAN-JCSO,40,17.059043985333467,91.7947360435428,14.96,14.96,31.747772685822834,1.2867869610685196
heavy,1010,1.0,GAN-JCSO,50,11.339121968147017,94.05039910538771,14.96,14.96,33.63139885048529,1.3641046688522724
heavy,1010,1.0,GAN-RB,30,79.61800748589476,48.861852663823115,14.96,18.94606174097254,30.179123927476162,1.2231890606066709
heavy,1010,1.0,GAN-RB,40,36.63930448448832,80.47087144982612,14.96,14.96,32.04875593754092,1.2998933182023242
heavy,1010,1.0,GAN-RB,50,11.061080805607043,94.11335151663577,14.96,14.96,33.83897046794018,1.373404362253612
heavy,1010,1.0,QuantileMLP-JCSO,30,35.22905234818641,83.48616191932456,14.96,14.96,29.81689917781706,1.2073034381535417
heavy,1010,1.0,QuantileMLP-JCSO,40,15.852542089290552,91.84963524057336,14.96,14.96,31.796088765760953,1.2882661574381002
heavy,1010,1.0,QuantileMLP-JCSO,50,10.394113927079449,94.28210970312693,14.96,14.96,33.68704879011877,1.365879128241601
heavy,1010,1.0,QuantileMLP-RB,30,20.14847991828755,89.19659337418956,14.96,14.96,29.927819447616955,1.2117518908986749
heavy,1010,1.0,QuantileMLP-RB,40,8.399887618824694,94.96672285725431,14.96,14.96,31.942664384454584,1.294071180555975
heavy,1010,1.0,QuantileMLP-RB,50,8.877714445415464,94.79166666666666,14.96,14.96,33.734948037563576,1.367640600508049
heavy,1011,0.82,Diffusion-JCSO,30,14.2843433422123,94.65930461265263,8.329398895168136,14.96,34.674198163468354,1.2355487147661959
heavy,1011,0.82,Diffusion-JCSO,40,8.579102386447811,96.34480773672139,5.6849050240345855,14.96,37.30680431524833,1.329692428631735
heavy,1011,0.82,Diffusion-JCSO,50,6.028106276793434,96.875,5.042825491049071,14.96,39.86352356486232,1.4211709252804134
heavy,1011,0.82,Diffusion-RB,30,10.867029474353071,95.77282596474507,6.027288805706122,14.96,34.640033369316335,1.2332958481618854
heavy,1011,0.82,Diffusion-RB,40,7.725410816888624,96.40411531455557,5.721327937252782,14.96,37.21127858181492,1.3251685542535405
heavy,1011,0.82,Diffusion-RB,50,6.292324310539419,96.70816892236516,5.210515247215917,14.96,39.75859510770624,1.41619041015154
heavy,1011,0.82,GAN-JCSO,30,18.696711131629904,92.81116988651607,8.8,14.96,34.74230134276134,1.2422388934917952
heavy,1011,0.82,GAN-JCSO,40,12.916743064706703,94.35894497511279,8.217263994012797,14.96,37.389646782542876,1.3372158437788535
heavy,1011,0.82,GAN-JCSO,50,7.737458812884119,96.22037952306279,5.66876325957452,14.96,39.987808884662606,1.4304682032513554
heavy,1011,0.82,GAN-RB,30,23.331623211332122,89.72336230355636,8.800681942198391,14.96,34.79033734708954,1.2473959424891605
heavy,1011,0.82,GAN-RB,40,17.159459424054855,92.72798157152681,8.8,14.96,37.459658153645975,1.3432912731481725
heavy,1011,0.82,GAN-RB,50,11.869697451924713,94.69015127403763,8.8,14.96,40.05340682056761,1.4365389907733452
heavy,1011,0.82,QuantileMLP-JCSO,30,14.231589585158186,94.17241992130472,8.8,14.96,34.7440158245778,1.2400240629134824
heavy,1011,0.82,QuantileMLP-JCSO,40,9.6513805785655,95.78633347105483,6.568432175914019,14.96,37.38471417035492,1.3346144474141646
heavy,1011,0.82,QuantileMLP-JCSO,50,5.8258653220289816,96.875,5.025527198608931,14.96,39.968468355738985,1.427176949141064
heavy,1011,0.82,QuantileMLP-RB,30,12.102900930145127,94.82312762275359,7.405385988700323,14.96,34.86496577658646,1.2454178468869552
heavy,1011,0.82,QuantileMLP-RB,40,8.036314167413918,95.94471552055312,5.97716600230305,14.96,37.47604383594065,1.3390151089803954
heavy,1011,0.82,QuantileMLP-RB,50,6.045743348550125,96.61356416286247,5.298534260861135,14.96,40.053848107506404,1.4314496686425424
heavy,1011,1.0,Diffusion-JCSO,30,35.673915333237034,81.4819843801154,14.96,14.98918181718028,28.8066411323339,1.250921956365826
heavy,1011,1.0,Diffusion-JCSO,40,14.371881876519826,93.67758403824307,7.362214683487453,14.96,31.007160221228858,1.3467786202752743
heavy,1011,1.0,Diffusion-JCSO,50,5.579745747036825,97.70833333333331,4.63833424097443,14.96,33.14209805494451,1.4398542650015949
heavy,1011,1.0,Diffusion-RB,30,18.843099990914393,92.11130729592554,8.8,14.96,28.76757389643298,1.2482928702764993
heavy,1011,1.0,Diffusion-RB,40,7.853106231035923,96.86847330292524,6.028700496514025,14.96,30.987746379782937,1.3448867115345042
heavy,1011,1.0,Diffusion-RB,50,5.365514521476121,97.70833333333331,4.692331261937462,14.96,33.09854749919674,1.4367929649579263
heavy,1011,1.0,GAN-JCSO,30,38.83430608490036,81.13866561527962,14.96,14.96,28.811466862978794,1.255519740282123
heavy,1011,1.0,GAN-JCSO,40,15.433820374255456,93.55280892079298,8.14452649354359,14.96,31.032764077779774,1.3525855124821584
heavy,1011,1.0,GAN-JCSO,50,7.254161524497233,97.06851966122285,5.352371625139107,14.96,33.20379476368775,1.4475145780050738
heavy,1011,1.0,GAN-RB,30,27.559716246038747,87.44436491518199,9.772006298233169,14.96,28.81303033945154,1.259247638682882
heavy,1011,1.0,GAN-RB,40,16.53989787304409,93.48390203867724,8.8,14.96,31.07880381194041,1.3583686068170575
heavy,1011,1.0,GAN-RB,50,10.86301337070089,95.71432664798289,8.526745061546427,14.96,33.263636215369694,1.4540276699642196
heavy,1011,1.0,QuantileMLP-JCSO,30,36.404534256761806,81.63504394425402,14.96,14.96,28.829363514455675,1.253974362801624
heavy,1011,1.0,QuantileMLP-JCSO,40,17.164468160190925,92.12620563258349,10.030951525169762,14.96,31.049073178732186,1.3507954303053022
heavy,1011,1.0,QuantileMLP-JCSO,50,5.393315061610355,97.70833333333331,4.554425313211534,14.96,33.19921075063161,1.4446590695605364
heavy,1011,1.0,QuantileMLP-RB,30,28.575197597438738,86.62053771483686,12.169014676321156,14.96,28.91587099946483,1.2588779680239564
heavy,1011,1.0,QuantileMLP-RB,40,7.554777561043233,96.80237508127547,5.6081670918837165,14.96,31.105771327225074,1.3545084139274053
heavy,1011,1.0,QuantileMLP-RB,50,5.590285249819006,97.45659535421191,4.934278139768675,14.96,33.26250611106253,1.448722410758296
heavy,1012,0.82,Diffusion-JCSO,30,12.23852102156257,95.89498293743372,8.080081465175724,14.96,34.15204272355439,1.2390424572436995
heavy,1012,0.82,Diffusion-JCSO,40,7.378065538434159,97.1239781538553,6.3062567747684515,14.96,36.57088888440758,1.3274639431960682
heavy,1012,0.82,Diffusion-JCSO,50,6.010510723414256,97.50778898581311,6.045726123203992,14.96,38.90976884921959,1.4130489329410305
heavy,1012,0.82,Diffusion-RB,30,10.318980853987206,96.26953716253588,7.670521698804381,14.96,33.942431398870994,1.2309609783261342
heavy,1012,0.82,Diffusion-RB,40,7.780381099935308,96.75752371115425,6.814412978805913,14.96,36.22028601589019,1.3142107971158525
heavy,1012,0.82,Diffusion-RB,50,6.8501781743874295,97.23049616409308,6.18707978009989,14.96,38.48389895642298,1.3969883342569829
heavy,1012,0.82,GAN-JCSO,30,11.388948557602777,95.92921859739616,7.159503227703959,14.96,34.26404632481313,1.244955207474093
heavy,1012,0.82,GAN-JCSO,40,8.372405180217523,96.77603792791298,6.143268663901031,14.96,36.67187019847728,1.3330819304530408
heavy,1012,0.82,GAN-JCSO,50,7.0815366160436595,97.08405202024919,6.03479903674707,14.96,38.99530818415641,1.4182376015664693
heavy,1012,0.82,GAN-RB,30,19.791032403615542,93.22520296417636,8.8,14.96,34.73671569622188,1.2552365978950446
heavy,1012,0.82,GAN-RB,40,12.276936741905986,95.21487996656029,8.79799938912378,14.96,37.5019047380343,1.355506038091515
heavy,1012,0.82,GAN-RB,50,9.948317334398148,96.24238780906748,8.336639944208702,14.96,40.003539266768826,1.446348543799123
heavy,1012,0.82,QuantileMLP-JCSO,30,10.626900112710336,96.09671552549949,7.780616609731896,14.96,34.11572219485877,1.239416870093972
heavy,1012,0.82,QuantileMLP-JCSO,40,7.389970669169223,97.00234506566565,6.333303309677461,14.96,36.50319188081572,1.3268210570605339
heavy,1012,0.82,QuantileMLP-JCSO,50,6.559784568462158,97.29166666666669,6.03216497743198,14.96,38.81519866121859,1.4115403186573565
heavy,1012,0.82,QuantileMLP-RB,30,11.029573343339273,96.28673777611014,7.1196553804988705,14.96,33.8432032858192,1.228583855111142
heavy,1012,0.82,QuantileMLP-RB,40,7.790044522123811,96.66666666666669,6.489836579810985,14.96,36.183914587054765,1.3141498714364368
heavy,1012,0.82,QuantileMLP-RB,50,6.666666666666667,96.875,6.464954765554256,14.96,38.36158273618507,1.3939060048664633
heavy,1012,1.0,Diffusion-JCSO,30,32.90525871764541,83.31283025106565,11.18088913724021,14.96,28.79267678258635,1.2722163721662143
heavy,1012,1.0,Diffusion-JCSO,40,4.052550895208864,98.38405145398123,4.423808199897205,7.24599514417832,30.87985025177172,1.3649732940039132
heavy,1012,1.0,Diffusion-JCSO,50,2.033123405869415,99.27008397098558,4.116421327987768,5.428726881423614,32.88572528369113,1.4542402435402968
heavy,1012,1.0,Diffusion-RB,30,12.333238687115262,94.93621451525102,6.339047203033315,14.96,28.64081906999093,1.2652711974142767
heavy,1012,1.0,Diffusion-RB,40,4.981672078307653,97.90999684320944,4.787880181145039,8.518632537508243,30.719179564814265,1.3575065441484502
heavy,1012,1.0,Diffusion-RB,50,2.946677148689855,98.94832983932561,4.271649942928416,5.733027286736109,32.66627226642608,1.4440655498661639
heavy,1012,1.0,GAN-JCSO,30,34.6234869112006,83.67850044801418,12.395503526897022,14.96,28.803951685832992,1.274790084924308
heavy,1012,1.0,GAN-JCSO,40,9.084331932761998,95.73833406619042,5.039495750995732,9.273087518464031,30.923201502195205,1.3690653579897076
heavy,1012,1.0,GAN-JCSO,50,3.2820334800573514,98.67148325997134,4.154322186773326,5.7954007911716285,32.96123154197648,1.4598544241802132
heavy,1012,1.0,GAN-RB,30,14.194729452016642,95.44270148403285,7.110395661573931,12.042453275617927,28.952997140766207,1.2751695837917598
heavy,1012,1.0,GAN-RB,40,8.406351005752956,96.87285606321491,5.86686031422903,8.948143595199518,31.356782631667855,1.3811955056020881
heavy,1012,1.0,GAN-RB,50,5.839402920341294,98.123482603248,4.930106509569235,8.8,33.546596784970234,1.4778807622800607
heavy,1012,1.0,QuantileMLP-JCSO,30,20.78780366901628,90.56494080145387,8.171657193594541,14.96,28.731190819338778,1.271297437793649
heavy,1012,1.0,QuantileMLP-JCSO,40,4.768599751671694,97.8265964480525,4.574867749736303,10.283163121452386,30.8108357316334,1.3638312591828594
heavy,1012,1.0,QuantileMLP-JCSO,50,2.764419342934876,98.95833333333334,4.161123927594587,5.720000000000001,32.8306930176189,1.4538232136352982
heavy,1012,1.0,QuantileMLP-RB,30,12.324966070848928,94.98824726911214,6.862048941559562,14.96,28.571294884661988,1.2634459125885171
heavy,1012,1.0,QuantileMLP-RB,40,7.438026410705761,96.86610010665039,5.566003023511917,14.238847386483178,30.696422334444183,1.357822642252211
heavy,1012,1.0,QuantileMLP-RB,50,3.0467666473492545,98.61990001931743,4.327405045451003,7.418031006608552,32.62445852319738,1.4436521461906988
heavy,1013,0.82,Diffusion-JCSO,30,18.243291456088023,93.76800837544906,8.8,14.96,34.99975482843799,1.2031780374299883
heavy,1013,0.82,Diffusion-JCSO,40,12.990009671178495,94.9428548401956,8.8,14.96,37.423998058058984,1.2873791883786487
heavy,1013,0.82,Diffusion-JCSO,50,9.14091629143404,95.98950010720934,8.8,14.96,39.78750821910571,1.3695026750085606
heavy,1013,0.82,Diffusion-RB,30,20.819038952851034,94.24488600349252,8.8,14.96,33.7432499471981,1.1586437740807085
heavy,1013,0.82,Diffusion-RB,40,13.839340722036695,94.85118436421814,8.8,14.96,35.98898661459485,1.2365373260005441
heavy,1013,0.82,Diffusion-RB,50,11.619773744109494,95.2317797946119,8.8,14.96,38.214283452096694,1.3137372458513268
heavy,1013,0.82,GAN-JCSO,30,22.232675408460498,93.09784689543142,8.8,14.96,35.193555202071096,1.2085928825741203
heavy,1013,0.82,GAN-JCSO,40,13.780676765527618,95.02099711461113,8.8,14.96,37.66259620483708,1.2942410478485336
heavy,1013,0.82,GAN-JCSO,50,9.711934474999339,95.85611395952401,8.76360453027907,14.96,40.04192142177298,1.3768176065006588
heavy,1013,0.82,GAN-RB,30,32.60774837890523,90.29390117498488,9.804307589027216,14.96,34.91465118907967,1.1938909887857914
heavy,1013,0.82,GAN-RB,40,18.58164301769348,94.36309346852386,8.8,14.96,37.022981955711145,1.2667249912309917
heavy,1013,0.82,GAN-RB,50,13.505623513574317,95.24091686485674,8.8,14.96,38.81247463054197,1.3287338252553975
heavy,1013,0.82,QuantileMLP-JCSO,30,16.699394946270115,93.74454528673274,8.8,14.96,35.40522788019165,1.2184405426929765
heavy,1013,0.82,QuantileMLP-JCSO,40,11.574834421192689,95.37374521324482,8.8,14.96,37.84671079611044,1.303324621208613
heavy,1013,0.82,QuantileMLP-JCSO,50,8.958333333333334,95.83333333333334,8.8,14.96,40.23723977590195,1.3864531152199067
heavy,1013,0.82,QuantileMLP-RB,30,18.68415758337151,94.15434217013093,8.8,14.96,34.7361851183647,1.1925830905857158
heavy,1013,0.82,QuantileMLP-RB,40,12.936028589099951,95.1080162444196,8.8,14.96,36.740610673276,1.262211539841685
heavy,1013,0.82,QuantileMLP-RB,50,11.20152511613896,95.41666666666669,8.8,14.96,38.90912524797259,1.3374642935772119
heavy,1013,1.0,Diffusion-JCSO,30,31.629554840169416,85.42406302658414,11.550034327104223,14.96,29.821281615636387,1.2478627016999961
heavy,1013,1.0,Diffusion-JCSO,40,11.740074531322135,94.89291953831841,5.9736423289407234,14.96,31.83191092155402,1.3329105542356425
heavy,1013,1.0,Diffusion-JCSO,50,5.833333333333333,97.5,5.029603055866597,14.96,33.79451259266455,1.4160016773909851
heavy,1013,1.0,Diffusion-RB,30,19.541155560386226,93.68069752952236,7.394054388515741,14.96,29.100570174969775,1.2165989328914524
heavy,1013,1.0,Diffusion-RB,40,10.750322645469865,95.87855304808627,5.746155910381683,14.96,30.82097173163393,1.289255879621698
heavy,1013,1.0,Diffusion-RB,50,7.850744690773729,96.98470212369051,5.229790153075782,14.96,32.56145856137578,1.362834809710027
heavy,1013,1.0,GAN-JCSO,30,40.81720540475414,80.72376295524151,14.96,14.96,29.968962558781804,1.2528366577070413
heavy,1013,1.0,GAN-JCSO,40,21.3498663349456,90.15840016586056,9.012122885995439,14.96,32.04343552374889,1.3404028748017538
heavy,1013,1.0,GAN-JCSO,50,8.185872063804368,96.45463281524027,5.522295541740806,14.96,34.01145064603871,1.423624732583216
heavy,1013,1.0,GAN-RB,30,42.12034758476358,82.89240723162978,13.17069211076819,14.96,29.9981747830425,1.249569102545311
heavy,1013,1.0,GAN-RB,40,20.670227661157725,90.8918631008858,8.882951067093323,14.96,32.079200345413796,1.336672469200469
heavy,1013,1.0,GAN-RB,50,9.323826951754175,95.93735995614038,5.663445018289293,14.96,33.857341616519165,1.411299688107784
heavy,1013,1.0,QuantileMLP-JCSO,30,22.283263505706483,90.11670426615802,9.744506863291402,14.96,30.059532899161198,1.2593617925129323
heavy,1013,1.0,QuantileMLP-JCSO,40,7.9342043111466865,96.94152150369777,5.187042957788405,14.96,32.13542873710835,1.3471316124658637
heavy,1013,1.0,QuantileMLP-JCSO,50,5.833333333333333,97.29166666666669,5.089170655038362,14.96,34.136947595498846,1.4319053046828125
heavy,1013,1.0,QuantileMLP-RB,30,14.65518042494644,93.70689174503214,8.395260551162405,14.96,29.971571865719014,1.2533077909319261
heavy,1013,1.0,QuantileMLP-RB,40,6.761772203183462,96.97869924028154,5.740178207925415,14.96,31.93391397605816,1.3357900438803345
heavy,1013,1.0,QuantileMLP-RB,50,6.75966512835461,97.08333333333331,5.350892173158333,14.96,33.6891673469056,1.4098527860865566
heavy,1014,0.82,Diffusion-JCSO,30,22.999092958937844,90.67884288531204,14.96,25.82073375383049,33.81989467458642,1.15474847871445
heavy,1014,0.82,Diffusion-JCSO,40,15.399872870480298,92.24875706549324,14.96,25.822334630671385,36.141312354955055,1.2347127851166024
heavy,1014,0.82,Diffusion-JCSO,50,12.378266583640158,93.0512666874233,14.96,25.82662066818516,38.37530227643833,1.3116808510547895
heavy,1014,0.82,Diffusion-RB,30,26.72923489813194,90.25377547306691,14.96,25.836003344654472,33.157335009200224,1.1315262840990798
heavy,1014,0.82,Diffusion-RB,40,19.56764592320687,91.66666666666666,14.96,25.82627435807729,35.36334170459505,1.2074509058139025
heavy,1014,0.82,Diffusion-RB,50,16.395275623830507,91.92468830773024,14.96,25.823018405453254,37.43543720786339,1.278834036941833
heavy,1014,0.82,GAN-JCSO,30,20.70327061660118,91.40101254334643,14.96,25.87084114849338,34.04530658835897,1.161983733293986
heavy,1014,0.82,GAN-JCSO,40,15.123675961366683,92.37956387825668,14.96,25.87397557643162,36.387122179427095,1.2426621350184692
heavy,1014,0.82,GAN-JCSO,50,12.611101541494667,93.13333620421828,14.96,25.879878668559304,38.63473587896457,1.3201222380053108
heavy,1014,0.82,GAN-RB,30,17.712373783282274,92.08252524334354,14.96,26.18378858852496,34.37167529972089,1.1721063269876064
heavy,1014,0.82,GAN-RB,40,13.879383631728867,92.93245660698757,14.96,26.161346566920567,36.756247187957506,1.2541707325196743
heavy,1014,0.82,GAN-RB,50,11.44264205782088,93.54951230442289,14.96,26.1430552296911,39.04680114997303,1.333041229104076
heavy,1014,0.82,QuantileMLP-JCSO,30,21.66066483859506,91.0108285044127,14.96,25.88904168516348,33.93637060994613,1.1579587724540514
heavy,1014,0.82,QuantileMLP-JCSO,40,15.061179788099512,92.17616104319545,14.96,25.892679823242048,36.27953362831803,1.2386301031260545
heavy,1014,0.82,QuantileMLP-JCSO,50,12.276194335077454,93.15158644405686,14.96,26.02225006765604,38.5614174319263,1.3172761566559532
heavy,1014,0.82,QuantileMLP-RB,30,21.80331221081402,91.4527655257652,14.96,25.910480597058935,33.4944296097192,1.1423480482007693
heavy,1014,0.82,QuantileMLP-RB,40,15.85669188555289,92.28954316191945,14.96,25.910335448833337,35.74159160488424,1.2197521786662822
heavy,1014,0.82,QuantileMLP-RB,50,13.623303330560988,92.75036357202265,14.96,25.914040870088154,37.9438124665312,1.2955734388709224
heavy,1014,1.0,Diffusion-JCSO,30,34.32083700637245,85.39881360310761,14.96,18.751739804583185,28.735169718367832,1.194531436620802
heavy,1014,1.0,Diffusion-JCSO,40,12.650293309592408,94.26639616865418,10.845850891351816,18.602188530039893,30.717687279072315,1.2777447939337487
heavy,1014,1.0,Diffusion-JCSO,50,7.547089069798656,96.1107713510387,8.022317489346669,18.543865700676957,32.626535523017914,1.357874792281879
heavy,1014,1.0,Diffusion-RB,30,62.65194382796755,64.85816710380483,14.96,19.519367863127968,28.45701940890327,1.1823839455730218
heavy,1014,1.0,Diffusion-RB,40,36.194753063040395,82.3166972032584,14.96,19.43145438779341,30.21999338356606,1.2564224532248838
heavy,1014,1.0,Diffusion-RB,50,13.169102890639788,93.79672477350879,10.943351815073175,19.40214457769378,31.941193284124033,1.328696427136142
heavy,1014,1.0,GAN-JCSO,30,26.01623805678346,89.0509559900795,14.96,19.402918009311577,28.87468647043975,1.1998636504276121
heavy,1014,1.0,GAN-JCSO,40,13.077848583911333,94.18552723310212,12.902813554287453,18.561577453427603,30.884373674054896,1.284128366554978
heavy,1014,1.0,GAN-JCSO,50,7.76422146071983,96.19156689511738,8.466337246525242,18.567589492524835,32.815199203776544,1.3651614688081064
heavy,1014,1.0,GAN-RB,30,26.69147576844002,85.9903335902249,14.96,20.045289467243997,29.134484456017574,1.2097718571585645
heavy,1014,1.0,GAN-RB,40,12.797959403711308,93.70406845740419,14.219814517918213,20.011211806486983,31.122401043413383,1.2930144431534685
heavy,1014,1.0,GAN-RB,50,7.137513701985848,96.22290981567373,9.640085433184549,19.988797360886995,33.0647624491118,1.3744170486303073
heavy,1014,1.0,QuantileMLP-JCSO,30,32.40419980845257,85.87390407278802,14.96,20.637224785280665,28.789370432819634,1.196011957390826
heavy,1014,1.0,QuantileMLP-JCSO,40,13.364808170163425,93.56804555544443,13.197564034581651,19.403808502542425,30.778553519645577,1.2794231799129234
heavy,1014,1.0,QuantileMLP-JCSO,50,7.827517558330107,95.80910909635519,9.624169612748652,19.379084463222167,32.7095786796207,1.3604230985659687
heavy,1014,1.0,QuantileMLP-RB,30,20.213703378881775,91.79523631555652,14.96,21.46334176607551,28.496064402748765,1.183354905060614
heavy,1014,1.0,QuantileMLP-RB,40,15.09268255210573,92.85269084820362,14.462708547285242,20.9995647617894,30.3945168631476,1.2629475350072028
heavy,1014,1.0,QuantileMLP-RB,50,8.936079730070919,95.37983447120567,10.986711904292388,20.023503835139522,32.2564066328347,1.3409986847659106
heavy,1015,0.82,Diffusion-JCSO,30,22.21172318928105,92.43832028965309,9.282082102375957,14.96,34.889674197400616,1.1728755149796568
heavy,1015,0.82,Diffusion-JCSO,40,14.091010068225579,94.4104987414718,8.937315983433132,14.96,37.16409561493248,1.2504575712855748
heavy,1015,0.82,Diffusion-JCSO,50,10.690336814518473,94.89204662442329,8.8,14.96,39.37184830945377,1.3258060399622114
heavy,1015,0.82,Diffusion-RB,30,19.303654987524375,93.36829312655944,12.02210561764035,14.96,34.42416550043752,1.1573783044738344
heavy,1015,0.82,Diffusion-RB,40,13.217658153224495,94.33079020063572,11.990268876844585,14.96,36.656698718488215,1.2334921158934118
heavy,1015,0.82,Diffusion-RB,50,10.766331207287177,94.60008386484485,11.75498409065159,14.96,38.81706314798812,1.3071489298587613
heavy,1015,0.82,GAN-JCSO,30,23.014440645102265,91.80835987998098,9.835788443748003,14.96,35.2827857222828,1.186178158536094
heavy,1015,0.82,GAN-JCSO,40,14.467420184301666,93.93283811007768,8.94976765835359,14.96,37.61588104509716,1.2657458504143149
heavy,1015,0.82,GAN-JCSO,50,11.525419860661387,94.67072836816797,8.917511577505193,14.96,39.85858096128954,1.342306048718302
heavy,1015,0.82,GAN-RB,30,20.59145861543575,92.26253467520515,12.03579772059413,14.96,35.24783570024605,1.1827150656398342
heavy,1015,0.82,GAN-RB,40,13.758959514720605,94.14857344532086,11.996449215214746,14.96,37.57329094462043,1.261795793170951
heavy,1015,0.82,GAN-RB,50,10.407526795912515,94.90943848979721,9.609514253178263,14.96,39.80835175166636,1.3378530178118413
heavy,1015,0.82,QuantileMLP-JCSO,30,18.104132318385556,92.86980025373694,10.241651168470874,14.96,35.30826779517066,1.1883953205417392
heavy,1015,0.82,QuantileMLP-JCSO,40,12.029012029533455,94.26086426075997,8.950154655865022,14.96,37.509437487535926,1.2635800803553625
heavy,1015,0.82,QuantileMLP-JCSO,50,10.402943920166434,94.59156698123346,8.946915187103906,14.96,39.61747938732945,1.3355831209961948
heavy,1015,0.82,QuantileMLP-RB,30,16.51768152308271,93.60306157147402,12.032964808004353,14.96,34.956307942350236,1.1755942848492615
heavy,1015,0.82,QuantileMLP-RB,40,11.706463253337695,94.45291526095112,11.998365628597053,14.96,37.1861666164365,1.2516375619443303
heavy,1015,0.82,QuantileMLP-RB,50,10.0,94.79166666666666,8.95071090777551,14.96,39.29903595438058,1.3236721606911872
heavy,1015,1.0,Diffusion-JCSO,30,51.219465162902914,75.76832090225825,14.96,14.96,29.87575237938054,1.2219977412809375
heavy,1015,1.0,Diffusion-JCSO,40,14.939509756997822,94.06586276386756,8.43802650178233,14.96,31.82510023157179,1.3028500394911746
heavy,1015,1.0,Diffusion-JCSO,50,8.353862211056258,96.6094511139026,6.197906273388415,14.96,33.69995197278136,1.3807150142791462
heavy,1015,1.0,Diffusion-RB,30,37.494505193694785,84.55828126254733,14.96,14.961142191433817,29.475582229695984,1.2060036898339463
heavy,1015,1.0,Diffusion-RB,40,13.324235142073732,94.77090317679317,9.63685559471165,14.96,31.47375547265096,1.2887088739581687
heavy,1015,1.0,Diffusion-RB,50,8.560140398624192,96.29746490034395,7.854147532706441,14.96,33.2344845002303,1.3618522080794335
heavy,1015,1.0,GAN-JCSO,30,57.590103308242256,71.8020751821395,14.96,14.96,30.14843220502513,1.2334202661467624
heavy,1015,1.0,GAN-JCSO,40,18.360347565958598,92.35514504577638,11.328010361711778,14.96,32.188891352655,1.3178624641531547
heavy,1015,1.0,GAN-JCSO,50,9.156812407021162,96.39107872436567,7.441050544248725,14.96,34.092217941478836,1.3969057015932358
heavy,1015,1.0,GAN-RB,30,20.09286273591833,92.91329804131391,9.042505378516562,14.96,30.12785961023468,1.2306027579713061
heavy,1015,1.0,GAN-RB,40,11.184681755282465,95.90174622784605,8.54413630407574,14.96,32.15037597778819,1.3140172508861663
heavy,1015,1.0,GAN-RB,50,8.050146991821752,96.63700437218777,6.357841594893524,14.96,34.05045851904911,1.3925971821213
heavy,1015,1.0,QuantileMLP-JCSO,30,37.16479722807234,82.56162229874582,14.96,14.96,30.162938859085834,1.2354245618319368
heavy,1015,1.0,QuantileMLP-JCSO,40,14.427251983213763,93.3589819998554,9.412349236622465,14.96,32.21334514172044,1.3202914471365654
heavy,1015,1.0,QuantileMLP-JCSO,50,7.987111859847353,96.33273288409158,6.276553337872618,14.96,34.09813498287918,1.3986672976850418
heavy,1015,1.0,QuantileMLP-RB,30,18.448018574506506,93.0232483462526,10.676945167108371,14.96,30.015875977456215,1.2284075584501135
heavy,1015,1.0,QuantileMLP-RB,40,9.214574847585267,96.23403060636046,8.31693328519065,14.96,32.01534738798501,1.3110843741168576
heavy,1015,1.0,QuantileMLP-RB,50,7.816381250162861,96.45833333333331,6.400910698461988,14.96,33.738214224329006,1.3828571037357733
heavy,1016,0.82,Diffusion-JCSO,30,18.992992395672974,92.90222539069181,11.482756809264577,14.96,33.92998523467075,1.218644556581938
heavy,1016,0.82,Diffusion-JCSO,40,10.581501309710589,95.30698472942026,10.044871591126562,14.96,36.35768483747021,1.3064853437743174
heavy,1016,0.82,Diffusion-JCSO,50,8.2247763962894,95.80007453457021,10.095241164964087,14.96,38.72100792087483,1.3920174654712738
heavy,1016,0.82,Diffusion-RB,30,19.33840979738885,93.44120645735639,8.808885927095254,14.96,33.235190457061044,1.1926416870224719
heavy,1016,0.82,Diffusion-RB,40,11.821828364125507,95.68793532101647,8.956845806044763,14.96,35.53991517264479,1.275915382595023
heavy,1016,0.82,Diffusion-RB,50,7.765345678667586,96.84551714681471,8.938742467699905,14.96,37.75025346477442,1.3557223491853176
heavy,1016,0.82,GAN-JCSO,30,20.56389088249599,93.15382667316764,10.404467180737232,14.96,34.19191254194501,1.2266519323817455
heavy,1016,0.82,GAN-JCSO,40,12.343608472540895,95.48441745823773,10.238171827987527,14.96,36.68428779925506,1.316692645376224
heavy,1016,0.82,GAN-JCSO,50,8.044585436215682,96.05506909396406,10.220260753428933,14.96,39.10805793139195,1.4042911046843671
heavy,1016,0.82,GAN-RB,30,33.97992476654956,87.8756469430897,13.382795544429634,14.96,34.03590174285363,1.2122487645736628
heavy,1016,0.82,GAN-RB,40,21.99803704398503,92.41257298188853,10.350335145594874,14.96,36.18954329339231,1.2896033577446182
heavy,1016,0.82,GAN-RB,50,18.359643579111392,93.84758910522216,10.322913816991147,14.96,37.966066723625886,1.3535754478374267
heavy,1016,0.82,QuantileMLP-JCSO,30,14.50269896066138,94.8579734719118,9.674942872874732,14.96,33.96671968636066,1.221183042948866
heavy,1016,0.82,QuantileMLP-JCSO,40,9.55516133996103,95.3740360947647,10.007887609125062,14.96,36.320996694093616,1.306360332336765
heavy,1016,0.82,QuantileMLP-JCSO,50,8.151695674407948,95.81998549612936,9.996547669655737,14.96,38.62704361846184,1.3898510904749852
heavy,1016,0.82,QuantileMLP-RB,30,12.8368047262555,95.4506656820301,8.915206216488434,14.96,33.817205717722096,1.2152423548872722
heavy,1016,0.82,QuantileMLP-RB,40,8.038239594526681,96.237842707214,10.23366779837257,14.96,36.12771335010877,1.298782250155272
heavy,1016,0.82,QuantileMLP-RB,50,6.532862597337776,96.54386768399888,10.02344347316532,14.96,38.411920751137025,1.3813562593791073
heavy,1016,1.0,Diffusion-JCSO,30,51.299751972123225,71.39506499836598,14.96,14.96,28.844754192611312,1.2614077171567484
heavy,1016,1.0,Diffusion-JCSO,40,15.553271019144152,91.11607273248714,9.125599228916396,14.96,30.858611286777734,1.3502690844050358
heavy,1016,1.0,Diffusion-JCSO,50,4.206975953309566,97.35962580631083,5.136232866838009,13.171454614715048,32.82263602667953,1.4369142889723696
heavy,1016,1.0,Diffusion-RB,30,30.27808264207246,84.2732441943649,13.092752103443335,14.96,28.35108219187772,1.2388614252846775
heavy,1016,1.0,Diffusion-RB,40,11.305494004546935,95.48456780044683,6.3587949640083785,14.96,30.185189822117295,1.3196750000230182
heavy,1016,1.0,Diffusion-RB,50,1.9404380312081662,99.375,4.050606697610377,5.652686596948371,32.06804651491246,1.4026390680119973
heavy,1016,1.0,GAN-JCSO,30,13.210542612715024,96.00500554693167,6.100316280947506,8.821254823300485,28.961418790802924,1.265217850535421
heavy,1016,1.0,GAN-JCSO,40,5.531895314021233,98.62145607621989,4.76189907784548,7.159053961911781,31.035413706600036,1.35647581052737
heavy,1016,1.0,GAN-JCSO,50,2.073862415962319,99.0293562640063,4.445878125018187,6.93586249441975,33.059220212823014,1.4455796416661333
heavy,1016,1.0,GAN-RB,30,21.722056134020747,94.08760732444341,8.515971520416063,14.192125125450556,28.942324249078222,1.2561796956556586
heavy,1016,1.0,GAN-RB,40,12.110576285035155,96.98237206831824,6.161881475875185,8.8,31.180003664319283,1.3535294144783785
heavy,1016,1.0,GAN-RB,50,7.411253830144474,98.5442987201318,5.07164355076205,8.250251806647398,33.15308488066509,1.439486901965121
heavy,1016,1.0,QuantileMLP-JCSO,30,35.75738851179568,81.9017078784611,11.202547619685747,14.96,28.935529396413134,1.2667805399778278
heavy,1016,1.0,QuantileMLP-JCSO,40,8.891537323617051,95.25683954682845,5.6059957536002365,14.342779613355066,30.932441315261837,1.354991674000627
heavy,1016,1.0,QuantileMLP-JCSO,50,2.527359486644513,98.66231589779257,4.107264626443432,6.443445039368521,32.88558113346138,1.4412554846407888
heavy,1016,1.0,QuantileMLP-RB,30,12.546492004820562,94.73576873577106,6.600166026848775,14.96,28.732207966085223,1.2573057523870428
heavy,1016,1.0,QuantileMLP-RB,40,2.946567220757299,98.57137311169707,4.322999791252675,9.062412693568758,30.70722569300688,1.3444649047985942
heavy,1016,1.0,QuantileMLP-RB,50,0.796782649946446,99.3320543375134,4.07290595818709,5.786118697010932,32.65080399343963,1.4302673700159865
heavy,1017,0.82,Diffusion-JCSO,30,18.738481797412053,91.79664382603916,14.96,14.975708593304859,35.368073341572305,1.156026999361763
heavy,1017,0.82,Diffusion-JCSO,40,14.79411729872144,92.2914216034612,14.96,14.970426762600168,37.70650503659093,1.2332889924555734
heavy,1017,0.82,Diffusion-JCSO,50,13.703568084289426,92.4008517733998,14.96,14.966201351353382,39.938592263236956,1.306985799471805
heavy,1017,0.82,Diffusion-RB,30,22.04397621002773,90.83371151216345,14.96,14.998447970380816,34.35356816934577,1.1219495869642349
heavy,1017,0.82,Diffusion-RB,40,16.24529861857639,91.95371267267794,14.96,14.986249308011761,36.60422606757731,1.1962761615560928
heavy,1017,0.82,Diffusion-RB,50,14.097725508950198,92.45353594146104,14.96,14.97779145881107,38.83461832878714,1.2698930102121764
heavy,1017,0.82,GAN-JCSO,30,18.40760386797348,91.30706602200442,14.96,14.979003828347496,35.635153472994716,1.1650366735395783
heavy,1017,0.82,GAN-JCSO,40,15.927275235213338,91.74734785786333,14.96,14.973635356371105,38.022825293889824,1.2439245017649396
heavy,1017,0.82,GAN-JCSO,50,14.797989535797276,92.12247085234777,14.96,14.96915042971023,40.30883171525968,1.319451597479733
heavy,1017,0.82,GAN-RB,30,17.796814951347667,91.53497881647414,14.96,15.01574937545659,36.03074150034501,1.1765463984585238
heavy,1017,0.82,GAN-RB,40,14.662488132512145,92.04375593374392,14.96,15.002603844006945,38.47956136877171,1.2573131778076034
heavy,1017,0.82,GAN-RB,50,13.166781574580304,92.64580460635493,14.96,14.993045892513507,40.87515696659879,1.3363574466465657
heavy,1017,0.82,QuantileMLP-JCSO,30,19.456721292726474,91.64188160541426,14.96,14.969529175605986,35.67497220946415,1.1662847739056026
heavy,1017,0.82,QuantileMLP-JCSO,40,15.73226085097955,91.875,14.96,14.964772284803123,38.05765278063485,1.244953059355904
heavy,1017,0.82,QuantileMLP-JCSO,50,14.590861130794595,92.15863540928534,14.96,14.961116649265314,40.32378155297708,1.3197915666159978
heavy,1017,0.82,QuantileMLP-RB,30,19.220323493625028,91.1240008199757,14.96,14.981575258999865,35.30530858217635,1.1537145742888448
heavy,1017,0.82,QuantileMLP-RB,40,15.797921583570506,92.01416469990511,14.96,14.972534569402265,37.648012857595866,1.2310729354577334
heavy,1017,0.82,QuantileMLP-RB,50,14.553008072263733,92.1628861981343,14.96,14.96577021345253,39.89441768718139,1.3052385557285224
heavy,1017,1.0,Diffusion-JCSO,30,47.483566301287674,75.3799509152702,14.96,16.971950565071715,30.155210794058203,1.1996216899931833
heavy,1017,1.0,Diffusion-JCSO,40,22.92612413719933,87.93890624725833,14.428400557807388,14.96,32.193936031464965,1.2816600273322758
heavy,1017,1.0,Diffusion-JCSO,50,9.249168319402424,95.02416595835135,8.7813205047663,14.96,34.09808526689337,1.3584147128153077
heavy,1017,1.0,Diffusion-RB,30,33.14553589205586,83.26702042956221,14.96,17.417594004760627,29.547570411338135,1.1747487766717992
heavy,1017,1.0,Diffusion-RB,40,24.906577312000543,87.70219391695208,14.96,15.012963841914113,31.321424075145384,1.2460185738088456
heavy,1017,1.0,Diffusion-RB,50,12.39706256752141,93.47340517794868,12.751508420083876,14.96,33.1437187719466,1.3193068435415676
heavy,1017,1.0,GAN-JCSO,30,45.5661770235847,75.86514575935385,14.96,14.96,30.401639544397586,1.2097209861851905
heavy,1017,1.0,GAN-JCSO,40,18.019781081355454,90.63516579334227,11.689982877131047,14.96,32.406032077545,1.2904390907725465
heavy,1017,1.0,GAN-JCSO,50,9.827795551597543,94.79418384018292,8.8,14.96,34.3546710659475,1.3689195410322794
heavy,1017,1.0,GAN-RB,30,16.720313625543337,92.51467478163903,14.96,14.96,30.70389271735016,1.2209540154510021
heavy,1017,1.0,GAN-RB,40,10.029217308690743,94.51313124103997,10.236992068985904,14.96,32.793874246693946,1.304608092100031
heavy,1017,1.0,GAN-RB,50,7.5304026020852035,95.625,6.801996566596074,14.96,34.75124602870565,1.3831611994565445
heavy,1017,1.0,QuantileMLP-JCSO,30,42.388762689567386,79.27073013433255,14.96,15.288506221864901,30.412396648131864,1.2101483202051992
heavy,1017,1.0,QuantileMLP-JCSO,40,16.926399425760504,91.23486696154639,14.335129141105043,14.96,32.45190999384771,1.2922570751606082
heavy,1017,1.0,QuantileMLP-JCSO,50,9.468878187338063,94.99083734641489,8.781289638461523,14.96,34.40169005683687,1.3707950156574191
heavy,1017,1.0,QuantileMLP-RB,30,21.527862787370548,89.7684901819876,14.96,14.96,30.198896957872318,1.201268017582755
heavy,1017,1.0,QuantileMLP-RB,40,10.368185710125765,94.66893809662473,8.80410625332029,14.96,32.17759564573989,1.2807792771498738
heavy,1017,1.0,QuantileMLP-RB,50,8.355515993151732,95.33982800228276,8.8,14.96,34.07006184507778,1.3569800033455852
heavy,1018,0.82,Diffusion-JCSO,30,25.122711923744852,90.39282982634955,14.96,23.41096181230147,33.87235867161642,1.1924338270275345
heavy,1018,0.82,Diffusion-JCSO,40,17.32949731620129,92.42425044729978,14.96,23.353070177923986,36.35449926030894,1.2804259551197168
heavy,1018,0.82,Diffusion-JCSO,50,13.769025249492845,92.91666666666669,14.96,23.313414571685744,38.75935983879546,1.3657249669408245
heavy,1018,0.82,Diffusion-RB,30,22.934207293314373,90.91496161234919,14.96,23.565303634251485,33.30468924207108,1.1702254156836656
heavy,1018,0.82,Diffusion-RB,40,16.804775353510312,92.58605967915322,14.96,23.4150665786113,35.72964138813293,1.2559880489237698
heavy,1018,0.82,Diffusion-RB,50,13.385084756230986,93.125,14.96,23.36749748596016,37.96402092290803,1.3351056325869881
heavy,1018,0.82,GAN-JCSO,30,29.769988801743494,89.54860673455936,14.96,23.416905221769042,33.875684769871796,1.1941864474498354
heavy,1018,0.82,GAN-JCSO,40,20.84667062873691,91.7032710179649,14.96,23.380237521379414,36.36372251282428,1.282542096100826
heavy,1018,0.82,GAN-JCSO,50,15.25426986289122,92.63896598176143,14.96,23.325938921723388,38.76971655507648,1.368027812803292
heavy,1018,0.82,GAN-RB,30,27.000919626945468,90.21144595619977,14.96,23.442347031622134,33.84516432029164,1.191864591909162
heavy,1018,0.82,GAN-RB,40,20.249607934946823,92.20356974845016,14.96,23.38837164654891,36.31939929201446,1.2796236593987844
heavy,1018,0.82,GAN-RB,50,14.35409542566741,93.20645882330285,14.96,23.346520694566355,38.7117580328148,1.3645254164156249
heavy,1018,0.82,QuantileMLP-JCSO,30,25.343757350080974,90.52358917302253,14.96,23.428493244126642,33.72878410808756,1.1887254825466884
heavy,1018,0.82,QuantileMLP-JCSO,40,17.871849901191755,92.12376589654164,14.96,23.38632072988312,36.179397038267815,1.275741993807113
heavy,1018,0.82,QuantileMLP-JCSO,50,14.126025214635424,92.83739747853647,14.96,23.33530663166462,38.560851353891074,1.3603300665886033
heavy,1018,0.82,QuantileMLP-RB,30,23.030802938024586,90.78136764788826,14.96,22.998701210773376,33.52170048912977,1.1804036159718077
heavy,1018,0.82,QuantileMLP-RB,40,17.127922787868638,92.52339198268544,14.96,23.01771121404884,35.90753224879534,1.26504373207123
heavy,1018,0.82,QuantileMLP-RB,50,13.561496303156183,93.12004259087762,14.96,23.03197425843594,38.21107721500717,1.3467773517202093
heavy,1018,1.0,Diffusion-JCSO,30,31.41088406573882,87.46626616133459,12.34035596207467,14.96,28.745182518826148,1.2323210548343635
heavy,1018,1.0,Diffusion-JCSO,40,10.304716649126375,96.2722974902338,6.386130772465743,14.96,30.823532099764773,1.3220511782476227
heavy,1018,1.0,Diffusion-JCSO,50,5.642647428917936,97.70352039817388,5.644858599795811,12.751039244542707,32.85531943927588,1.4097870252167353
heavy,1018,1.0,Diffusion-RB,30,27.531818610490035,89.36684538987616,10.780844620485686,14.96,28.20891812610986,1.2071990837231028
heavy,1018,1.0,Diffusion-RB,40,10.411688155858826,96.5684589305575,6.0157100265164365,14.350914917278402,30.25795678520716,1.2954996494729087
heavy,1018,1.0,Diffusion-RB,50,5.67285038206953,97.91666666666666,5.6198232321516555,12.772142852062265,32.2380922129218,1.3808324888390142
heavy,1018,1.0,GAN-JCSO,30,37.25641529085857,85.0779112814573,13.318217656130473,14.96,28.792729964786115,1.235971489523178
heavy,1018,1.0,GAN-JCSO,40,11.635044764561986,96.36845234200683,6.120307937671166,11.903864730358046,30.88738087174207,1.3265464609673185
heavy,1018,1.0,GAN-JCSO,50,5.825293660153135,97.91896371614672,5.465455926601806,10.678844916214008,32.92482647087438,1.4146718424248317
heavy,1018,1.0,GAN-RB,30,17.299477324804148,95.16388954377335,6.587675956258807,14.96,28.70895667479888,1.2312328630363822
heavy,1018,1.0,GAN-RB,40,10.38886390098121,97.34280643774497,5.720000000000001,12.811339222320585,30.792142978339186,1.3212130402211164
heavy,1018,1.0,GAN-RB,50,5.25788607513185,98.32094514788369,5.343419474852037,12.770274178825359,32.82276703729009,1.408945322956849
heavy,1018,1.0,QuantileMLP-JCSO,30,36.08936042749734,84.47224475695359,12.33343056304992,14.96,28.673693495202127,1.2306038384842817
heavy,1018,1.0,QuantileMLP-JCSO,40,10.936832553684951,95.90640902824286,6.247262088680525,13.160244527248,30.739377527288703,1.319908511013597
heavy,1018,1.0,QuantileMLP-JCSO,50,5.177013007683756,97.92710677521652,5.444453671323076,10.661591170881737,32.7544989837699,1.4070595193049693
heavy,1018,1.0,QuantileMLP-RB,30,19.67719575182656,93.16553650028536,8.10049756610281,14.96,28.436335730660957,1.2194794707735037
heavy,1018,1.0,QuantileMLP-RB,40,7.992059106990167,97.40429634108132,5.763790914880897,13.884443728294192,30.48173208403998,1.3078363841483627
heavy,1018,1.0,QuantileMLP-RB,50,4.623783432897375,98.3232208084423,5.157749839751314,10.771953416923887,32.44048006464093,1.392499154225761
heavy,1019,0.82,Diffusion-JCSO,30,23.866555878166384,92.33453963645243,14.96,14.96,35.91948486901621,1.1763002709305617
heavy,1019,0.82,Diffusion-JCSO,40,16.9998901396539,93.19584431936794,14.96,14.96,38.33178196393735,1.256170198518776
heavy,1019,0.82,Diffusion-JCSO,50,15.096352707097672,93.33333333333331,14.96,14.96,40.64982994369227,1.3329055845521844
heavy,1019,0.82,Diffusion-RB,30,24.931306394030095,92.70429253298217,14.96,14.96,35.66372398739762,1.1687950496700945
heavy,1019,0.82,Diffusion-RB,40,19.207744169478715,92.92198546822274,14.96,14.96,37.898362646169126,1.2427217533173278
heavy,1019,0.82,Diffusion-RB,50,15.114709791762518,93.81039137498082,14.96,14.96,40.069504507032704,1.3145696658761845
heavy,1019,0.82,GAN-JCSO,30,23.011123669031626,91.70849414657194,14.96,14.96,36.15400586814066,1.1856502300651368
heavy,1019,0.82,GAN-JCSO,40,16.507772689011645,92.96921658429206,14.96,14.96,38.565589846307375,1.2655865098792203
heavy,1019,0.82,GAN-JCSO,50,14.783607697520988,93.75161179382914,14.96,14.96,40.901112220207914,1.3429909720246413
heavy,1019,0.82,GAN-RB,30,50.42602265230256,79.40635050024795,14.96,14.967274434502109,36.1522214384277,1.1868357578333897
heavy,1019,0.82,GAN-RB,40,38.749116919952385,85.22956405268809,14.96,14.96,38.32240305225412,1.2590797765122417
heavy,1019,0.82,GAN-RB,50,31.85100375004668,88.47463499998302,14.96,14.96,40.22065186228563,1.3225359523218587
heavy,1019,0.82,QuantileMLP-JCSO,30,21.43088407546933,92.69259934266623,14.96,14.96,36.224145705562016,1.1867022894152368
heavy,1019,0.82,QuantileMLP-JCSO,40,16.07769283648424,93.125,14.96,14.96,38.64920405411979,1.2670041593251773
heavy,1019,0.82,QuantileMLP-JCSO,50,14.395607366816948,93.5334237199399,14.96,14.96,41.006266857503505,1.3450613153965498
heavy,1019,0.82,QuantileMLP-RB,30,22.25698120892542,92.91666666666669,14.96,14.96,35.997557815381406,1.1799264124506594
heavy,1019,0.82,QuantileMLP-RB,40,16.993837387537884,93.15483198193182,14.96,14.96,38.33704141585382,1.2574121763018555
heavy,1019,0.82,QuantileMLP-RB,50,14.946449390128427,93.35118353662384,14.96,14.96,40.66171300883115,1.3344789520462688
heavy,1019,1.0,Diffusion-JCSO,30,34.08641998198841,83.73951990721825,14.96,14.96,30.831579874017503,1.2286993819526706
heavy,1019,1.0,Diffusion-JCSO,40,13.24972709572593,93.96974211041842,7.799318045566333,14.96,32.8218421758297,1.309074976601715
heavy,1019,1.0,Diffusion-JCSO,50,8.579369688351216,96.31825212465952,5.720000000000001,14.96,34.80415315944958,1.3890938078891437
heavy,1019,1.0,Diffusion-RB,30,20.151023086661905,92.85805351447021,7.667930325812971,14.96,30.75663436197194,1.2268441553613239
heavy,1019,1.0,Diffusion-RB,40,11.289330303671473,96.08775840202901,5.720000000000001,14.96,32.59079960389688,1.3009705469020147
heavy,1019,1.0,Diffusion-RB,50,7.959355946623234,96.96849434667752,5.437699623245363,14.96,34.50664590452365,1.3783739127677594
heavy,1019,1.0,GAN-JCSO,30,27.532487322178063,87.02672249846475,12.709746930636207,14.96,31.012358920249948,1.2377454727085728
heavy,1019,1.0,GAN-JCSO,40,13.584163875802494,93.63453489621729,8.701931149594563,14.96,33.02048430414036,1.3189301162722513
heavy,1019,1.0,GAN-JCSO,50,8.195964325873208,96.52747380149202,5.720000000000001,14.96,34.998009203468065,1.3988644727766943
heavy,1019,1.0,GAN-RB,30,75.61015361791155,61.151005367859526,14.96,15.99294546673146,30.85836986073154,1.234275068411765
heavy,1019,1.0,GAN-RB,40,53.33436972506883,74.77469683378168,14.96,14.96,33.38740952933036,1.3360558611190727
heavy,1019,1.0,GAN-RB,50,26.584840261599947,89.86719715955256,10.253750407023814,14.96,35.31838560776317,1.4138704371481448
heavy,1019,1.0,QuantileMLP-JCSO,30,35.687109402920555,82.29435936122587,14.96,14.96,31.0683213656014,1.2385952338185569
heavy,1019,1.0,QuantileMLP-JCSO,40,12.512987515827893,93.7873844106555,8.540522062347806,14.96,33.064556208641655,1.319224415005346
heavy,1019,1.0,QuantileMLP-JCSO,50,7.689630179646051,96.58272471057731,5.7159449798426785,14.96,35.064709768120075,1.3999802899012095
heavy,1019,1.0,QuantileMLP-RB,30,21.560812492513357,91.77496504503762,8.247083611427076,14.96,30.839874899938287,1.2303566482093071
heavy,1019,1.0,QuantileMLP-RB,40,10.359230764777358,95.97307692510122,5.984417346704381,14.96,32.81271410232142,1.3099763135322333
heavy,1019,1.0,QuantileMLP-RB,50,8.245082053773496,96.4519671784906,5.734868570753951,14.96,34.787294104651764,1.3897387101527714
heavy,1020,0.82,Diffusion-JCSO,30,33.01662787135806,86.38216918764566,14.96,17.75367978959285,35.32382759759042,1.0909322533601056
heavy,1020,0.82,Diffusion-JCSO,40,21.07165266769845,88.23281687467757,14.96,17.733444013592322,37.76575427967989,1.1667650697893495
heavy,1020,0.82,Diffusion-JCSO,50,17.7971532161,88.95833333333333,14.96,18.07613831506951,40.08674926262896,1.2388256771925616
heavy,1020,0.82,Diffusion-RB,30,30.499823931332287,87.31919900018877,14.96,17.776026319182957,34.80412144191885,1.0754055294573268
heavy,1020,0.82,Diffusion-RB,40,19.571762967426586,88.54455925814334,14.96,17.753277259958434,37.16978827543403,1.1489318946349472
heavy,1020,0.82,Diffusion-RB,50,16.35919822145252,89.2701145397925,14.96,17.737927622318285,39.42088738299164,1.2188698168526317
heavy,1020,0.82,GAN-JCSO,30,29.68041735142461,86.86552617162991,14.96,17.73629241079166,36.198112464710476,1.1177086846589892
heavy,1020,0.82,GAN-JCSO,40,21.077987871487075,88.59075630099326,14.96,17.718810956714435,38.729073941572494,1.1964029376726186
heavy,1020,0.82,GAN-JCSO,50,17.25686036493034,88.95833333333333,14.96,18.317105853667712,41.19675327150682,1.2732002385831116
heavy,1020,0.82,GAN-RB,30,35.350944890349865,83.61196533272879,14.96,18.850088422191536,36.36620692670179,1.1246997972191433
heavy,1020,0.82,GAN-RB,40,28.377422605987853,86.03284881213575,14.96,18.823286709651423,38.976399707044294,1.206023317210809
heavy,1020,0.82,GAN-RB,50,22.45788448682866,87.40011969240125,14.96,18.801373362704265,41.472127599467264,1.2837262212778424
heavy,1020,0.82,QuantileMLP-JCSO,30,26.777921574243326,86.90747576692384,14.96,18.57196709998404,36.21948263410917,1.1181690900305703
heavy,1020,0.82,QuantileMLP-JCSO,40,19.70007880374173,88.70940766936496,14.96,18.696721503130558,38.782567923217925,1.1979270050345232
heavy,1020,0.82,QuantileMLP-JCSO,50,16.24375875438202,88.95833333333333,14.96,18.801621486673522,41.271373628686845,1.2753857315571324
heavy,1020,0.82,QuantileMLP-RB,30,30.551825612774685,85.8260410322883,14.96,18.62402424968443,36.17896702573523,1.118733848954549
heavy,1020,0.82,QuantileMLP-RB,40,21.20371343218726,87.62941786530779,14.96,18.81657333613371,38.716992931562146,1.1978567713948114
heavy,1020,0.82,QuantileMLP-RB,50,18.332569043268954,88.42272823191395,14.96,18.815728122124757,41.265729312607554,1.277434945805964
heavy,1020,1.0,Diffusion-JCSO,30,49.49302015945895,77.66221051239535,14.96,20.991512605844697,30.043745642342767,1.129951441966284
heavy,1020,1.0,Diffusion-JCSO,40,24.76833722699287,87.44653396270951,14.96,20.96391804771554,32.03895202527157,1.205701597418996
heavy,1020,1.0,Diffusion-JCSO,50,15.56856836767245,91.68547721077586,14.96,20.94643926878551,34.01533072081988,1.2806348328096662
heavy,1020,1.0,Diffusion-RB,30,34.41458165261099,85.1967484593984,14.96,21.122211695795716,29.567184027621625,1.1127061990615013
heavy,1020,1.0,Diffusion-RB,40,16.51443007778766,91.75680914721974,14.96,20.929646873217422,31.52027289791156,1.1868055400110042
heavy,1020,1.0,Diffusion-RB,50,13.433092017157506,92.42622494992989,14.96,20.940820068951375,33.45794271380987,1.260290602057092
heavy,1020,1.0,GAN-JCSO,30,42.71154731492436,80.55291117745278,14.96,21.011524710696012,30.711075055656483,1.1547376795141002
heavy,1020,1.0,GAN-JCSO,40,26.232287904215745,87.47782899343136,14.96,20.987263542497757,32.80485645532267,1.2341968292273775
heavy,1020,1.0,GAN-JCSO,50,14.73541801792302,91.90796087519143,14.96,20.967712936270367,34.845332137554,1.3115849949075384
heavy,1020,1.0,GAN-RB,30,51.58324476645463,75.48110891526717,14.96,21.00520767903215,30.77770833030733,1.1589965947157308
heavy,1020,1.0,GAN-RB,40,25.737914418513512,88.76919723148328,14.96,20.97846415588936,32.90306705020324,1.2399282170586101
heavy,1020,1.0,GAN-RB,50,19.080199616933317,90.8765668582,14.96,20.96011114702661,35.01545828166109,1.3202262467970531
heavy,1020,1.0,QuantileMLP-JCSO,30,39.795829134059815,80.57286183578078,14.96,21.023290681740498,30.74130877287103,1.1556546127013045
heavy,1020,1.0,QuantileMLP-JCSO,40,22.48353920445051,88.72109982787549,14.96,20.997511612427694,32.80424681355876,1.233956128987499
heavy,1020,1.0,QuantileMLP-JCSO,50,13.267431565538244,92.29166666666669,14.96,20.97799121286363,34.845496486895335,1.3113622838696255
heavy,1020,1.0,QuantileMLP-RB,30,30.732343751695716,87.30010897373286,14.96,21.022024737115128,30.656498198776383,1.1543738961817334
heavy,1020,1.0,QuantileMLP-RB,40,17.431723235870987,91.06727045321506,14.96,20.998347386438027,32.73092099198351,1.2332498741110067
heavy,1020,1.0,QuantileMLP-RB,50,15.075309886196578,91.79300390785612,14.96,20.979484125550574,34.76700778333144,1.3105888101754768
heavy,1021,0.82,Diffusion-JCSO,30,20.31937336467724,91.77905332763446,14.96,14.96,33.84250379044096,1.1557616639305555
heavy,1021,0.82,Diffusion-JCSO,40,14.239397542342253,92.86706710037099,14.96,14.96,36.1729053138411,1.2361662904027364
heavy,1021,0.82,Diffusion-JCSO,50,11.853533515230447,93.56313315143623,14.96,14.96,38.402812339322445,1.31308133969074
heavy,1021,0.82,Diffusion-RB,30,18.053330432829018,92.15300029005043,14.96,14.96,33.65165562807879,1.1488254758918928
heavy,1021,0.82,Diffusion-RB,40,13.377935976161972,93.06548565266777,14.96,14.96,35.84715288778019,1.2245944148759123
heavy,1021,0.82,Diffusion-RB,50,11.563104241484645,93.75,14.96,14.96,38.08099915436213,1.3016290060786306
heavy,1021,0.82,GAN-JCSO,30,20.110627395452227,91.64592403001939,14.96,14.96,34.39193463796803,1.1736186265354023
heavy,1021,0.82,GAN-JCSO,40,14.060490478527353,93.16039206271313,14.96,14.96,36.78333884043688,1.25601781694552
heavy,1021,0.82,GAN-JCSO,50,11.12097472821065,94.0803742482035,14.96,14.96,39.08207197721862,1.3352600562633465
heavy,1021,0.82,GAN-RB,30,16.356795548311315,92.13770719167316,14.96,14.96,34.935819964934446,1.1920237903684716
heavy,1021,0.82,GAN-RB,40,12.077222760065693,93.64888861996717,14.96,14.96,37.37861729115703,1.2760752411727578
heavy,1021,0.82,GAN-RB,50,10.939556761866662,94.21772161906667,14.96,14.96,39.743990501152055,1.3575143367443663
heavy,1021,0.82,QuantileMLP-JCSO,30,21.257621070743163,91.05681295337578,14.96,14.96,34.12280277376976,1.165474031145884
heavy,1021,0.82,QuantileMLP-JCSO,40,16.162376383565036,92.20026581938009,14.96,14.96,36.47538043895986,1.2466661079158894
heavy,1021,0.82,QuantileMLP-JCSO,50,12.33632400080387,93.41517133293138,14.96,14.96,38.72253422959581,1.324195347654735
heavy,1021,0.82,QuantileMLP-RB,30,23.076496381032197,89.87727898410039,14.96,14.96,34.44914085747033,1.177446139450106
heavy,1021,0.82,QuantileMLP-RB,40,16.148109457980922,92.18674129178412,14.96,14.96,36.74804881580369,1.256824062766723
heavy,1021,0.82,QuantileMLP-RB,50,12.919017344697732,93.36208780465337,14.96,14.96,38.9851936345628,1.3340215142310397
heavy,1021,1.0,Diffusion-JCSO,30,59.024056921583394,67.44557696551743,14.96,14.96,28.75531282558686,1.195357497419385
heavy,1021,1.0,Diffusion-JCSO,40,31.792314422033144,83.15017971664975,14.96,14.96,30.709649680556588,1.2774964995452187
heavy,1021,1.0,Diffusion-JCSO,50,10.95782172720127,93.7383875844564,9.685129821421194,14.96,32.5804377568901,1.3561751813330924
heavy,1021,1.0,Diffusion-RB,30,35.83285837054069,82.35912377051866,14.96,14.96,28.505731872416128,1.184744771770814
heavy,1021,1.0,Diffusion-RB,40,13.770633711137297,92.57728807972778,14.698734274382389,14.96,30.50176498545732,1.2684701065286685
heavy,1021,1.0,Diffusion-RB,50,9.32642834455277,94.50345249439027,9.256949878593371,14.96,32.37395109529872,1.3471256764951334
heavy,1021,1.0,GAN-JCSO,30,32.91462944061073,83.96794761749786,14.96,14.96,29.108501402300973,1.209317450067301
heavy,1021,1.0,GAN-JCSO,40,12.172331587473908,93.72417815932127,9.90450000805167,14.96,31.124048993549135,1.2938506240829062
heavy,1021,1.0,GAN-JCSO,50,8.333333333333332,95.20833333333331,8.8,14.96,33.07890690167501,1.3758911055156189
heavy,1021,1.0,GAN-RB,30,13.444574392503704,93.30155017357035,14.904512134172714,14.96,29.527514351891433,1.2271128900258894
heavy,1021,1.0,GAN-RB,40,9.605994832089864,94.61140310074609,8.831095765157334,14.96,31.58597215784016,1.3131703539712902
heavy,1021,1.0,GAN-RB,50,8.325812926798557,95.3162602032674,8.8,14.96,33.58700746858972,1.3969760604317099
heavy,1021,1.0,QuantileMLP-JCSO,30,46.47922721054452,75.93535652393928,14.96,14.96,28.98765965076669,1.2051722435946073
heavy,1021,1.0,QuantileMLP-JCSO,40,18.331949112282235,90.51385285040581,14.80875783785271,14.96,30.93651277764997,1.2871008424372559
heavy,1021,1.0,QuantileMLP-JCSO,50,9.482466613114898,94.63376669344255,8.8,14.96,32.847518356851715,1.3674481314061733
heavy,1021,1.0,QuantileMLP-RB,30,26.29022213833271,87.86823019767886,14.88256669767613,14.96,29.21061475827101,1.2153767398728
heavy,1021,1.0,QuantileMLP-RB,40,13.227758994993833,93.36852477944649,8.847391674976747,14.96,31.210146732786107,1.2994119206651087
heavy,1021,1.0,QuantileMLP-RB,50,10.150648026208987,94.51876989352947,8.804840532627436,14.96,33.15404288187995,1.3811793646126824
heavy,1022,0.82,Diffusion-JCSO,30,11.865685695455577,97.59260455895894,5.203016600963897,8.579687450171823,36.10094462250468,1.2703507967083578
heavy,1022,0.82,Diffusion-JCSO,40,6.438529687063061,98.54166666666669,4.629729474594903,6.313784700730133,38.82065707060453,1.3664503229738083
heavy,1022,0.82,Diffusion-JCSO,50,3.3474641597860364,98.78884050137614,4.306213822585331,6.020718960250844,41.447142607432546,1.4593502097236866
heavy,1022,0.82,Diffusion-RB,30,10.35353741426692,97.67929251714662,5.221329363858777,8.16431717728115,35.70419628074595,1.255598135282179
heavy,1022,0.82,Diffusion-RB,40,5.2787792559841895,98.4252582737883,4.735766415349648,6.773400214561046,38.379076878751896,1.3499662828638626
heavy,1022,0.82,Diffusion-RB,50,3.567985136513826,99.05592038253822,4.347692207572095,5.881303999581555,40.939593477265824,1.4403621706343028
heavy,1022,0.82,GAN-JCSO,30,13.685964623372298,97.0821742473726,5.283179327686533,8.8,35.97665753127986,1.266303460094169
heavy,1022,0.82,GAN-JCSO,40,7.148784159841117,98.18095491734921,4.628156940370074,7.214123800738598,38.68002908238617,1.3618633923401693
heavy,1022,0.82,GAN-JCSO,50,3.587512629462103,98.70378558252204,4.249510411850385,5.881542363654985,41.260491051025916,1.4531160154894338
heavy,1022,0.82,GAN-RB,30,15.309237997042977,95.95429073715337,5.720000000000001,8.8,35.74720463860642,1.2562125761650584
heavy,1022,0.82,GAN-RB,40,9.761487553099574,97.89310746814026,4.957554794422784,7.2272313045760646,38.451852234056005,1.3516624235804604
heavy,1022,0.82,GAN-RB,50,5.6354610607125295,98.75,4.482300519769517,5.903945864353965,40.94110768322009,1.439660554649631
heavy,1022,0.82,QuantileMLP-JCSO,30,11.57873534599737,97.40727977420588,5.295293994613622,8.8,36.12227598830998,1.271694726826002
heavy,1022,0.82,QuantileMLP-JCSO,40,6.458527785140481,98.125,4.710673581754757,6.960202760503399,38.83098528002299,1.367438603658254
heavy,1022,0.82,QuantileMLP-JCSO,50,4.000003097501795,98.48863523727208,4.433525385541819,6.410128374722132,41.42205312113275,1.4590721705276404
heavy,1022,0.82,QuantileMLP-RB,30,11.05120650194108,96.87201880147674,5.302773332468562,8.8,36.10771201516438,1.27126487739933
heavy,1022,0.82,QuantileMLP-RB,40,6.40485452560318,97.82586970193252,4.875700174407881,8.8,38.717401504508345,1.3634908784487143
heavy,1022,0.82,QuantileMLP-RB,50,4.0849674251894506,98.5825162874053,4.384782158143182,6.80818016219913,41.27188663728225,1.4538115787024264
heavy,1022,1.0,Diffusion-JCSO,30,18.88688045093088,93.43191143970277,6.462909836316945,14.453533760757294,29.96109939957338,1.2848736269176355
heavy,1022,1.0,Diffusion-JCSO,40,6.066130499166769,98.54166666666669,4.1739479771910935,5.946408818979603,32.27535748374236,1.3843973991148917
heavy,1022,1.0,Diffusion-JCSO,50,2.9942334731965508,98.8022073763267,3.960916066098456,5.761284952545107,34.50377089399213,1.4803214451342988
heavy,1022,1.0,Diffusion-RB,30,11.958968273275396,96.1326140812681,5.500025901831401,10.995086684506465,29.843133624971536,1.279169958206323
heavy,1022,1.0,Diffusion-RB,40,4.686229699245748,98.6471036340876,4.166130832521621,6.485855939187113,32.109701304191624,1.3765215094138221
heavy,1022,1.0,Diffusion-RB,50,3.259005290635593,99.11776114895683,4.003257626888404,5.705284313738665,34.16368051249977,1.4648766402761482
heavy,1022,1.0,GAN-JCSO,30,31.90465942139283,86.57781112916835,8.529135606726353,14.96,29.87853425260782,1.28166657672579
heavy,1022,1.0,GAN-JCSO,40,12.136565807312103,95.40027720396742,5.746248768509717,11.094979138583762,32.188269673863466,1.3810054060452812
heavy,1022,1.0,GAN-JCSO,50,3.531987390218786,98.60348453952123,4.015113720831598,5.960676063079782,34.41577691232261,1.4768986361183218
heavy,1022,1.0,GAN-RB,30,46.5145474694375,78.17460485167082,14.96,14.96,29.72309837186201,1.2729656455970133
heavy,1022,1.0,GAN-RB,40,17.182016249532538,93.33268905418005,6.244457979212813,14.96,32.046465125488595,1.3727364186129507
heavy,1022,1.0,GAN-RB,50,5.865884017778903,98.39233424666645,4.121430971666203,6.351654240076141,34.23293693921594,1.4667351352645859
heavy,1022,1.0,QuantileMLP-JCSO,30,21.930455381188064,91.74310564273931,7.58617906344301,14.96,29.959261839447386,1.2854749518825406
heavy,1022,1.0,QuantileMLP-JCSO,40,6.360778523640794,98.125,4.212279370038434,6.79657223995312,32.26945288620153,1.3848387986862325
heavy,1022,1.0,QuantileMLP-JCSO,50,3.721329308967307,98.51421358461795,4.0026622140950465,6.285607397539405,34.51082927331568,1.4813293611273328
heavy,1022,1.0,QuantileMLP-RB,30,10.328148560278008,97.09808635106475,4.978018857692203,8.8,29.968472558984413,1.2861039056116623
heavy,1022,1.0,QuantileMLP-RB,40,5.919802437473945,97.95728807639756,4.246456384585998,8.8,32.25276651825856,1.3843060359996417
heavy,1022,1.0,QuantileMLP-RB,50,3.4269615610068436,98.80735255282991,4.029919355909366,6.587456293061482,34.465238563835136,1.4795267831957664
heavy,1023,0.82,Diffusion-JCSO,30,24.051095378259287,86.99193230869591,14.96,17.5031971621169,36.713093466239265,1.1473723875153952
heavy,1023,0.82,Diffusion-JCSO,40,20.274264188235055,87.59317819084971,14.96,17.689003896565133,39.17686290363352,1.225250203244256
heavy,1023,0.82,Diffusion-JCSO,50,18.311748088626075,87.99090783215716,14.96,17.662924707366948,41.59033121660349,1.3015918752862694
heavy,1023,0.82,Diffusion-RB,30,21.585113559604864,87.47568980074335,14.96,17.803466632607186,36.280683257697895,1.1335710068319522
heavy,1023,0.82,Diffusion-RB,40,17.984014176778366,88.1057578542538,14.96,17.764688704796928,38.62818780115017,1.2077647842122297
heavy,1023,0.82,Diffusion-RB,50,17.440203105456494,88.42271007595895,14.96,17.732604130259865,41.007756917830186,1.2829768086189282
heavy,1023,0.82,GAN-JCSO,30,26.598652906226977,86.97588003882785,14.96,17.508141471607853,36.59667655233221,1.1434574152532184
heavy,1023,0.82,GAN-JCSO,40,21.579961808766605,87.51238640827144,14.96,17.680566421754435,39.056097139492,1.2211443015464094
heavy,1023,0.82,GAN-JCSO,50,19.406129283714677,87.86877414325707,14.96,17.656445798516398,41.445503282822784,1.2966712476176707
heavy,1023,0.82,GAN-RB,30,30.039632259982454,85.1885172033421,14.96,17.752959021230904,36.61570056785867,1.1445885553743733
heavy,1023,0.82,GAN-RB,40,24.706279174866204,86.95013838992874,14.96,17.7166581018047,39.07470352393736,1.2223179203440901
heavy,1023,0.82,GAN-RB,50,19.750899531961792,88.18727511700955,14.96,17.686822747002495,41.49023864392012,1.2987063460363761
heavy,1023,0.82,QuantileMLP-JCSO,30,26.220114469612064,86.98215521970546,14.96,17.4355756061375,36.53117195452761,1.1410677143551493
heavy,1023,0.82,QuantileMLP-JCSO,40,21.575366142414588,87.36216875080441,14.96,17.673031657178168,38.93690753187844,1.2170026004684975
heavy,1023,0.82,QuantileMLP-JCSO,50,17.53454342683074,88.43222688711639,14.96,17.64984986272202,41.27141930707927,1.2907411621114864
heavy,1023,0.82,QuantileMLP-RB,30,28.97397944301369,86.69878120394216,14.96,17.792929776250794,35.82781224498292,1.1179699551174642
heavy,1023,0.82,QuantileMLP-RB,40,22.66140822965153,87.65104820192951,14.96,17.75435675239642,37.911290613259595,1.1838257316546252
heavy,1023,0.82,QuantileMLP-RB,50,19.115578059999834,87.92688438800003,14.96,17.72199865657111,40.12421696221064,1.2536639387120911
heavy,1023,1.0,Diffusion-JCSO,30,30.750156116289375,85.11615412035415,14.96,16.416597372904466,31.064726051814578,1.181970148093111
heavy,1023,1.0,Diffusion-JCSO,40,20.898447128170915,89.65928402223706,14.96,17.85380103923376,33.19652803994697,1.263842139258252
heavy,1023,1.0,Diffusion-JCSO,50,16.14315256549605,91.51122089701785,14.96,17.782912431616538,35.251715660235334,1.3429051147517392
heavy,1023,1.0,Diffusion-RB,30,30.731100041690603,84.76164931498947,14.96,18.30022233669013,30.877374437637833,1.1745974901294185
heavy,1023,1.0,Diffusion-RB,40,15.625,91.66666666666666,14.96,18.17297775856933,32.88563695556854,1.2517612446737176
heavy,1023,1.0,Diffusion-RB,50,15.305691163924227,91.77310294535859,14.96,18.152541041767805,34.83006245684144,1.3265594446832183
heavy,1023,1.0,GAN-JCSO,30,29.963416606553675,87.19453169191414,14.96,16.17170732766783,30.964536463666136,1.1779885433186406
heavy,1023,1.0,GAN-JCSO,40,19.623280887617245,91.05199661405938,14.96,16.14252317220946,33.11568627556949,1.2605460340908232
heavy,1023,1.0,GAN-JCSO,50,16.84093600919321,91.81691021915782,14.96,16.101065440878664,35.17870234961863,1.3398421290230016
heavy,1023,1.0,GAN-RB,30,27.357343439456148,88.59653457456814,14.96,17.883807302188963,30.93717069044565,1.1775597003405043
heavy,1023,1.0,GAN-RB,40,22.263308009270496,90.53146782985688,14.96,17.89317512726281,33.09650085885524,1.26045513318754
heavy,1023,1.0,GAN-RB,50,17.19974683146518,91.71993021837982,14.96,17.905774775645686,35.15792231066902,1.3397056874465556
heavy,1023,1.0,QuantileMLP-JCSO,30,29.43929888676349,87.10916766436762,14.96,15.546774165985733,31.047846281800904,1.1807635738779731
heavy,1023,1.0,QuantileMLP-JCSO,40,19.042375552989196,91.12478425198879,14.96,15.54208493441122,33.18661716457508,1.2628534764428903
heavy,1023,1.0,QuantileMLP-JCSO,50,13.97624754235994,92.81970343422671,14.96,15.529389887706111,35.18757472850447,1.339804305987185
heavy,1023,1.0,QuantileMLP-RB,30,26.998596598388424,89.69180095670326,14.96,15.552577234174437,30.617809346417555,1.1632100152789262
heavy,1023,1.0,QuantileMLP-RB,40,17.731892456847476,91.84623054023773,14.96,15.54750619228811,32.72108261192299,1.2438170682844722
heavy,1023,1.0,QuantileMLP-RB,50,13.878108030202718,92.6656306565991,14.96,15.543307178223108,34.57749825020657,1.3152070362643784
heavy,1024,0.82,Diffusion-JCSO,30,25.80545546122061,90.91964517574269,14.96,16.19972820390943,34.52180607567242,1.1701455140744648
heavy,1024,0.82,Diffusion-JCSO,40,17.205644598784115,92.38564072787909,14.96,16.193285641413603,37.08824704112812,1.2576386579500993
heavy,1024,0.82,Diffusion-JCSO,50,12.974717711257018,93.07172312441526,14.96,16.18794976407231,39.59110416760523,1.3429859408714255
heavy,1024,0.82,Diffusion-RB,30,22.651459287480233,91.92963931298306,14.96,16.202286593074852,34.514047034740116,1.169711188817503
heavy,1024,0.82,Diffusion-RB,40,15.304461606508976,92.92421265767489,14.96,16.195818611849603,37.04150611263283,1.2558490986682893
heavy,1024,0.82,Diffusion-RB,50,12.409533987345034,93.33333333333331,14.96,16.190412227246767,39.50367773234951,1.3397773021685058
heavy,1024,0.82,GAN-JCSO,30,35.171169255268,88.50793157765762,14.96,16.200724213464476,34.549892938431924,1.1698364841793882
heavy,1024,0.82,GAN-JCSO,40,23.72889422440729,91.93753892032277,14.96,16.193937341402354,37.17111409978732,1.2590913316877468
heavy,1024,0.82,GAN-JCSO,50,15.736057394752873,93.05903449232258,14.96,16.188497015605694,39.698243556649984,1.3451891591526242
heavy,1024,0.82,GAN-RB,30,30.704544967287163,88.86926425024572,14.96,16.208243793673525,34.81434001260897,1.176097871750281
heavy,1024,0.82,GAN-RB,40,21.34610054964582,91.85097486258854,14.96,16.200984371869463,37.37962103257526,1.2632323617654375
heavy,1024,0.82,GAN-RB,50,16.531051290441663,93.23964956985276,14.96,16.195012972403532,39.73054797553291,1.3431852996597682
heavy,1024,0.82,QuantileMLP-JCSO,30,25.33992271421448,90.95879542766801,14.96,16.19906202990846,34.61226535171058,1.174022018900773
heavy,1024,0.82,QuantileMLP-JCSO,40,16.195045655748064,92.20826891783653,14.96,16.192652657382126,37.145536105582245,1.260399082047848
heavy,1024,0.82,QuantileMLP-JCSO,50,13.206429074948266,92.75909503668737,14.96,16.187401346546178,39.61534045551338,1.3446264792244946
heavy,1024,0.82,QuantileMLP-RB,30,24.23980503944243,90.29339383833394,14.96,16.20419417264576,34.563864958201556,1.172664789808097
heavy,1024,0.82,QuantileMLP-RB,40,16.170935318806333,92.82998640193694,14.96,16.197468389857043,37.079718449689324,1.258479115851564
heavy,1024,0.82,QuantileMLP-RB,50,12.437403646074202,93.29399218747322,14.96,16.191916618925845,39.55511691435452,1.3429571791890862
heavy,1024,1.0,Diffusion-JCSO,30,42.70252879037024,78.42891561785412,14.96,14.96,29.058267038691316,1.1997120542587343
heavy,1024,1.0,Diffusion-JCSO,40,18.86931433662252,90.73991490488878,14.96,14.96,31.111125742313078,1.285044122199344
heavy,1024,1.0,Diffusion-JCSO,50,10.16752098656481,94.1829916053741,8.939574486773713,14.96,33.17240184779662,1.3707171103375695
heavy,1024,1.0,Diffusion-RB,30,25.60521028622701,89.2539055842408,14.96,14.96,28.98357213659072,1.1964986404097055
heavy,1024,1.0,Diffusion-RB,40,12.771383742550677,93.76160373884254,10.00511665863177,14.96,31.06308572984458,1.2829007977270697
heavy,1024,1.0,Diffusion-RB,50,9.84520111210259,94.375,8.940168277231502,14.96,33.10520946307994,1.3677506085496716
heavy,1024,1.0,GAN-JCSO,30,52.25731348500491,75.36009826824929,14.96,14.970426798418156,29.08753394083147,1.199584846441023
heavy,1024,1.0,GAN-JCSO,40,32.05131278640074,85.85797476832104,14.96,14.96,31.21661143788402,1.2879810993988334
heavy,1024,1.0,GAN-JCSO,50,14.633662640020455,93.06108888490637,12.938480726464288,14.96,33.29162197820436,1.3741377789641023
heavy,1024,1.0,GAN-RB,30,35.32663802517691,85.2533476540782,14.96,14.96,29.273665181128017,1.204654697549011
heavy,1024,1.0,GAN-RB,40,18.01461993701263,92.92159563884367,10.570571637447934,14.96,31.39057552297993,1.292288527261537
heavy,1024,1.0,GAN-RB,50,13.277481830450013,94.38547215679063,8.94124399802599,14.96,33.47877680550278,1.3787482487824678
heavy,1024,1.0,QuantileMLP-JCSO,30,36.80877443249344,82.43011971636636,14.96,14.96,29.169492076886737,1.2052624764053386
heavy,1024,1.0,QuantileMLP-JCSO,40,18.753178714649913,90.14445589031838,14.96,14.96,31.24583841026801,1.291591718846499
heavy,1024,1.0,QuantileMLP-JCSO,50,10.451473211553461,93.90274404871195,8.939455515811948,14.96,33.26746983232238,1.375630264305506
heavy,1024,1.0,QuantileMLP-RB,30,21.473785689519794,91.03394048857344,9.877480068985381,14.96,29.06294976275856,1.2011184775915331
heavy,1024,1.0,QuantileMLP-RB,40,13.223991754572214,93.93124554383482,8.94183447567814,14.96,31.142171882978353,1.2875870602728787
heavy,1024,1.0,QuantileMLP-RB,50,9.653136152524848,94.36724413120095,8.94051737647962,14.96,33.166104032991754,1.3717462355068213
heavy,1025,0.82,Diffusion-JCSO,30,20.815634553218167,92.82170851511196,9.763878329767778,14.96,36.971461573888625,1.2249083721756293
heavy,1025,0.82,Diffusion-JCSO,40,14.790866330999076,93.99628487900007,9.009891616880674,14.96,39.734402130398244,1.316954562808093
heavy,1025,0.82,Diffusion-JCSO,50,10.303477816361157,94.43930443672777,9.008555831526476,14.96,42.39165594955556,1.4055435067278512
heavy,1025,0.82,Diffusion-RB,30,17.27499473375847,93.57381027612976,9.080695125885482,14.96,36.9538768189035,1.2216820179432437
heavy,1025,0.82,Diffusion-RB,40,12.602046510878104,94.27116809477361,9.047653809999195,14.96,39.619223432694795,1.3102635357176626
heavy,1025,0.82,Diffusion-RB,50,9.527397377624796,94.58333333333331,9.019843449123265,14.96,42.222349268746285,1.3968249674068067
heavy,1025,0.82,GAN-JCSO,30,22.031265234107295,91.8402743924206,11.873570658559316,14.96,36.88118843999897,1.2228665218668697
heavy,1025,0.82,GAN-JCSO,40,15.796193866318463,93.61398016309839,9.009996478181822,14.96,39.64181670568167,1.31492006131856
heavy,1025,0.82,GAN-JCSO,50,11.405995720343267,94.16666666666669,9.00862461718939,14.96,42.31856839153509,1.404212066158833
heavy,1025,0.82,GAN-RB,30,18.166257825607648,93.05880503963463,9.061495090175534,14.96,37.10519583850053,1.2288800212805955
heavy,1025,0.82,GAN-RB,40,13.123387750749098,93.6557427346442,9.029161478986198,14.96,39.83074632083399,1.3196480929943255
heavy,1025,0.82,GAN-RB,50,10.611417167961518,94.16666666666669,9.011663575183567,14.96,42.49439614790511,1.408378180360581
heavy,1025,0.82,QuantileMLP-JCSO,30,21.180185297958733,92.11201522400972,9.645833674763624,14.96,36.91841465538286,1.2240831984173888
heavy,1025,0.82,QuantileMLP-JCSO,40,15.564368956776145,93.50474109413928,9.009122065853257,14.96,39.67023934694119,1.3158512529311392
heavy,1025,0.82,QuantileMLP-JCSO,50,11.344375505738556,94.375,9.007831831070547,14.96,42.32942633150627,1.404573021834496
heavy,1025,0.82,QuantileMLP-RB,30,21.417990286865066,92.23041287148504,13.511100849250784,14.96,36.73120460904065,1.2154516822904986
heavy,1025,0.82,QuantileMLP-RB,40,13.676259251713631,94.18141481632392,9.042199545012814,14.96,39.35097774658888,1.3026834691874973
heavy,1025,0.82,QuantileMLP-RB,50,9.751608339105411,94.7574295449298,9.014237862212171,14.96,41.97729761691901,1.3900984356792683
heavy,1025,1.0,Diffusion-JCSO,30,39.818242048893254,82.87208612444223,14.96,14.96,30.95134296610768,1.2492661197388464
heavy,1025,1.0,Diffusion-JCSO,40,18.637050986103013,92.8445252703218,8.465174731854258,14.96,33.28550839990091,1.3439091011316266
heavy,1025,1.0,Diffusion-JCSO,50,8.530485593689967,96.33556954792867,6.395504027409656,14.96,35.50945515311186,1.4342114090359666
heavy,1025,1.0,Diffusion-RB,30,18.55430032981464,93.34038613870379,8.487419838586572,14.96,31.121614722448413,1.253621480122023
heavy,1025,1.0,Diffusion-RB,40,10.12421057847027,96.20845797883803,6.549190861953204,14.96,33.34664897347922,1.3435991284366076
heavy,1025,1.0,Diffusion-RB,50,7.722455285299415,96.45833333333331,6.480397090361403,14.96,35.44944063369679,1.4287286184028787
heavy,1025,1.0,GAN-JCSO,30,36.76752813578865,84.69907331502019,13.518268499030086,14.96,30.839728643319162,1.2457730810440835
heavy,1025,1.0,GAN-JCSO,40,17.764593171797834,93.50495563247723,7.216142751950092,14.96,33.20018628783267,1.3415220839203588
heavy,1025,1.0,GAN-JCSO,50,9.381322022417127,96.0407635206071,6.385324679077987,14.96,35.44627740726087,1.4327629841399958
heavy,1025,1.0,GAN-RB,30,48.86223572715623,76.19753641196722,14.96,14.96,31.09141626725946,1.254564078496485
heavy,1025,1.0,GAN-RB,40,11.658017165251565,95.37069982402886,6.545451285499761,14.96,33.395304108097534,1.3479034338363851
heavy,1025,1.0,GAN-RB,50,8.606638105959203,96.25,5.756685669150453,14.96,35.595512156352285,1.437169617496355
heavy,1025,1.0,QuantileMLP-JCSO,30,27.844057924664185,89.45249639303421,9.27755174527451,14.96,30.887732243521995,1.2476544140379404
heavy,1025,1.0,QuantileMLP-JCSO,40,15.244505512902059,94.53689589327129,8.194777040836257,14.96,33.22388288295389,1.3424554318512183
heavy,1025,1.0,QuantileMLP-JCSO,50,9.485160408674169,96.25,6.393989318514748,14.96,35.45748876078033,1.43320634857551
heavy,1025,1.0,QuantileMLP-RB,30,22.58531928379237,92.62391675429507,8.905911573333876,14.96,30.94865312014393,1.2476445467635888
heavy,1025,1.0,QuantileMLP-RB,40,11.46751799561806,96.23256133400749,6.7231253582568735,14.96,33.279526731522466,1.3419370076643373
heavy,1025,1.0,QuantileMLP-RB,50,7.8416072051111865,96.65455086014143,6.47206174065687,14.96,35.338482714856816,1.4255099984897872
heavy,1026,0.82,Diffusion-JCSO,30,66.61078489372198,72.88781018040692,14.96,15.592998174018971,31.924386258982988,1.0328354473542936
heavy,1026,0.82,Diffusion-JCSO,40,40.986305809326105,84.56295288548286,14.96,15.2357593687162,34.274672825869665,1.1094596969287873
heavy,1026,0.82,Diffusion-JCSO,50,25.042213299251387,89.74468917305704,14.96,15.215462052711768,36.43051801480173,1.179773228694256
heavy,1026,0.82,Diffusion-RB,30,47.77938308798032,81.82346285325427,14.96,15.797104773386632,31.88943948639061,1.030785749682849
heavy,1026,0.82,Diffusion-RB,40,31.737849446845715,88.52435193635283,14.96,15.457238380057396,34.07440590509658,1.1020677157476513
heavy,1026,0.82,Diffusion-RB,50,23.832432440116985,89.9515390377583,14.96,15.274625637972587,36.19412640731759,1.171377626394331
heavy,1026,0.82,GAN-JCSO,30,22.30673139777237,90.1477334715877,14.96,15.21604826268389,36.266652780403334,1.1746055094321806
heavy,1026,0.82,GAN-JCSO,40,17.59874323454243,90.95548005645195,14.96,15.209282294252594,38.789950125817974,1.2571498524597486
heavy,1026,0.82,GAN-JCSO,50,15.404610883620638,91.80957414990424,14.96,15.203639728408813,41.25903152669695,1.3379624004223258
heavy,1026,0.82,GAN-RB,30,24.08252396011393,89.11422499870503,14.96,16.344699128120567,36.9323046056871,1.1926822524369745
heavy,1026,0.82,GAN-RB,40,19.239922112908058,91.13472420872752,14.96,15.27720821979671,39.48388967420347,1.2757242411375058
heavy,1026,0.82,GAN-RB,50,14.576159169804646,92.33763783145054,14.96,15.218353272634433,41.9478879872023,1.356004336740681
heavy,1026,0.82,QuantileMLP-JCSO,30,21.90307175269406,90.17562800406765,14.96,15.209555696257638,36.399570690093555,1.1784184193951537
heavy,1026,0.82,QuantileMLP-JCSO,40,17.39076362924172,91.27979173747953,14.96,15.203284275453107,38.93297670644381,1.2612540703858974
heavy,1026,0.82,QuantileMLP-JCSO,50,14.637938249926124,91.97870819698313,14.96,15.198141126438177,41.39599848541369,1.341797263857802
heavy,1026,0.82,QuantileMLP-RB,30,22.317116248761263,90.2015467781081,14.96,15.217400059240477,36.86057554391042,1.1936151776851274
heavy,1026,0.82,QuantileMLP-RB,40,16.875416007298558,91.66666666666666,14.96,15.20835604973909,39.43469601052066,1.2777395267937095
heavy,1026,0.82,QuantileMLP-RB,50,12.994688286126943,92.29166666666669,14.96,15.20274489327333,41.95332658337775,1.3601009668972737
heavy,1026,1.0,Diffusion-JCSO,30,76.80148029362243,63.02793418859185,14.96,17.20682192552108,27.05134916512912,1.0666153295134175
heavy,1026,1.0,Diffusion-JCSO,40,58.034368295188905,72.75029715343646,14.96,14.96,29.153155502006655,1.1497092640417343
heavy,1026,1.0,Diffusion-JCSO,50,41.68338908213476,79.78926115826604,14.96,14.96,31.054358528687896,1.2249035331611309
heavy,1026,1.0,Diffusion-RB,30,67.79857578278443,65.12700431459939,14.96,15.503324425177922,27.115128786250132,1.0678749335262583
heavy,1026,1.0,Diffusion-RB,40,43.75956711780565,79.00562511053104,14.96,14.96,29.142653554151977,1.1481036234446615
heavy,1026,1.0,Diffusion-RB,50,23.054154688454858,89.71073485631726,14.96,14.96,31.02239203632142,1.2224852811854496
heavy,1026,1.0,GAN-JCSO,30,34.426316097041976,83.85445697229042,14.96,14.96,30.7500179816931,1.2125275159965976
heavy,1026,1.0,GAN-JCSO,40,19.262169358095832,90.50172711036701,14.96,14.96,32.860435147021555,1.296498676621346
heavy,1026,1.0,GAN-JCSO,50,11.829092310569255,94.16666666666669,8.835044475451605,14.96,34.922001823253005,1.378653485179421
heavy,1026,1.0,GAN-RB,30,22.70376284200084,89.83099106145198,14.96,14.96,31.147871496054663,1.2254935075655307
heavy,1026,1.0,GAN-RB,40,13.071827440592884,94.1755287599012,9.83775857485931,14.96,33.545928543099535,1.320262243124122
heavy,1026,1.0,GAN-RB,50,10.625,94.81956073957696,9.80818746211958,14.96,35.701971624661816,1.4055710218304973
heavy,1026,1.0,QuantileMLP-JCSO,30,23.65970442747802,89.14203082984581,14.96,14.96,30.84445444124718,1.2157071926627083
heavy,1026,1.0,QuantileMLP-JCSO,40,14.616142229820309,93.13873833048407,9.575584702677713,14.96,32.957453670664115,1.299756439984461
heavy,1026,1.0,QuantileMLP-JCSO,50,10.97227128507577,94.33079916028926,8.834010574209449,14.96,35.02362202488748,1.3820502421314012
heavy,1026,1.0,QuantileMLP-RB,30,24.201852817588218,89.5536471187451,14.96,14.96,31.156432785369564,1.2284244451528195
heavy,1026,1.0,QuantileMLP-RB,40,13.573870104369105,93.72530420266985,9.814373213201335,14.96,33.32946947979824,1.3148469848880608
heavy,1026,1.0,QuantileMLP-RB,50,9.583740305477917,94.58333333333331,8.834750815895973,14.96,35.440243879075645,1.3989115808938095
heavy,1027,0.82,Diffusion-JCSO,30,26.058753141580596,92.39587352399634,9.934663042199478,14.96,36.00486569335899,1.1954758307292677
heavy,1027,0.82,Diffusion-JCSO,40,18.495995415616918,93.43892813419491,9.909488390692749,14.96,38.43793640787337,1.2772603108515626
heavy,1027,0.82,Diffusion-JCSO,50,14.672196282813411,94.40913439538664,9.881273117408204,14.96,40.78771728433805,1.3562853677969409
heavy,1027,0.82,Diffusion-RB,30,31.166889315474585,90.01721668771819,10.97252189789102,14.96,34.40933607230182,1.1413545310777642
heavy,1027,0.82,Diffusion-RB,40,24.688243635223255,91.85022773658787,9.980231724816017,14.96,36.605654786527,1.2151020708758604
heavy,1027,0.82,Diffusion-RB,50,19.89784727352953,93.16935515140054,9.95466406910679,14.96,38.79572399302678,1.2886363080583523
heavy,1027,0.82,GAN-JCSO,30,26.257780895201694,92.03885940301039,9.911403415905273,14.96,36.13942280441463,1.2001937074601128
heavy,1027,0.82,GAN-JCSO,40,18.543054462560352,93.08550381378323,9.892673320977872,14.96,38.561718367004,1.2816454788060727
heavy,1027,0.82,GAN-JCSO,50,14.847612260506331,94.57353793104835,9.7540083451434,14.96,40.911439415916604,1.3607082727726343
heavy,1027,0.82,GAN-RB,30,25.828698263119254,91.31983070029561,11.513909007502242,14.96,36.10271902680119,1.1972165860529502
heavy,1027,0.82,GAN-RB,40,20.898489924040604,93.29668275106047,9.966680227889844,14.96,38.501188460201774,1.2776858262846555
heavy,1027,0.82,GAN-RB,50,16.072152017770392,94.6209352865195,9.913841500072412,14.96,40.87879396382778,1.3574769592093006
heavy,1027,0.82,QuantileMLP-JCSO,30,24.22945772325364,92.29803214514047,9.8840528342522,14.96,35.93376531518044,1.1936929639330691
heavy,1027,0.82,QuantileMLP-JCSO,40,18.195160872592545,93.38124492683764,9.88960434156742,14.96,38.330540899889,1.2743162150175054
heavy,1027,0.82,QuantileMLP-JCSO,50,13.954435120111354,94.72352162662955,9.750223069894053,14.96,40.68374630775455,1.3535883329458538
heavy,1027,0.82,QuantileMLP-RB,30,28.763178298354187,90.28692247925918,10.854120195421507,14.96,35.09977288214174,1.165214110020031
heavy,1027,0.82,QuantileMLP-RB,40,22.877873800706706,92.60844274586348,9.940692980636518,14.96,37.378791625633546,1.2417970143435726
heavy,1027,0.82,QuantileMLP-RB,50,16.950109028321716,94.01419003255177,9.917798333836467,14.96,39.59067563710863,1.3161895944713902
heavy,1027,1.0,Diffusion-JCSO,30,24.533263682196225,90.45174594289895,9.76485551920727,14.96,30.89524576280541,1.248405616368836
heavy,1027,1.0,Diffusion-JCSO,40,10.373110598186575,96.12562980060449,5.615810656049532,9.834321341671705,32.97890029623765,1.3335383874985125
heavy,1027,1.0,Diffusion-JCSO,50,5.702499749734683,97.65243597444062,5.009595621622169,7.874442178169882,34.97571946939235,1.415245009415158
heavy,1027,1.0,Diffusion-RB,30,29.534625028972332,87.90709614047431,9.838457554935651,14.96,29.985466961476686,1.2106057572827935
heavy,1027,1.0,Diffusion-RB,40,19.50438056756793,92.75669692413449,7.598784294316502,14.96,31.66751716660874,1.2793303460833672
heavy,1027,1.0,Diffusion-RB,50,12.203060494018345,95.44733803412187,5.910973458519141,14.859234334120556,33.434663639431626,1.3515547117693958
heavy,1027,1.0,GAN-JCSO,30,33.86718465511751,85.25229483077395,12.109586384243253,14.96,30.99635298835021,1.252736310966275
heavy,1027,1.0,GAN-JCSO,40,9.835009590185283,96.14643996902463,5.588211918820509,9.129359392709976,33.10167100173545,1.3387680496972436
heavy,1027,1.0,GAN-JCSO,50,6.020996082298089,97.85733423741837,4.881451943592495,8.172990046114709,35.120214943853576,1.4213732082223036
heavy,1027,1.0,GAN-RB,30,18.988071515792953,92.52193856435699,8.8,14.96,31.014013990589078,1.2519105958346308
heavy,1027,1.0,GAN-RB,40,11.157012378563877,96.82886171524112,5.63781214243452,8.8,33.07876620653026,1.336046482273145
heavy,1027,1.0,GAN-RB,50,6.340344518571546,97.93352221163262,5.167525980542331,8.8,35.041402449521726,1.4161865412804293
heavy,1027,1.0,QuantileMLP-JCSO,30,32.602725996477275,84.9177985260503,10.62366409964893,14.96,30.88454648442037,1.2484968697386278
heavy,1027,1.0,QuantileMLP-JCSO,40,10.280473848720591,96.04966965339919,5.637171249695564,9.944345246060054,32.93531312568515,1.3324182324741674
heavy,1027,1.0,QuantileMLP-JCSO,50,5.540114440492316,97.77998365135822,4.977828980426521,8.8,34.93143039937319,1.414139635198201
heavy,1027,1.0,QuantileMLP-RB,30,27.118279181669397,89.85002850087577,8.8,14.96,30.31503904539659,1.2249751207613977
heavy,1027,1.0,QuantileMLP-RB,40,16.300865345926823,94.16615694363209,7.333692178349659,12.027384356699317,32.242927814171274,1.3036701423671408
heavy,1027,1.0,QuantileMLP-RB,50,7.262184072230253,97.29756318555397,5.3163387012479895,8.8,34.0584745820506,1.3779676214164356
heavy,1028,0.82,Diffusion-JCSO,30,33.296118808975756,86.7737387108816,14.96,22.68209909207314,36.93761676804823,1.1477113514440116
heavy,1028,0.82,Diffusion-JCSO,40,25.47204119966073,88.31751203819218,14.96,22.654210221407403,39.472775139673146,1.2273844030473458
heavy,1028,0.82,Diffusion-JCSO,50,21.464256873202114,89.46259327432321,14.96,22.63091607437472,41.903649017744854,1.3038808385455434
heavy,1028,0.82,Diffusion-RB,30,35.68934109390507,86.19546511455232,14.96,22.751523738543487,35.830794614906814,1.1113773222891559
heavy,1028,0.82,Diffusion-RB,40,29.122577360941026,86.81616407125496,14.96,22.72007370120594,38.12381728619662,1.183343040086758
heavy,1028,0.82,Diffusion-RB,50,25.10232249219813,88.3686702803784,14.96,22.691537490681565,40.25454946740129,1.2503275261534845
heavy,1028,0.82,GAN-JCSO,30,31.856298084354528,86.5827243568511,14.96,22.691519015843532,37.01563018843528,1.1506451353255829
heavy,1028,0.82,GAN-JCSO,40,26.287363449432174,88.11565913764196,14.96,22.663160898983012,39.581636015467346,1.2312855997231407
heavy,1028,0.82,GAN-JCSO,50,21.865718400529385,89.28836617127732,14.96,22.639390442286818,42.0296427477392,1.3083418858074403
heavy,1028,0.82,GAN-RB,30,29.53317100765346,87.20782106462573,14.96,22.72036630994684,37.119857460605616,1.1521959548734422
heavy,1028,0.82,GAN-RB,40,25.117538362773296,88.5557436256582,14.96,22.69003356498021,39.66984078939677,1.2321666456939926
heavy,1028,0.82,GAN-RB,50,20.7655776971096,89.59688446057808,14.96,22.66349170082998,42.11586901153105,1.3089685686958097
heavy,1028,0.82,QuantileMLP-JCSO,30,31.190060380556076,87.24618470842003,14.96,22.68936579854085,37.081005414224926,1.1525785540170153
heavy,1028,0.82,QuantileMLP-JCSO,40,24.066564697420063,88.56601631507945,14.96,22.660954469405226,39.65613467350168,1.2334596469893846
heavy,1028,0.82,QuantileMLP-JCSO,50,21.277224223079056,89.36479091634536,14.96,22.63724558500254,42.1219992367618,1.311025904130387
heavy,1028,0.82,QuantileMLP-RB,30,32.4647901444174,86.94008040142936,14.96,22.733961520495036,36.41211811921783,1.1305437306876702
heavy,1028,0.82,QuantileMLP-RB,40,27.34700987491816,87.81778796357236,14.96,22.70253361696029,38.90117860218723,1.2086236909854784
heavy,1028,0.82,QuantileMLP-RB,50,22.584081416945768,89.48586174990697,14.96,22.675027735243468,41.349452204590406,1.285414878120358
heavy,1028,1.0,Diffusion-JCSO,30,41.44414584236567,82.08124249602577,14.96,14.96,31.687789355842575,1.1982629543104921
heavy,1028,1.0,Diffusion-JCSO,40,24.696446739740672,89.64270354337222,14.96,14.96,33.802742621596096,1.279191171621943
heavy,1028,1.0,Diffusion-JCSO,50,12.960434554576052,95.10567856583467,9.57088189917184,14.96,35.87874891874488,1.3586241301831965
heavy,1028,1.0,Diffusion-RB,30,37.16419358368822,85.63432256652472,14.96,14.96,30.669854201732754,1.157923297305556
heavy,1028,1.0,Diffusion-RB,40,19.58104489884573,92.89929391717592,11.451062475731487,14.96,32.68568420541487,1.234888842859576
heavy,1028,1.0,Diffusion-RB,50,14.805242314284055,94.65719585494583,11.018376053561902,14.96,34.68250481988753,1.3111440801197214
heavy,1028,1.0,GAN-JCSO,30,39.76482795571474,83.49704789891754,14.96,14.96,31.687678292360243,1.1988412563795454
heavy,1028,1.0,GAN-JCSO,40,24.527363900851448,90.31629321695868,13.45737946367378,14.96,33.82874117876811,1.2807898077198052
heavy,1028,1.0,GAN-JCSO,50,13.243975744222519,95.01116969863885,9.850224768769676,14.96,35.92906821979214,1.361181590589941
heavy,1028,1.0,GAN-RB,30,35.65089736994406,85.32458582925658,14.96,14.96,31.759208532036585,1.1998885625578466
heavy,1028,1.0,GAN-RB,40,17.575177045184002,93.29417629378953,13.148546639002317,14.96,33.863423659554186,1.2803113335635525
heavy,1028,1.0,GAN-RB,50,11.802347574508966,95.16310636405258,10.679278097599195,14.96,35.96733432684989,1.3606864466251056
heavy,1028,1.0,QuantileMLP-JCSO,30,35.31527926273975,85.80397833683327,14.96,14.96,31.73224099373097,1.200471250761457
heavy,1028,1.0,QuantileMLP-JCSO,40,17.058248653410942,93.13754233996121,12.550788437393562,14.96,33.86048223258145,1.2819011356630579
heavy,1028,1.0,QuantileMLP-JCSO,50,12.818780980865434,95.02447142145031,9.753244209519195,14.96,35.97779350063782,1.3629011869125744
heavy,1028,1.0,QuantileMLP-RB,30,31.112768907144414,89.28185480872963,14.586299930290838,14.96,31.050678729902007,1.173483885680785
heavy,1028,1.0,QuantileMLP-RB,40,18.737397489338687,93.520350941498,12.948076357150134,14.96,33.17113480732203,1.2544949617495347
heavy,1028,1.0,QuantileMLP-RB,50,14.334101949671643,94.85825647169949,10.520240330248896,14.96,35.21930111572628,1.3327709585912482
heavy,1029,0.82,Diffusion-JCSO,30,16.437934623053362,94.51842193561777,8.536366895703873,14.96,34.759040505714154,1.220588284888086
heavy,1029,0.82,Diffusion-JCSO,40,10.909106947112223,95.70346091231731,6.32051439424154,14.96,37.11316848830055,1.30402179489287
heavy,1029,0.82,Diffusion-JCSO,50,8.744209845405326,96.33564939517122,5.9597026421034895,14.96,39.373586050049425,1.3841923020642959
heavy,1029,0.82,Diffusion-RB,30,21.046301156090397,92.51531264265277,8.8,14.96,34.03584259584044,1.1954357163825124
heavy,1029,0.82,Diffusion-RB,40,13.604927069575037,94.40651809717409,8.8,14.96,36.22755227991823,1.273130783783065
heavy,1029,0.82,Diffusion-RB,50,10.36962587744008,95.81048298235731,7.334790132200256,14.96,38.32693798797165,1.3475628795059322
heavy,1029,0.82,GAN-JCSO,30,16.501785118257956,94.5868490887144,8.2846729144196,14.96,34.79421202475768,1.2214509846478514
heavy,1029,0.82,GAN-JCSO,40,10.90805070688229,95.56669021887093,6.793764387230682,14.96,37.16724641917583,1.3055483820324674
heavy,1029,0.82,GAN-JCSO,50,8.381179242851822,96.43706848465843,5.934468530648402,14.96,39.447452645457695,1.3863760998333408
heavy,1029,0.82,GAN-RB,30,11.735194170951834,95.53678287800875,7.0420972978641725,14.96,34.958101461856565,1.2262990124116895
heavy,1029,0.82,GAN-RB,40,9.675008496923262,96.20416241820504,6.055502440908223,14.96,37.34697157436104,1.3108669419891008
heavy,1029,0.82,GAN-RB,50,7.551895237942947,97.06387261910471,5.854524082550757,14.96,39.676165924920056,1.3933719859098601
heavy,1029,0.82,QuantileMLP-JCSO,30,15.814794016666166,94.88231322543865,8.084179482609004,14.96,34.841176855540795,1.222733358926538
heavy,1029,0.82,QuantileMLP-JCSO,40,11.54396780813402,95.40888171441208,7.596495154441609,14.96,37.21509247666001,1.3068104852005236
heavy,1029,0.82,QuantileMLP-JCSO,50,9.180504042331137,96.19660100935984,5.940090190973838,14.96,39.496907926173755,1.3876995258426288
heavy,1029,0.82,QuantileMLP-RB,30,14.936877338133595,95.03189656064558,8.46433311620157,14.96,34.37087456954904,1.2018459948992077
heavy,1029,0.82,QuantileMLP-RB,40,11.18914417869526,95.74438062199286,7.725647751893018,14.96,36.720920182096165,1.2846944399850215
heavy,1029,0.82,QuantileMLP-RB,50,9.583333333333334,96.04166666666669,6.630073320928695,14.96,38.94674935505594,1.3632231161251305
heavy,1029,1.0,Diffusion-JCSO,30,34.83128489128262,84.43298785851525,14.648120333320469,14.96,29.352640511862816,1.2550712917577975
heavy,1029,1.0,Diffusion-JCSO,40,12.697583664306876,94.81959244549324,7.426696580364246,14.96,31.42167171004189,1.3442105608108479
heavy,1029,1.0,Diffusion-JCSO,50,7.088155265093697,97.24807122729587,5.541446352078998,14.96,33.404629276843835,1.4298361646517719
heavy,1029,1.0,Diffusion-RB,30,19.069996044209326,93.09100145045659,8.8,14.96,28.96710719882975,1.2392199383152513
heavy,1029,1.0,Diffusion-RB,40,11.100857667380112,95.8146414383712,7.572065683148725,14.96,30.877536788032554,1.3214488411088308
heavy,1029,1.0,Diffusion-RB,50,8.611062200446884,96.78242371096216,6.135944222599083,14.96,32.710605660690476,1.4004637148332175
heavy,1029,1.0,GAN-JCSO,30,43.06764657801628,78.63148421401402,14.96,14.96,29.416326548691263,1.2573642124660624
heavy,1029,1.0,GAN-JCSO,40,18.559572406761248,91.57811015422303,10.369146998917136,14.96,31.477481868830274,1.3461704634680984
heavy,1029,1.0,GAN-JCSO,50,6.755631796807901,97.35135076826273,5.587873617448207,14.96,33.4464949288717,1.4311975484045898
heavy,1029,1.0,GAN-RB,30,25.341371125648923,88.13482037672917,10.446708200025007,14.96,29.492488182293176,1.2598867138028302
heavy,1029,1.0,GAN-RB,40,8.121241379132977,97.08521264376685,5.720164340153659,14.96,31.543074345144092,1.3481150925785337
heavy,1029,1.0,GAN-RB,50,5.964491593169928,97.91666666666666,5.042191934877722,14.96,33.53081389997583,1.4337902224988874
heavy,1029,1.0,QuantileMLP-JCSO,30,41.40842982189645,79.93901725774077,14.96,14.96,29.418643059185623,1.2571359407869565
heavy,1029,1.0,QuantileMLP-JCSO,40,16.578938031462233,92.75112778953063,8.768366337978968,14.96,31.496267070839888,1.3465955912168583
heavy,1029,1.0,QuantileMLP-JCSO,50,7.4666831552495605,97.12819878644247,5.495044499638119,14.96,33.464738971986726,1.4315617067861108
heavy,1029,1.0,QuantileMLP-RB,30,12.471928288305143,96.25,7.58385751557454,14.96,29.32613777960354,1.2489717241101306
heavy,1029,1.0,QuantileMLP-RB,40,10.13704558543893,96.61184843249112,6.726094188441972,14.96,31.273488034206903,1.332463894396024
heavy,1029,1.0,QuantileMLP-RB,50,8.203886953140715,97.08333333333331,5.751921605019062,14.96,33.094821084552464,1.410682858684001
heavy,1030,0.82,Diffusion-JCSO,30,20.316315057323187,91.66034656649832,14.96,20.02505556975793,34.59431793909172,1.2112519934919428
heavy,1030,0.82,Diffusion-JCSO,40,13.610978528182503,93.04564439084412,14.96,20.01391360266327,37.09661480649915,1.2994466053140745
heavy,1030,0.82,Diffusion-JCSO,50,11.682448650523687,93.28851026989524,14.96,20.776032989508018,39.53812405840582,1.3855594906316508
heavy,1030,0.82,Diffusion-RB,30,18.991844889757225,92.19759358717752,14.96,21.22931206924262,34.3494040631737,1.2001392812745795
heavy,1030,0.82,Diffusion-RB,40,14.225639850974801,93.14143399358494,14.96,21.14433789345777,36.670326637619794,1.2817673852121518
heavy,1030,0.82,Diffusion-RB,50,11.058188547724521,93.8861352420459,14.96,21.097438102364233,38.96979665845868,1.3626647243532308
heavy,1030,0.82,GAN-JCSO,30,19.848347623970646,92.21884395528657,14.96,21.045626609919427,34.9018094033702,1.2212770020419392
heavy,1030,0.82,GAN-JCSO,40,14.440550930436274,92.97022930230162,14.96,21.015021848680945,37.45904185083108,1.3113138817420789
heavy,1030,0.82,GAN-JCSO,50,11.285810157189516,93.62659722985741,14.96,20.990559214547407,39.93225203913658,1.3984545193801379
heavy,1030,0.82,GAN-RB,30,14.959831325333589,93.08044829316664,14.96,21.278283726884585,35.376014631761535,1.2369597734970323
heavy,1030,0.82,GAN-RB,40,11.338773085933749,93.79971709201472,14.96,21.128709966697084,37.9710612597485,1.3280859443894808
heavy,1030,0.82,GAN-RB,50,9.08113909862486,94.34429855867712,14.96,21.08238246656291,40.42157594585448,1.414184237167483
heavy,1030,0.82,QuantileMLP-JCSO,30,17.75553065934141,92.32766965421236,14.96,20.02604110262908,34.61696021641979,1.2123552407102647
heavy,1030,0.82,QuantileMLP-JCSO,40,13.22728471987432,93.0781647733676,14.96,20.02004299979923,37.11436280468346,1.300394409827455
heavy,1030,0.82,QuantileMLP-JCSO,50,11.502999697369232,93.49106672719283,14.96,20.031442233869267,39.54776847722291,1.386217414665724
heavy,1030,0.82,QuantileMLP-RB,30,29.035160933728783,90.24503260764156,14.96,21.79421015642769,34.08170095205683,1.1859071454907095
heavy,1030,0.82,QuantileMLP-RB,40,18.553746080647066,92.77451682344079,14.96,21.365296507914703,36.44199157617076,1.268634967704109
heavy,1030,0.82,QuantileMLP-RB,50,14.040908301380767,93.23636389953977,14.96,21.15292622604769,38.60176458265243,1.3443820449674453
heavy,1030,1.0,Diffusion-JCSO,30,51.84045441215578,77.13574332234111,14.96,14.96,29.041668920287194,1.2386499240876643
heavy,1030,1.0,Diffusion-JCSO,40,17.90558201128662,93.02931871162734,10.584862891502397,14.96,31.162110533713687,1.3296023861784476
heavy,1030,1.0,Diffusion-JCSO,50,10.151757077462538,96.59768617691098,8.098680761419532,14.96,33.231957337557056,1.4184079852571903
heavy,1030,1.0,Diffusion-RB,30,28.229938973636216,89.05174866697988,13.625587061916395,14.96,28.8488319572079,1.2280915490546895
heavy,1030,1.0,Diffusion-RB,40,11.596512527080995,96.25030415506055,8.408622794557978,14.96,30.943541332895528,1.3176958246100718
heavy,1030,1.0,Diffusion-RB,50,7.7400151481903245,97.69701839945581,6.703265002110024,14.96,32.973820337741834,1.4045564942461986
heavy,1030,1.0,GAN-JCSO,30,21.448503656538534,92.71266995544869,9.841627017266104,14.96,29.198012187623302,1.2447795331260874
heavy,1030,1.0,GAN-JCSO,40,11.327074556817664,96.63541897627606,8.244293874385402,14.96,31.378733497746612,1.3381633482739717
heavy,1030,1.0,GAN-JCSO,50,8.23433383147569,97.4701816823248,7.79579320804972,14.96,33.50129800856694,1.4291074548944451
heavy,1030,1.0,GAN-RB,30,11.815976566454406,96.90624931406862,8.133263798975328,14.96,29.481172566832807,1.2562174147436553
heavy,1030,1.0,GAN-RB,40,7.955756971650377,97.6070540062999,7.559978891621805,14.96,31.713753530103627,1.3517331886344222
heavy,1030,1.0,GAN-RB,50,6.23518875010062,98.125,6.71859880817756,14.96,33.861739061453186,1.4436340166788493
heavy,1030,1.0,QuantileMLP-JCSO,30,46.068105703357716,79.1241193993482,14.96,14.96,29.054805958720962,1.2395741713053061
heavy,1030,1.0,QuantileMLP-JCSO,40,16.089704179477526,93.89270916839723,9.71945159134179,14.96,31.152724386446344,1.3295676718559226
heavy,1030,1.0,QuantileMLP-JCSO,50,8.634420508453982,97.27311589830921,7.443207461223855,14.96,33.23142789056453,1.418762543891186
heavy,1030,1.0,QuantileMLP-RB,30,22.099704005302353,95.2597114374802,8.8,14.96,28.712283652584077,1.2172595167848146
heavy,1030,1.0,QuantileMLP-RB,40,13.182821619376085,96.86091406208324,8.565632916846504,14.96,30.91069000302337,1.3108793252995212
heavy,1030,1.0,QuantileMLP-RB,50,9.939455428095343,97.22044224771427,8.241830562162157,14.96,32.91375038473837,1.3962639982613567
heavy,1031,0.82,Diffusion-JCSO,30,18.40707384121009,92.85346348556374,14.635119507763077,14.96,35.08172543093354,1.2184327071851146
heavy,1031,0.82,Diffusion-JCSO,40,14.417351907070508,93.78319628525257,11.91543936708079,14.96,37.53941180349577,1.3045634292464492
heavy,1031,0.82,Diffusion-JCSO,50,12.322988598609799,94.16666666666669,11.893064470795109,14.96,39.941932543728214,1.3888009344805023
heavy,1031,0.82,Diffusion-RB,30,19.409980545197982,92.30255000327081,14.96,14.96,34.35143694431317,1.1926914782442437
heavy,1031,0.82,Diffusion-RB,40,15.135649379402482,93.42230617344195,14.042503503508234,14.96,36.57006302534542,1.2704095680096283
heavy,1031,0.82,Diffusion-RB,50,12.428485832284231,94.05161583368304,11.936145394857332,14.96,38.82507027266766,1.349413830290455
heavy,1031,0.82,GAN-JCSO,30,19.143838261869902,93.0203572945378,13.836697870287638,14.96,35.52118142373349,1.2278093768230103
heavy,1031,0.82,GAN-JCSO,40,14.376797489794397,93.80913863313931,11.948183678359152,14.96,38.05665314908603,1.316151423877265
heavy,1031,0.82,GAN-JCSO,50,11.422103033635299,94.62603463084454,11.922521907816378,14.96,40.50657999496291,1.4015702441068687
heavy,1031,0.82,GAN-RB,30,19.081398660281117,92.40792043540864,14.96,15.064962301623149,35.74906567241757,1.2321265294058248
heavy,1031,0.82,GAN-RB,40,12.889111418754517,94.39323727585082,12.460909789944546,14.972643311072733,38.32426322722582,1.3214426888178725
heavy,1031,0.82,GAN-RB,50,10.145496772044318,95.16865239550305,11.99402995921774,14.96,40.78624875842149,1.4069263410489492
heavy,1031,0.82,QuantileMLP-JCSO,30,19.815106556684007,92.50619317693321,14.673128085241908,14.96,35.18937075266941,1.2223284879098542
heavy,1031,0.82,QuantileMLP-JCSO,40,14.80093121316181,93.74752945426796,11.927615367855728,14.96,37.66707302486417,1.3091590562610536
heavy,1031,0.82,QuantileMLP-JCSO,50,13.13100707668983,93.99879858466203,11.897125244474136,14.96,40.08190705602994,1.39383727277765
heavy,1031,0.82,QuantileMLP-RB,30,23.863356375552357,91.04252503813447,14.96,14.967355423398246,34.687676792166876,1.2018715831450628
heavy,1031,0.82,QuantileMLP-RB,40,17.61311286217615,92.37698118963732,11.988451731273976,14.96,36.90896098704368,1.2795941239364708
heavy,1031,0.82,QuantileMLP-RB,50,14.77396300815375,93.3162168989378,11.95312988289628,14.96,39.15475580459683,1.3581106884297176
heavy,1031,1.0,Diffusion-JCSO,30,31.48151629753911,85.50879877884311,9.27586165605368,14.96,29.75019490377058,1.2581501927846235
heavy,1031,1.0,Diffusion-JCSO,40,10.323153450672226,96.26031518780715,5.781362920204891,9.657062509220989,31.84942613996574,1.3475660858927052
heavy,1031,1.0,Diffusion-JCSO,50,6.098198187888927,97.91666666666666,5.362144314465751,8.8,33.9071039957307,1.4353195878352498
heavy,1031,1.0,Diffusion-RB,30,12.32300777886217,95.72321264214442,6.092097522010505,10.244910493628616,29.423894616052223,1.2441819823065068
heavy,1031,1.0,Diffusion-RB,40,8.181564119943154,97.09693406096864,5.561001884598499,8.8,31.358904424872712,1.3265526115073858
heavy,1031,1.0,Diffusion-RB,50,6.361778157087759,97.7445415244254,5.488223570960446,8.709474315796772,33.22853815443337,1.4062361414370035
heavy,1031,1.0,GAN-JCSO,30,12.472771434604153,96.73495824083012,5.835485201730018,8.8,30.01169190570561,1.2634310590661713
heavy,1031,1.0,GAN-JCSO,40,8.06588274957005,97.61894597927414,5.542415858560511,8.8,32.23234708159876,1.357418147523645
heavy,1031,1.0,GAN-JCSO,50,4.912676225001887,98.61749658630886,5.165768668797836,7.34149959794746,34.34731004704676,1.4470827317633261
heavy,1031,1.0,GAN-RB,30,12.174152644900458,96.62048646699836,6.250612564784997,10.465169397099643,30.169962642300884,1.2669046687391252
heavy,1031,1.0,GAN-RB,40,6.0920640125374685,98.37640678445946,5.473845992454331,7.668920750326282,32.475488870311345,1.3640653955369428
heavy,1031,1.0,GAN-RB,50,3.7468283857922304,98.98854832583922,4.986973779074813,6.843114100584999,34.59766111342693,1.4536208226745535
heavy,1031,1.0,QuantileMLP-JCSO,30,13.297158845715565,95.84666077613988,6.020647864449557,8.8,29.776339234933307,1.2595040604173868
heavy,1031,1.0,QuantileMLP-JCSO,40,8.830376936339384,97.4005912793988,5.501371207704716,8.8,31.929318063678558,1.351158038823601
heavy,1031,1.0,QuantileMLP-JCSO,50,6.791405625539748,97.8083855415587,5.3956071056215675,8.8,34.01108980788206,1.439919038944094
heavy,1031,1.0,QuantileMLP-RB,30,22.62633338461142,91.5356249679512,8.8,14.96,29.54108640673101,1.2465856223754987
heavy,1031,1.0,QuantileMLP-RB,40,10.90491183494688,96.33882841632092,6.099128842753687,8.8,31.708095161258257,1.3384709036744753
heavy,1031,1.0,QuantileMLP-RB,50,7.357728366218273,97.58360831838561,5.548685925854839,8.8,33.6154326264181,1.41960919517924
heavy,1032,0.82,Diffusion-JCSO,30,28.30511108832366,85.24067742376532,14.96,32.10447910313451,35.09074884426893,1.116196297099727
heavy,1032,0.82,Diffusion-JCSO,40,22.593460443508192,86.40471425662632,14.96,32.08064052235745,37.52708437606089,1.1945378775177429
heavy,1032,0.82,Diffusion-JCSO,50,20.03561651841858,87.14090560497159,14.96,32.0608810069507,39.89099588501466,1.270548007415319
heavy,1032,0.82,Diffusion-RB,30,25.739234618222437,85.68031528577775,14.96,32.13531590723891,35.19470640174722,1.1199033640339802
heavy,1032,0.82,Diffusion-RB,40,21.394628219919788,86.72107435601605,14.96,32.109576828912374,37.57814745497583,1.1965788636032624
heavy,1032,0.82,Diffusion-RB,50,19.92048357682217,87.05112910579446,14.96,32.08811639943348,39.90542755459318,1.2714798653429618
heavy,1032,0.82,GAN-JCSO,30,35.23646218613622,83.33964498571669,14.96,32.099008700978274,34.94949966976438,1.1112982817723422
heavy,1032,0.82,GAN-JCSO,40,26.742533679118228,85.18139641843125,14.96,32.07500113654942,37.41960275152349,1.1906854889595324
heavy,1032,0.82,GAN-JCSO,50,21.948351408576528,86.38420576967285,14.96,32.05522872097323,39.80349663505251,1.2673065783258763
heavy,1032,0.82,GAN-RB,30,31.59037033706536,84.5490123527437,14.96,32.13949300658214,35.06100343957855,1.1129260737575313
heavy,1032,0.82,GAN-RB,40,24.102192939933627,85.79420078445182,14.96,32.10573117764397,37.49000745858064,1.190825959782827
heavy,1032,0.82,GAN-RB,50,20.88739721087713,87.01773403061405,14.96,31.95904946982225,39.8461037811698,1.2664031801750824
heavy,1032,0.82,QuantileMLP-JCSO,30,28.308866378225545,84.85973834638597,14.96,32.10573431189758,35.232517887129944,1.120934854143265
heavy,1032,0.82,QuantileMLP-JCSO,40,22.440466749351543,86.36904997932878,14.96,32.08196760926543,37.674704846216564,1.1994806780665463
heavy,1032,0.82,QuantileMLP-JCSO,50,19.603138376299746,87.10743665439055,14.96,32.06216040127671,40.05164231299122,1.2759334448750133
heavy,1032,0.82,QuantileMLP-RB,30,29.254872112923554,84.31053504791517,14.96,32.172662895692845,35.202315770509664,1.1190334652865932
heavy,1032,0.82,QuantileMLP-RB,40,22.917172495404746,86.22208733455874,14.96,32.117868567805,37.58799706923209,1.1957457233384383
heavy,1032,0.82,QuantileMLP-RB,50,20.471754562321767,86.86122802608622,14.96,32.09547144620125,39.950976876897165,1.271683004093102
heavy,1032,1.0,Diffusion-JCSO,30,44.66078396834853,77.39445592769171,14.96,15.790324238113449,30.057826170944896,1.163542103032861
heavy,1032,1.0,Diffusion-JCSO,40,23.703669399583994,89.02239312353439,14.96,15.762324395595657,32.002079210407906,1.2397967986469245
heavy,1032,1.0,Diffusion-JCSO,50,14.050933442151122,93.36004100052921,14.96,15.741079395581476,33.9568482499538,1.316422015080796
heavy,1032,1.0,Diffusion-RB,30,23.85381295248809,88.93828614435868,14.96,15.829161827667285,30.029925671564268,1.1630125307951575
heavy,1032,1.0,Diffusion-RB,40,15.55816178382281,92.82920955404431,14.96,15.80176652970874,31.989580201969975,1.2398428317662973
heavy,1032,1.0,Diffusion-RB,50,13.514016611378814,93.37266389810353,14.96,15.779178116000798,33.93664414334007,1.316174903139473
heavy,1032,1.0,GAN-JCSO,30,48.1776432428378,77.02578833310812,14.96,15.916231871259782,29.93483414465717,1.1583598266320536
heavy,1032,1.0,GAN-JCSO,40,23.337383011737586,89.49414317012412,14.96,15.759007825414539,31.904408538685608,1.235569010636172
heavy,1032,1.0,GAN-JCSO,50,15.666661747108042,92.72436086649691,14.96,15.736096856613912,33.883937149123774,1.3131244883338558
heavy,1032,1.0,GAN-RB,30,32.55954722049407,85.93179955144143,14.96,15.825287685991801,29.935768592474925,1.156612624525903
heavy,1032,1.0,GAN-RB,40,18.740701696576068,91.56714915171197,14.96,15.796704889299065,31.919748292484098,1.2341386231935452
heavy,1032,1.0,GAN-RB,50,14.95730003244215,93.18775832522279,14.96,15.76836819465388,33.8894427251474,1.3111215982973403
heavy,1032,1.0,QuantileMLP-JCSO,30,47.0411297061555,75.8608400938871,14.96,15.794428448205304,30.177586531243534,1.1684149695026438
heavy,1032,1.0,QuantileMLP-JCSO,40,21.707862930318097,89.35440186817429,14.96,15.765982035959597,32.122119661687755,1.2446964409731702
heavy,1032,1.0,QuantileMLP-JCSO,50,13.9356861066538,93.15423358788462,14.96,15.744927245544451,34.08054089104849,1.3214865740207542
heavy,1032,1.0,QuantileMLP-RB,30,25.469133562597126,89.02513323507742,14.96,15.84729999550945,30.024958135860103,1.161727591187289
heavy,1032,1.0,QuantileMLP-RB,40,16.29653973582766,92.55336262506542,14.96,15.809716443071467,32.0690577647197,1.241683568024333
heavy,1032,1.0,QuantileMLP-RB,50,14.406510233646252,93.1144965887846,14.96,15.786431195128065,34.01134401789354,1.3177568442569711
heavy,1033,0.82,Diffusion-JCSO,30,18.50954308871741,93.14357312811077,12.269526206913998,14.96,35.64722201523173,1.1912990277051312
heavy,1033,0.82,Diffusion-JCSO,40,14.882116369298075,94.05619842254389,10.610590931496295,14.96,37.96419363742404,1.2696373374972811
heavy,1033,0.82,Diffusion-JCSO,50,12.892810005781545,94.58333333333331,10.357904187959008,14.96,40.17562393146232,1.3445483715060862
heavy,1033,0.82,Diffusion-RB,30,22.17706804355084,92.81399027949274,13.872401467937403,14.96,34.42829901194301,1.1493329515582251
heavy,1033,0.82,Diffusion-RB,40,16.94563543913577,93.47842708129069,11.773973522913762,14.96,36.598178143037984,1.2226494283720106
heavy,1033,0.82,Diffusion-RB,50,13.916266578462785,94.41077144117197,10.89167915473774,14.96,38.70320298706035,1.2938190997437014
heavy,1033,0.82,GAN-JCSO,30,17.51214564909612,92.89126932424145,11.61794066883449,14.96,35.87794857839543,1.1998801879340315
heavy,1033,0.82,GAN-JCSO,40,14.298805232526428,93.9773820252017,10.40440955134897,14.96,38.1691041916745,1.2774012275701985
heavy,1033,0.82,GAN-JCSO,50,12.633739352317766,94.46930910478298,10.403996990865494,14.96,40.38112406478476,1.3524515448192431
heavy,1033,0.82,GAN-RB,30,20.223108974284248,91.03427884619121,14.96,15.112956725946331,35.90660626697501,1.201076320369228
heavy,1033,0.82,GAN-RB,40,16.978635860407472,92.2657577015648,14.96,15.097927127004382,38.29295158131087,1.2817871800124807
heavy,1033,0.82,GAN-RB,50,15.102757724410539,93.0574341452304,14.419042527088138,14.96,40.647777426926105,1.3614948832856089
heavy,1033,0.82,QuantileMLP-JCSO,30,19.0316750953359,93.1174583106343,12.430059484161363,14.96,35.99621768530629,1.2031651880926457
heavy,1033,0.82,QuantileMLP-JCSO,40,14.348839329911982,94.375,10.644182524531002,14.96,38.36261889431064,1.2832017331636767
heavy,1033,0.82,QuantileMLP-JCSO,50,13.495781618324846,94.42584367633502,10.354039488678517,14.96,40.61865650610405,1.359642587746074
heavy,1033,0.82,QuantileMLP-RB,30,21.996481743981274,91.83450608533958,13.903739014054707,14.96,35.105576722327115,1.1713417241095114
heavy,1033,0.82,QuantileMLP-RB,40,16.67435708187932,93.33155862213039,13.845350988200464,14.96,37.29316604017412,1.2453071750341715
heavy,1033,0.82,QuantileMLP-RB,50,14.659011384680078,93.69954796576883,12.587944073149668,14.96,39.442366403083966,1.3179283548891474
heavy,1033,1.0,Diffusion-JCSO,30,30.501582240666277,86.58051821369185,8.665625229044839,14.96,30.605074298218263,1.244724792555266
heavy,1033,1.0,Diffusion-JCSO,40,11.358366809880355,95.57081659505982,6.227942267624898,11.969005273181732,32.637978773851664,1.3283724912518482
heavy,1033,1.0,Diffusion-JCSO,50,5.927854392745376,97.97164368217639,5.427524959868167,8.8,34.59887270124905,1.409156107636201
heavy,1033,1.0,Diffusion-RB,30,20.034951814730118,92.1313042906374,8.469265587402315,14.96,29.741195220638943,1.2087165211586708
heavy,1033,1.0,Diffusion-RB,40,9.594014887777337,96.74902157453724,5.722256447336537,9.65584144066066,31.613011116577404,1.285504571679223
heavy,1033,1.0,Diffusion-RB,50,6.533552517044918,97.9610380498739,5.563936058565854,8.8,33.38850636493931,1.358508260152046
heavy,1033,1.0,GAN-JCSO,30,24.31722701458635,88.27741091839174,8.806874768056238,14.96,30.772290217299556,1.252595381114295
heavy,1033,1.0,GAN-JCSO,40,11.824653774834063,95.16126498896263,6.255257539839017,12.351982300397044,32.82804974361181,1.3372033681981066
heavy,1033,1.0,GAN-JCSO,50,4.78221304208702,98.20242208070928,4.941282511908323,7.674380958017606,34.813794205094624,1.418999030540333
heavy,1033,1.0,GAN-RB,30,16.763768268139703,92.44605466584831,8.8,14.96,30.794022397975528,1.2546343710401822
heavy,1033,1.0,GAN-RB,40,10.348866463990007,95.69378674773733,7.711411364058669,14.96,32.919975134215925,1.3417168943254216
heavy,1033,1.0,GAN-RB,50,8.168912914461465,96.9553383362736,6.243108689214642,12.884416873072261,34.885918744336664,1.4224758519833272
heavy,1033,1.0,QuantileMLP-JCSO,30,24.66410235680111,90.05370380351552,8.693841036937851,14.761335536862905,30.861411214479496,1.2553805880581284
heavy,1033,1.0,QuantileMLP-JCSO,40,7.784335255739314,97.91666666666666,5.498568378843782,8.8,32.914422542961745,1.3398496688453108
heavy,1033,1.0,QuantileMLP-JCSO,50,6.111841118139594,98.0438598136434,5.423642969062179,8.8,34.91459639860883,1.4222291447149433
heavy,1033,1.0,QuantileMLP-RB,30,15.401424959875806,94.1731988267199,8.735498855516942,14.96,30.50968509416296,1.2391349622461652
heavy,1033,1.0,QuantileMLP-RB,40,9.882136954774593,96.59339934155612,6.801257982812101,14.177177629974237,32.427893054500295,1.3178245952763892
heavy,1033,1.0,QuantileMLP-RB,50,7.491424170975989,97.54852732988586,5.863712933109516,9.633806243945752,34.12792940385149,1.3878487619506963
heavy,1034,0.82,Diffusion-JCSO,30,19.539914746771945,92.85175395708313,8.814652820296207,14.96,34.514541710404885,1.223171145803802
heavy,1034,0.82,Diffusion-JCSO,40,12.325701484381804,94.1891353962039,8.8,14.96,37.12486597693627,1.3161046697804133
heavy,1034,0.82,Diffusion-JCSO,50,10.148537396243917,94.93634111589546,8.8,14.96,39.630459282140706,1.405391415280016
heavy,1034,0.82,Diffusion-RB,30,20.55946028217703,92.49297691839206,9.378031082048532,14.96,34.24838895754133,1.2135770679324833
heavy,1034,0.82,Diffusion-RB,40,13.540664648069809,93.89909581483721,9.114109252985422,14.96,36.79160030863481,1.304118768052199
heavy,1034,0.82,Diffusion-RB,50,9.626709732785164,94.7837800485845,8.80001508037457,14.96,39.216550176617716,1.390502282868716
heavy,1034,0.82,GAN-JCSO,30,25.03979480252136,91.53257071180464,8.813766505470287,14.96,34.531179742271284,1.222237391644587
heavy,1034,0.82,GAN-JCSO,40,14.935763124938434,94.01674123513222,8.8,14.96,37.16033014201683,1.3157581079839662
heavy,1034,0.82,GAN-JCSO,50,11.375010875481665,94.79486928514524,8.8,14.96,39.61847811129953,1.4034154378565311
heavy,1034,0.82,GAN-RB,30,27.806032732583812,88.63984747253453,14.413457752323717,18.2441273975516,34.24702615366019,1.2086344834254368
heavy,1034,0.82,GAN-RB,40,21.615000434792627,91.48882337595555,12.065025691814414,15.214441664471773,36.764490847679866,1.2979813077346278
heavy,1034,0.82,GAN-RB,50,15.86791270213915,93.18621126139546,9.745621853401511,15.11934262246254,38.875208227076925,1.3731866581948908
heavy,1034,0.82,QuantileMLP-JCSO,30,18.0204059676516,92.97188914296346,8.827404184180844,14.96,34.6522431831805,1.2288085939410491
heavy,1034,0.82,QuantileMLP-JCSO,40,12.325036542063234,94.19943469989425,8.805656824689061,14.96,37.26461910139074,1.3218836264498042
heavy,1034,0.82,QuantileMLP-JCSO,50,10.223063105443114,94.78745816034957,8.8,14.96,39.790226194967424,1.411917305115013
heavy,1034,0.82,QuantileMLP-RB,30,21.601181069855393,91.05637642221639,8.827911420619783,14.96,34.62846876252053,1.2303496704709997
heavy,1034,0.82,QuantileMLP-RB,40,15.61781081166795,93.18095969640332,8.826483422539972,14.96,37.23626500796274,1.3234360884755578
heavy,1034,0.82,QuantileMLP-RB,50,10.746156583821918,94.00192170808903,8.823578037408085,14.96,39.78324125606148,1.4143959972542275
heavy,1034,1.0,Diffusion-JCSO,30,50.3384318077108,75.41243565355401,14.96,14.96,28.941364586875558,1.2495268785758802
heavy,1034,1.0,Diffusion-JCSO,40,23.341675184228087,90.01324859933565,10.509959660810315,14.96,31.09352976654055,1.3429265437836684
heavy,1034,1.0,Diffusion-JCSO,50,7.8569739444200035,97.30019419841621,5.713926610574075,14.96,33.19542199477522,1.4341886717637313
heavy,1034,1.0,Diffusion-RB,30,22.475679779391324,90.97685905573759,9.60421841857055,14.96,28.77578152797665,1.2422588388121867
heavy,1034,1.0,Diffusion-RB,40,9.850085643471393,96.59267621703155,6.982653066955404,14.96,30.84801912450013,1.3321763422508046
heavy,1034,1.0,Diffusion-RB,50,7.218949546291158,97.32802522685444,5.713598593027757,14.96,32.90724270025194,1.4215301626205574
heavy,1034,1.0,GAN-JCSO,30,44.67211727481321,79.71893817546476,12.841071846523175,14.96,28.948986136613506,1.2483026946877172
heavy,1034,1.0,GAN-JCSO,40,13.813611983548206,95.56398958174003,7.0661347129488705,14.96,31.1268686376357,1.342708601457007
heavy,1034,1.0,GAN-JCSO,50,8.903733063944419,97.17606160062822,5.648527019090841,14.96,33.26362106989274,1.4353368497732075
heavy,1034,1.0,GAN-RB,30,24.688414006015,91.25752066342781,8.8,14.96,28.742807580058823,1.2359963781342207
heavy,1034,1.0,GAN-RB,40,18.65605751014041,94.03849567264692,8.8,14.96,31.016030876807285,1.3341077124114313
heavy,1034,1.0,GAN-RB,50,12.845744979471895,96.03216810110327,8.8,14.96,33.156658106196936,1.4265702128120525
heavy,1034,1.0,QuantileMLP-JCSO,30,26.22211988591084,89.56709568332734,11.339490123984042,14.96,28.983586063152654,1.2522469117334059
heavy,1034,1.0,QuantileMLP-JCSO,40,10.33355162527185,96.35975918360093,5.9748304361109295,14.96,31.181985223257715,1.3476343282008008
heavy,1034,1.0,QuantileMLP-JCSO,50,7.833851565805194,97.16273745175008,5.6743175479457175,14.96,33.307703211164636,1.4399404524406436
heavy,1034,1.0,QuantileMLP-RB,30,21.29041555792557,92.03873866544781,8.8,14.96,28.970011318527,1.2540769809155248
heavy,1034,1.0,QuantileMLP-RB,40,12.34938092584438,95.80229073100705,6.85996965741048,14.96,31.15890278094071,1.349238434244479
heavy,1034,1.0,QuantileMLP-RB,50,7.991855964298779,96.62907201785059,6.230637410898577,14.96,33.2901953513694,1.4419881162531067
heavy,1035,0.82,Diffusion-JCSO,30,26.573951561361543,89.75442172272759,14.96,16.27777035597237,33.773045501941944,1.1521262578687377
heavy,1035,0.82,Diffusion-JCSO,40,19.01465529735213,90.73235631350985,14.96,16.25007872894792,36.13437387995493,1.2334293765318454
heavy,1035,0.82,Diffusion-JCSO,50,16.790809605918156,90.9751714121497,14.96,16.227156941225648,38.42221837387638,1.3122056347270319
heavy,1035,0.82,Diffusion-RB,30,24.216358702161564,90.09174365779295,14.96,16.3476409594808,33.52891652418941,1.1433616295229951
heavy,1035,0.82,Diffusion-RB,40,18.57584575896265,91.09142502124878,14.96,16.31121500264258,35.78986684479758,1.221174153430082
heavy,1035,0.82,Diffusion-RB,50,16.91400516507892,91.33244616613742,14.96,16.2814284791806,37.985202206668546,1.2966806312180472
heavy,1035,0.82,GAN-JCSO,30,21.76848904495294,90.85426043820186,14.96,16.26153292520608,33.965760694542595,1.1592038983110495
heavy,1035,0.82,GAN-JCSO,40,16.717355395552275,91.11486225422288,14.96,16.235784015927713,36.235641539570025,1.2373600634727637
heavy,1035,0.82,GAN-JCSO,50,15.806693012205965,91.25,14.96,16.214184540360318,38.43674935786886,1.3131579621285407
heavy,1035,0.82,GAN-RB,30,19.93042517029957,90.74460600905742,14.96,16.308564656674992,34.27123689204735,1.168908285265864
heavy,1035,0.82,GAN-RB,40,16.436215857844367,91.22788252451103,14.96,16.27706594850124,36.617922041024556,1.2496639679985404
heavy,1035,0.82,GAN-RB,50,15.765102285135756,91.28411552409878,14.96,16.25330322434645,38.92854729250884,1.3292518733152807
heavy,1035,0.82,QuantileMLP-JCSO,30,22.407684299289876,90.67126465150973,14.96,16.260663230246323,34.03088358386398,1.1612197761621268
heavy,1035,0.82,QuantileMLP-JCSO,40,16.78221789095076,91.20062991838107,14.96,16.234670381993475,36.308417268971596,1.2396394717730057
heavy,1035,0.82,QuantileMLP-JCSO,50,15.654733212919723,91.25,14.96,16.213067667623022,38.514808809511365,1.315609946683655
heavy,1035,0.82,QuantileMLP-RB,30,22.8399981662933,90.76107875496787,14.96,16.312054170080298,33.92576607449777,1.1567329458858115
heavy,1035,0.82,QuantileMLP-RB,40,16.992830649128237,91.45833333333331,14.96,16.27735733113416,36.261314190715,1.2370844192638857
heavy,1035,0.82,QuantileMLP-RB,50,15.998144154073858,91.58426125629639,14.96,16.2503236558289,38.517754218742496,1.3147227006966522
heavy,1035,1.0,Diffusion-JCSO,30,41.43010105076492,80.28809035734088,14.96,14.96,28.89183309853837,1.1995794682761776
heavy,1035,1.0,Diffusion-JCSO,40,14.331406938085342,93.0752762264217,9.811321908872708,14.96,30.835278978585702,1.2811952488198914
heavy,1035,1.0,Diffusion-JCSO,50,8.322820010318091,95.625,8.8,14.96,32.75368499387057,1.3617299286844182
heavy,1035,1.0,Diffusion-RB,30,19.568958144917794,91.69192883029798,13.730921925776101,14.96,28.641129288927704,1.1889232480810545
heavy,1035,1.0,Diffusion-RB,40,10.894485049034074,95.07359080881629,8.8,14.96,30.5567545031099,1.2692398592554588
heavy,1035,1.0,Diffusion-RB,50,8.738878436367393,95.62778039090816,8.8,14.96,32.44610901932402,1.3485187920978738
heavy,1035,1.0,GAN-JCSO,30,30.977542937782875,84.27676628186545,14.96,14.96,29.092484582428916,1.2084417685724442
heavy,1035,1.0,GAN-JCSO,40,13.914406908050509,92.5934720584686,10.92547429706825,14.96,31.01098665496291,1.28909096361977
heavy,1035,1.0,GAN-JCSO,50,8.483580028141564,95.33471392404401,8.80110815493612,14.96,32.91638127049216,1.3691602462260237
heavy,1035,1.0,GAN-RB,30,38.85454188485173,80.60702936333911,14.96,14.96,29.27551486533025,1.2154527881438983
heavy,1035,1.0,GAN-RB,40,11.998788654411886,93.68810567279405,11.981671748156963,14.96,31.23446658957432,1.2976393747006667
heavy,1035,1.0,GAN-RB,50,7.291666666666667,96.04166666666669,8.525173003317887,14.96,33.16835123077543,1.378796946575165
heavy,1035,1.0,QuantileMLP-JCSO,30,33.186118493442876,84.3153538653852,14.96,14.96,29.13506839434626,1.2100056696456647
heavy,1035,1.0,QuantileMLP-JCSO,40,10.045848792811631,94.8458281801739,8.8,14.96,31.056921191188295,1.290779831480502
heavy,1035,1.0,QuantileMLP-JCSO,50,8.215830084391916,95.47541829113739,8.8,14.96,32.972666770126146,1.3712615724551755
heavy,1035,1.0,QuantileMLP-RB,30,19.625393328273997,92.68297947541504,10.271414838000755,14.96,28.91119707873004,1.1998951342878215
heavy,1035,1.0,QuantileMLP-RB,40,8.961408932606917,95.625,8.8,14.96,30.91522915202494,1.2839203867095113
heavy,1035,1.0,QuantileMLP-RB,50,8.12066896812628,95.83333333333334,8.8,14.96,32.83805942271884,1.3646021225847338
heavy,1036,0.82,Diffusion-JCSO,30,22.402754217848447,91.87950832503357,14.96,14.96,35.051794741879355,1.2022605384278562
heavy,1036,0.82,Diffusion-JCSO,40,15.89458895368971,93.05760276157757,14.96,14.96,37.54248057878886,1.2883933556371416
heavy,1036,0.82,Diffusion-JCSO,50,13.249455707226,93.48755442927741,14.96,14.96,39.94003832619843,1.3713649143814748
heavy,1036,0.82,Diffusion-RB,30,22.781785582063947,92.57626987065247,12.77237130583168,14.96,34.391633133044806,1.1788851144175192
heavy,1036,0.82,Diffusion-RB,40,16.857327365481638,92.96010059678518,13.861235719524238,14.96,36.76290863947112,1.260802142812784
heavy,1036,0.82,Diffusion-RB,50,13.602767130595275,93.52639155068451,14.96,14.96,39.04933411399325,1.3398336685411707
heavy,1036,0.82,GAN-JCSO,30,20.11669776833611,91.8162182485956,14.96,14.96,35.12954693418351,1.2066824704054515
heavy,1036,0.82,GAN-JCSO,40,15.466121522662938,93.07344236213407,14.96,14.96,37.586659127814755,1.291759949198237
heavy,1036,0.82,GAN-JCSO,50,12.427673640353358,93.50723263596468,14.96,14.96,39.96162983231429,1.3740685719075276
heavy,1036,0.82,GAN-RB,30,19.511839871729407,92.14159136011766,14.96,14.96,35.39787610608994,1.2166743285729817
heavy,1036,0.82,GAN-RB,40,14.904831689295962,93.0041155110798,14.96,14.96,37.886369421056855,1.302919336599854
heavy,1036,0.82,GAN-RB,50,11.506875092154337,93.6729374723537,14.96,14.96,40.30185866632152,1.3866524341052304
heavy,1036,0.82,QuantileMLP-JCSO,30,19.802706278167154,92.1372526966125,14.96,14.96,35.03988268225764,1.2033112207585768
heavy,1036,0.82,QuantileMLP-JCSO,40,15.334265246569574,93.13186678500809,14.96,14.96,37.50290608408989,1.2885659833698042
heavy,1036,0.82,QuantileMLP-JCSO,50,12.61757725771995,93.38318156815778,14.96,14.96,39.883026224880844,1.3709960706208757
heavy,1036,0.82,QuantileMLP-RB,30,17.85991874439679,92.32068833482751,14.96,14.96,35.112484981935395,1.2065427929688386
heavy,1036,0.82,QuantileMLP-RB,40,14.714982950710827,92.91666666666669,14.96,14.96,37.55910951176861,1.2912785071596784
heavy,1036,0.82,QuantileMLP-RB,50,11.554546509044618,93.84214001970275,14.96,14.96,39.95609956996211,1.3743339013979115
heavy,1036,1.0,Diffusion-JCSO,30,42.66522710654584,80.68048853987051,12.962630602473984,14.96,29.783159020288295,1.2436684732140992
heavy,1036,1.0,Diffusion-JCSO,40,17.13684358652273,93.35638473006985,7.502636944102731,14.96,31.851060752362788,1.330875606483608
heavy,1036,1.0,Diffusion-JCSO,50,8.353090929201993,97.07573425799922,5.848529007737612,14.96,33.87252814706016,1.4161071322784176
heavy,1036,1.0,Diffusion-RB,30,23.30384474980086,92.07263592045445,8.8,14.96,29.421138825194948,1.227968288099969
heavy,1036,1.0,Diffusion-RB,40,13.240446468472364,95.65596228828699,7.284289138888616,14.96,31.289818350442815,1.3066839331185627
heavy,1036,1.0,Diffusion-RB,50,8.50152335066968,97.04128582899922,6.2591672049637275,14.96,33.18088041194429,1.3863495353484272
heavy,1036,1.0,GAN-JCSO,30,36.04793406564169,83.236008290148,13.101714631268415,14.96,29.837733937893194,1.247867046789426
heavy,1036,1.0,GAN-JCSO,40,17.510329483926647,92.82855594701726,7.711415970367066,14.96,31.908271211398056,1.3352501352209032
heavy,1036,1.0,GAN-JCSO,50,8.388257806326767,96.54599553924183,6.292460243216512,14.96,33.92660824413802,1.4204896265321219
heavy,1036,1.0,GAN-RB,30,61.32705693900101,62.62427121805949,14.96,15.990624934399357,30.055029920468495,1.2582384287058093
heavy,1036,1.0,GAN-RB,40,26.130573242251888,87.79982579624487,11.770844355785503,14.96,32.10883874887495,1.3446788743839917
heavy,1036,1.0,GAN-RB,50,6.8097071873401935,97.32431307299659,5.724432075841004,14.96,34.09677038827447,1.4285805453788778
heavy,1036,1.0,QuantileMLP-JCSO,30,29.032610139100548,87.36008655989494,9.917251241093687,14.96,29.773579181221216,1.2448644428367075
heavy,1036,1.0,QuantileMLP-JCSO,40,15.14678222963012,94.41728258122292,8.01930071785807,14.96,31.833349997560646,1.331797644449517
heavy,1036,1.0,QuantileMLP-JCSO,50,7.905068390035334,96.98109971277188,5.8045390244732165,14.96,33.848619339528504,1.4168868827912058
heavy,1036,1.0,QuantileMLP-RB,30,21.93799874938696,91.37228055026974,8.376279428106747,14.96,29.825431310252174,1.247895535922461
heavy,1036,1.0,QuantileMLP-RB,40,9.780998413903829,96.6137278494895,6.264197834627982,14.96,31.84821989859345,1.333281993595995
heavy,1036,1.0,QuantileMLP-RB,50,6.626336645024231,97.45295791937197,5.78581444529722,14.96,33.85268226757778,1.4179745815858489
heavy,1037,0.82,Diffusion-JCSO,30,22.925317767946392,90.83879136564117,14.96,14.96,35.07756830724032,1.1450981656535264
heavy,1037,0.82,Diffusion-JCSO,40,16.749443021604392,91.9683338355122,14.96,14.96,37.516999958544,1.2254455275249942
heavy,1037,0.82,Diffusion-JCSO,50,12.923908056794007,92.87355172197455,14.96,14.96,39.880001862433886,1.3032679194108239
heavy,1037,0.82,Diffusion-RB,30,19.042194223604014,91.14566847179043,14.96,14.96,35.49056734769253,1.1596493635902385
heavy,1037,0.82,Diffusion-RB,40,14.419759821244508,92.40771470241776,14.96,14.96,37.96628549047779,1.2412698854685904
heavy,1037,0.82,Diffusion-RB,50,10.910852687846472,93.20978682803838,14.96,14.96,40.39876530798468,1.321479302611175
heavy,1037,0.82,GAN-JCSO,30,22.12343265438114,90.30247516973803,14.96,14.96,35.03120917402402,1.1447512104802402
heavy,1037,0.82,GAN-JCSO,40,16.339535529380136,91.74844945098829,14.96,14.96,37.45463209503288,1.2245946973102255
heavy,1037,0.82,GAN-JCSO,50,13.45046554855848,92.41103351968471,14.96,14.96,39.80251422057375,1.3019561483250481
heavy,1037,0.82,GAN-RB,30,26.909738116379884,88.86110475344803,14.96,16.050838565352798,35.77783907839707,1.1672142299987904
heavy,1037,0.82,GAN-RB,40,17.78515214380513,91.45833333333331,14.96,16.03107469113146,38.14298674929191,1.2450869108328924
heavy,1037,0.82,GAN-RB,50,16.04563720250723,91.87301473207972,14.96,16.019646421739726,40.137270566679334,1.3109334056459208
heavy,1037,0.82,QuantileMLP-JCSO,30,22.912746268629693,90.28357818053175,14.96,14.96,35.15396955368051,1.1477910685127786
heavy,1037,0.82,QuantileMLP-JCSO,40,16.82867255603639,91.80556489985577,14.96,14.96,37.60058080445081,1.228368966382547
heavy,1037,0.82,QuantileMLP-JCSO,50,12.750528650000897,92.94708124888865,14.96,14.96,39.96127189366059,1.306100344897751
heavy,1037,0.82,QuantileMLP-RB,30,21.33958881718351,90.3105451612968,14.96,14.96,35.010679725969474,1.1428953420428296
heavy,1037,0.82,QuantileMLP-RB,40,16.81749194273437,91.62896034764974,14.96,14.96,37.442795146925974,1.222970659915177
heavy,1037,0.82,QuantileMLP-RB,50,13.143027828908885,92.95472776755157,14.96,14.983932978526106,39.78314420512493,1.3000623887165927
heavy,1037,1.0,Diffusion-JCSO,30,43.505416178820255,77.85194902356369,14.96,15.817554122575043,29.749793092449494,1.1823584314145243
heavy,1037,1.0,Diffusion-JCSO,40,20.827089694100316,89.40856516281757,14.96,15.212463298218859,31.77118735257355,1.2634937256153143
heavy,1037,1.0,Diffusion-JCSO,50,9.450727270435696,94.3915757578622,14.96,15.204776410188463,33.7460860904691,1.3428228807149363
heavy,1037,1.0,Diffusion-RB,30,20.34994602672561,90.42180360967153,14.96,15.222078920811894,30.03750314440255,1.195028080993078
heavy,1037,1.0,Diffusion-RB,40,10.740347771284506,94.13782972384556,14.96,15.213910992601773,32.13140158479727,1.2790269108605323
heavy,1037,1.0,Diffusion-RB,50,7.9648836504270415,94.70614989430209,14.96,15.209115842637976,34.08075729720875,1.3574094156127419
heavy,1037,1.0,GAN-JCSO,30,33.36699321200219,83.92871925468566,14.96,15.212838416230197,29.6053523920254,1.1779475501142083
heavy,1037,1.0,GAN-JCSO,40,16.53698169831278,91.26710524378782,14.96,15.207235099057463,31.685636250159863,1.2614264324668136
heavy,1037,1.0,GAN-JCSO,50,10.257565939149975,93.9000959242729,14.96,15.202747192118435,33.68812345144801,1.3418950429333882
heavy,1037,1.0,GAN-RB,30,53.57569830997692,72.691676143799,14.96,15.236049319907547,30.27867291541536,1.2033147505129085
heavy,1037,1.0,GAN-RB,40,30.74926525404518,83.96526031825931,14.96,15.222953216636512,32.49265588284754,1.2918272676323728
heavy,1037,1.0,GAN-RB,50,17.326122588900194,90.33678195023613,14.96,15.21688939192707,34.50865142892167,1.3725013777197825
heavy,1037,1.0,QuantileMLP-JCSO,30,39.5085053493162,80.42637017514211,14.96,15.223100978648203,29.75309190788535,1.1827780390651856
heavy,1037,1.0,QuantileMLP-JCSO,40,18.754108218530206,90.56572758947391,14.96,15.207037898622131,31.815323790297942,1.265487195572398
heavy,1037,1.0,QuantileMLP-JCSO,50,9.35068708674271,94.43801712836688,14.96,15.202475634551696,33.817860084988325,1.3459013786787597
heavy,1037,1.0,QuantileMLP-RB,30,29.681419262083608,85.45213243691828,14.96,15.2211252723336,29.72643599878075,1.1816028540183616
heavy,1037,1.0,QuantileMLP-RB,40,14.754246152703008,92.41805654572057,14.96,15.214686220701623,31.741664517433446,1.2623836087926925
heavy,1037,1.0,QuantileMLP-RB,50,9.515537027793194,94.48265843826817,14.96,15.209667888724828,33.66343808241223,1.3395454332377787
heavy,1038,0.82,Diffusion-JCSO,30,36.056895371326306,85.27547021761751,14.96,31.645787331542376,34.090427158071364,1.0480262274769374
heavy,1038,0.82,Diffusion-JCSO,40,24.99425830899818,86.87659491416717,14.96,31.614749766089158,36.46854270749254,1.1218808990336169
heavy,1038,0.82,Diffusion-JCSO,50,20.96155619214265,87.97435542823814,14.96,31.592633674274293,38.71975434731307,1.1917756151804542
heavy,1038,0.82,Diffusion-RB,30,40.17828118102776,83.21935245584537,14.96,32.02588631444341,32.9129588776661,1.0108463706345943
heavy,1038,0.82,Diffusion-RB,40,27.51092537592391,86.79594553489322,14.96,31.687798075636145,35.168158766909485,1.0808586857718596
heavy,1038,0.82,Diffusion-RB,50,22.744876760829737,87.78435798116739,14.96,31.673264635523974,37.26381146057755,1.1459004668050266
heavy,1038,0.82,GAN-JCSO,30,30.329024512403613,85.88223887581982,14.96,31.63706421251322,35.25834956277052,1.0841872773416101
heavy,1038,0.82,GAN-JCSO,40,22.461018411791112,87.4903583162773,14.96,31.6101006293889,37.68254747662466,1.1594513244445213
heavy,1038,0.82,GAN-JCSO,50,19.57933431571124,88.08413313685776,14.96,31.588362872819967,40.000157933130744,1.2313569456711013
heavy,1038,0.82,GAN-RB,30,36.755669330457195,83.43379882032133,14.96,31.843746555928412,35.52567102187778,1.0932773568630951
heavy,1038,0.82,GAN-RB,40,25.387777692272223,86.7102287782889,14.96,31.728544332242198,38.02851419522131,1.171109480000774
heavy,1038,0.82,GAN-RB,50,21.281270745127994,87.87573663864477,14.96,31.681639723225643,40.45029838293861,1.2463705087674406
heavy,1038,0.82,QuantileMLP-JCSO,30,31.171359061475783,85.5040066624494,14.96,31.626315461042978,35.021201789404955,1.077025343562567
heavy,1038,0.82,QuantileMLP-JCSO,40,22.539731748202893,87.41329585893006,14.96,31.599508917165846,37.40876547952067,1.1511713455706383
heavy,1038,0.82,QuantileMLP-JCSO,50,20.032625316990753,87.90941659622428,14.96,31.578673239042935,39.699115226103714,1.222231185871075
heavy,1038,0.82,QuantileMLP-RB,30,31.656199844443254,85.53434570781914,14.96,31.78911953276663,34.50169759070944,1.0585369919448062
heavy,1038,0.82,QuantileMLP-RB,40,24.782390757266676,87.17615272739047,14.96,31.69194745914732,36.80739498533189,1.1300690878711337
heavy,1038,0.82,QuantileMLP-RB,50,20.589456736106783,88.40870165509331,14.96,31.65567682125746,38.96459937079952,1.1970035722392893
heavy,1038,1.0,Diffusion-JCSO,30,52.589054811238974,74.67272091661025,14.96,24.817239590569788,29.018268543679753,1.0859293096919098
heavy,1038,1.0,Diffusion-JCSO,40,30.847354631186906,84.62910708263256,14.96,24.730174534091045,30.95975186720185,1.1594606099120865
heavy,1038,1.0,Diffusion-JCSO,50,18.327642790967655,90.19897224795703,14.96,24.7074896163855,32.8630040952989,1.23149640695248
heavy,1038,1.0,Diffusion-RB,30,59.30888344023501,71.83819784985312,14.96,26.42471480623034,28.04060982084692,1.0484605073835032
heavy,1038,1.0,Diffusion-RB,40,38.334514415343826,81.13149607297599,14.96,26.24353675681952,29.875141087942232,1.1179160580916094
heavy,1038,1.0,Diffusion-RB,50,24.505089028464454,87.68367914143857,14.96,25.68566755828033,31.672722433286886,1.1859125759978015
heavy,1038,1.0,GAN-JCSO,30,44.32513906052472,77.53499992897827,14.96,24.80125133478382,29.957071899350254,1.1213749552239718
heavy,1038,1.0,GAN-JCSO,40,26.971644462034504,85.69513171435982,14.96,24.72938532111167,31.979806279732557,1.1979557831814245
heavy,1038,1.0,GAN-JCSO,50,15.757857812376686,91.07940442714501,14.96,24.70647078013376,33.94757992029783,1.272453256134481
heavy,1038,1.0,GAN-RB,30,57.86506631523656,68.96454188631049,14.96,28.73966175193136,30.136633863977274,1.1291619326266333
heavy,1038,1.0,GAN-RB,40,40.364225138297684,79.110363766799,14.96,26.75560671206357,32.196616477732114,1.2072594226239193
heavy,1038,1.0,GAN-RB,50,25.048082382072927,87.29375411949819,14.96,25.778840761696827,34.22023989140966,1.2839463187433882
heavy,1038,1.0,QuantileMLP-JCSO,30,42.70213182484126,78.88940801325974,14.96,24.77508480829121,29.762769773535727,1.1141381974293478
heavy,1038,1.0,QuantileMLP-JCSO,40,29.67183951279364,84.69421163737415,14.96,24.72248809858273,31.78494649870774,1.190744019522275
heavy,1038,1.0,QuantileMLP-JCSO,50,19.424633184861385,89.23450940459986,14.96,24.700341433610742,33.741822392885375,1.2648580032199237
heavy,1038,1.0,QuantileMLP-RB,30,28.46112228048226,87.01160481790944,14.96,25.760620639341155,29.374717062080315,1.097152203889871
heavy,1038,1.0,QuantileMLP-RB,40,19.541281598305186,90.63901724500938,14.96,24.897464916596245,31.331619597811656,1.1710065692164857
heavy,1038,1.0,QuantileMLP-RB,50,15.588216914808273,91.60335273642083,14.96,24.76094975331443,33.240596459025284,1.2431209369734277
heavy,1039,0.82,Diffusion-JCSO,30,20.486630188023277,94.71533321075914,8.8,14.96,35.6912741560582,1.2160175565172215
heavy,1039,0.82,Diffusion-JCSO,40,12.703059387827395,96.3343881224345,8.57476613331592,14.96,38.2522821250726,1.3039953301994156
heavy,1039,0.82,Diffusion-JCSO,50,8.572059645880124,97.33615175519665,5.805891664114934,14.96,40.74720433569225,1.3897297334853922
heavy,1039,0.82,Diffusion-RB,30,21.90864381022991,94.29055848586796,8.8,14.96,34.55650970281231,1.176269274067921
heavy,1039,0.82,Diffusion-RB,40,14.923855830233768,95.42351034441354,8.69536269105777,14.96,36.979636896346086,1.259460683106207
heavy,1039,0.82,Diffusion-RB,50,11.594224783798515,96.43892026898115,7.036203803229747,14.96,39.361991172240764,1.3412420658832094
heavy,1039,0.82,GAN-JCSO,30,17.71169602419498,95.06523674206628,8.8,14.96,36.08159992580839,1.2300102889675641
heavy,1039,0.82,GAN-JCSO,40,11.478427188097779,96.29343987966975,6.823092774324695,14.96,38.66617093928872,1.3188460858335707
heavy,1039,0.82,GAN-JCSO,50,8.05388785631339,97.25185228209165,6.0300530227076194,14.96,41.16652335118886,1.40480838670786
heavy,1039,0.82,GAN-RB,30,16.88694056203383,93.81397168684562,7.9643965116298165,14.96,36.39285806802623,1.2393693500536633
heavy,1039,0.82,GAN-RB,40,7.677590491837925,97.45901757880664,5.7927607685881,14.96,38.87668042792857,1.3245082122633067
heavy,1039,0.82,GAN-RB,50,6.7888666097868615,97.5,5.745583560467771,14.96,41.25404535248611,1.406132176831139
heavy,1039,0.82,QuantileMLP-JCSO,30,18.095387886485565,95.17070781337144,8.8,14.96,36.073880221238916,1.2300245024692114
heavy,1039,0.82,QuantileMLP-JCSO,40,11.831369933327226,96.19642491372659,7.814427929509919,14.96,38.65079993116162,1.318618643512896
heavy,1039,0.82,QuantileMLP-JCSO,50,8.562721435546578,96.96863928222673,6.319269062729924,14.96,41.15795691669017,1.4048448736448576
heavy,1039,0.82,QuantileMLP-RB,30,14.281727461471027,95.63832464836128,8.56928289020692,14.96,36.2863256230223,1.2378726718712398
heavy,1039,0.82,QuantileMLP-RB,40,10.746123615357801,96.04166666666669,8.48627737687339,14.96,38.817368463357425,1.3249290629550845
heavy,1039,0.82,QuantileMLP-RB,50,8.99461726698075,96.79346091100642,6.333708748737231,14.96,41.307147320944495,1.4105970890978377
heavy,1039,1.0,Diffusion-JCSO,30,38.3482807764557,82.62769241064377,11.696681560592747,14.96,30.23406893304431,1.2541580425885526
heavy,1039,1.0,Diffusion-JCSO,40,11.656588121538713,96.04529494291275,5.7185142804674,14.948550609591065,32.3263927368655,1.341785855835628
heavy,1039,1.0,Diffusion-JCSO,50,6.0530889038656275,98.01797777403358,4.825878452988536,9.042437472111267,34.40001843322483,1.428634240653084
heavy,1039,1.0,Diffusion-RB,30,29.236071233377572,87.43057834283185,9.712573876642987,14.96,29.70843766176205,1.2314991760108505
heavy,1039,1.0,Diffusion-RB,40,14.592391739765452,94.73858252074017,7.087059667831062,12.881646950314877,31.483624286116324,1.305708561542084
heavy,1039,1.0,Diffusion-RB,50,9.246020002871123,97.1091293327591,5.327513135814705,10.92772787779392,33.292158214514764,1.3813783319390556
heavy,1039,1.0,GAN-JCSO,30,56.41482542682986,71.57641817503092,14.96,14.96,30.393336580200625,1.2618133180908415
heavy,1039,1.0,GAN-JCSO,40,23.179238092798734,90.0847818750629,8.515221298415137,14.96,32.636087205063255,1.3554548868016365
heavy,1039,1.0,GAN-JCSO,50,7.944409252969832,96.706763124748,5.071967214532682,12.107911129436769,34.727559492913876,1.4430443367160923
heavy,1039,1.0,GAN-RB,30,62.949699613076376,65.38248026732906,14.96,14.96,30.566077236569622,1.2685329537962413
heavy,1039,1.0,GAN-RB,40,36.71527656306098,80.60408051402139,14.96,14.96,32.85016838730393,1.3636071863388857
heavy,1039,1.0,GAN-RB,50,11.027923406848718,94.09157928922409,7.3861948470528995,14.96,34.99349367341322,1.4529215297185334
heavy,1039,1.0,QuantileMLP-JCSO,30,34.29072566999103,86.08982342667179,9.09020126150211,14.96,30.418141090159246,1.263010143230268
heavy,1039,1.0,QuantileMLP-JCSO,40,9.72523839308679,96.49909514874065,5.572220628555341,13.507863212464855,32.62699709508155,1.3553597141939684
heavy,1039,1.0,QuantileMLP-JCSO,50,6.315940067514472,97.6753632995761,5.016259023042248,9.792626460718079,34.72646704212055,1.4433413254302103
heavy,1039,1.0,QuantileMLP-RB,30,22.35098962741948,90.44651986632448,8.579955009875299,14.96,30.518866654820478,1.2681269540155857
heavy,1039,1.0,QuantileMLP-RB,40,8.542445855918013,96.59696249247179,5.63729772109517,14.940285142115547,32.74377456616615,1.3610728870336255
heavy,1039,1.0,QuantileMLP-RB,50,6.605488006183498,97.487717712519,5.126685963964371,11.017617221824633,34.87274154984054,1.4501931282000058
heavy,1040,0.82,Diffusion-JCSO,30,22.69147627243192,92.01599997505696,14.96,15.044249495533986,35.861109631636864,1.2103911694276466
heavy,1040,0.82,Diffusion-JCSO,40,15.805728247591317,93.3443248394127,14.96,15.052144503159786,38.47677895756726,1.2992391904054112
heavy,1040,0.82,Diffusion-JCSO,50,12.791886405291828,93.73955586600519,14.96,15.062087411273081,41.019616586359405,1.3856491059869818
heavy,1040,0.82,Diffusion-RB,30,24.7171294207273,91.98843847231448,14.96,15.329041836394577,35.20386132816266,1.1859610398207276
heavy,1040,0.82,Diffusion-RB,40,15.332980133880277,93.46433617135044,14.96,15.320977016779034,37.74372247562166,1.2720575401008523
heavy,1040,0.82,Diffusion-RB,50,11.374387496756249,94.14178916731544,14.96,15.314273542728072,40.23893385182428,1.3566748851295383
heavy,1040,0.82,GAN-JCSO,30,23.46841715381677,91.56634839627571,14.96,15.276627230204971,35.74306212737756,1.2083814012242722
heavy,1040,0.82,GAN-JCSO,40,16.192713751946474,93.23958191978205,14.96,15.51009263619236,38.318159380137516,1.2959466716964791
heavy,1040,0.82,GAN-JCSO,50,12.662902240779568,93.58396073764787,14.96,15.528149743671763,40.8239757862856,1.381184290437638
heavy,1040,0.82,GAN-RB,30,28.21287652530888,88.84345026259975,14.96,15.346208856942068,35.858307472965436,1.2110288632120811
heavy,1040,0.82,GAN-RB,40,21.929490771336376,91.44016974288789,14.96,15.324148203364548,38.52419919308204,1.3015505794542384
heavy,1040,0.82,GAN-RB,50,16.45855480800201,93.15469862628512,14.96,15.317009277938183,41.07452473931392,1.3882207422234367
heavy,1040,0.82,QuantileMLP-JCSO,30,21.690683459842045,91.75808861911244,14.96,15.133979984108128,35.807883381969624,1.210407099384671
heavy,1040,0.82,QuantileMLP-JCSO,40,17.279828402320046,92.55504289941999,14.96,15.055669737804145,38.39033308811655,1.2982665471586228
heavy,1040,0.82,QuantileMLP-JCSO,50,13.705180350815365,93.33333333333331,14.96,15.070120220588695,40.917636059385075,1.3842837917466795
heavy,1040,0.82,QuantileMLP-RB,30,24.52000022461149,91.68333327422503,14.96,14.965889938078202,35.23104567951694,1.187724014055224
heavy,1040,0.82,QuantileMLP-RB,40,17.92579348735617,93.20818639123034,14.96,15.325516837544178,37.65198137982705,1.2698561155161632
heavy,1040,0.82,QuantileMLP-RB,50,11.985845983794652,94.50353850405132,14.96,15.318362078020872,40.03562872615734,1.3507746937205491
heavy,1040,1.0,Diffusion-JCSO,30,31.458460818633316,87.79249080506595,11.290252866865426,14.96,30.23926481424208,1.2430315648531678
heavy,1040,1.0,Diffusion-JCSO,40,11.591303652169255,95.9766336555018,5.903702183502792,14.96,32.425527224730054,1.3335022494132491
heavy,1040,1.0,Diffusion-JCSO,50,8.941127983026682,96.48652566878832,5.720000000000001,14.96,34.53877717075169,1.4210355801306074
heavy,1040,1.0,Diffusion-RB,30,21.57766691996035,93.46637958037807,8.487183548573048,14.96,29.931298304910413,1.2282668707535034
heavy,1040,1.0,Diffusion-RB,40,12.82853337355819,95.03405332729959,6.9695817896508885,14.96,31.98480054301801,1.3130348414592559
heavy,1040,1.0,Diffusion-RB,50,7.557778964128134,96.90511087384104,5.720000000000001,14.96,33.903763318805,1.392351997714544
heavy,1040,1.0,GAN-JCSO,30,48.30064793620715,77.72760933676672,14.96,14.96,30.2076699972165,1.2438933549415574
heavy,1040,1.0,GAN-JCSO,40,16.90244718721677,93.0389532907145,8.494507159379813,14.96,32.40448768495588,1.3349402131976418
heavy,1040,1.0,GAN-JCSO,50,9.058827399697384,96.12908432227267,5.720000000000001,14.96,34.50939173220061,1.4222411339391459
heavy,1040,1.0,GAN-RB,30,24.419184054658444,91.42012517284512,8.8,14.96,30.128514127250114,1.2398521661039212
heavy,1040,1.0,GAN-RB,40,16.965623919424385,94.29298291111957,8.062755765680656,14.96,32.438543886827105,1.3352999634266538
heavy,1040,1.0,GAN-RB,50,12.326305339708805,96.0301204423193,6.184328754679963,14.96,34.63212041171649,1.4259930295500498
heavy,1040,1.0,QuantileMLP-JCSO,30,38.05605935149696,83.12023531232698,14.96,14.96,30.253152112683317,1.2455765427396388
heavy,1040,1.0,QuantileMLP-JCSO,40,16.489807752127106,93.50553358466577,8.063386967768844,14.96,32.44870219869417,1.3365620703943097
heavy,1040,1.0,QuantileMLP-JCSO,50,9.823144319151126,96.04166666666669,5.720000000000001,14.96,34.55122415955176,1.4237796655615202
heavy,1040,1.0,QuantileMLP-RB,30,24.173081227920154,91.52350140360879,8.8,14.96,29.891664915270074,1.227570872990916
heavy,1040,1.0,QuantileMLP-RB,40,15.281651448399714,95.10406875242285,7.139103873846326,14.96,32.06438073078154,1.3172642559606538
heavy,1040,1.0,QuantileMLP-RB,50,7.901595594067977,97.31400710725988,5.343768191320641,14.96,34.056562928684265,1.3996254896119429
heavy,1041,0.82,Diffusion-JCSO,30,15.749196351088116,93.88159571385144,14.96,14.96,33.197673105758064,1.2128585958522746
heavy,1041,0.82,Diffusion-JCSO,40,11.256285579474548,94.58333333333331,14.96,14.96,35.62525135413559,1.3020695022635376
heavy,1041,0.82,Diffusion-JCSO,50,9.922507101954603,94.74805318823735,14.96,14.96,37.99215742520556,1.3890905337282267
heavy,1041,0.82,Diffusion-RB,30,13.935060074534558,94.31880094173316,14.96,14.96,32.95645524637954,1.2030880467152596
heavy,1041,0.82,Diffusion-RB,40,10.628486943545123,94.76518913205685,14.96,14.96,35.34031216255584,1.2906191512271898
heavy,1041,0.82,Diffusion-RB,50,10.0,94.85941692944515,14.96,14.96,37.67700949047665,1.3764126047707583
heavy,1041,0.82,GAN-JCSO,30,27.737031347932465,91.1555738387081,14.96,14.96,33.166299385882304,1.2084431839790195
heavy,1041,0.82,GAN-JCSO,40,15.860155735961794,93.93277449054403,14.96,14.96,35.65827592997952,1.299722735045014
heavy,1041,0.82,GAN-JCSO,50,9.84095095002299,95.04049472563747,14.96,14.96,38.07294030948573,1.3882101675089797
heavy,1041,0.82,GAN-RB,30,23.104332068647615,92.35869142706251,14.96,14.96,33.51615633364923,1.2174883471793765
heavy,1041,0.82,GAN-RB,40,13.644735976161417,94.90089816100048,14.96,14.96,36.04276774656284,1.3097224638766574
heavy,1041,0.82,GAN-RB,50,10.148891898905877,95.2975915892536,14.96,14.96,38.46888548142872,1.3983039576975826
heavy,1041,0.82,QuantileMLP-JCSO,30,15.225589856756914,93.71347231085821,14.96,14.96,33.25902226945111,1.2161051370899933
heavy,1041,0.82,QuantileMLP-JCSO,40,11.383135477770127,94.45279976172924,14.96,14.96,35.67445160146062,1.3049800364818955
heavy,1041,0.82,QuantileMLP-JCSO,50,9.8900522114462,94.68942704062903,14.96,14.96,38.04086454749084,1.3920684769524303
heavy,1041,0.82,QuantileMLP-RB,30,14.52403510855605,93.99233082557932,14.96,14.96,33.1133306845951,1.208812248317502
heavy,1041,0.82,QuantileMLP-RB,40,11.08457126745723,94.41635718313569,14.96,14.96,35.515072480614286,1.2969845146681147
heavy,1041,0.82,QuantileMLP-RB,50,10.215477502101992,94.58333333333331,14.96,14.96,37.84779874752534,1.3826144138494576
heavy,1041,1.0,Diffusion-JCSO,30,14.945630380787906,94.15372287053175,6.500245266429575,14.96,27.9965569680583,1.24573679111181
heavy,1041,1.0,Diffusion-JCSO,40,5.89587011782328,97.5,5.105432914330646,14.96,30.000550745795795,1.3355100490061957
heavy,1041,1.0,Diffusion-JCSO,50,4.991888527003223,97.70833333333331,5.007405920736368,14.96,31.97074334843891,1.423783006400099
heavy,1041,1.0,Diffusion-RB,30,14.458647813441187,94.06723511997511,8.8,14.96,27.7899907342701,1.2357088415665507
heavy,1041,1.0,Diffusion-RB,40,8.78106318092563,96.00685490191681,6.463745662346063,14.96,29.765239704822942,1.3240445337185862
heavy,1041,1.0,Diffusion-RB,50,5.0,97.83460534158873,5.0524363590531784,14.96,31.69288956978004,1.410332141006412
heavy,1041,1.0,GAN-JCSO,30,20.233206269288765,94.70957779812045,7.582000047829361,14.96,27.970814155643595,1.2412906439447648
heavy,1041,1.0,GAN-JCSO,40,8.919620676257962,97.22808214446998,5.507365804756631,14.96,30.034252277766193,1.3334112650015406
heavy,1041,1.0,GAN-JCSO,50,4.370936268668703,98.05623284411077,4.993100131062953,14.96,32.04379387814491,1.4231494602575576
heavy,1041,1.0,GAN-RB,30,15.734869589887886,95.91003260252803,8.156843351817141,14.96,28.219613987237153,1.248783259338811
heavy,1041,1.0,GAN-RB,40,7.076220455517425,97.90372616148656,5.501572934655762,14.96,30.331233018803594,1.3426606768013472
heavy,1041,1.0,GAN-RB,50,5.011655974357031,98.2600035641032,4.987704287481998,14.96,32.344596531534386,1.4322436185536385
heavy,1041,1.0,QuantileMLP-JCSO,30,26.156163869111147,87.47280722200814,12.311717289470288,14.96,28.064361419008975,1.2497569623584637
heavy,1041,1.0,QuantileMLP-JCSO,40,7.269687773937345,96.741945910662,5.3755258350162896,14.96,30.045744831592526,1.3386281017067359
heavy,1041,1.0,QuantileMLP-JCSO,50,4.946968363178161,97.65656610116282,5.030593904161746,14.96,32.01435928045204,1.4269159958804827
heavy,1041,1.0,QuantileMLP-RB,30,9.794931894809492,96.55633012740851,5.782989806040293,14.96,28.00419131596466,1.2450845434749496
heavy,1041,1.0,QuantileMLP-RB,40,6.062819732103801,97.43443245749415,5.137615073578652,14.96,29.998943817364754,1.3343545793691525
heavy,1041,1.0,QuantileMLP-RB,50,5.132233641664011,97.59481100833422,5.0139096828210254,14.96,31.894967792578974,1.4193080340561104
heavy,1042,0.82,Diffusion-JCSO,30,18.600119472757946,92.79582586628598,14.96,17.647020938228703,36.485148739377514,1.2157849619553187
heavy,1042,0.82,Diffusion-JCSO,40,15.11710589082868,93.49775195760593,14.96,17.6216408056194,38.9656961440178,1.2993373020564178
heavy,1042,0.82,Diffusion-JCSO,50,13.634796216172042,93.98137409009891,14.96,17.60072474980259,41.378771202893304,1.380665590714917
heavy,1042,0.82,Diffusion-RB,30,19.06356521064316,92.5809001617804,14.96,17.70209344055194,35.972778913551366,1.1976789376271615
heavy,1042,0.82,Diffusion-RB,40,16.85690603891323,92.79324356874088,14.96,17.67304635680154,38.18101446184386,1.2719938217542062
heavy,1042,0.82,Diffusion-RB,50,14.48839666486515,93.68143458400888,14.96,17.648619247407105,40.449831711292624,1.348361515074311
heavy,1042,0.82,GAN-JCSO,30,17.672059972807308,92.82405097388221,14.96,17.661812270412717,36.740602691905,1.2242538348719707
heavy,1042,0.82,GAN-JCSO,40,14.344310938978879,93.6907852425626,14.96,17.63548686023301,39.25896320645902,1.3090222047041393
heavy,1042,0.82,GAN-JCSO,50,13.67007896600162,93.98012997896923,14.96,17.613458650409868,41.708096854127575,1.3915258757056501
heavy,1042,0.82,GAN-RB,30,21.49285249874915,91.51328889829333,14.96,18.387930444815705,36.83356632780947,1.224810315472427
heavy,1042,0.82,GAN-RB,40,14.285560693054157,93.75545314431855,14.96,17.866544723481134,39.625063196975105,1.3182159538389155
heavy,1042,0.82,GAN-RB,50,11.652474160239825,94.375,14.96,17.738358856767096,41.98478596433698,1.3972510022019586
heavy,1042,0.82,QuantileMLP-JCSO,30,18.047540285589854,93.31894511522746,14.96,15.733612249970538,36.48535335703585,1.2163080116921452
heavy,1042,0.82,QuantileMLP-JCSO,40,14.781345467243511,94.16795681659458,14.723248637446375,15.707686429844198,38.91123399024879,1.2979896700721008
heavy,1042,0.82,QuantileMLP-JCSO,50,12.862029455569054,94.45013444126599,14.96,15.68656283435007,41.246620276319945,1.3767881858532467
heavy,1042,0.82,QuantileMLP-RB,30,20.01638482218869,92.18135569167924,14.96,17.725221113223174,36.39288461250829,1.2098141295821718
heavy,1042,0.82,QuantileMLP-RB,40,16.405282651390994,93.24663526095655,14.96,17.694283255694575,38.52881219535199,1.2816614364393524
heavy,1042,0.82,QuantileMLP-RB,50,14.698017786868505,93.51872977595964,14.96,17.668114400909683,40.634822526766115,1.3525813399339368
heavy,1042,1.0,Diffusion-JCSO,30,14.944771988128307,93.66569553499846,6.070065218380611,14.730794651322878,31.106903471956016,1.261947246431219
heavy,1042,1.0,Diffusion-JCSO,40,7.444944620157173,97.18411608174674,5.0830623768717125,8.558455879652115,33.28469854648984,1.3509865451532619
heavy,1042,1.0,Diffusion-JCSO,50,5.306030381176839,98.02212725709796,4.79383433665321,7.979969236345632,35.37026367815803,1.4364385442214627
heavy,1042,1.0,Diffusion-RB,30,18.28239408520693,92.12099387134789,8.83212843339964,14.96,30.84327293886647,1.250582426375784
heavy,1042,1.0,Diffusion-RB,40,9.113071477565443,96.2714380756405,5.676257355299895,9.413521246421697,33.012533171058365,1.3390530931466142
heavy,1042,1.0,Diffusion-RB,50,5.206194146742356,98.125713062197,4.866480565529145,6.890577092297355,34.93305343916275,1.417593904776074
heavy,1042,1.0,GAN-JCSO,30,22.403029123109405,87.7474846392381,9.60114524829752,14.96,31.218733527501158,1.266682312473826
heavy,1042,1.0,GAN-JCSO,40,10.535640422130683,94.6993505280293,5.561601451478612,13.654444192109269,33.454175697303064,1.3579543313539533
heavy,1042,1.0,GAN-JCSO,50,4.758665844681417,98.17656691326225,4.781873963653616,7.510850933103499,35.580950074856624,1.4450113136165992
heavy,1042,1.0,GAN-RB,30,21.217217753712987,91.28187465158773,11.472701212074174,14.96,31.156706281506448,1.2626088030366687
heavy,1042,1.0,GAN-RB,40,8.815799931274261,95.90460003436287,6.420786335411375,14.96,33.72672366677105,1.3671192266176255
heavy,1042,1.0,GAN-RB,50,4.420178539678679,97.96854167901385,5.438142441097695,12.206847257163432,35.91112515977912,1.4560268529442293
heavy,1042,1.0,QuantileMLP-JCSO,30,10.234654352778108,96.3963796177082,5.48554736455663,8.8,31.132182532550296,1.2635371010787673
heavy,1042,1.0,QuantileMLP-JCSO,40,6.768690290231533,97.6494218218386,4.91188792494708,8.508103487260891,33.303137019098855,1.3523805020103863
heavy,1042,1.0,QuantileMLP-JCSO,50,4.884729886760927,98.15381752830976,4.684980761595393,7.979214423785259,35.369791275235585,1.4371159485912097
heavy,1042,1.0,QuantileMLP-RB,30,11.157674345850078,95.76763568922912,5.9786248720293775,12.34708257465786,31.109575864406107,1.2594901281751607
heavy,1042,1.0,QuantileMLP-RB,40,8.27396230257289,96.82534589914238,5.511361018697393,8.902772071791079,33.27007106578003,1.3474770432549115
heavy,1042,1.0,QuantileMLP-RB,50,5.8187241649282475,97.81980458420253,4.910290158693196,8.8,35.38160760487355,1.4335390843125797
heavy,1043,0.82,Diffusion-JCSO,30,18.941101413122997,92.64849662880151,9.883225116878968,14.96,36.73861227067075,1.2069395046255753
heavy,1043,0.82,Diffusion-JCSO,40,13.389548425287192,93.98875698160921,9.44671778702282,14.96,39.336323705237575,1.2929631521963203
heavy,1043,0.82,Diffusion-JCSO,50,10.909441467539347,94.55796395526467,9.062454857354878,14.96,41.83403117752043,1.3758006226604051
heavy,1043,0.82,Diffusion-RB,30,21.98275339236129,91.47469813175148,10.01079963706043,14.96,36.30692910947537,1.193204521218407
heavy,1043,0.82,Diffusion-RB,40,14.567500630484176,93.14327367442007,9.711085170063244,14.96,38.7557839176488,1.2742413551638643
heavy,1043,0.82,Diffusion-RB,50,11.301312820498362,93.94367252747664,9.47889480739576,14.96,41.13051756573932,1.3530214069175535
heavy,1043,0.82,GAN-JCSO,30,19.09555948571243,92.33977344583374,9.916256406860853,14.96,36.7069420086969,1.2071637407077356
heavy,1043,0.82,GAN-JCSO,40,13.599084847092358,93.67913292966426,9.868101458631285,14.96,39.25995894909837,1.2917805953042907
heavy,1043,0.82,GAN-JCSO,50,10.431208598504742,94.49563742044857,9.683664858340498,14.96,41.72566118556028,1.3735136816020046
heavy,1043,0.82,GAN-RB,30,17.196736278796283,92.84972217062678,10.050850371767377,14.96,36.93649021494006,1.2152992977288817
heavy,1043,0.82,GAN-RB,40,12.680598224931762,93.76386755420079,9.992606747068882,14.96,39.521221603252236,1.3010037671217336
heavy,1043,0.82,GAN-RB,50,10.92146031073103,94.58333333333331,9.944567801878499,14.96,42.057625659911864,1.385149327179886
heavy,1043,0.82,QuantileMLP-JCSO,30,19.169133579562384,92.63806658459032,9.92092695742242,14.96,36.81162621305845,1.2097897453309487
heavy,1043,0.82,QuantileMLP-JCSO,40,13.35740799649295,93.50781866822534,9.791590908079526,14.96,39.35690193233983,1.29405375895088
heavy,1043,0.82,QuantileMLP-JCSO,50,10.876852983630256,94.43888858022206,9.261497523138223,14.96,41.87068792637897,1.377360339332298
heavy,1043,0.82,QuantileMLP-RB,30,15.406692840512543,93.36018991987942,10.10714096152882,14.96,36.88719031885209,1.213191208879139
heavy,1043,0.82,QuantileMLP-RB,40,11.844724307941805,93.7802756920582,10.024107244863268,14.96,39.44579488404949,1.297999600684998
heavy,1043,0.82,QuantileMLP-RB,50,10.47898198744716,94.40371508804063,9.97377107789246,14.96,41.99168128638954,1.3825984510963234
heavy,1043,1.0,Diffusion-JCSO,30,22.847909195143586,90.29042390139371,9.845050531501116,14.96,30.96202527336228,1.2386799595453237
heavy,1043,1.0,Diffusion-JCSO,40,11.676904630252226,94.54434529295047,8.377790486653392,14.96,33.149741256623386,1.3269074029378647
heavy,1043,1.0,Diffusion-JCSO,50,8.845466653661967,95.66262222655715,6.015597688194063,14.96,35.27928101538373,1.412858502656127
heavy,1043,1.0,Diffusion-RB,30,18.811047263902015,93.02913638696954,8.8,14.96,30.813252257478634,1.233428186004108
heavy,1043,1.0,Diffusion-RB,40,11.790793551655822,95.09751326055915,8.8,14.96,32.914953137834395,1.3180943717463085
heavy,1043,1.0,Diffusion-RB,50,9.055228116664754,95.87790875333411,6.994921572965968,14.96,34.908172502421415,1.3985148387950948
heavy,1043,1.0,GAN-JCSO,30,23.415542110409746,90.32066373276069,10.939351962113097,14.96,30.976098039836423,1.240719053908333
heavy,1043,1.0,GAN-JCSO,40,11.178280036756027,95.63097666360366,8.727845476387035,14.96,33.17260177832348,1.3293168354650076
heavy,1043,1.0,GAN-JCSO,50,8.303498158103693,95.96090528816086,6.119235122358239,14.96,35.25289048710379,1.4133055835866923
heavy,1043,1.0,GAN-RB,30,30.774201156108553,85.44494727316547,14.96,14.96,31.053770412067408,1.2445755190176893
heavy,1043,1.0,GAN-RB,40,11.569747511400747,94.1327633268186,8.53631033259002,14.96,33.25507131822751,1.3333586364074057
heavy,1043,1.0,GAN-RB,50,8.815597640674142,95.625,6.269432687495991,14.96,35.380062072328684,1.419150099994635
heavy,1043,1.0,QuantileMLP-JCSO,30,22.357561948535277,91.36912990427103,8.825489069051597,14.96,31.073991297124756,1.24383111077985
heavy,1043,1.0,QuantileMLP-JCSO,40,11.079769506295747,95.26084318238708,8.205845821924237,14.96,33.25237155961605,1.3316474061854269
heavy,1043,1.0,QuantileMLP-JCSO,50,8.656471455179311,96.0603723756308,6.257851684691451,14.96,35.34559402788243,1.4160939376803643
heavy,1043,1.0,QuantileMLP-RB,30,14.239973450420187,94.06425207863508,8.8,14.96,31.086503903120363,1.2454975914402782
heavy,1043,1.0,QuantileMLP-RB,40,10.104642177288317,94.79166666666666,8.8,14.96,33.284776221390224,1.3340704124857732
heavy,1043,1.0,QuantileMLP-RB,50,8.248731722581866,95.47741553070435,6.771336036456098,14.96,35.36205176979419,1.4178578594076576
heavy,1044,0.82,Diffusion-JCSO,30,27.52011565004273,87.07931020332478,14.96,20.171540258928417,35.29216356283908,1.1353550270702755
heavy,1044,0.82,Diffusion-JCSO,40,20.991760277536947,88.58379049028107,14.96,20.143193637348876,37.78806211421753,1.2163550445776976
heavy,1044,0.82,Diffusion-JCSO,50,17.30146295326434,89.70927778001592,14.96,20.119521901669913,40.17770400014117,1.2939328043878542
heavy,1044,0.82,Diffusion-RB,30,26.217326336769847,87.53063543230238,14.96,20.19175230752528,35.27283836971862,1.1349020721362477
heavy,1044,0.82,Diffusion-RB,40,21.286007608028388,88.42475688411862,14.96,20.162145378712896,37.72201766186525,1.214420719679294
heavy,1044,0.82,Diffusion-RB,50,18.17044117291638,89.35480392314828,14.96,20.13721978579206,40.08896363450624,1.291313390112019
heavy,1044,0.82,GAN-JCSO,30,27.774657775300874,87.37929529232188,14.96,19.4845090816032,35.463071651228454,1.1409399259121014
heavy,1044,0.82,GAN-JCSO,40,20.563425498012087,89.6972002782511,14.96,19.461310230734956,37.90103708832408,1.2200461345593185
heavy,1044,0.82,GAN-JCSO,50,16.113374838763885,90.625,14.96,19.442328414323445,40.24105806054156,1.2959806175235487
heavy,1044,0.82,GAN-RB,30,24.203864100011803,87.83429102618794,14.96,20.21563608715819,35.66904165088656,1.1472833267634899
heavy,1044,0.82,GAN-RB,40,19.58612497279154,89.09629167573615,14.96,20.18404729171836,38.17036752973771,1.228424011529464
heavy,1044,0.82,GAN-RB,50,16.055669527567208,90.0,14.96,20.15744216239413,40.61251284527233,1.307677119097689
heavy,1044,0.82,QuantileMLP-JCSO,30,24.466517619142913,88.50433604267651,14.96,19.490924187785478,35.50571170556146,1.1424344348626918
heavy,1044,0.82,QuantileMLP-JCSO,40,18.97113455480488,89.63919965100813,14.96,19.467721030216893,37.906934332617375,1.2203388373954167
heavy,1044,0.82,QuantileMLP-JCSO,50,15.563634292801023,90.45957836582835,14.96,19.448318982362423,40.18677345435559,1.2942506700758978
heavy,1044,0.82,QuantileMLP-RB,30,21.262613656539116,89.12458152573859,14.96,19.51252533560765,35.644858668983574,1.147167305375071
heavy,1044,0.82,QuantileMLP-RB,40,18.003214111214746,89.89835036506456,14.96,19.488109980018905,38.041902434655185,1.2249275660249872
heavy,1044,0.82,QuantileMLP-RB,50,16.19275647739264,90.0245329382603,14.96,19.467373265292974,40.362904252485095,1.3002305558693825
heavy,1044,1.0,Diffusion-JCSO,30,39.568101823571624,79.99423895856405,14.96,14.96,30.022369067527404,1.1758261249626059
heavy,1044,1.0,Diffusion-JCSO,40,17.617307604369465,90.35801286448194,14.96,14.96,32.1086289389464,1.258304727937477
heavy,1044,1.0,Diffusion-JCSO,50,10.399472962579107,93.53548013085444,14.96,14.96,34.151683508814436,1.3390957699052721
heavy,1044,1.0,Diffusion-RB,30,24.202134217026565,88.80858516145337,14.96,14.96,29.97266183911343,1.1740825205050631
heavy,1044,1.0,Diffusion-RB,40,13.708997136098963,92.41015428675401,14.96,14.96,32.06561212745623,1.2568048322876142
heavy,1044,1.0,Diffusion-RB,50,11.100974687874583,93.26642299469803,14.96,14.96,34.0869598627666,1.336744366332116
heavy,1044,1.0,GAN-JCSO,30,51.80316795782688,71.60448494208103,14.96,15.198318627583259,30.195839861915346,1.1826305107554158
heavy,1044,1.0,GAN-JCSO,40,27.24960786299049,85.1792554217076,14.96,14.96,32.260032927504774,1.2643363933122247
heavy,1044,1.0,GAN-JCSO,50,12.14556738335671,92.51677304665733,14.96,14.96,34.286696098067736,1.3445335045366347
heavy,1044,1.0,GAN-RB,30,32.15944096552843,84.25817704327613,14.96,14.96,30.27865556417887,1.1857902491036647
heavy,1044,1.0,GAN-RB,40,12.997570097132916,92.54247663428903,14.96,14.96,32.3790618113352,1.2688034666876573
heavy,1044,1.0,GAN-RB,50,9.529982277114549,93.65917109738804,14.96,14.96,34.452322925040235,1.350729427585454
heavy,1044,1.0,QuantileMLP-JCSO,30,36.386700577531236,82.28190873001883,14.96,15.027972379867622,30.205041109525645,1.1831358243061236
heavy,1044,1.0,QuantileMLP-JCSO,40,17.42448150095655,90.67960375352793,14.96,14.96669733633331,32.266230603179395,1.2647201680436557
heavy,1044,1.0,QuantileMLP-JCSO,50,10.303578788434251,93.30475969680303,14.96,14.96,34.29319952520972,1.344962528909728
heavy,1044,1.0,QuantileMLP-RB,30,19.45711234860196,90.45208554247667,14.96,14.96,30.251441708412305,1.185381999818891
heavy,1044,1.0,QuantileMLP-RB,40,12.504331916249606,92.83246695008343,14.96,14.96,32.34767900291531,1.2682718752239392
heavy,1044,1.0,QuantileMLP-RB,50,10.527857869058757,93.13687043707007,14.96,14.96,34.38722887678992,1.3489705085589898
heavy,1045,0.82,Diffusion-JCSO,30,21.96819440262995,90.34611111838319,14.96,16.18401936375425,34.22812543450457,1.1873873519474467
heavy,1045,0.82,Diffusion-JCSO,40,17.226496344657715,91.22136739773511,14.96,16.157106470102114,36.608264086003246,1.2707512996029906
heavy,1045,0.82,Diffusion-JCSO,50,14.046765584953018,91.95705860376172,14.96,16.13449065227156,38.92320753679657,1.351835936589856
heavy,1045,0.82,Diffusion-RB,30,20.71276704796333,90.6688422855891,14.96,16.473722441699937,33.71601474989995,1.1678024976987107
heavy,1045,0.82,Diffusion-RB,40,17.549772783682872,91.5575227216317,14.96,16.282533142799167,35.90212006939733,1.2441599516509743
heavy,1045,0.82,Diffusion-RB,50,14.309531075834071,92.02480037624986,14.96,16.212683501244886,38.07675139046165,1.3201580903766843
heavy,1045,0.82,GAN-JCSO,30,27.88797374369828,88.92491186163753,14.96,16.174508596922315,34.202517790726475,1.1867238671616427
heavy,1045,0.82,GAN-JCSO,40,19.360301270886012,91.20012147603377,14.96,16.147031634730684,36.616090129695955,1.2712471633465967
heavy,1045,0.82,GAN-JCSO,50,15.431985732768057,91.76891845007066,14.96,16.12506580511977,38.96303791214833,1.3534635040173846
heavy,1045,0.82,GAN-RB,30,26.069678212099525,90.09716378030843,14.96,16.352040430102264,34.69848110657733,1.2010330018648494
heavy,1045,0.82,GAN-RB,40,18.20796179360568,91.46116064974146,14.96,16.198220579792,37.19329521834906,1.287992790524524
heavy,1045,0.82,GAN-RB,50,14.183819236963453,91.87357061914193,14.96,16.163050534065974,39.57811839435124,1.3712264771519027
heavy,1045,0.82,QuantileMLP-JCSO,30,21.390259587632038,90.13606303932741,14.96,16.163576285970862,34.213101584889586,1.1879707867305223
heavy,1045,0.82,QuantileMLP-JCSO,40,17.040215324562155,90.93586994098871,14.96,16.138171751944455,36.56597349681163,1.2704190073128754
heavy,1045,0.82,QuantileMLP-JCSO,50,14.717764139022663,91.42845982095791,14.96,16.11691740766916,38.81621802549642,1.3492952079029097
heavy,1045,0.82,QuantileMLP-RB,30,21.248449401466797,90.13403932846664,14.96,16.28561519215976,34.20780598264364,1.1876213521831613
heavy,1045,0.82,QuantileMLP-RB,40,16.555420374511275,91.17364490637219,14.96,16.15303449251826,36.53448250851672,1.2690606527283699
heavy,1045,0.82,QuantileMLP-RB,50,13.984784470160408,91.66666666666666,14.96,16.13104801230735,38.749970768094855,1.3467320575619008
heavy,1045,1.0,Diffusion-JCSO,30,56.848307820439764,69.5864423826091,14.96,14.96,29.064624704081695,1.2275938665129646
heavy,1045,1.0,Diffusion-JCSO,40,16.723561963982608,91.98466771578211,9.803795095764508,14.96,31.06273810770731,1.3127139364593015
heavy,1045,1.0,Diffusion-JCSO,50,7.833418820825422,95.6582991383365,6.62981277321863,14.96,33.05073803868177,1.3974385387959005
heavy,1045,1.0,Diffusion-RB,30,24.011189772851555,90.14552409085938,14.120268690798776,14.96,28.542926236943345,1.204105919857224
heavy,1045,1.0,Diffusion-RB,40,12.360478250162238,94.59251847037253,8.243195409471332,14.96,30.58295629427714,1.2907344184688012
heavy,1045,1.0,Diffusion-RB,50,8.14125944319339,95.65701231502332,6.753865841448803,14.96,32.53284800839442,1.3735726653010896
heavy,1045,1.0,GAN-JCSO,30,33.043283522378935,85.54970478858685,14.251149567572732,14.96,28.97205729703859,1.2239982706850117
heavy,1045,1.0,GAN-JCSO,40,12.566251038926623,94.91714567749432,8.8,14.96,31.0425085056385,1.312135572936098
heavy,1045,1.0,GAN-JCSO,50,9.310339109228877,95.37266594467974,8.8,14.96,33.05993935345775,1.3981064125604985
heavy,1045,1.0,GAN-RB,30,18.330122761610813,94.18212093542662,8.8,14.96,29.242610216959655,1.2328979677810017
heavy,1045,1.0,GAN-RB,40,11.416301137909322,95.16669277586361,8.8,14.96,31.426584016294356,1.3255009465583552
heavy,1045,1.0,GAN-RB,50,8.207062108586575,95.625,8.8,14.96,33.50485500233258,1.413675890208981
heavy,1045,1.0,QuantileMLP-JCSO,30,28.770140736034747,85.93191040810878,14.96,14.96,28.959159276625766,1.224444561140387
heavy,1045,1.0,QuantileMLP-JCSO,40,10.79774183982389,94.5912425541132,8.775969262180723,14.96,31.034980467306834,1.3128461796092576
heavy,1045,1.0,QuantileMLP-JCSO,50,8.597714112822787,95.13523220769146,7.304337106412775,14.96,33.043116324987366,1.3984568486536815
heavy,1045,1.0,QuantileMLP-RB,30,17.306859579635372,92.24688200925667,9.295104818757487,14.96,28.953256183882665,1.2243309894787482
heavy,1045,1.0,QuantileMLP-RB,40,10.115246613598284,95.33244715422894,8.023708516603637,14.96,31.013077816158066,1.3119733271970786
heavy,1045,1.0,QuantileMLP-RB,50,7.8528860262084255,95.65051225618329,7.252428363421867,14.96,33.01906627529733,1.397328509789094
heavy,1046,0.82,Diffusion-JCSO,30,18.451272184549122,93.41980917231763,8.848764846544542,14.96,34.90428172888481,1.2116015211168671
heavy,1046,0.82,Diffusion-JCSO,40,14.561824160847596,94.1720439597881,8.847332268013506,14.96,37.429270039130564,1.2998197222593966
heavy,1046,0.82,Diffusion-JCSO,50,11.80751238863769,95.08135913140445,8.846137088408007,14.96,39.85008772759271,1.3845185224448826
heavy,1046,0.82,Diffusion-RB,30,16.409636050852836,94.00911433941558,8.90939159094142,14.96,34.574986751145715,1.198736124035002
heavy,1046,0.82,Diffusion-RB,40,12.415287523260488,95.07162559191515,8.875121281310996,14.96,36.982204170362344,1.2826987157351497
heavy,1046,0.82,Diffusion-RB,50,10.602286077635414,95.41666666666669,8.848800836891627,14.96,39.210425646759816,1.36053264044415
heavy,1046,0.82,GAN-JCSO,30,19.557345437194357,93.43612089588157,8.848478611826348,14.96,34.91214853176354,1.212235526689637
heavy,1046,0.82,GAN-JCSO,40,15.157997338464817,94.14033377692252,8.847120217665292,14.96,37.43039353715454,1.3003109472582244
heavy,1046,0.82,GAN-JCSO,50,12.632418261945622,94.7940931517704,8.845982214044058,14.96,39.82733314084306,1.3842982847564969
heavy,1046,0.82,GAN-RB,30,17.33185920819283,94.20269683633965,8.860706436591041,14.96,35.421994593243994,1.2262905500017367
heavy,1046,0.82,GAN-RB,40,13.298269352205509,95.02531466323535,8.849142254381293,14.96,37.95490631878238,1.3145179917926044
heavy,1046,0.82,GAN-RB,50,11.021673950207237,95.42066520995857,8.845838335542117,14.96,40.3827644670747,1.3992150245573556
heavy,1046,0.82,QuantileMLP-JCSO,30,18.803800285358783,92.9278591958462,9.760874486203127,14.96,34.86519244101596,1.2118136253585763
heavy,1046,0.82,QuantileMLP-JCSO,40,14.887736810839849,94.00644612868767,8.846659757580545,14.96,37.385858910204426,1.3000307324908864
heavy,1046,0.82,QuantileMLP-JCSO,50,12.901911759673313,94.75781194433151,8.845524205511229,14.96,39.78686717013927,1.3842274174741107
heavy,1046,0.82,QuantileMLP-RB,30,19.447077528361035,92.81484495936924,9.80675125708201,14.96,34.71692103418703,1.2053387325300433
heavy,1046,0.82,QuantileMLP-RB,40,14.532366703841008,93.99117271713428,9.42269881969951,14.96,37.19541675194554,1.2919005300925122
heavy,1046,0.82,QuantileMLP-RB,50,11.90810827615758,94.72268334966925,8.847520050032852,14.96,39.517994713591165,1.3731861518361226
heavy,1046,1.0,Diffusion-JCSO,30,38.01245599505843,80.74529744959415,14.96,14.96,29.357659300567757,1.2412663121997214
heavy,1046,1.0,Diffusion-JCSO,40,15.977561919437278,93.05288570694803,9.617942018211817,14.96,31.460753071604188,1.3307659818740853
heavy,1046,1.0,Diffusion-JCSO,50,7.902655172793754,97.08753678149519,5.715869049337444,14.96,33.55276208134892,1.419755704769253
heavy,1046,1.0,Diffusion-RB,30,19.10740369399089,92.82301746448009,8.046347185233646,14.96,29.00766013933068,1.2252572616455175
heavy,1046,1.0,Diffusion-RB,40,9.17559611985045,96.3464634298303,5.862998263963801,14.96,31.09711547737059,1.3139565659752375
heavy,1046,1.0,Diffusion-RB,50,6.686109696240858,97.5,5.349405351834499,14.96,33.16448682471898,1.401774712689884
heavy,1046,1.0,GAN-JCSO,30,44.96847046074019,77.40735382931868,14.96,14.96,29.394823788798746,1.243147383708498
heavy,1046,1.0,GAN-JCSO,40,19.219428734923298,91.78005424996523,9.728061481695491,14.96,31.499505566732818,1.332749017091349
heavy,1046,1.0,GAN-JCSO,50,9.154544297706366,96.56856118448015,6.115624743352539,14.96,33.584694171168934,1.4215142986963452
heavy,1046,1.0,GAN-RB,30,13.529406145490245,96.21160280564706,6.534627426681736,14.96,29.67883379093028,1.2517301586498015
heavy,1046,1.0,GAN-RB,40,9.520619954259693,97.02710467124068,5.720000000000001,14.96,31.867753395842076,1.344536736089077
heavy,1046,1.0,GAN-RB,50,7.000100609240039,97.33328302871332,5.612806895795132,14.96,34.006500779618435,1.4352176213496595
heavy,1046,1.0,QuantileMLP-JCSO,30,27.954003507720664,87.54090096639399,11.730858275371205,14.96,29.29872963308319,1.240380040486308
heavy,1046,1.0,QuantileMLP-JCSO,40,11.92803277543891,95.49431694561386,7.6524282674379425,14.96,31.425298588564356,1.3309627214766702
heavy,1046,1.0,QuantileMLP-JCSO,50,8.975369891863703,96.73777790827958,5.90629370968737,14.96,33.517062464202304,1.4200814361939174
heavy,1046,1.0,QuantileMLP-RB,30,24.120071273660344,90.28794622365439,9.024146362093274,14.96,29.082002824640686,1.2300279774856269
heavy,1046,1.0,QuantileMLP-RB,40,14.526640475410902,94.39625982172092,8.051607743893703,14.96,31.214292528330827,1.320700844540637
heavy,1046,1.0,QuantileMLP-RB,50,8.110799659412875,96.67021675181347,6.112987452686848,14.96,33.3194203361219,1.4102453990401917
heavy,1047,0.82,Diffusion-JCSO,30,21.614189163676016,90.40830427448297,14.96,19.925595716823974,34.593958439766936,1.184479864074634
heavy,1047,0.82,Diffusion-JCSO,40,15.92267494324356,91.53350659388326,14.96,19.898728271884448,36.92319594497692,1.2651477969072533
heavy,1047,0.82,Diffusion-JCSO,50,13.93672035986229,91.88580648673552,14.96,19.87646876308701,39.173966162348414,1.3431889501589855
heavy,1047,0.82,Diffusion-RB,30,16.970558280537958,91.40135365573245,14.96,19.994055988710624,34.524163538553296,1.18000968786594
heavy,1047,0.82,Diffusion-RB,40,14.518494850985826,91.875,14.96,19.96259965425819,36.50761780449758,1.248719174086093
heavy,1047,0.82,Diffusion-RB,50,13.354093314100009,92.07641333974442,14.96,19.936090861967752,38.4802713393494,1.3171339761375291
heavy,1047,0.82,GAN-JCSO,30,25.115054483955227,90.05367847537315,14.96,19.926100122433528,34.70929683845441,1.1884031837138285
heavy,1047,0.82,GAN-JCSO,40,18.017887884886942,90.91422740963665,14.96,19.898821157700784,37.13893069064878,1.272385994152306
heavy,1047,0.82,GAN-JCSO,50,14.426714714521525,91.85908778014722,14.96,19.876275785352913,39.44008548934603,1.3520958334968136
heavy,1047,0.82,GAN-RB,30,17.711476811973583,91.19713079700661,14.96,20.027491735725334,35.78928266091984,1.2213446954169689
heavy,1047,0.82,GAN-RB,40,14.107739695478998,91.89464232372922,14.96,19.99043609777946,38.49182482369209,1.3141624606074571
heavy,1047,0.82,GAN-RB,50,12.798188667308242,92.26920283317293,14.96,19.961928916503997,40.944360880405284,1.3984654535227707
heavy,1047,0.82,QuantileMLP-JCSO,30,21.151838227171297,90.72225253030629,14.96,19.902434473380573,34.55580032485299,1.18442716239488
heavy,1047,0.82,QuantileMLP-JCSO,40,15.901961265445824,91.38914012345255,14.96,19.877526037955946,36.89598335914121,1.2655452837608367
heavy,1047,0.82,QuantileMLP-JCSO,50,14.48231208045798,91.66666666666666,14.96,19.856763537831196,39.150145671256155,1.343788713299731
heavy,1047,0.82,QuantileMLP-RB,30,17.910975636227818,91.43644985861603,14.96,19.891416104645913,34.32158628428305,1.1738755964009049
heavy,1047,0.82,QuantileMLP-RB,40,13.863523161025373,92.22539293820518,14.96,19.860534605421893,36.56132438598743,1.2512485543689118
heavy,1047,0.82,QuantileMLP-RB,50,12.694405457381656,92.29166666666669,14.96,19.83539759573579,38.44490154896864,1.3166651193348542
heavy,1047,1.0,Diffusion-JCSO,30,23.670200344059985,89.82626996901091,14.96,14.96,29.322522109824025,1.2224216676430917
heavy,1047,1.0,Diffusion-JCSO,40,10.055110356227491,95.43855566339609,11.864125026173822,14.96,31.380211263176534,1.3088734060241085
heavy,1047,1.0,Diffusion-JCSO,50,8.626073136779953,95.68696343161002,11.020221895786198,14.96,33.376413296211254,1.3928510514138965
heavy,1047,1.0,Diffusion-RB,30,25.849143916670336,87.77673337862119,14.96,15.281286836875672,29.21328759966859,1.215952982261536
heavy,1047,1.0,Diffusion-RB,40,10.34782571062266,94.94899681473656,12.010247852174976,14.96,31.333885818295624,1.3048358006354013
heavy,1047,1.0,Diffusion-RB,50,8.073163064006788,95.83333333333334,11.54823092940889,14.96,33.31757299685166,1.3880762988414463
heavy,1047,1.0,GAN-JCSO,30,18.163864502666268,93.98713706989479,11.894936240032575,14.96,29.358234184475737,1.2239912252858698
heavy,1047,1.0,GAN-JCSO,40,11.800342906808996,94.8146380799562,11.865698516368848,14.96,31.471053635336443,1.3127270292333606
heavy,1047,1.0,GAN-JCSO,50,8.935004805830014,95.71766474433467,11.228523633980403,14.96,33.4979250390533,1.3979433553249905
heavy,1047,1.0,GAN-RB,30,12.979102336712748,94.71876378499013,13.478322753039441,14.96,30.09719308784365,1.2512290022633052
heavy,1047,1.0,GAN-RB,40,8.99763728570948,95.68134312698574,12.03454165629446,14.96,32.3737165915173,1.3463700480457306
heavy,1047,1.0,GAN-RB,50,7.3139178832280045,96.10616639631971,11.950305486471633,14.96,34.507250754756406,1.4356200820536646
heavy,1047,1.0,QuantileMLP-JCSO,30,29.653448939607166,85.55770979908375,14.96,14.96,29.291399501861797,1.2224005952337225
heavy,1047,1.0,QuantileMLP-JCSO,40,11.050799827968625,94.82023516920786,12.186233980177517,14.96,31.336855804246063,1.3084450885862482
heavy,1047,1.0,QuantileMLP-JCSO,50,9.102444068240281,95.44877796587988,11.621346924111595,14.96,33.339953348620476,1.3927807377737056
heavy,1047,1.0,QuantileMLP-RB,30,30.041357484053783,85.11131723285303,14.96,17.733189388835427,28.971164767687156,1.2067012115850317
heavy,1047,1.0,QuantileMLP-RB,40,11.146514175433104,94.7002655175459,12.241374343421084,14.96,31.072150068469885,1.2948671662438458
heavy,1047,1.0,QuantileMLP-RB,50,7.8506043534749725,95.83333333333334,11.487105084271839,14.96,33.10530942094017,1.3801825718300695
heavy,1048,0.82,Diffusion-JCSO,30,17.347393327136604,93.91663390189585,10.81639867944256,14.96,34.95582310904783,1.2012448314908528
heavy,1048,0.82,Diffusion-JCSO,40,12.724888502246102,95.04261736987124,10.385976964926654,14.96,37.351392250209535,1.2844275322548178
heavy,1048,0.82,Diffusion-JCSO,50,10.47556275858551,95.54246753512916,10.025721394597005,14.96,39.69423914362742,1.3658013404195821
heavy,1048,0.82,Diffusion-RB,30,23.120945243555738,93.1844472200987,10.715789492495357,14.96,33.821842190715536,1.1618046639838764
heavy,1048,0.82,Diffusion-RB,40,17.245961931882988,94.05741291935838,10.68814447496684,14.96,36.02519779198899,1.2383279472140876
heavy,1048,0.82,Diffusion-RB,50,12.830668557333999,95.14361850742839,10.520678704167839,14.96,38.252593036278256,1.3156623205808713
heavy,1048,0.82,GAN-JCSO,30,18.65680520538276,93.72902183047988,10.674983615488197,14.96,35.30462689707692,1.213643349368781
heavy,1048,0.82,GAN-JCSO,40,13.365595875863404,95.05261040755309,10.557317536459102,14.96,37.72493232122344,1.2977038447256237
heavy,1048,0.82,GAN-JCSO,50,10.720041786461428,95.6871309181539,10.153636400074094,14.96,40.09319696601747,1.379997536494036
heavy,1048,0.82,GAN-RB,30,23.95551032069211,92.12612920505651,11.289148392200355,14.96,35.08865923192782,1.205113491485496
heavy,1048,0.82,GAN-RB,40,16.744671060111905,94.6432653486331,10.553146772992378,14.96,37.48508682124235,1.2881854230650318
heavy,1048,0.82,GAN-RB,50,12.543910320903834,95.67825090653756,10.388378052901736,14.96,39.77733255434523,1.3677260991241296
heavy,1048,0.82,QuantileMLP-JCSO,30,16.129765764469315,94.11767325042256,10.67822553473984,14.96,35.20867643578236,1.2099455016297396
heavy,1048,0.82,QuantileMLP-JCSO,40,12.122412438115852,94.99098174505019,10.427789987561313,14.96,37.62531810362341,1.2938634486941283
heavy,1048,0.82,QuantileMLP-JCSO,50,10.331455750582576,95.52674576019822,10.026937068551035,14.96,39.977706670468315,1.3755849495171903
heavy,1048,0.82,QuantileMLP-RB,30,19.986390763652768,93.84915641125247,10.571178115310433,14.96,34.62863816387334,1.1882975847280892
heavy,1048,0.82,QuantileMLP-RB,40,14.190680499767025,94.5368639000466,10.606950035210362,14.96,36.80172610036564,1.2637883689791347
heavy,1048,0.82,QuantileMLP-RB,50,12.05448023029538,94.79166666666666,10.620865083955094,14.96,39.00869482224521,1.3403672720858997
heavy,1048,1.0,Diffusion-JCSO,30,43.32527101716691,76.86167719634427,14.96,14.96,29.920108060214716,1.2514241090344125
heavy,1048,1.0,Diffusion-JCSO,40,21.7474272023079,89.15682718827358,7.856424151948864,14.96,31.90978918281444,1.335577428701782
heavy,1048,1.0,Diffusion-JCSO,50,4.604591431122677,97.73509422849128,4.877203435094629,11.11337345947666,33.83475941767285,1.4170723996251775
heavy,1048,1.0,Diffusion-RB,30,35.489882839472486,84.20877878206876,11.326692247215572,14.96,29.071039833777505,1.2156615286418524
heavy,1048,1.0,Diffusion-RB,40,15.562929845696289,93.62589122067297,7.50210272443109,14.96,30.890353515461435,1.292541173640939
heavy,1048,1.0,Diffusion-RB,50,5.333606355387873,97.93327872892242,4.85480632121812,10.581362241866579,32.69002788462105,1.368666581294933
heavy,1048,1.0,GAN-JCSO,30,19.216777609681163,91.83291795479018,7.60981227659788,14.96,30.066935707418903,1.2582003274905895
heavy,1048,1.0,GAN-JCSO,40,6.773256328925097,97.40794554331976,5.209875394427542,11.861147704940064,32.1341073600632,1.3455252746404862
heavy,1048,1.0,GAN-JCSO,50,3.980041109491717,98.32713111157378,4.560475104488567,8.985568059668298,34.144547420228136,1.4305493755531795
heavy,1048,1.0,GAN-RB,30,14.318011103292452,96.17125376646744,6.446654481523844,14.96,29.912584063261697,1.2511808791991264
heavy,1048,1.0,GAN-RB,40,7.52152999435561,97.95689800037628,5.275527459653031,10.738617596461358,32.02155683811739,1.3399641027165057
heavy,1048,1.0,GAN-RB,50,4.399290770950709,98.36528369161972,4.780226921813877,9.710292631675545,34.01373664263993,1.4239718403215142
heavy,1048,1.0,QuantileMLP-JCSO,30,16.509626984640263,93.10606080567129,7.859047483941281,14.96,30.021510683984406,1.2558382487252864
heavy,1048,1.0,QuantileMLP-JCSO,40,8.594135671223713,96.25914908154306,5.457896476985037,13.300551350182626,32.08793503345265,1.343098469548355
heavy,1048,1.0,QuantileMLP-JCSO,50,3.6386469053448405,98.23224656437603,4.5740897959528075,8.96132829281565,34.07072334094896,1.4269642645033367
heavy,1048,1.0,QuantileMLP-RB,30,12.764612730013758,96.06437603075003,6.2220115138627055,14.96,29.718589764867836,1.241450279817361
heavy,1048,1.0,QuantileMLP-RB,40,6.889039944404876,97.38881336113089,5.42089223698625,14.96,31.639966780985922,1.3225071256868923
heavy,1048,1.0,QuantileMLP-RB,50,5.428141986407349,97.57874320543706,5.219117164759309,14.157410665140576,33.52070999604061,1.4019003835737167
heavy,1049,0.82,Diffusion-JCSO,30,30.133274712128525,87.78289714209487,14.96,15.18245574855125,36.45204119740412,1.163793649311315
heavy,1049,0.82,Diffusion-JCSO,40,19.016155368742808,89.72388256637008,14.96,15.176806273054826,39.0608252150466,1.2478655597751098
heavy,1049,0.82,Diffusion-JCSO,50,14.484882776563197,90.49336263919251,14.96,15.172208798927553,41.566994522765356,1.3286370170696136
heavy,1049,0.82,Diffusion-RB,30,32.16978704279099,85.49489722049603,14.96,15.192593982571516,35.719817496775384,1.1409505967417037
heavy,1049,0.82,Diffusion-RB,40,23.34835597816493,88.26968667659169,14.96,15.185031134571767,38.15566964698731,1.2194236879066227
heavy,1049,0.82,Diffusion-RB,50,18.62215737835489,89.50065598961041,14.96,15.18099113564366,40.60495396995951,1.2984334285436834
heavy,1049,0.82,GAN-JCSO,30,26.88981368044416,88.49595793025483,14.96,15.18283187856439,37.07291104495727,1.1810346918381796
heavy,1049,0.82,GAN-JCSO,40,18.45550537274059,90.20833333333331,14.96,15.17714971749379,39.71766804956271,1.2659948973804753
heavy,1049,0.82,GAN-JCSO,50,14.369909471377353,90.73835422455393,14.96,15.172476820388749,42.28346394091036,1.3484575328920507
heavy,1049,0.82,GAN-RB,30,25.18839472987019,88.6326260979437,14.96,15.19581868831595,37.35325430844463,1.1873912574788037
heavy,1049,0.82,GAN-RB,40,19.058578770204967,89.9749386407821,14.96,15.188599932752478,39.89502105143555,1.2687482291822627
heavy,1049,0.82,GAN-RB,50,14.450975831916661,91.25216397100489,14.96,15.183110490656762,42.43272622443571,1.3500527019315838
heavy,1049,0.82,QuantileMLP-JCSO,30,28.586049037234112,88.21180224385917,14.96,15.18118032168932,36.56629633283473,1.1676389795860243
heavy,1049,0.82,QuantileMLP-JCSO,40,19.00412375903682,89.45741694243625,14.96,15.175637290634885,39.16133711564744,1.251255525847612
heavy,1049,0.82,QuantileMLP-JCSO,50,15.110370281080248,90.2726620481983,14.96,15.171174441704647,41.657800002963455,1.3317372648075927
heavy,1049,0.82,QuantileMLP-RB,30,30.596782642193574,85.8427391192688,14.96,15.10448827746167,36.2553846920298,1.1579580309671824
heavy,1049,0.82,QuantileMLP-RB,40,23.23473618173072,88.70122836367524,14.96,15.116944199405955,38.69231880288267,1.2364854030504915
heavy,1049,0.82,QuantileMLP-RB,50,17.06961496476181,90.3079864747339,14.96,15.14132449198104,41.128355686613126,1.3149958320005626
heavy,1049,1.0,Diffusion-JCSO,30,43.31751580056759,82.46712332019011,14.96,14.96,30.76198835561845,1.1959774694398224
heavy,1049,1.0,Diffusion-JCSO,40,21.005120484225607,91.44387113592154,14.96,14.96,32.95324311726225,1.2818281306585932
heavy,1049,1.0,Diffusion-JCSO,50,12.957928426904259,94.10426789327394,14.96,14.96,35.05634542097714,1.3643377149592668
heavy,1049,1.0,Diffusion-RB,30,35.627929998154826,86.2802362034192,14.96,14.96,30.31216146113294,1.1792121007519727
heavy,1049,1.0,Diffusion-RB,40,20.14442788656819,92.6672913096734,13.564914756533542,14.96,32.42994996136002,1.2621598171804673
heavy,1049,1.0,Diffusion-RB,50,16.319311859612796,93.5577229041919,14.223450100808101,14.96,34.391019472711605,1.339091050109118
heavy,1049,1.0,GAN-JCSO,30,30.124283514457055,89.61014624507413,14.96,15.184134078731871,31.200130155201382,1.2104992045734602
heavy,1049,1.0,GAN-JCSO,40,16.964348253921717,93.5952318412745,14.96,15.136405249419978,33.47938474254752,1.2995053310202715
heavy,1049,1.0,GAN-JCSO,50,12.841901422476564,94.3441765948131,14.96,15.131379661223798,35.64699236100904,1.3843050693222603
heavy,1049,1.0,GAN-RB,30,23.0803287745908,92.44436311166538,14.96,15.152103991616341,31.43193105713423,1.2172825613322602
heavy,1049,1.0,GAN-RB,40,17.385561552789547,93.59996136370056,14.96,15.144000049798684,33.72003138257706,1.306392761600481
heavy,1049,1.0,GAN-RB,50,12.640378877495516,95.0920959297237,14.96,15.138805892275068,35.92255565350919,1.392186296545104
heavy,1049,1.0,QuantileMLP-JCSO,30,37.67416147881488,85.62551628161384,14.96,14.96,30.862361068141706,1.2000077928709632
heavy,1049,1.0,QuantileMLP-JCSO,40,20.47233107066346,91.54818600226044,14.96,14.992297083172343,33.0424281858325,1.2854177382190468
heavy,1049,1.0,QuantileMLP-JCSO,50,13.681305645770609,93.83671179427867,14.96,15.131266270773061,35.14254062010796,1.367900567909
heavy,1049,1.0,QuantileMLP-RB,30,29.80072802943672,88.89665205648332,13.880128904929833,14.96,30.727063909788328,1.1950746066980154
heavy,1049,1.0,QuantileMLP-RB,40,19.932125085038287,93.35556592261658,10.9893311002642,14.96,32.88628629015911,1.2796312408542538
heavy,1049,1.0,QuantileMLP-RB,50,14.191472788186022,94.75198359354673,10.659940229722514,14.96,34.86992198779052,1.3574807872087482
heavy,1050,0.82,Diffusion-JCSO,30,21.184181348565925,93.98004794453409,8.8,15.631461251704682,34.61869796426712,1.227061555009555
heavy,1050,0.82,Diffusion-JCSO,40,13.081785982150986,95.10058979031272,8.8,15.604593485342445,37.18026761286882,1.3183611170860388
heavy,1050,0.82,Diffusion-JCSO,50,8.311724759986172,96.25864342933886,6.9617804694059355,15.582474208478544,39.64685752400149,1.406314776359685
heavy,1050,0.82,Diffusion-RB,30,16.251982477073593,94.74068101565892,8.8,15.670244465026599,34.40015256074037,1.2184583090199186
heavy,1050,0.82,Diffusion-RB,40,10.6604212327923,95.84861009641654,8.108199300619242,15.64085104931095,36.91222869319272,1.307920269964803
heavy,1050,0.82,Diffusion-RB,50,8.24529411755577,96.48348739498405,6.97794459773014,15.616547583396956,39.331397972671255,1.39411426185093
heavy,1050,0.82,GAN-JCSO,30,19.833832986915528,94.02907922728977,8.8,15.624862666744473,34.89622300907678,1.237572689453413
heavy,1050,0.82,GAN-JCSO,40,12.368622209200243,95.36479596196361,8.8,15.598262858607885,37.46412812391532,1.3291322620505808
heavy,1050,0.82,GAN-JCSO,50,8.523382703640912,96.17215185557441,6.904648610922135,15.57690695316733,39.93536385433625,1.4173232698135731
heavy,1050,0.82,GAN-RB,30,13.810623202593828,95.43009486037028,8.003294415003843,15.671643533988071,35.04372868366798,1.2402603026345709
heavy,1050,0.82,GAN-RB,40,9.414674915829087,96.22553113355667,7.064903192694951,15.640253899902062,37.58682712612611,1.3307816073058354
heavy,1050,0.82,GAN-RB,50,6.817508057833483,96.93966344353329,6.6873602722626,15.616199807152826,40.05969217007506,1.4188402208935285
heavy,1050,0.82,QuantileMLP-JCSO,30,18.65481072441793,94.30173366780966,8.8,15.630449409493444,34.891302231859214,1.237494110181978
heavy,1050,0.82,QuantileMLP-JCSO,40,10.340975348452956,95.80680493030941,8.221296447848133,15.603645621513786,37.479886732094876,1.3298249451799888
heavy,1050,0.82,QuantileMLP-JCSO,50,8.783068237372062,96.35461775344399,7.7538348559538175,15.582122982752358,39.97108549257909,1.418734769754622
heavy,1050,0.82,QuantileMLP-RB,30,16.488781720963246,93.71298847913575,8.8,15.396721241736541,34.928371366197666,1.2421494948089216
heavy,1050,0.82,QuantileMLP-RB,40,11.986454397288504,95.07696977928416,8.225766664596861,15.612329847158762,37.47779806987765,1.3333659109660028
heavy,1050,0.82,QuantileMLP-RB,50,9.458580304509185,96.02773661591516,7.059885502167432,15.589985799458832,39.982638888378695,1.4230694535214239
heavy,1050,1.0,Diffusion-JCSO,30,28.23607269841813,89.32739741496366,9.834382909072037,14.96,29.141183598142756,1.2581107269697736
heavy,1050,1.0,Diffusion-JCSO,40,8.228469851322787,97.31926231982736,5.286368216943306,8.78614354803446,31.29348237574867,1.3515969536760866
heavy,1050,1.0,Diffusion-JCSO,50,4.1398034892147955,98.4274119376474,4.9234996270033555,8.274133393651372,33.359949886414974,1.4413915995778563
heavy,1050,1.0,Diffusion-RB,30,19.63387069312379,93.201319747955,8.589584442311676,14.57221547930084,28.93607604022631,1.248592379115556
heavy,1050,1.0,Diffusion-RB,40,6.561743113379968,97.88219673998445,5.235463857314004,8.912752279143328,31.037620699508583,1.3396815297480875
heavy,1050,1.0,Diffusion-RB,50,3.927330987971128,98.66957209867493,4.94421808013713,7.9045232209412415,33.0515837802103,1.4271149330471629
heavy,1050,1.0,GAN-JCSO,30,25.75762724192073,90.28285846025614,7.515112597451118,14.96,29.31620027137465,1.2664557645282777
heavy,1050,1.0,GAN-JCSO,40,7.914814259337746,97.58370381479912,5.245804438121009,8.8,31.499021889530944,1.3612413805622277
heavy,1050,1.0,GAN-JCSO,50,4.342330903663207,98.38480072890104,4.870332396380925,8.572741564068494,33.586663363120735,1.452005210933627
heavy,1050,1.0,GAN-RB,30,9.271705206795408,97.56069123276704,5.351644757483306,8.8,29.444917364838098,1.2695082651542624
heavy,1050,1.0,GAN-RB,40,4.701652622539456,98.50786115546494,5.056181258460466,7.121458021613922,31.57259697140754,1.3617282605540273
heavy,1050,1.0,GAN-RB,50,2.340557769387683,99.23044355891159,4.503990524773103,7.0241610639302765,33.6415074584791,1.4514747503135998
heavy,1050,1.0,QuantileMLP-JCSO,30,16.851274049474238,94.62986183058513,6.082259045513819,10.167122435657504,29.332262107476947,1.2672052098542914
heavy,1050,1.0,QuantileMLP-JCSO,40,6.954606661606273,97.46019666919688,5.383733041193895,8.786685081616039,31.490510250512934,1.360975393643407
heavy,1050,1.0,QuantileMLP-JCSO,50,4.366821440186781,98.56283657691874,4.929020451793671,8.551270109969577,33.57293278181921,1.4515107489683277
heavy,1050,1.0,QuantileMLP-RB,30,13.758773136559512,94.89717856087474,5.871952706158797,10.065895547767994,29.345573209054997,1.2713187935271881
heavy,1050,1.0,QuantileMLP-RB,40,7.6600702483559235,97.52413154248869,5.210343765126708,8.8,31.499313260871958,1.365126204512402
heavy,1050,1.0,QuantileMLP-RB,50,5.035629284668875,98.29434994755458,4.961051496281828,8.277795211131348,33.576104678309534,1.455668953704328
heavy,1051,0.82,Diffusion-JCSO,30,23.166806352461926,91.99998082743988,14.96,14.96,35.06521396729683,1.18131899624749
heavy,1051,0.82,Diffusion-JCSO,40,17.41317296974629,92.73727567675124,14.96,14.96,37.44769269610953,1.2622121035480705
heavy,1051,0.82,Diffusion-JCSO,50,15.335071882120522,93.42997603929315,14.96,14.96,39.74236336402941,1.3401410429018101
heavy,1051,0.82,Diffusion-RB,30,25.374197835190508,91.96682709962857,14.96,14.96,34.48653940737821,1.1605942226422126
heavy,1051,0.82,Diffusion-RB,40,19.85300071006048,92.70833333333334,14.96,14.96,36.788915472730544,1.2387543223187738
heavy,1051,0.82,Diffusion-RB,50,16.346130419276907,92.89263406184745,14.96,14.96,38.98440750498655,1.3132131810501417
heavy,1051,0.82,GAN-JCSO,30,29.87078946399239,89.6322644599526,14.96,14.96,35.064076583604,1.1802407909017958
heavy,1051,0.82,GAN-JCSO,40,19.221553879642798,92.4817042623413,14.96,14.96,37.531222296526856,1.2639864018253166
heavy,1051,0.82,GAN-JCSO,50,16.563038265828382,92.91666666666669,14.96,14.96,39.950406101184086,1.3461799161931163
heavy,1051,0.82,GAN-RB,30,22.929836191868763,91.28797919961009,14.96,14.966081645923625,35.55294675243493,1.194073127691269
heavy,1051,0.82,GAN-RB,40,17.731165537632176,92.4492004516138,14.96,14.96,38.0858556853082,1.2798505323336615
heavy,1051,0.82,GAN-RB,50,15.449166628466173,93.27312500955011,14.96,14.96,40.56185468098016,1.3636925749157207
heavy,1051,0.82,QuantileMLP-JCSO,30,25.121384858122877,91.14337359169673,14.96,14.96,35.03271233304206,1.1804211117083838
heavy,1051,0.82,QuantileMLP-JCSO,40,18.86443378868702,92.01251993928615,14.96,14.96,37.514406030240146,1.2647821885661952
heavy,1051,0.82,QuantileMLP-JCSO,50,16.012400032750982,92.92920950977341,14.96,14.96,39.91217695057156,1.346323815616453
heavy,1051,0.82,QuantileMLP-RB,30,20.929012953070824,91.70421790453194,14.96,14.96,35.16305400867046,1.1843082037228547
heavy,1051,0.82,QuantileMLP-RB,40,18.14979389877967,92.4611454613145,14.96,14.96,37.61512708926274,1.2675992089745804
heavy,1051,0.82,QuantileMLP-RB,50,15.807442327535627,92.76688941811611,14.96,14.96,39.974264405992166,1.3477615986930382
heavy,1051,1.0,Diffusion-JCSO,30,16.87230053790836,93.03648556059763,8.670390986138047,14.96,29.90156546300802,1.226326446879649
heavy,1051,1.0,Diffusion-JCSO,40,10.268024450799208,95.104093469442,6.5410916240962,14.96,31.95488161776784,1.3113977420820422
heavy,1051,1.0,Diffusion-JCSO,50,7.404303022679815,96.28189899244006,5.720000000000001,14.96,33.95136620286023,1.394129740515036
heavy,1051,1.0,Diffusion-RB,30,56.84895591317543,73.02951515659066,14.96,14.96,29.46825691781022,1.2073538200739244
heavy,1051,1.0,Diffusion-RB,40,31.682678178290836,84.58282275819123,13.640359444900037,14.96,31.403247626733815,1.2873602065930554
heavy,1051,1.0,Diffusion-RB,50,9.928048770609486,94.97464040556926,6.324519821145916,14.96,33.29386574254051,1.3656523274197894
heavy,1051,1.0,GAN-JCSO,30,33.467191269525,85.804186444533,14.96,14.96,29.833601935778706,1.2224828080375325
heavy,1051,1.0,GAN-JCSO,40,20.52911066204137,90.2263050275386,10.348822093190801,14.96,31.96797442215892,1.3107314410749324
heavy,1051,1.0,GAN-JCSO,50,11.587066108386114,93.887111376959,8.612301921563665,14.96,33.99979861388199,1.3948066776009396
heavy,1051,1.0,GAN-RB,30,58.52697157475321,71.2324539333458,14.96,14.96,30.225600067084578,1.2360688725905604
heavy,1051,1.0,GAN-RB,40,19.404804679014067,89.89149235961683,12.192278463694969,14.96,32.31570420360251,1.3223033603655254
heavy,1051,1.0,GAN-RB,50,7.733133157516909,96.10284450304994,5.911447190344724,14.96,34.396080993639266,1.4081189036098685
heavy,1051,1.0,QuantileMLP-JCSO,30,36.48634778285104,83.20344371619258,14.96,14.96,29.8654294773784,1.225005459109287
heavy,1051,1.0,QuantileMLP-JCSO,40,18.66319000496273,90.7725716641853,9.660865992048764,14.96,31.93066576016673,1.310562079393779
heavy,1051,1.0,QuantileMLP-JCSO,50,7.161332548048633,96.48442890797915,6.023161005369982,14.96,33.932135770261496,1.3934950005542552
heavy,1051,1.0,QuantileMLP-RB,30,26.011733288849836,88.04695579018933,11.989951248891463,14.96,29.883152167607715,1.225389665015799
heavy,1051,1.0,QuantileMLP-RB,40,9.75897902855688,95.31203048058943,6.872445969589953,14.96,31.94746416235682,1.3107966720891708
heavy,1051,1.0,QuantileMLP-RB,50,7.084335564098597,95.97188814530048,6.407924527788554,14.96,33.9541963381958,1.3938862493167554
heavy,1052,0.82,Diffusion-JCSO,30,25.71755561748586,90.24306059761557,14.96,15.595788813165102,33.23503584811058,1.1361150266813058
heavy,1052,0.82,Diffusion-JCSO,40,17.203269679533243,91.42385594673847,14.96,15.586285650237254,35.70234877190753,1.2207820060510282
heavy,1052,0.82,Diffusion-JCSO,50,14.895354989380563,92.15309667374629,14.96,15.581255710376363,38.04473672388965,1.3012436991419387
heavy,1052,0.82,Diffusion-RB,30,19.398020825249162,91.3426121807309,14.96,14.96,33.50608111655898,1.14556646691127
heavy,1052,0.82,Diffusion-RB,40,15.39186434631586,92.1847945722169,14.96,14.96,35.95162575169036,1.2294616878484657
heavy,1052,0.82,Diffusion-RB,50,12.518721373917785,92.99625572521646,14.96,14.96,38.2476097135046,1.3082937034987732
heavy,1052,0.82,GAN-JCSO,30,20.784693247449177,90.7106578064058,14.96,15.595763900440593,34.459292682854084,1.1784589231865916
heavy,1052,0.82,GAN-JCSO,40,16.73384017561203,91.35484794731639,14.96,15.589432402861272,36.99394329395727,1.2655698243125428
heavy,1052,0.82,GAN-JCSO,50,14.219499436318003,92.1091501691046,14.96,15.584271827606582,39.4037641795302,1.348486995229474
heavy,1052,0.82,GAN-RB,30,21.686054212888376,90.05329317341423,14.96,15.650433798571056,34.98294554391964,1.1992968278120988
heavy,1052,0.82,GAN-RB,40,15.725577476488198,91.66250654374994,14.96,15.62755659205254,37.63672995038307,1.2907051635704283
heavy,1052,0.82,GAN-RB,50,13.305448700633852,92.5,14.96,15.61240883849732,40.14659189549065,1.377158569553008
heavy,1052,0.82,QuantileMLP-JCSO,30,18.49713964061093,91.05156156134571,14.96,15.592008386364537,34.51537515638031,1.1802581378331347
heavy,1052,0.82,QuantileMLP-JCSO,40,14.818841136438824,92.19746354542448,14.96,15.58512784438166,37.048602534849294,1.2673604780207552
heavy,1052,0.82,QuantileMLP-JCSO,50,13.470086947871595,92.3059826104257,14.96,15.58025108063218,39.460321228302085,1.3503157364469434
heavy,1052,0.82,QuantileMLP-RB,30,16.122092317458932,91.95906025396862,14.96,15.60430956802716,34.89405171546763,1.1935614622783746
heavy,1052,0.82,QuantileMLP-RB,40,13.24959897076148,92.35008020584772,14.96,15.593037958168448,37.40973243682351,1.2800350263788698
heavy,1052,0.82,QuantileMLP-RB,50,12.143288712731005,92.5,14.96,15.586372298031772,39.84504879482484,1.3638743362245078
heavy,1052,1.0,Diffusion-JCSO,30,53.45421052878623,73.60926705523094,14.96,15.984991315437792,27.984016990643582,1.165592982716633
heavy,1052,1.0,Diffusion-JCSO,40,21.129886893542004,89.96471190924986,14.96,15.228912535899191,29.96002833734446,1.2483369710789727
heavy,1052,1.0,Diffusion-JCSO,50,12.743830721368852,93.84876339731302,10.675645895301116,15.224899255953023,31.948553701387475,1.3315360253194495
heavy,1052,1.0,Diffusion-RB,30,23.00213807389664,89.78435627296518,14.96,15.235565876237597,28.040356778929507,1.1681577111962114
heavy,1052,1.0,Diffusion-RB,40,13.266673733043405,93.48094935250522,11.074549007450791,15.227916861920498,30.09679848889856,1.254260634854888
heavy,1052,1.0,Diffusion-RB,50,9.440350943842189,94.90359647789822,8.895053883646156,15.224810252612386,32.11038367689709,1.3385346656711465
heavy,1052,1.0,GAN-JCSO,30,48.532839077622725,75.1710408180056,14.96,15.235385064810576,28.86520533236818,1.2025860201786884
heavy,1052,1.0,GAN-JCSO,40,19.06476747178867,90.36344959743899,13.943274163368416,15.229159257757697,30.938254427693177,1.2895182938019287
heavy,1052,1.0,GAN-JCSO,50,11.54513538826964,93.96527917802545,9.879539932226942,15.22508524353774,33.02012907235789,1.3767292884823237
heavy,1052,1.0,GAN-RB,30,57.47371209064328,71.25148725530933,14.96,15.252752816364312,29.235003854653275,1.22108595512162
heavy,1052,1.0,GAN-RB,40,21.58982410029126,88.73346407871261,14.96,15.239762771023441,31.38571548897796,1.3114969747922192
heavy,1052,1.0,GAN-RB,50,10.841417724122705,94.0584578046053,10.647189574070113,15.233756349080432,33.523170352841234,1.4012923078330712
heavy,1052,1.0,QuantileMLP-JCSO,30,38.32405318707633,81.00603405240946,14.96,15.231312851018677,28.891343970830793,1.2035804982458642
heavy,1052,1.0,QuantileMLP-JCSO,40,11.651620695242759,94.375,8.893886947552533,15.226410794240849,30.98600097385151,1.2913656090400398
heavy,1052,1.0,QuantileMLP-JCSO,50,10.413245296069668,94.41735094078606,8.874059623468472,15.223435231220206,33.086764383493836,1.379339554016427
heavy,1052,1.0,QuantileMLP-RB,30,29.979137422772865,84.85796783813355,14.96,15.231414746589785,29.177807874875278,1.2160175099404302
heavy,1052,1.0,QuantileMLP-RB,40,12.807129532483566,92.68974462575619,12.34072985486256,15.22700263119908,31.301369336861192,1.305005718011015
heavy,1052,1.0,QuantileMLP-RB,50,9.15923415185906,94.59076584814092,8.8912124282275,15.223925159642565,33.420364850030126,1.3937722577778486
heavy,1053,0.82,Diffusion-JCSO,30,22.9992702927517,88.87971070821277,14.96,25.889526152966962,34.165313497678156,1.1501419863471276
heavy,1053,0.82,Diffusion-JCSO,40,16.753138891381155,89.88600793579585,14.96,25.86184795750671,36.53457905311262,1.230625298580023
heavy,1053,0.82,Diffusion-JCSO,50,14.496473469952004,90.36955140905448,14.96,25.876243064974815,38.83462727527109,1.3087553364696018
heavy,1053,0.82,Diffusion-RB,30,27.37222276456906,87.29556713356133,14.96,24.70413713351624,33.506959956822556,1.1263095029131123
heavy,1053,0.82,Diffusion-RB,40,20.46489351078816,88.55764947310814,14.96,24.670472395714864,35.737949032988105,1.2019677384767466
heavy,1053,0.82,Diffusion-RB,50,16.115926734109458,89.9628699662786,14.96,24.650270168954034,37.930607228262126,1.2762977970675833
heavy,1053,0.82,GAN-JCSO,30,23.664720871580702,88.64856892136758,14.96,22.468498589456715,34.17056405210123,1.1511020700743768
heavy,1053,0.82,GAN-JCSO,40,17.047447227461234,90.45780782780658,14.96,22.50114387110798,36.41915251955799,1.2274515443474994
heavy,1053,0.82,GAN-JCSO,50,14.52634630858153,90.79549675618796,14.96,22.538159901828323,38.57322148313594,1.3005321252528537
heavy,1053,0.82,GAN-RB,30,22.24715663819635,88.68513310133888,14.96,26.20290069951476,35.03667180362458,1.1772023025903644
heavy,1053,0.82,GAN-RB,40,16.971428423130938,89.44214294612144,14.96,26.073713529849254,37.50698049302176,1.260878671664146
heavy,1053,0.82,GAN-RB,50,15.37362430036348,90.22268078876773,14.96,26.048684246251312,39.898579967199105,1.341936330943215
heavy,1053,0.82,QuantileMLP-JCSO,30,22.508691818516883,89.11940461275739,14.96,24.515530558505613,34.14739014698975,1.1501559600986868
heavy,1053,0.82,QuantileMLP-JCSO,40,16.85364318616493,89.85236790554578,14.96,24.508968161243317,36.392025973731,1.226394449645484
heavy,1053,0.82,QuantileMLP-JCSO,50,14.359394331687113,90.50468170049386,14.96,24.51894280021145,38.56011349766429,1.2999978458177142
heavy,1053,0.82,QuantileMLP-RB,30,24.65556598845698,89.06633208138516,14.96,23.03867127503253,34.08865849018738,1.146436222422919
heavy,1053,0.82,QuantileMLP-RB,40,18.803251935885925,89.78501017468093,14.96,23.038570467572107,36.262886224171666,1.2202064050125696
heavy,1053,0.82,QuantileMLP-RB,50,16.3569468846704,90.3697525441473,14.96,23.074053757995827,38.411063636707205,1.2929686669822946
heavy,1053,1.0,Diffusion-JCSO,30,50.10858381908358,73.20597751871098,14.96,20.90165181940646,29.104864415615516,1.1925880706001641
heavy,1053,1.0,Diffusion-JCSO,40,22.371888826074546,87.80993336563783,14.96,20.86572672636187,31.010515820842432,1.271659416849388
heavy,1053,1.0,Diffusion-JCSO,50,10.808938170188899,93.95371927904033,14.96,20.840117437793538,32.90066495162681,1.3500112976760015
heavy,1053,1.0,Diffusion-RB,30,27.623414505095283,87.55140899718133,14.96,17.165911880867117,28.664249929035126,1.1729672916245388
heavy,1053,1.0,Diffusion-RB,40,20.588187693149095,90.24205097406448,14.96,17.148043580203527,30.419203437877066,1.2456113254389132
heavy,1053,1.0,Diffusion-RB,50,17.861675229693187,90.78997431092044,14.96,17.133354508452797,32.221980644172014,1.3202108548280296
heavy,1053,1.0,GAN-JCSO,30,37.44616169980112,82.73232648885674,14.96,20.598630065987017,29.099082979118187,1.1935596348682573
heavy,1053,1.0,GAN-JCSO,40,15.790122579591484,92.25187090298921,14.96,20.569475991088765,31.057543200662458,1.2746834221989656
heavy,1053,1.0,GAN-JCSO,50,10.44477432798385,94.2117230846707,14.96,20.549640007231332,32.97336577307892,1.354030983588486
heavy,1053,1.0,GAN-RB,30,19.771291832336473,91.79824993731413,14.96,21.033485048868933,29.565656119138566,1.209738122229625
heavy,1053,1.0,GAN-RB,40,14.719637434135908,92.82047835967897,14.96,20.94051734631941,31.675880186147555,1.2967599360478141
heavy,1053,1.0,GAN-RB,50,12.478113642378313,93.86510984547752,14.96,20.90734546387036,33.69066915285436,1.3798877682394972
heavy,1053,1.0,QuantileMLP-JCSO,30,35.78573916419016,82.81136681803605,14.96,20.94113454410985,29.14166924651767,1.1950666254348725
heavy,1053,1.0,QuantileMLP-JCSO,40,21.265301753505796,89.10696379283442,14.96,20.918110482079584,31.09153997158949,1.2758528979000392
heavy,1053,1.0,QuantileMLP-JCSO,50,9.998076759790603,94.375,14.96,20.906803318480627,32.97099000893597,1.3537174060835855
heavy,1053,1.0,QuantileMLP-RB,30,20.40324150624535,92.24542571158464,14.96,17.212570302993548,29.038118484103343,1.188992291238978
heavy,1053,1.0,QuantileMLP-RB,40,14.61693773670764,93.61827911932515,14.96,17.129257538195834,30.985667500024856,1.269577988094157
heavy,1053,1.0,QuantileMLP-RB,50,11.920765764133204,94.20730855896669,14.96,17.12419505009619,32.88970574401058,1.348303085943022
heavy,1054,0.82,Diffusion-JCSO,30,19.232454308984707,93.5780384850196,11.200682149511039,14.96,35.37035840187324,1.2068312997366346
heavy,1054,0.82,Diffusion-JCSO,40,13.457305507308378,94.81978705311943,9.696195724516254,14.96,37.84520744383574,1.2919651438885433
heavy,1054,0.82,Diffusion-JCSO,50,11.40213738592678,95.52247837896263,9.378726086474176,14.96,40.28767515801029,1.3761145345876618
heavy,1054,0.82,Diffusion-RB,30,18.01862702729496,93.28415040749938,13.20085122076659,14.96,35.04544482028072,1.1958817645529607
heavy,1054,0.82,Diffusion-RB,40,13.99011557057614,94.29496147647463,13.169661771575155,14.96,37.42244765858876,1.2776158729264524
heavy,1054,0.82,Diffusion-RB,50,12.023055338733096,94.7669907768778,13.14731911013999,14.96,39.81223713116434,1.3598809453791216
heavy,1054,0.82,GAN-JCSO,30,25.322701438181447,92.21770595458425,13.195324723585928,14.96,35.47363426897458,1.2088409453413766
heavy,1054,0.82,GAN-JCSO,40,15.884191220809806,94.74737393691147,9.588543904153315,14.96,38.02840135172263,1.2965933504733764
heavy,1054,0.82,GAN-JCSO,50,12.417341070158615,95.60405426608469,9.096035412395866,14.96,40.50239410886739,1.381632060570239
heavy,1054,0.82,GAN-RB,30,24.60977498076181,91.9949137731346,13.273296643533365,14.96,35.23019954083942,1.1965569677626697
heavy,1054,0.82,GAN-RB,40,17.644835389528065,94.18620449552985,11.992837268772439,14.96,37.76315340539536,1.2832006167281105
heavy,1054,0.82,GAN-RB,50,14.298255646060406,95.0,9.856685811357416,14.96,40.17555190875763,1.3657834469695636
heavy,1054,0.82,QuantileMLP-JCSO,30,19.174742902608795,93.43548094101449,12.1556657745142,14.96,35.462184577492174,1.2095553004335058
heavy,1054,0.82,QuantileMLP-JCSO,40,13.771646897267768,94.6884252146103,10.075908339403453,14.96,37.97083522636672,1.2958980092768415
heavy,1054,0.82,QuantileMLP-JCSO,50,11.1121936060374,95.67398460607387,9.217840351089258,14.96,40.41640854985758,1.380056309767095
heavy,1054,0.82,QuantileMLP-RB,30,16.641602797617146,94.00334184920662,13.25348166746641,14.96,35.17614402539567,1.1985220084648531
heavy,1054,0.82,QuantileMLP-RB,40,13.28500291975486,94.79166666666666,13.198090774762615,14.96,37.60492735620309,1.2819548420822262
heavy,1054,0.82,QuantileMLP-RB,50,12.21225851826056,94.79166666666666,13.17410550464798,14.96,40.014026457456005,1.3647182056220446
heavy,1054,1.0,Diffusion-JCSO,30,16.150392605053092,94.61563843439717,7.353249534891934,14.96,30.092756559650432,1.2500994217721106
heavy,1054,1.0,Diffusion-JCSO,40,7.964152422556402,97.31433903097742,5.7826193544818585,14.622423070303036,32.14679423090681,1.3362206086429274
heavy,1054,1.0,Diffusion-JCSO,50,5.931839265148944,98.12726429394041,5.202175649414592,12.510535426034469,34.173651557596024,1.421202034008883
heavy,1054,1.0,Diffusion-RB,30,26.50998845303837,87.8678485711192,9.760086336228689,14.96,29.97211860223231,1.2451977837987882
heavy,1054,1.0,Diffusion-RB,40,8.18661579958652,96.63585876687343,6.049268493169432,14.96,31.885496339901636,1.3254983120661354
heavy,1054,1.0,Diffusion-RB,50,6.080074802584268,97.41911056472848,5.619902938473114,14.96,33.79082903919633,1.4055124817901414
heavy,1054,1.0,GAN-JCSO,30,34.52030067847473,86.7869629294734,8.80782759565064,14.96,30.093981496024327,1.2486071909224015
heavy,1054,1.0,GAN-JCSO,40,12.023035148075627,96.56377600126116,6.640853457097746,13.475556704244188,32.22302883184225,1.337671618018109
heavy,1054,1.0,GAN-JCSO,50,6.614444712735511,98.20314810343295,5.298289677694035,11.324542945452603,34.302044528244856,1.4247037262796476
heavy,1054,1.0,GAN-RB,30,17.685764287028952,95.28530079321258,8.282055852740454,14.96,29.950519102622664,1.2387449503583352
heavy,1054,1.0,GAN-RB,40,11.824126669968553,96.90245511023062,6.660595454717767,14.62948077666545,32.0342878471938,1.325526013682924
heavy,1054,1.0,GAN-RB,50,8.713151305974073,97.5,6.083812610342065,13.781135392058008,34.04004292024877,1.4091805808583289
heavy,1054,1.0,QuantileMLP-JCSO,30,17.22879310837181,94.51508965399077,7.719902391306111,14.96,30.12361541455786,1.2510424918116017
heavy,1054,1.0,QuantileMLP-JCSO,40,8.295051031925073,97.1271637850487,5.916162768805469,14.96,32.23315568771634,1.3393676878297651
heavy,1054,1.0,QuantileMLP-JCSO,50,5.603355596128352,98.33333333333331,5.06617384304367,11.313581155215907,34.270870555647036,1.424771464122098
heavy,1054,1.0,QuantileMLP-RB,30,16.562400595520447,93.43740059552043,8.8,14.96,29.977698293283424,1.243765411765651
heavy,1054,1.0,QuantileMLP-RB,40,9.46238076372341,96.39952388027041,6.429062586571765,14.96,32.023454526732095,1.3292614966672844
heavy,1054,1.0,QuantileMLP-RB,50,6.7818260781105515,97.29166666666669,6.0314771885927305,14.96,33.91720693154115,1.4086003809544336
heavy,1055,0.82,Diffusion-JCSO,30,22.764864319984532,89.7791042251886,14.96,15.767341817318535,35.25034104783106,1.18330480776102
heavy,1055,0.82,Diffusion-JCSO,40,16.87595479693797,91.15056631818936,14.96,15.761929955948004,37.7403027639349,1.2676779464850663
heavy,1055,0.82,Diffusion-JCSO,50,14.02385200747934,91.66666666666666,14.96,15.75743288058611,40.160461981667986,1.3497185721899665
heavy,1055,0.82,Diffusion-RB,30,21.71233606011572,89.84588797996143,14.96,15.80938543092926,34.7616827088091,1.166597252372261
heavy,1055,0.82,Diffusion-RB,40,17.411661811423723,91.10100097104858,14.96,15.771725789155498,37.14529091321393,1.2473226683677938
heavy,1055,0.82,Diffusion-RB,50,14.593469435939832,91.45833333333331,14.96,15.769042727346289,39.50775228001069,1.3273413323362007
heavy,1055,0.82,GAN-JCSO,30,23.646175441871662,89.4754567441822,14.96,15.767625696090406,35.25952778087133,1.1847320901439162
heavy,1055,0.82,GAN-JCSO,40,17.30257287647988,90.87841782853926,14.96,15.761691518552,37.7458205795112,1.2690712426539723
heavy,1055,0.82,GAN-JCSO,50,14.5337815342713,91.32014205217996,14.96,15.75725882652314,40.16584443912802,1.3511962695032944
heavy,1055,0.82,GAN-RB,30,20.95661503289063,89.88288817583808,14.96,15.856883592068726,35.487497079644506,1.190987536567691
heavy,1055,0.82,GAN-RB,40,16.309299249603754,90.73814015007923,14.96,15.780185994899389,37.961609674285675,1.2747466088547987
heavy,1055,0.82,GAN-RB,50,15.833333333333332,90.83333333333331,14.96,15.768793035204364,40.40395558093391,1.35743641164856
heavy,1055,0.82,QuantileMLP-JCSO,30,21.657688365215982,89.90638436835776,14.96,15.767063575583864,35.17788907944985,1.1817883491965686
heavy,1055,0.82,QuantileMLP-JCSO,40,16.02528900938163,91.20429626760755,14.96,15.761693492085461,37.63789255256527,1.2651971850978783
heavy,1055,0.82,QuantileMLP-JCSO,50,13.4057367823747,91.4923158044063,14.96,15.757286751597922,40.023654367516656,1.3461173376139324
heavy,1055,0.82,QuantileMLP-RB,30,22.87809733182151,89.96913381845671,14.96,15.84731676215783,34.98369673189121,1.1737359159607124
heavy,1055,0.82,QuantileMLP-RB,40,16.836978845540425,90.84210744590091,14.96,15.78692566906558,37.36071797269376,1.254280627754768
heavy,1055,0.82,QuantileMLP-RB,50,13.947834512121743,91.45833333333331,14.96,15.765763276535395,39.7531785069287,1.335266033632721
heavy,1055,1.0,Diffusion-JCSO,30,34.67884906666541,83.92605054591269,14.96,14.96,29.858099919876725,1.2203665407557236
heavy,1055,1.0,Diffusion-JCSO,40,13.042193070245313,94.26371342102935,8.85002151908935,14.96,31.9261194139645,1.3056949022803557
heavy,1055,1.0,Diffusion-JCSO,50,9.868631727527756,95.20833333333331,8.8,14.96,33.958714072324796,1.3895865439001547
heavy,1055,1.0,Diffusion-RB,30,18.409184771943238,92.48943639765486,13.446028716178434,14.96,29.546970588355023,1.2074331105832932
heavy,1055,1.0,Diffusion-RB,40,12.882046157680692,94.74203443113885,8.8,14.96,31.53792306246224,1.2895099442172389
heavy,1055,1.0,Diffusion-RB,50,9.865279004924222,95.09189794362374,8.8,14.96,33.43346735635191,1.3677837984621963
heavy,1055,1.0,GAN-JCSO,30,45.058573687751505,77.9781041166838,14.96,14.96,29.867909948188043,1.2219319832995093
heavy,1055,1.0,GAN-JCSO,40,20.651586368990557,90.65719896096904,12.724277050745837,14.96,31.926147676446295,1.3069382136661993
heavy,1055,1.0,GAN-JCSO,50,10.512411454437132,94.78336129509,8.818531079621168,14.96,33.95501685235884,1.390760617291901
heavy,1055,1.0,GAN-RB,30,16.006343947978905,93.28390172914891,9.851052453823298,14.96,30.026222786929363,1.227255852052705
heavy,1055,1.0,GAN-RB,40,12.140585251173787,94.32188294976525,8.804883949834656,14.96,32.11963763842651,1.3134827737841461
heavy,1055,1.0,GAN-RB,50,10.984017438466513,94.67199418717782,8.8,14.96,34.11336585885177,1.3956806483605178
heavy,1055,1.0,QuantileMLP-JCSO,30,25.224707340418355,89.90803857314896,14.96,14.96,29.76249739901104,1.217436129007675
heavy,1055,1.0,QuantileMLP-JCSO,40,11.520478788768877,94.82389586768767,8.8,14.96,31.851665092849956,1.3036591172383418
heavy,1055,1.0,QuantileMLP-JCSO,50,9.349151707705825,95.07806054187583,8.8,14.96,33.879999055719026,1.387452538440971
heavy,1055,1.0,QuantileMLP-RB,30,18.26220634840128,93.26446907526392,10.639793142963741,14.96,29.673934394224283,1.2122518052577984
heavy,1055,1.0,QuantileMLP-RB,40,12.16197536656485,94.52400671820959,8.845363879647891,14.96,31.674785960141147,1.2947847686835896
heavy,1055,1.0,QuantileMLP-RB,50,9.459103262101028,95.15959390076092,8.8,14.96,33.67289125729557,1.3771936136066258
heavy,1056,0.82,Diffusion-JCSO,30,27.00485473717348,90.93394851073485,14.96,14.96,35.277065042822606,1.193578248231802
heavy,1056,0.82,Diffusion-JCSO,40,18.0985859668003,92.78341651175685,14.96,14.96,37.859304035723056,1.281546721690442
heavy,1056,0.82,Diffusion-JCSO,50,14.731149342868573,93.2473218638061,14.96,14.96,40.36527956350025,1.366968133863808
heavy,1056,0.82,Diffusion-RB,30,27.28536180397611,91.69021159935522,14.96,14.96,34.741586510788814,1.174178607622925
heavy,1056,0.82,Diffusion-RB,40,17.819785160787465,92.84399088506764,14.96,14.96,37.22083345327248,1.258538745301762
heavy,1056,0.82,Diffusion-RB,50,14.595199885117191,93.43453336205403,14.96,14.96,39.63987733294073,1.3408899768875475
heavy,1056,0.82,GAN-JCSO,30,27.03620564425651,90.3295424473664,14.96,14.96,35.23308922604428,1.1948018462263186
heavy,1056,0.82,GAN-JCSO,40,18.97720326031518,91.84254239138355,14.96,14.96,37.77107647366017,1.2814694777212376
heavy,1056,0.82,GAN-JCSO,50,15.836432103894097,92.60339197402648,14.96,14.96,40.23025074580853,1.3654810110442477
heavy,1056,0.82,GAN-RB,30,26.67159124199161,89.74989790341316,14.96,14.96,35.49390616045751,1.2032824983186683
heavy,1056,0.82,GAN-RB,40,18.624847793666284,92.24269182539226,14.96,14.96,38.03367581775157,1.2899908020781616
heavy,1056,0.82,GAN-RB,50,14.756945520682741,93.125,14.96,14.96,40.539008206017776,1.3755735410126635
heavy,1056,0.82,QuantileMLP-JCSO,30,23.631044191279504,91.57826335336495,14.96,14.96,35.338536958506694,1.1978180895558308
heavy,1056,0.82,QuantileMLP-JCSO,40,17.172787851575738,92.63931680811847,14.96,14.96,37.867733826340675,1.2841235858867375
heavy,1056,0.82,QuantileMLP-JCSO,50,14.21272669340364,93.36939406813251,14.96,14.96,40.355046264056405,1.3690935032626408
heavy,1056,0.82,QuantileMLP-RB,30,20.558278335739185,92.0880991664948,14.96,14.96,35.36429474765496,1.1992108712653862
heavy,1056,0.82,QuantileMLP-RB,40,16.351077714584616,92.78521416439348,14.96,14.96,37.8589107942578,1.2843674316262663
heavy,1056,0.82,QuantileMLP-RB,50,14.114478768157175,93.33333333333331,14.96,14.96,40.337151723288265,1.3690520130537183
heavy,1056,1.0,Diffusion-JCSO,30,22.63059829650419,93.23985798625762,8.106648189745268,14.96,29.83924201833644,1.229440983955694
heavy,1056,1.0,Diffusion-JCSO,40,11.936008089719671,96.16806199439253,6.7560841050688385,14.96,31.99395318459778,1.3188783632459855
heavy,1056,1.0,Diffusion-JCSO,50,8.821482999779654,96.74186827278737,6.60633680226322,14.96,34.09533230033988,1.4061183333248197
heavy,1056,1.0,Diffusion-RB,30,23.46392057464432,93.57369032528325,8.8,14.96,29.455095357371665,1.2123404895525463
heavy,1056,1.0,Diffusion-RB,40,11.26572321357929,96.29280224883424,6.65802431276265,14.96,31.495123116887886,1.2969516839082793
heavy,1056,1.0,Diffusion-RB,50,8.696697809737124,96.88832554756571,6.586636343298103,14.96,33.50870245235858,1.3804708589880008
heavy,1056,1.0,GAN-JCSO,30,36.1719997234186,85.68157514520523,10.080171097775516,14.96,29.9434212885827,1.23641178914848
heavy,1056,1.0,GAN-JCSO,40,13.198302797236552,95.26898996373059,7.797809259477544,14.96,32.0413992868138,1.3237715091382067
heavy,1056,1.0,GAN-JCSO,50,9.489275388909824,96.27351448610588,6.621346677504383,14.96,34.09897855416478,1.4094299299987991
heavy,1056,1.0,GAN-RB,30,20.660272877816368,92.98585197906681,8.8,14.96,30.037418252284205,1.240053163809438
heavy,1056,1.0,GAN-RB,40,12.047452662439095,95.91473800140919,7.8845127962108075,14.96,32.16772424155478,1.328658827240312
heavy,1056,1.0,GAN-RB,50,9.157885292926968,96.4945191178455,6.866495998941205,14.96,34.25034897058972,1.4153093741241207
heavy,1056,1.0,QuantileMLP-JCSO,30,27.691953844755563,89.39898476259727,9.734054202683168,14.96,29.997610420827712,1.2381518276251087
heavy,1056,1.0,QuantileMLP-JCSO,40,10.659721868191488,96.34548619961879,6.597343426184355,14.96,32.074461923946146,1.3245917318669171
heavy,1056,1.0,QuantileMLP-JCSO,50,7.863673736394929,97.02566509561595,6.274214518217207,14.96,34.141027863539875,1.4105438346084969
heavy,1056,1.0,QuantileMLP-RB,30,14.455622647311262,95.62332326957,6.731864262239811,14.96,29.964144803479044,1.2374045887397374
heavy,1056,1.0,QuantileMLP-RB,40,9.765455805475646,96.61202992502399,6.587616111728973,14.96,32.05026181105516,1.3241991352013427
heavy,1056,1.0,QuantileMLP-RB,50,8.255430965015766,96.875,6.555351637524474,14.96,34.093498477952465,1.4092404970338355
heavy,1057,0.82,Diffusion-JCSO,30,,,,,,
heavy,1057,0.82,Diffusion-JCSO,40,,,,,,
heavy,1057,0.82,Diffusion-JCSO,50,,,,,,
heavy,1057,0.82,Diffusion-RB,30,100.0,4.779812325925593,20.429602345429963,73.83924875185437,22.867938945150055,0.7377855597657323
heavy,1057,0.82,Diffusion-RB,40,100.0,20.953813688330364,15.005711491923256,45.778416818213124,26.58072028954328,0.8585176438799029
heavy,1057,0.82,Diffusion-RB,50,94.48829444000219,39.094001247401,15.017139517054096,34.35592699818667,28.735219223042396,0.9289933431774987
heavy,1057,0.82,GAN-JCSO,30,35.721266823092186,86.44152553046611,14.96,23.090051387190705,35.19210312175186,1.138567890431894
heavy,1057,0.82,GAN-JCSO,40,24.814106931004734,88.54166666666666,14.96,23.034032244129303,37.56439288781453,1.2163278635424573
heavy,1057,0.82,GAN-JCSO,50,21.787118114443597,88.66015275422255,14.96,23.0137208454271,39.869004526648496,1.2918866273680325
heavy,1057,0.82,GAN-RB,30,33.480187216820624,83.17702107294664,14.96,23.153976583645605,34.935295403487316,1.129838104955755
heavy,1057,0.82,GAN-RB,40,29.233018262549056,86.28956579618536,14.96,23.07876389106312,37.259860912149925,1.2059491190622271
heavy,1057,0.82,GAN-RB,50,25.94790976012005,87.76488292567998,14.96,23.04014009468309,39.555473592412774,1.2811398656531392
heavy,1057,0.82,QuantileMLP-JCSO,30,35.876568426759704,86.15917401869964,14.96,23.066099993342448,35.14660459925283,1.136841739120567
heavy,1057,0.82,QuantileMLP-JCSO,40,25.953631083579143,88.25344659942272,14.96,23.031853977766094,37.518764562440595,1.2145744075911202
heavy,1057,0.82,QuantileMLP-JCSO,50,21.083837024430082,88.92702037194624,14.96,23.01131562098114,39.81537021150738,1.2898661743883313
heavy,1057,0.82,QuantileMLP-RB,30,33.68491380065924,82.24738505293779,14.96,23.205552584716823,35.0188574309069,1.1341967245645066
heavy,1057,0.82,QuantileMLP-RB,40,30.577603839513056,84.44538718517929,14.96,23.068145634811074,37.38985158039831,1.211935177335204
heavy,1057,0.82,QuantileMLP-RB,50,27.909706203562646,86.33890170381655,14.96,23.02389493756767,39.694061556645224,1.2875370276322222
heavy,1057,1.0,Diffusion-JCSO,30,,,,,,
heavy,1057,1.0,Diffusion-JCSO,40,,,,,,
heavy,1057,1.0,Diffusion-JCSO,50,,,,,,
heavy,1057,1.0,Diffusion-RB,30,100.0,3.6276735144031074,14.96,98.33369332050805,19.336193373473876,0.760249487670657
heavy,1057,1.0,Diffusion-RB,40,100.0,15.237803509983646,17.959102195966025,43.40129731703939,22.823183731578553,0.8979271657934315
heavy,1057,1.0,Diffusion-RB,50,97.16686997821448,28.291141445168183,15.245767987453357,33.94395743786182,24.84406141457054,0.9780920948462095
heavy,1057,1.0,GAN-JCSO,30,37.016587721283216,86.3871714500925,14.96,15.942294445333681,30.12129642106831,1.18580027604876
heavy,1057,1.0,GAN-JCSO,40,19.548522422181545,92.08333333333331,14.96,15.890474726559702,32.097838996120025,1.2646745543089253
heavy,1057,1.0,GAN-JCSO,50,16.940302227582393,92.30721244230037,14.96,15.856947648418027,34.03555257661183,1.342048858335581
heavy,1057,1.0,GAN-RB,30,28.577315213337126,87.28027034871504,14.96,15.990936507866019,29.88516299442689,1.1761940125362442
heavy,1057,1.0,GAN-RB,40,24.409478298041527,90.18639259821597,14.96,15.95071057860118,31.82634180154998,1.2535532287763607
heavy,1057,1.0,GAN-RB,50,20.454980470883775,91.56643415117607,14.96,15.887053728893884,33.74271131457399,1.33001522948266
heavy,1057,1.0,QuantileMLP-JCSO,30,33.825746268317054,87.1171879963555,14.96,15.947009824829681,30.083303347425364,1.184028306547521
heavy,1057,1.0,QuantileMLP-JCSO,40,19.87152183915596,92.01929144315051,14.96,15.893541041323624,32.08077899398747,1.263698441531029
heavy,1057,1.0,QuantileMLP-JCSO,50,16.10474332902163,92.53631416774459,14.96,15.85878505082424,34.00965342999275,1.340703414798731
heavy,1057,1.0,QuantileMLP-RB,30,31.52610545723843,84.4498957560121,14.96,15.96797479482336,29.951091580779753,1.1803751329264303
heavy,1057,1.0,QuantileMLP-RB,40,25.865172232621862,88.17321851158543,14.96,15.937351264636222,31.913816455547195,1.2587651329560663
heavy,1057,1.0,QuantileMLP-RB,50,22.987413058156115,90.15780019655514,14.96,15.881631507717978,33.83998489588883,1.3357630981245248
heavy,1058,0.82,Diffusion-JCSO,30,18.698682046245374,92.78918176750105,14.96,14.96,35.51952828703962,1.186757399449886
heavy,1058,0.82,Diffusion-JCSO,40,14.242276874070773,93.59850940987711,14.96,14.96,37.813281527709066,1.2644502326090221
heavy,1058,0.82,Diffusion-JCSO,50,11.592254722234323,94.1687955952329,14.879447755861994,14.96,40.07562684120714,1.3411738217365443
heavy,1058,0.82,Diffusion-RB,30,18.270445497816887,92.89242575036384,14.96,14.96,34.37840599615906,1.1464931009240893
heavy,1058,0.82,Diffusion-RB,40,13.039071410407184,93.82179932232278,14.96,14.96,36.409548810150376,1.2151712684245413
heavy,1058,0.82,Diffusion-RB,50,11.729138865760161,93.95833333333331,14.96,14.96,38.42708462194578,1.2834219792378223
heavy,1058,0.82,GAN-JCSO,30,17.66755390808245,93.125,14.784039564483116,14.96,35.37012897688789,1.1821449428974617
heavy,1058,0.82,GAN-JCSO,40,13.79752375512593,93.31749208162469,14.96,14.96,37.59142662467267,1.257465473859777
heavy,1058,0.82,GAN-JCSO,50,11.849189348680598,93.96693688377314,14.96,14.96,39.8106378782536,1.332883473163095
heavy,1058,0.82,GAN-RB,30,34.86194825744844,84.69820751617553,14.96,14.96,36.14946928430184,1.2044165425631423
heavy,1058,0.82,GAN-RB,40,20.738785013860483,91.0936818686473,14.96,14.96,39.027459535236915,1.3009617689963608
heavy,1058,0.82,GAN-RB,50,14.488850466762864,92.95445981329487,14.96,14.96,41.59304482421468,1.3871502479399893
heavy,1058,0.82,QuantileMLP-JCSO,30,17.64292092670156,93.21705498755092,14.888175189808058,14.96,35.3812234240687,1.1823663886062974
heavy,1058,0.82,QuantileMLP-JCSO,40,13.50185430745236,93.54166666666669,14.96,14.96,37.5176928400618,1.2546784871347127
heavy,1058,0.82,QuantileMLP-JCSO,50,12.300646904310705,93.74775494058899,14.96,14.96,39.67185906955542,1.3278758271965077
heavy,1058,0.82,QuantileMLP-RB,30,19.68950924879456,92.96841512520092,14.8348518992308,14.96,34.7393852994727,1.1592619789520129
heavy,1058,0.82,QuantileMLP-RB,40,14.024162672752961,93.85964342770195,14.925106467058168,14.96,36.73115988971975,1.2266737524142863
heavy,1058,0.82,QuantileMLP-RB,50,11.844475774642895,93.95833333333331,14.96,14.96,38.663647679963596,1.292149020617145
heavy,1058,1.0,Diffusion-JCSO,30,40.29094260204752,79.68666094523816,14.96,15.451371734262437,30.538771030066947,1.2414636982291736
heavy,1058,1.0,Diffusion-JCSO,40,14.793537325368517,92.66502901603309,7.983272721193449,14.96,32.46628305783988,1.3209711933891934
heavy,1058,1.0,Diffusion-JCSO,50,6.603643440108435,96.42581947804878,5.555403124858449,14.96,34.3563248684102,1.3989154049143235
heavy,1058,1.0,Diffusion-RB,30,19.41996360885937,91.37527932599382,9.260014306622878,14.96,30.371568713777332,1.2331177383970757
heavy,1058,1.0,Diffusion-RB,40,10.44454211754633,94.82218315298147,7.339453503195425,14.96,31.91420260231921,1.2965035953701558
heavy,1058,1.0,Diffusion-RB,50,7.114206773412622,96.42745989325402,5.733306371600394,14.96,33.367460307161835,1.3563048065442767
heavy,1058,1.0,GAN-JCSO,30,24.162174845840667,89.48943807543144,10.766073068793116,14.96,30.490775028383172,1.2402815829312688
heavy,1058,1.0,GAN-JCSO,40,11.568533766303656,94.34694452536264,7.1119317853910555,14.96,32.407419852072685,1.3191804747113762
heavy,1058,1.0,GAN-JCSO,50,6.7021647063100005,96.37705620900776,5.720000000000001,14.96,34.24349428925441,1.3948330228952417
heavy,1058,1.0,GAN-RB,30,35.94867337149232,83.42422232584116,14.96,14.96,30.357326225611683,1.2328506706277356
heavy,1058,1.0,GAN-RB,40,17.659876001363845,91.89922866598475,14.96,14.96,33.029312368936054,1.341796713696249
heavy,1058,1.0,GAN-RB,50,11.042811321656156,93.94177939000485,8.69076820214138,14.96,35.40459155284202,1.4386725650910581
heavy,1058,1.0,QuantileMLP-JCSO,30,18.590302335043276,91.82533424666829,10.07395762841462,14.96,30.522860590841688,1.2413200307333696
heavy,1058,1.0,QuantileMLP-JCSO,40,9.232389962467385,95.2717155722367,6.010718424891094,14.96,32.46361569166309,1.3212313163489562
heavy,1058,1.0,QuantileMLP-JCSO,50,7.108591634294841,96.26532858992677,5.543286481913633,14.96,34.283137264561276,1.3962501965193412
heavy,1058,1.0,QuantileMLP-RB,30,14.20453739033652,94.42513606166573,7.620367587144452,14.96,30.47870291085162,1.237756762738121
heavy,1058,1.0,QuantileMLP-RB,40,13.646628246139485,94.01001921026358,8.720223244244707,14.96,32.21656243497292,1.309243394712526
heavy,1058,1.0,QuantileMLP-RB,50,7.348506996191615,96.25,5.730122655409694,14.96,33.71206226669519,1.371047924152242
heavy,1059,0.82,Diffusion-JCSO,30,24.88043128667958,89.85131072871495,14.96,19.335611703257836,34.59023451006298,1.1582199618431614
heavy,1059,0.82,Diffusion-JCSO,40,17.68427831404449,90.625,14.96,19.17897122569359,37.00943822134158,1.239960869983616
heavy,1059,0.82,Diffusion-JCSO,50,15.625,90.625,14.96,19.158335748065923,39.323238775139366,1.3182442647334558
heavy,1059,0.82,Diffusion-RB,30,24.536606102040235,90.06093489846316,14.96,18.404223921165666,34.38193436217486,1.1496937841309343
heavy,1059,0.82,Diffusion-RB,40,16.541959719304717,91.04166666666669,14.96,18.9385150799381,36.77923044206113,1.2304735842334478
heavy,1059,0.82,Diffusion-RB,50,14.540433676830633,91.22242772052823,14.96,19.585745340219667,39.10027740287774,1.3087233865724042
heavy,1059,0.82,GAN-JCSO,30,26.98564818525613,88.80277776605948,14.96,19.213842732308724,34.53285505172261,1.1565837384914013
heavy,1059,0.82,GAN-JCSO,40,17.75445483797475,90.43983978505125,14.96,19.186705650176513,36.94495739478649,1.2381497865522169
heavy,1059,0.82,GAN-JCSO,50,16.126370973779494,90.69139247191076,14.96,19.165275677509793,39.270667500352154,1.316868902654027
heavy,1059,0.82,GAN-RB,30,18.277440250970635,90.45731688446607,14.96,19.320211510874437,34.90763610131046,1.1688684880218012
heavy,1059,0.82,GAN-RB,40,15.239364739118194,90.95212705217637,14.96,19.273701183428244,37.28819709090541,1.2493246427920033
heavy,1059,0.82,GAN-RB,50,14.581526359851463,91.04257015340762,14.96,19.23482148062138,39.629462661694106,1.328479741219314
heavy,1059,0.82,QuantileMLP-JCSO,30,25.422955900666707,88.92613994823333,14.96,19.199168614854383,34.557017658743625,1.1578480504833744
heavy,1059,0.82,QuantileMLP-JCSO,40,19.02297676011335,89.8717176056981,14.96,19.17412857581523,36.988272272339856,1.2400577718841974
heavy,1059,0.82,QuantileMLP-JCSO,50,16.146155413373254,90.53968488726184,14.96,19.1534414160964,39.31494474600357,1.3188299812404733
heavy,1059,0.82,QuantileMLP-RB,30,30.531938830667663,88.23461112684657,14.96,19.285515683497206,34.024550450908976,1.1368858517328853
heavy,1059,0.82,QuantileMLP-RB,40,21.754460936715283,90.54822617690097,14.96,19.237858025857914,36.31974797617685,1.2142410047068737
heavy,1059,0.82,QuantileMLP-RB,50,17.695668138838478,90.47463622980257,14.96,19.217964009137464,38.50450145440766,1.287924469189104
heavy,1059,1.0,Diffusion-JCSO,30,44.40335355850182,77.16974524503155,14.96,15.75574546264787,29.331123909809897,1.1957566774598443
heavy,1059,1.0,Diffusion-JCSO,40,20.577382750498433,89.38901611403026,14.96,15.701524376887912,31.32263856983039,1.2777380571912127
heavy,1059,1.0,Diffusion-JCSO,50,10.934964543671505,93.54166666666669,14.96,15.6960606467364,33.293429756992296,1.358834091786439
heavy,1059,1.0,Diffusion-RB,30,30.506751946230477,86.7053793568575,14.96,15.436421851343631,29.10312731592674,1.185011692307451
heavy,1059,1.0,Diffusion-RB,40,13.114469506402,92.90251386072636,14.96,15.429224816767679,31.067060003648347,1.2657219709491416
heavy,1059,1.0,Diffusion-RB,50,10.0,93.95833333333331,14.96,15.423683874503084,33.03133102556988,1.3464054564807928
heavy,1059,1.0,GAN-JCSO,30,50.11274782850378,74.65989409266217,14.96,15.803184957913146,29.279444174259165,1.1939328867372394
heavy,1059,1.0,GAN-JCSO,40,18.216510599756347,90.73960384351852,14.96,15.701433673606124,31.261725491364214,1.2755672987543858
heavy,1059,1.0,GAN-JCSO,50,11.31655737701088,93.6533551912645,14.96,15.696008302290812,33.25226863722499,1.357485744304904
heavy,1059,1.0,GAN-RB,30,27.11281007200557,86.02987597119777,14.96,15.72572443405383,29.55645258564016,1.205078044108484
heavy,1059,1.0,GAN-RB,40,13.658964190290558,91.92051790485473,14.96,15.71156044474529,31.564571274986886,1.2876754403262527
heavy,1059,1.0,GAN-RB,50,9.901817623774473,94.00742452144608,14.96,15.705533903585719,33.533728015923664,1.368723441298731
heavy,1059,1.0,QuantileMLP-JCSO,30,43.708523481697135,77.86607734078646,14.96,15.707038699262132,29.29209492676769,1.1949238724952593
heavy,1059,1.0,QuantileMLP-JCSO,40,16.244206825956443,91.54547712650267,14.96,15.699729728049093,31.281226877000517,1.276872631618171
heavy,1059,1.0,QuantileMLP-JCSO,50,11.202038614664385,93.55765379511189,14.96,15.694491146788613,33.27058370182514,1.3587693342751157
heavy,1059,1.0,QuantileMLP-RB,30,28.323881740196576,87.75883033769041,14.96,16.43385367779765,28.879535473178002,1.1749836090393353
heavy,1059,1.0,QuantileMLP-RB,40,17.840850294545575,92.36553912248485,14.96,16.21028795432089,30.76779765697552,1.2525379801075822
heavy,1059,1.0,QuantileMLP-RB,50,12.744561944042342,93.22140339294333,14.96,15.708432894660397,32.718643560317624,1.3326083731326737
heavy,1060,0.82,Diffusion-JCSO,30,19.4425808234056,91.75393812748194,14.96,16.584997134898558,33.41968336365574,1.1865816125187645
heavy,1060,0.82,Diffusion-JCSO,40,13.75631166554813,92.9752888096836,14.96,16.81022643699414,35.80261192987777,1.2718757252230202
heavy,1060,0.82,Diffusion-JCSO,50,12.039291106015213,93.29226055682952,14.96,18.53514339248098,38.118169247214794,1.3547853409094128
heavy,1060,0.82,Diffusion-RB,30,16.648511627967512,92.1589986320038,14.96,16.0593230414706,33.443175685860695,1.1879053144779923
heavy,1060,0.82,Diffusion-RB,40,12.662692364122108,92.96598898680482,14.96,16.20501035438601,35.73487288445433,1.2700103196324122
heavy,1060,0.82,Diffusion-RB,50,11.553435264578235,93.38994903437754,14.96,16.325601026626224,38.007804976441314,1.351422134322686
heavy,1060,0.82,GAN-JCSO,30,20.183309449482053,91.53534976907268,14.96,16.29425430294025,33.66619975878612,1.195889173800392
heavy,1060,0.82,GAN-JCSO,40,15.146596169572428,92.47413008772251,14.96,17.932041118216237,36.058959806132314,1.2816062322873842
heavy,1060,0.82,GAN-JCSO,50,11.86803018953204,93.57242425863829,14.96,18.081539564337575,38.38200496288089,1.364851574963918
heavy,1060,0.82,GAN-RB,30,20.704094988676026,91.17814291949767,14.96,19.38528309645781,34.20442759881324,1.2119165710699669
heavy,1060,0.82,GAN-RB,40,14.992394125367813,92.66414977999041,14.96,19.34157664048543,36.672815276296745,1.3000277182136082
heavy,1060,0.82,GAN-RB,50,12.220697848315385,93.495878495006,14.96,19.310955553241005,39.013288035912524,1.3835982139222742
heavy,1060,0.82,QuantileMLP-JCSO,30,18.779112991330344,91.67718791530513,14.96,16.155451434585775,33.49088569409197,1.1892192935345598
heavy,1060,0.82,QuantileMLP-JCSO,40,13.838565072995786,92.8349565488133,14.96,17.27847895808313,35.8652189160713,1.2742221980644208
heavy,1060,0.82,QuantileMLP-JCSO,50,11.281269963356923,93.41368477237422,14.96,18.123602302451356,38.18004076322171,1.35712492633283
heavy,1060,0.82,QuantileMLP-RB,30,15.317502657411822,92.49083272008446,14.96,16.41412638072636,33.7577732425633,1.2000305242121465
heavy,1060,0.82,QuantileMLP-RB,40,12.42843877935112,92.98822788731556,14.96,18.518000797477754,36.079315635654716,1.2832775175727587
heavy,1060,0.82,QuantileMLP-RB,50,11.241768999954484,93.47496588890408,14.96,19.08807285545514,38.39606460621963,1.366316056503101
heavy,1060,1.0,Diffusion-JCSO,30,40.013368822839396,80.66452936127882,14.96,14.96,28.395731441821123,1.2274556653896405
heavy,1060,1.0,Diffusion-JCSO,40,14.764411435889194,93.25785651858659,9.690720419509795,14.96,30.34454819784641,1.3124999222042097
heavy,1060,1.0,Diffusion-JCSO,50,7.778694652228959,97.34340617208082,7.121062589497927,14.96,32.26751698754209,1.3964073157864962
heavy,1060,1.0,Diffusion-RB,30,13.818251327994714,94.87603445135056,8.389861775530308,14.96,28.42203897728111,1.2292613611717431
heavy,1060,1.0,Diffusion-RB,40,7.473789638411212,97.09643851412771,7.048209521287642,14.96,30.327017902999568,1.3123805639151425
heavy,1060,1.0,Diffusion-RB,50,6.83212985183105,97.41726840741782,6.6900488395794895,14.96,32.212675517681326,1.3946754167823943
heavy,1060,1.0,GAN-JCSO,30,34.97685293568864,84.64794044688234,14.96,14.96,28.547028534011815,1.2346574016520804
heavy,1060,1.0,GAN-JCSO,40,12.903021389065989,95.1730344628803,8.348180274349234,14.96,30.53270441938539,1.3213145903049073
heavy,1060,1.0,GAN-JCSO,50,7.389738403481735,97.58782137719749,7.0373202759438875,14.96,32.48271469399071,1.4064165772399464
heavy,1060,1.0,GAN-RB,30,16.766401227652814,94.48995893990396,9.386843258009028,14.96,28.887390705700163,1.246886538179623
heavy,1060,1.0,GAN-RB,40,9.964038557245644,96.7959889836441,8.050969588318393,14.96,31.065900750727383,1.3414362583517616
heavy,1060,1.0,GAN-RB,50,7.748823776451931,97.55594763007157,7.246798141108482,14.96,33.108557157068596,1.4301379766590896
heavy,1060,1.0,QuantileMLP-JCSO,30,28.326114153774487,87.96585002733767,11.84413441316741,14.96,28.4220336592142,1.2287529540707098
heavy,1060,1.0,QuantileMLP-JCSO,40,11.787908649030188,95.3656954545272,7.978124268468599,14.96,30.390730919174217,1.3146314499708147
heavy,1060,1.0,QuantileMLP-JCSO,50,6.742350697198855,97.47089075748762,7.036560227400178,14.96,32.32597555819506,1.3990601580384718
heavy,1060,1.0,QuantileMLP-RB,30,20.497761918488465,91.27213478030151,9.575229533425826,14.96,28.606722525781,1.238195595254844
heavy,1060,1.0,QuantileMLP-RB,40,7.925572581280877,96.79961827914607,7.421282920019333,14.96,30.55063128627044,1.3230654227528102
heavy,1060,1.0,QuantileMLP-RB,50,6.495589406038163,97.5,6.434394018304442,14.96,32.478138400144736,1.4072621307669493
heavy,1061,0.82,Diffusion-JCSO,30,37.147804301674654,88.09713662230274,14.96,20.53842103685045,33.78351319344631,1.1001817241816072
heavy,1061,0.82,Diffusion-JCSO,40,24.483175587770525,89.89769642961342,14.96,20.50561693481944,36.1401728937669,1.1778208680461577
heavy,1061,0.82,Diffusion-JCSO,50,17.9070422527409,91.29670523155552,14.96,20.479612103568694,38.39166930454991,1.2520071639157506
heavy,1061,0.82,Diffusion-RB,30,46.509324782057824,84.93516880448556,14.96,20.778196504099316,31.6773013563433,1.0297571355564807
heavy,1061,0.82,Diffusion-RB,40,32.54261298935056,87.87364729706371,14.96,20.615812767593894,33.86657546357422,1.101799555891998
heavy,1061,0.82,Diffusion-RB,50,23.256238687519147,89.83864047726578,14.96,20.580855130435133,35.928283821148604,1.1696252164037129
heavy,1061,0.82,GAN-JCSO,30,35.36024659830867,88.14419177830999,14.96,20.453415741175057,34.90654243555418,1.13710945111236
heavy,1061,0.82,GAN-JCSO,40,24.073878895050782,90.15092264176583,14.96,20.428150102983473,37.3496164288069,1.2176211501926208
heavy,1061,0.82,GAN-JCSO,50,18.67938624689068,91.31267539629971,14.96,20.407273766231224,39.68913896690211,1.2947131380225723
heavy,1061,0.82,GAN-RB,30,30.173890969178018,88.63461153131733,14.96,20.492901635529,34.87903970005894,1.1340956090453214
heavy,1061,0.82,GAN-RB,40,23.382609327780507,90.10528960222113,14.96,20.4655153700325,37.23798331517211,1.211635401615363
heavy,1061,0.82,GAN-RB,50,19.610295365503323,91.34838908834453,14.96,20.44255275800262,39.55286733183559,1.2877356082163391
heavy,1061,0.82,QuantileMLP-JCSO,30,27.703116866488507,89.41059163336301,14.96,19.48371457597988,35.38589340324517,1.153231254291566
heavy,1061,0.82,QuantileMLP-JCSO,40,20.1070432423985,90.81912103426119,14.96,19.50507995021699,37.808769617813,1.2330738099644982
heavy,1061,0.82,QuantileMLP-JCSO,50,16.69391304785066,91.56801932269984,14.96,19.528752924434357,40.166695899967735,1.3107822771409654
heavy,1061,0.82,QuantileMLP-RB,30,25.822174377704236,90.28928027970618,14.96,19.52981935767941,34.69254254800995,1.1292132992887103
heavy,1061,0.82,QuantileMLP-RB,40,19.169757245173503,91.19423840587733,14.96,19.51743661785949,37.04764431809762,1.2067003174260793
heavy,1061,0.82,QuantileMLP-RB,50,17.179375225287696,91.3568749249041,14.96,19.537256973442013,39.327424795401335,1.2817081075284322
heavy,1061,1.0,Diffusion-JCSO,30,45.00674513259035,81.39934362737658,14.96,19.589185430300397,28.910777632323775,1.1458209154401506
heavy,1061,1.0,Diffusion-JCSO,40,18.943435967100587,91.39219941471839,14.96,18.82008050294803,30.83058004626874,1.2229204764751536
heavy,1061,1.0,Diffusion-JCSO,50,13.152612197786784,92.67265452904569,14.96,18.794736931757903,32.70021512074518,1.2979801692833224
heavy,1061,1.0,Diffusion-RB,30,38.874649048614295,86.51779983009797,14.96,20.869488056309855,27.25194350183149,1.0784153333560589
heavy,1061,1.0,Diffusion-RB,40,23.495607262896364,90.42587854742071,14.96,18.928656781087266,29.042381304255624,1.1501007440949758
heavy,1061,1.0,Diffusion-RB,50,17.459567696715883,91.67677474248768,14.96,18.894883786676267,30.71012399728637,1.2169318896840833
heavy,1061,1.0,GAN-JCSO,30,31.54025338326031,88.04445018433091,14.96,18.768226098060833,29.811269143093085,1.181839882463588
heavy,1061,1.0,GAN-JCSO,40,19.032627366615827,91.68946485099832,14.96,18.743189368101998,31.83558283566186,1.2631179385690579
heavy,1061,1.0,GAN-JCSO,50,13.617616758534606,92.69748332020936,14.96,18.72253546887227,33.79824037486757,1.3419141825330403
heavy,1061,1.0,GAN-RB,30,25.49812295481797,90.09214933542776,14.96,18.80766539365505,29.808238892814174,1.179704252807181
heavy,1061,1.0,GAN-RB,40,17.93980519479352,91.95370562770796,14.96,18.78063673311186,31.722176814008627,1.2563426261040433
heavy,1061,1.0,GAN-RB,50,14.471490460137167,92.7362940516324,14.96,18.757793187200587,33.65181042865039,1.3336298496575312
heavy,1061,1.0,QuantileMLP-JCSO,30,28.19990379164471,87.63815946011525,14.96,17.767504569485798,30.178612102425905,1.1969955673778945
heavy,1061,1.0,QuantileMLP-JCSO,40,14.966726597275265,92.2807840730561,14.96,17.742417340165147,32.189825409868,1.2777725967969151
heavy,1061,1.0,QuantileMLP-JCSO,50,12.123492642164392,92.90774237581535,14.96,17.7309547392843,34.15781769607817,1.356805976247504
heavy,1061,1.0,QuantileMLP-RB,30,24.956721181631014,89.72322888059242,14.96,18.072143029942506,29.69185644800163,1.1762673379683346
heavy,1061,1.0,QuantileMLP-RB,40,15.772968904784392,91.76536854211763,14.96,17.81023013600802,31.53575530398867,1.2502696620095533
heavy,1061,1.0,QuantileMLP-RB,50,12.514877610849528,92.79762026272138,14.96,17.78536255006702,33.43038162355722,1.3262638999215768
heavy,1062,0.82,Diffusion-JCSO,30,12.526151649400076,95.24875197595614,8.880285026442033,14.96,34.840459722205885,1.2193966121266324
heavy,1062,0.82,Diffusion-JCSO,40,8.846130134873501,95.87073439948662,8.830607032144279,14.96,37.22587115944322,1.3037156536635421
heavy,1062,0.82,Diffusion-JCSO,50,6.821851623251682,96.6152223593823,8.271383263867026,14.96,39.55866604574518,1.3862037909283447
heavy,1062,0.82,Diffusion-RB,30,11.075899021807073,95.58105117632398,8.851327707293402,14.96,34.56310565772508,1.2095976646646438
heavy,1062,0.82,Diffusion-RB,40,8.220215048100503,95.91369623797489,8.849821834878457,14.96,36.86680261816838,1.2910080765743095
heavy,1062,0.82,Diffusion-RB,50,6.722752667022489,96.43589893319098,8.86053018669959,14.96,39.116564096102735,1.370617869490915
heavy,1062,0.82,GAN-JCSO,30,11.994603814843817,95.480863389625,8.564889109573581,14.96,34.94359096731707,1.2243482057244262
heavy,1062,0.82,GAN-JCSO,40,7.82221313415261,96.37045702401898,7.894964249774621,14.96,37.29493776364913,1.3075495286712402
heavy,1062,0.82,GAN-JCSO,50,6.987067355415069,96.49683972450062,7.717348610153209,14.96,39.54325492852015,1.3870966855551659
heavy,1062,0.82,GAN-RB,30,11.17092487881527,95.6114926827014,8.803914174082538,14.96,34.99367101610605,1.2256001814440631
heavy,1062,0.82,GAN-RB,40,7.5,96.1838163632277,8.829042631280783,14.96,37.35942166696646,1.3092418061581155
heavy,1062,0.82,GAN-RB,50,6.657680892867629,96.3785943095196,8.873147071832902,14.96,39.68742537281281,1.391562732644686
heavy,1062,0.82,QuantileMLP-JCSO,30,10.213210057630342,96.12871763069052,7.9084873100256745,14.96,35.031983852207524,1.226284747475397
heavy,1062,0.82,QuantileMLP-JCSO,40,7.5827487207311846,96.25,8.143147985683765,14.96,37.37028056448353,1.3089459219770012
heavy,1062,0.82,QuantileMLP-JCSO,50,6.420744904807751,96.4833922856837,7.798427376743993,14.96,39.646620512722485,1.3894141576960406
heavy,1062,0.82,QuantileMLP-RB,30,10.23745763524914,95.57750847295019,8.714973237272398,14.96,34.83620954756627,1.2185228095682676
heavy,1062,0.82,QuantileMLP-RB,40,7.696560065864178,96.19383998118167,8.092480144323007,14.96,37.14897854972759,1.3002127592546568
heavy,1062,0.82,QuantileMLP-RB,50,6.888139862106988,96.31506449040877,8.055029981388358,14.96,39.36783471259554,1.3785941437030202
heavy,1062,1.0,Diffusion-JCSO,30,22.12654848680362,88.4115528959843,9.056622285262476,14.96,29.69152492031722,1.2649875699184814
heavy,1062,1.0,Diffusion-JCSO,40,6.68929163065705,96.47824370541912,5.543483637440844,12.57738258728275,31.681684937759428,1.350641775241707
heavy,1062,1.0,Diffusion-JCSO,50,1.3206604868575105,99.29093704121883,4.4206345958997995,6.250341115074203,33.63762718267331,1.4348713490410048
heavy,1062,1.0,Diffusion-RB,30,9.556852593863182,95.6352980653495,6.160950724534091,14.96,29.55186397789993,1.2590730143577447
heavy,1062,1.0,Diffusion-RB,40,3.538064181833065,98.08751358711471,4.944393675801324,11.609090660341641,31.443276956253943,1.3404305016762863
heavy,1062,1.0,Diffusion-RB,50,1.1903267940982634,99.01800653923509,4.5249642412899025,7.769300184803735,33.294829949953076,1.4202046465765417
heavy,1062,1.0,GAN-JCSO,30,29.002139547091918,85.03679820853944,11.48863901139812,14.96,29.71468844703885,1.2674531678059098
heavy,1062,1.0,GAN-JCSO,40,7.562242607108249,96.01054536311256,5.64638396171252,14.556938054114491,31.75688968357753,1.3553595879317164
heavy,1062,1.0,GAN-JCSO,50,2.120591533274107,98.76931174670221,4.479777030723395,7.754293869857238,33.70309124513242,1.4393057000413214
heavy,1062,1.0,GAN-RB,30,23.53504791865337,87.78168150655308,9.628362886053292,14.96,29.71096043915492,1.2671885017930886
heavy,1062,1.0,GAN-RB,40,5.447606520610963,96.52310275430011,5.457528082253839,14.96,31.758658909477575,1.3551443220232562
heavy,1062,1.0,GAN-RB,50,1.0416666666666663,98.95833333333334,4.580918298545589,8.331069829622795,33.72957458625962,1.439949246320959
heavy,1062,1.0,QuantileMLP-JCSO,30,23.2165899047844,88.4103765911237,10.10561069315707,14.96,29.809817757995248,1.2702587426021152
heavy,1062,1.0,QuantileMLP-JCSO,40,4.051597371895643,97.8430844283768,4.8201659961673196,13.931713781831474,31.817611041385973,1.3566757211310365
heavy,1062,1.0,QuantileMLP-JCSO,50,1.6733110973549707,98.88445926843002,4.376667657903087,6.746916970956902,33.774496259471924,1.4409753572812563
heavy,1062,1.0,QuantileMLP-RB,30,6.496856682312686,96.6896219924005,5.540103791128415,12.065870174921955,29.742588855865712,1.2667567316571822
heavy,1062,1.0,QuantileMLP-RB,40,2.4733645761479712,98.54166666666669,4.660451851199893,10.093599999999874,31.70703514525783,1.3510499325529568
heavy,1062,1.0,QuantileMLP-RB,50,1.9159506487337972,98.66690533931096,4.5040309739188675,10.093599999999874,33.592901369452804,1.4321806380180326
heavy,1063,0.82,Diffusion-JCSO,30,13.772943346989667,96.14142115121994,6.05861066043844,8.937220367428699,34.30103238291031,1.2579171730588095
heavy,1063,0.82,Diffusion-JCSO,40,7.36220662013673,97.84409388155623,5.409667037461391,8.8,36.85599300989466,1.3520771800111206
heavy,1063,0.82,Diffusion-JCSO,50,3.605504853606162,98.89029045326514,4.785232681428129,8.50359668384353,39.34895007747504,1.443990886585199
heavy,1063,0.82,Diffusion-RB,30,9.84672837255479,97.18704178883775,5.77694619121959,9.087632235032236,33.989370427468664,1.2457607699758568
heavy,1063,0.82,Diffusion-RB,40,5.736267345269449,98.20549306189221,5.410810004527386,8.981093759963393,36.45593653495373,1.3365695291997315
heavy,1063,0.82,Diffusion-RB,50,3.3898862732734636,98.91418562112109,4.874617361370227,8.577153522118625,38.881924443641466,1.4259269558091392
heavy,1063,0.82,GAN-JCSO,30,26.59859914282518,92.72227382923818,7.634381688136122,9.270255583379992,34.15626009459958,1.2435268304151372
heavy,1063,0.82,GAN-JCSO,40,13.36887711309647,96.68581723975603,5.889585768875762,8.8,36.79362682564474,1.3400988594079155
heavy,1063,0.82,GAN-JCSO,50,6.703431055657289,98.5237557414256,4.85405884655043,8.12564517874078,39.129729719939334,1.4259857985835371
heavy,1063,0.82,GAN-RB,30,,,,,,
heavy,1063,0.82,GAN-RB,40,,,,,,
heavy,1063,0.82,GAN-RB,50,36.07973268297728,89.84717645527222,7.148232253547381,12.645394844114135,36.035524634075585,1.3068540824968158
heavy,1063,0.82,QuantileMLP-JCSO,30,12.57138562239069,96.22620479253645,5.998045332409682,9.069514575936525,34.23343175240915,1.2569435259220587
heavy,1063,0.82,QuantileMLP-JCSO,40,8.080720513336269,97.35205240374945,5.704205648015898,8.863301253912722,36.77029932956725,1.350573874908039
heavy,1063,0.82,QuantileMLP-JCSO,50,4.143299167021189,98.48386484363922,5.015845149948507,8.8,39.24760042742946,1.4420315408145858
heavy,1063,0.82,QuantileMLP-RB,30,9.141806187515142,97.56133826893662,5.799575794985198,9.081236883077695,34.00481844443038,1.247735887788386
heavy,1063,0.82,QuantileMLP-RB,40,5.4476842145667,98.13941008620415,5.351185441264556,8.977960821865665,36.472604731776556,1.3386792115895818
heavy,1063,0.82,QuantileMLP-RB,50,4.048971940993102,98.54166666666669,5.021591605323636,8.8,38.88349211898246,1.427584468923881
heavy,1063,1.0,Diffusion-JCSO,30,29.355275809693108,86.11851740495038,12.634079942835365,14.96,28.661804415297667,1.2806097810610595
heavy,1063,1.0,Diffusion-JCSO,40,8.779685035974618,96.62523170420879,5.630749703418308,10.329143067929468,30.785384918976817,1.3759433488905362
heavy,1063,1.0,Diffusion-JCSO,50,2.6121645268751066,99.12927849104165,4.0821784870039295,6.0189964415571175,32.86291371959347,1.4692652282827687
heavy,1063,1.0,Diffusion-RB,30,6.658310704137934,98.18634147984366,4.600649187617942,9.041458617999009,28.64748676944673,1.2794770701505167
heavy,1063,1.0,Diffusion-RB,40,3.0262822478457836,99.13926277137189,4.3350379411758535,7.729811838808042,30.652402913965133,1.3693346932759525
heavy,1063,1.0,Diffusion-RB,50,1.535445789187711,99.375,4.092418840388951,6.305937972617396,32.55789691039533,1.454860836354729
heavy,1063,1.0,GAN-JCSO,30,30.763676591600564,88.96525790207843,7.48488033871985,11.772593907357498,28.556641518084444,1.2667604360943705
heavy,1063,1.0,GAN-JCSO,40,12.768766208464603,96.45324416495274,5.305029956898899,8.808982056951816,30.80305732925005,1.3668507072255793
heavy,1063,1.0,GAN-JCSO,50,5.576367609044299,98.81117025910345,4.2861272131412536,7.028294800250281,32.92126937318168,1.4612791961092833
heavy,1063,1.0,GAN-RB,30,,,,,,
heavy,1063,1.0,GAN-RB,40,,,,,,
heavy,1063,1.0,GAN-RB,50,28.907128886720805,91.406686637673,6.245867986535612,12.229413158967478,31.870763070158937,1.4071938478352959
heavy,1063,1.0,QuantileMLP-JCSO,30,43.81047226487899,79.58040679607785,13.016254944799474,14.96,28.59833334549586,1.2792821283933031
heavy,1063,1.0,QuantileMLP-JCSO,40,14.184316179172672,94.03027134510387,6.220150482227618,11.193003544674744,30.727007905013604,1.3749531463807256
heavy,1063,1.0,QuantileMLP-JCSO,50,3.094334269960206,98.7653328650199,4.147376186611534,8.730776652743257,32.786648706763664,1.4676024227753566
heavy,1063,1.0,QuantileMLP-RB,30,8.112001951795722,97.3550933164494,5.169787616904468,9.163804060060443,28.49895257857327,1.274291928567674
heavy,1063,1.0,QuantileMLP-RB,40,3.6693192104582986,98.8158709035292,4.377768798390417,8.080836956807724,30.56414515841216,1.3669275860894148
heavy,1063,1.0,QuantileMLP-RB,50,1.5912573776249168,99.34841519114168,4.113277114711129,6.411133023990283,32.57322227631756,1.4571368905414979
heavy,1064,0.82,Diffusion-JCSO,30,24.18255146007309,90.68664253918155,14.96,14.96,33.961311041140554,1.148097488080474
heavy,1064,0.82,Diffusion-JCSO,40,15.676149067335786,92.47247135982157,14.96,14.96,36.41066889645579,1.2314535480170619
heavy,1064,0.82,Diffusion-JCSO,50,10.98319902964807,93.85087362443889,14.96,14.96,38.76085946089453,1.3114412421893011
heavy,1064,0.82,Diffusion-RB,30,17.928622023370448,92.45279528070633,14.96,14.96,34.033076540767794,1.1513115829932372
heavy,1064,0.82,Diffusion-RB,40,11.520712683292016,93.36982182917698,14.96,14.96,36.39865805485142,1.231900204749732
heavy,1064,0.82,Diffusion-RB,50,9.860564911154798,93.75,14.96,14.96,38.676506854211524,1.3095539951839759
heavy,1064,0.82,GAN-JCSO,30,17.7860626680839,92.11598433297901,14.96,14.96,34.49375316914593,1.1647599007206888
heavy,1064,0.82,GAN-JCSO,40,12.451605329564954,93.46016824345196,14.96,14.96,36.98316704446212,1.249403498542943
heavy,1064,0.82,GAN-JCSO,50,10.12838070248014,94.02927894726474,14.96,14.96,39.393641943530355,1.3313900036230601
heavy,1064,0.82,GAN-RB,30,17.096052579332728,92.42772905644459,14.96,14.96,34.956661899391925,1.177765063620649
heavy,1064,0.82,GAN-RB,40,11.774498573092611,93.64496065720019,14.96,14.96,37.592294814863834,1.2671407970515025
heavy,1064,0.82,GAN-RB,50,8.16896678272917,94.63812218353472,14.96,14.96,40.06722516594797,1.351091857495083
heavy,1064,0.82,QuantileMLP-JCSO,30,20.56991151206733,91.49372336768873,14.96,14.96,34.08462783806643,1.1525409641148745
heavy,1064,0.82,QuantileMLP-JCSO,40,14.397954791803885,92.7528787499789,14.96,14.96,36.52752103122245,1.2356690054905943
heavy,1064,0.82,QuantileMLP-JCSO,50,10.391714620836296,93.73378297569361,14.96,14.96,38.87767074276829,1.3156369606768903
heavy,1064,0.82,QuantileMLP-RB,30,16.928325263559195,92.79091092494868,14.96,14.96,34.26117838155854,1.157157807748129
heavy,1064,0.82,QuantileMLP-RB,40,10.900651071083953,93.87051215081661,14.96,14.96,36.62187212263963,1.2374413661057395
heavy,1064,0.82,QuantileMLP-RB,50,9.583333333333334,93.95833333333331,14.96,14.96,38.95331661749576,1.3167324969146916
heavy,1064,1.0,Diffusion-JCSO,30,38.81484345607388,80.51005548183065,14.96,14.96,28.646830543309175,1.1794373112776035
heavy,1064,1.0,Diffusion-JCSO,40,19.099938438240116,90.74083856281004,14.96,14.96,30.6586678961433,1.262934651165206
heavy,1064,1.0,Diffusion-JCSO,50,9.286640432006918,94.61278652266434,11.744570613564775,14.96,32.66056005696821,1.345970093891185
heavy,1064,1.0,Diffusion-RB,30,26.38789597776145,87.47265910311829,14.96,14.96,28.739440592037077,1.184169223570319
heavy,1064,1.0,Diffusion-RB,40,11.188236624816712,93.44439407798622,13.58417743209078,14.96,30.726526051094726,1.266673424515942
heavy,1064,1.0,Diffusion-RB,50,7.324453824091399,95.20833333333331,8.988420162936949,14.96,32.70506403834624,1.3487953531570205
heavy,1064,1.0,GAN-JCSO,30,54.80646320911393,67.59306925983122,14.96,15.196194977029005,29.04693582115557,1.1945956460805736
heavy,1064,1.0,GAN-JCSO,40,37.6633942109338,79.89947996196055,14.96,14.96,31.10302889275397,1.279806202665666
heavy,1064,1.0,GAN-JCSO,50,13.679724547504893,91.74410992733084,13.695204410043397,14.96,33.09416453993385,1.3623559584093081
heavy,1064,1.0,GAN-RB,30,38.95168914726385,80.558508527142,14.96,14.96,29.337535919792952,1.204213904791414
heavy,1064,1.0,GAN-RB,40,15.604214005086849,91.03523456175478,14.96,14.96,31.53224143044167,1.2948698952780138
heavy,1064,1.0,GAN-RB,50,6.1885197791131255,95.46284383935904,12.376509400342666,14.96,33.63091929577646,1.3815501556292595
heavy,1064,1.0,QuantileMLP-JCSO,30,37.30283592611361,81.09002517971686,14.96,14.96,28.707728157295147,1.182256126817317
heavy,1064,1.0,QuantileMLP-JCSO,40,18.40738640843204,90.62283970438082,14.96,14.96,30.726591923599365,1.2660455248892213
heavy,1064,1.0,QuantileMLP-JCSO,50,7.994238420241013,94.75849095970882,14.96,14.96,32.734026856578744,1.3493302726238452
heavy,1064,1.0,QuantileMLP-RB,30,13.799085040999193,94.17411194760885,12.279985202862786,14.96,28.848647526933817,1.1867960624491285
heavy,1064,1.0,QuantileMLP-RB,40,8.227686066211888,95.0,14.183015204686924,14.96,30.861501585466396,1.2702167608798398
heavy,1064,1.0,QuantileMLP-RB,50,7.5,95.0,14.96,14.96,32.84157371748924,1.3522556650686253
heavy,1065,0.82,Diffusion-JCSO,30,31.095587819014337,88.0236448091549,14.96,18.028227970502414,34.01082428370816,1.1432845436316332
heavy,1065,0.82,Diffusion-JCSO,40,19.76090222145264,89.8282036717318,14.96,17.97790997414925,36.42157823408757,1.2248510191924569
heavy,1065,0.82,Diffusion-JCSO,50,15.65051376726819,90.93431077909148,14.96,17.916677351479297,38.73175242174715,1.3030391968293802
heavy,1065,0.82,Diffusion-RB,30,28.833702836398494,87.69159276605365,14.96,18.154623725126896,33.350237933197846,1.1201799110333706
heavy,1065,0.82,Diffusion-RB,40,22.208218662733994,89.18521066754059,14.96,18.06993274299804,35.61852047737133,1.1969283889564382
heavy,1065,0.82,Diffusion-RB,50,17.355898940433008,90.33879077892392,14.96,18.02802720912719,37.822528774502146,1.2715434541846466
heavy,1065,0.82,GAN-JCSO,30,25.93778457457112,89.00843495532634,14.96,17.978470207394988,34.951286764532625,1.1747599170621263
heavy,1065,0.82,GAN-JCSO,40,17.578417095520077,90.51915096125667,14.96,17.92375915787148,37.42545330840089,1.2585631079334199
heavy,1065,0.82,GAN-JCSO,50,14.631960002817882,91.04166666666669,14.96,17.881381818360712,39.801433600793665,1.3391015907583805
heavy,1065,0.82,GAN-RB,30,26.16921778583822,88.10211581438567,14.96,18.14871308933317,35.31392026733887,1.185252727139153
heavy,1065,0.82,GAN-RB,40,18.769486999896465,90.27452994446169,14.96,18.032344536233687,37.87856711144693,1.2719347585100815
heavy,1065,0.82,GAN-RB,50,15.886939866618382,90.84777908572809,14.96,17.981384189329848,40.296001109018476,1.3536894189463966
heavy,1065,0.82,QuantileMLP-JCSO,30,25.57938211628166,89.1463272354648,14.96,17.98937289947398,35.03685189952284,1.1780769860873166
heavy,1065,0.82,QuantileMLP-JCSO,40,17.202367442903444,90.52198061995446,14.96,17.92547560602609,37.519729426132045,1.2622148179606631
heavy,1065,0.82,QuantileMLP-JCSO,50,14.94156747038511,90.85281084320495,14.96,17.87987387358045,39.905894656551524,1.3431060596058653
heavy,1065,0.82,QuantileMLP-RB,30,20.999004716417584,89.86585132780546,14.96,18.026016150863523,35.36118379319442,1.1894560422412048
heavy,1065,0.82,QuantileMLP-RB,40,16.811809426708123,90.36617008189884,14.96,17.96561931040698,37.82369070510552,1.272881318555681
heavy,1065,0.82,QuantileMLP-RB,50,14.688023611664539,90.9581238886675,14.96,17.91398235383404,40.25329773125611,1.3553245600009973
heavy,1065,1.0,Diffusion-JCSO,30,60.74353272512879,71.14885491867098,14.96,15.004435513033018,28.815753388822618,1.1797887505166722
heavy,1065,1.0,Diffusion-JCSO,40,32.213074689725076,83.92669841615941,14.96,14.96,30.835661426490592,1.2630785712106096
heavy,1065,1.0,Diffusion-JCSO,50,15.922354808974134,91.82289593555888,14.96,14.96,32.796357960865,1.3439933658817804
heavy,1065,1.0,Diffusion-RB,30,48.562614916084655,79.14481845867725,14.96,14.96,28.25802942331858,1.1561752463910335
heavy,1065,1.0,Diffusion-RB,40,18.78625958872109,91.32245210299465,14.96,14.96,30.23249911119003,1.2374954180514774
heavy,1065,1.0,Diffusion-RB,50,13.538935970402436,93.33060263706909,14.96,14.96,32.13507853572961,1.3158937013461094
heavy,1065,1.0,GAN-JCSO,30,52.96138812859423,75.07687922599348,14.96,14.96,29.574223989258616,1.2105061173147023
heavy,1065,1.0,GAN-JCSO,40,22.703339603948514,89.02622542991641,14.96,14.96,31.64254981932679,1.295873418118859
heavy,1065,1.0,GAN-JCSO,50,12.364506216398976,93.39140209773376,14.96,14.96,33.66276007720469,1.3792928158184319
heavy,1065,1.0,GAN-RB,30,22.50412986686841,90.80935977650569,14.96,15.080350024780063,29.721783659100076,1.2151186856064764
heavy,1065,1.0,GAN-RB,40,15.896205045760098,92.73706511412509,14.96,15.065429276127706,31.874976187149056,1.3037364809463383
heavy,1065,1.0,GAN-RB,50,13.120804087739593,93.47292154093229,14.96,15.054565786186778,33.926574125649715,1.3882318504265148
heavy,1065,1.0,QuantileMLP-JCSO,30,40.98876143111276,80.61438115181217,14.96,14.96,29.620892024377227,1.2129034928824987
heavy,1065,1.0,QuantileMLP-JCSO,40,16.51541175609515,91.73242967126296,14.96,14.96,31.6947453369481,1.2984896532552752
heavy,1065,1.0,QuantileMLP-JCSO,50,11.717840833092914,93.75,14.96,14.96,33.718619837194346,1.382074552480122
heavy,1065,1.0,QuantileMLP-RB,30,32.47051645723437,84.49353818771469,14.96,14.96,29.84536315310816,1.222786551563918
heavy,1065,1.0,QuantileMLP-RB,40,13.779534104565961,92.9158433884847,14.96,14.96,31.921168749932924,1.3084374238775465
heavy,1065,1.0,QuantileMLP-RB,50,11.365874095571183,93.7453170284382,14.96,14.96,33.959678125993015,1.392605720226106
heavy,1066,0.82,Diffusion-JCSO,30,17.022368320670086,93.44423245864992,14.96,14.96,34.80894260863807,1.1948105201392698
heavy,1066,0.82,Diffusion-JCSO,40,10.779062720809046,94.48004157834305,12.932755625732916,14.96,37.18133662063025,1.277108968098073
heavy,1066,0.82,Diffusion-JCSO,50,9.419746224158597,95.17850251722759,11.4460126613675,14.96,39.46202098390251,1.3563110567884433
heavy,1066,0.82,Diffusion-RB,30,18.147977808133945,93.51482844201594,14.96,14.96,34.460657040466955,1.1825398586307998
heavy,1066,0.82,Diffusion-RB,40,11.943007095317657,94.1978502751146,14.96,14.96,36.82045434341279,1.2642987185874979
heavy,1066,0.82,Diffusion-RB,50,9.66912728827213,94.71813484459862,13.211720001591463,14.96,38.98870253261937,1.3396433753395927
heavy,1066,0.82,GAN-JCSO,30,18.795166665795396,93.03423255830164,14.96,14.96,34.8662889168678,1.197930445456124
heavy,1066,0.82,GAN-JCSO,40,11.667929288035113,94.29671717232895,14.96,14.96,37.28498182385753,1.2818979800627097
heavy,1066,0.82,GAN-JCSO,50,9.388399371822233,94.92608909828148,12.552370392027186,14.96,39.616346946722345,1.3629007764019483
heavy,1066,0.82,GAN-RB,30,50.67545664923326,78.74390734777815,14.96,15.194439934383777,35.09561584700061,1.2003867796536674
heavy,1066,0.82,GAN-RB,40,28.773434770927462,88.34606602773593,14.96,14.96,38.68601987693214,1.3236702912238096
heavy,1066,0.82,GAN-RB,50,18.350846343778244,92.02687174738877,14.96,14.96,41.72428141741438,1.4280486683677305
heavy,1066,0.82,QuantileMLP-JCSO,30,14.888315942190676,93.92234375243501,14.96,14.96,34.863122037035154,1.1973694044757341
heavy,1066,0.82,QuantileMLP-JCSO,40,10.511413965538763,94.50756317528196,12.741948992345883,14.96,37.23485886204423,1.2796991847410548
heavy,1066,0.82,QuantileMLP-JCSO,50,9.167331304947774,95.20793455036466,11.36992078842695,14.96,39.52125526103897,1.3591600780242867
heavy,1066,0.82,QuantileMLP-RB,30,17.721099360193946,93.3433354070246,14.96,14.96,34.28349479542558,1.1757466189098589
heavy,1066,0.82,QuantileMLP-RB,40,11.93247391807864,94.20438152048035,14.96,14.96,36.675685215551106,1.2585670675480916
heavy,1066,0.82,QuantileMLP-RB,50,10.355573185870576,94.63055051832269,14.96,14.96,38.83200221011974,1.3334174176014784
heavy,1066,1.0,Diffusion-JCSO,30,14.367889950643535,94.34545247827589,8.8,14.96,29.564594198932486,1.2353410590974174
heavy,1066,1.0,Diffusion-JCSO,40,7.9597277505437045,96.14944223311585,6.722418417302315,14.96,31.582138675241577,1.320491693434679
heavy,1066,1.0,Diffusion-JCSO,50,6.929817660239171,96.6885974771087,5.7254047594330935,14.96,33.54458255851352,1.4033623194706513
heavy,1066,1.0,Diffusion-RB,30,14.607440671979237,95.05462660557762,8.8,14.96,29.349407618972442,1.2260044652640238
heavy,1066,1.0,Diffusion-RB,40,9.268295559808555,95.74130469041292,6.983361847919237,14.96,31.23972193398782,1.3058686024173352
heavy,1066,1.0,Diffusion-RB,50,7.193740424122437,96.22239822730273,6.528417135120986,14.96,33.18795515197053,1.3881108611639188
heavy,1066,1.0,GAN-JCSO,30,17.411719588971565,93.45325498245636,8.8,14.96,29.581648083280164,1.237290767022154
heavy,1066,1.0,GAN-JCSO,40,10.346009124106232,95.16508219282004,8.8,14.96,31.645739908072034,1.324451849079933
heavy,1066,1.0,GAN-JCSO,50,6.817763851682575,96.47264237041267,6.269508085002001,14.96,33.62337514756025,1.4080563937539692
heavy,1066,1.0,GAN-RB,30,49.34703637122221,79.44196248381681,14.96,15.14132820089559,29.03167867446922,1.2105694727731746
heavy,1066,1.0,GAN-RB,40,27.212912048470997,89.52077809154275,14.96,14.96,32.115476317229614,1.3395149084991256
heavy,1066,1.0,GAN-RB,50,16.66681239502844,92.98606253499051,14.712787502432858,14.96,34.83524897240833,1.453221728242055
heavy,1066,1.0,QuantileMLP-JCSO,30,12.841424028931531,94.5700013824991,7.425888767643462,14.96,29.610151701865526,1.2379553055258499
heavy,1066,1.0,QuantileMLP-JCSO,40,7.731017390991432,96.03599565225215,6.577846586476657,14.96,31.617557801497263,1.3227506796107096
heavy,1066,1.0,QuantileMLP-JCSO,50,6.728867983903263,96.66666666666669,5.749790565159827,14.96,33.57310488516867,1.405398655264423
heavy,1066,1.0,QuantileMLP-RB,30,14.881687563508617,94.53960895481785,8.805945142839876,14.96,29.33738594119684,1.224720098111445
heavy,1066,1.0,QuantileMLP-RB,40,9.277995606816459,95.70133443162922,6.9400748685791545,14.96,31.196534499166475,1.3032452463816715
heavy,1066,1.0,QuantileMLP-RB,50,7.735917154127114,96.1713609486243,6.557644222471494,14.96,33.04157404415438,1.3811905660374062
heavy,1067,0.82,Diffusion-JCSO,30,22.823364245468714,90.29182637810285,14.96,21.64490893883412,35.71971311480283,1.1390171970830283
heavy,1067,0.82,Diffusion-JCSO,40,15.663020010065761,91.03140194402505,14.96,21.658096582240013,38.18776816256627,1.2183927753411876
heavy,1067,0.82,Diffusion-JCSO,50,14.051623493975017,91.30752158634583,14.96,22.6148419104689,40.5874237957159,1.2956387172387487
heavy,1067,0.82,Diffusion-RB,30,20.401608942904293,90.72106585367536,14.96,21.763299879533683,35.20307760813688,1.122187719759046
heavy,1067,0.82,Diffusion-RB,40,16.494472034308146,91.35706569073184,14.96,21.501763296077613,37.48786077911916,1.1956074481145573
heavy,1067,0.82,Diffusion-RB,50,14.636325041959449,91.66666666666666,14.96,22.29649395745615,39.73974767441734,1.268017990281616
heavy,1067,0.82,GAN-JCSO,30,24.80810361447508,89.83499810855939,14.96,21.10952137314729,35.599218381209035,1.1348879795129385
heavy,1067,0.82,GAN-JCSO,40,17.66964898818043,91.25,14.96,21.20293137667426,37.93553081136837,1.2099016195013672
heavy,1067,0.82,GAN-JCSO,50,14.860465460744617,91.35921921989362,14.96,21.30305853995788,40.21238774941434,1.283052287140844
heavy,1067,0.82,GAN-RB,30,17.820360750378676,91.18028605381018,14.96,21.288010647705,36.0615266484768,1.1499658169171632
heavy,1067,0.82,GAN-RB,40,15.260620104112402,91.45833333333331,14.96,21.642027872381703,38.425148192975456,1.2259168819087023
heavy,1067,0.82,GAN-RB,50,14.187647555305302,91.60933811117366,14.96,22.305062367211992,40.839707198278674,1.3037855620037184
heavy,1067,0.82,QuantileMLP-JCSO,30,23.548841783267072,90.05524450404354,14.96,21.525116326178065,35.62961310011551,1.135836553743095
heavy,1067,0.82,QuantileMLP-JCSO,40,16.986860212894648,91.00228360224051,14.96,21.583086101265653,38.02908194619477,1.2129019675202315
heavy,1067,0.82,QuantileMLP-JCSO,50,14.594805460109473,91.24836112474627,14.96,21.657967353295,40.34989665518982,1.2874726768081155
heavy,1067,0.82,QuantileMLP-RB,30,19.67713167573101,91.07963241847764,14.96,21.972087193514398,35.367443865957,1.1265586877791474
heavy,1067,0.82,QuantileMLP-RB,40,14.682172759649603,91.53779014342092,14.96,21.54214257020102,37.67724778954173,1.2006666009009022
heavy,1067,0.82,QuantileMLP-RB,50,13.457873946121897,91.75045938721144,14.96,21.59285980956378,39.9261325667222,1.27287939767007
heavy,1067,1.0,Diffusion-JCSO,30,30.76678123856226,86.22092917178001,14.96,19.915987865604464,30.211578086177976,1.1730669473593094
heavy,1067,1.0,Diffusion-JCSO,40,12.215467931580367,92.92936645584773,14.96,19.76349102640292,32.28522525271074,1.2543316884635598
heavy,1067,1.0,Diffusion-JCSO,50,10.82921187892943,93.23122739386862,14.96,19.74138233364657,34.31923686336882,1.3340291225769858
heavy,1067,1.0,Diffusion-RB,30,20.523600035827066,90.24213332139098,14.96,19.491433227966223,29.85635430416185,1.1590483076496998
heavy,1067,1.0,Diffusion-RB,40,12.015474886380906,93.07063521043388,14.96,19.38140522463509,31.87972455548521,1.2382358974278398
heavy,1067,1.0,Diffusion-RB,50,10.653819328961509,93.33333333333331,14.96,19.356603168831654,33.8041702211747,1.313630287465911
heavy,1067,1.0,GAN-JCSO,30,30.28246150528121,87.20831216460012,14.96,17.85157228640598,30.293222859244757,1.1763744455587293
heavy,1067,1.0,GAN-JCSO,40,15.595960985513132,92.54602251883972,14.96,18.03195417126329,32.31334524873056,1.2553338579170297
heavy,1067,1.0,GAN-JCSO,50,12.054179766496853,93.05051919585456,14.96,18.22480706523671,34.26772519297664,1.3317877484345682
heavy,1067,1.0,GAN-RB,30,20.506649436533692,89.70266114883793,14.96,19.37676386559872,30.639634941925678,1.190189875874034
heavy,1067,1.0,GAN-RB,40,12.775384675599764,92.72988459732007,14.96,19.513407290365016,32.66091164388728,1.2692566444857842
heavy,1067,1.0,GAN-RB,50,10.557955751467,93.48515103274654,14.96,19.68263283042924,34.629092193506565,1.346260547560325
heavy,1067,1.0,QuantileMLP-JCSO,30,33.14059532603126,84.43129294789266,14.96,17.847058281844543,30.284146329418256,1.175802903027912
heavy,1067,1.0,QuantileMLP-JCSO,40,16.104279323724903,91.2668413942835,14.96,17.868726183110546,32.30921255561708,1.2550337002752938
heavy,1067,1.0,QuantileMLP-JCSO,50,11.342914879848744,93.17116738139384,14.96,18.04746776063357,34.272254451714794,1.3318775144897932
heavy,1067,1.0,QuantileMLP-RB,30,18.24140600836139,91.38870745226508,14.96,18.84105782921927,30.09235362426002,1.1675095531651722
heavy,1067,1.0,QuantileMLP-RB,40,11.297249023926943,93.31758365869102,14.96,18.194115279450124,32.13969656559419,1.2475246217967644
heavy,1067,1.0,QuantileMLP-RB,50,9.848172615851547,93.75,14.96,18.088695316468243,34.028931200651094,1.3213956419126487
heavy,1068,0.82,Diffusion-JCSO,30,65.58108843212372,73.68187039975469,14.96,15.512785696292646,31.10334121912467,1.0032934556615776
heavy,1068,0.82,Diffusion-JCSO,40,38.137407616346245,86.59922359047088,14.96,15.163785558378175,33.287626599633185,1.0740700281622673
heavy,1068,0.82,Diffusion-JCSO,50,20.254150304989935,90.65883073409792,14.96,15.143429340437983,35.353546299294386,1.1409672003592102
heavy,1068,0.82,Diffusion-RB,30,74.99619983398294,63.21307931711962,14.96,17.274415564186295,29.27560243039889,0.9433693916835154
heavy,1068,0.82,Diffusion-RB,40,46.214222800812244,82.26546994939353,14.96,15.161246994552402,31.328930804649797,1.0098368451934192
heavy,1068,0.82,Diffusion-RB,50,28.802183366692407,88.9500938543819,14.96,15.15354055669426,33.208047671906805,1.0707288388633132
heavy,1068,0.82,GAN-JCSO,30,27.210582791885212,89.9816820076134,14.96,15.148687802791315,35.28470522449096,1.136149314070325
heavy,1068,0.82,GAN-JCSO,40,16.028495121966216,91.35614239837174,14.96,15.13575636761713,37.786707254842256,1.2173393860144948
heavy,1068,0.82,GAN-JCSO,50,12.982962122965969,91.80600541100486,14.96,15.127773325182094,40.1618664676933,1.2944588926548704
heavy,1068,0.82,GAN-RB,30,31.782853370998346,86.4883345613804,14.96,15.428347979739495,35.81987832159225,1.14865196432386
heavy,1068,0.82,GAN-RB,40,20.795979557728295,90.05361987486029,14.96,15.180338469099283,38.468048120869646,1.2341842125900309
heavy,1068,0.82,GAN-RB,50,15.271766921741088,91.18499410264269,14.96,15.166160372797869,40.87985903401817,1.312221812167493
heavy,1068,0.82,QuantileMLP-JCSO,30,21.4715918684286,90.4839013552619,14.96,15.145229147063317,35.08105987875851,1.1319068189985015
heavy,1068,0.82,QuantileMLP-JCSO,40,14.657793206957704,91.25,14.96,15.13282552168921,37.54212520502325,1.2119421371684584
heavy,1068,0.82,QuantileMLP-JCSO,50,12.928764472065431,91.66263406486706,14.96,15.126161836981483,39.846810245868134,1.2869218937876672
heavy,1068,0.82,QuantileMLP-RB,30,19.29419225619189,90.5629292390093,14.96,15.19429312583532,35.19044799456905,1.1334579146157788
heavy,1068,0.82,QuantileMLP-RB,40,14.70207180832502,91.39896409583747,14.96,15.145491467475154,37.62163279479632,1.2124319158027304
heavy,1068,0.82,QuantileMLP-RB,50,13.541666666666666,91.66666666666666,14.96,15.1425233531459,39.977057201890396,1.2889270782967757
heavy,1068,1.0,Diffusion-JCSO,30,81.8968015035401,52.869072917820276,14.96,27.029779837594546,26.60051238844558,1.0454437623810127
heavy,1068,1.0,Diffusion-JCSO,40,67.86559016993341,65.11746357839067,14.96,16.62684498078928,28.489132591271662,1.1200336285089527
heavy,1068,1.0,Diffusion-JCSO,50,40.59180461835499,78.71107069459784,14.96,15.49487748432973,30.15113201046045,1.185692633231593
heavy,1068,1.0,Diffusion-RB,30,93.55589204548627,35.10095454536995,14.96,34.124155216141574,25.28492186589104,0.993086855499606
heavy,1068,1.0,Diffusion-RB,40,80.4365146347597,53.69600279806975,14.96,21.05781023977153,26.96153477021487,1.0592361985563052
heavy,1068,1.0,Diffusion-RB,50,52.89112514434098,73.15604327588315,14.96,16.249637861938055,28.482198192221173,1.1191232082031652
heavy,1068,1.0,GAN-JCSO,30,40.76288126686637,81.01194865652087,14.96,15.282272131486504,29.701395654687474,1.1646985830758987
heavy,1068,1.0,GAN-JCSO,40,17.151851035345494,90.74556656905919,14.96,14.991108924503116,31.831934396884286,1.2488459833518957
heavy,1068,1.0,GAN-JCSO,50,11.218898245705576,92.86158596489922,14.96,14.982587776258688,33.88249126341184,1.3299245291552984
heavy,1068,1.0,GAN-RB,30,28.219920401513342,88.48284296367572,14.96,15.054504322875486,30.156018108878623,1.1779879610301385
heavy,1068,1.0,GAN-RB,40,18.189262403470234,91.30700652702832,14.96,15.036310896090301,32.45908990540039,1.2684502802857216
heavy,1068,1.0,GAN-RB,50,13.381048623348756,92.2399193366655,14.96,15.023135707926118,34.56197793917893,1.3511351832484062
heavy,1068,1.0,QuantileMLP-JCSO,30,38.86038045630042,80.3700134150245,14.96,15.350495931796262,29.580554017768026,1.1623019209393073
heavy,1068,1.0,QuantileMLP-JCSO,40,16.837946008807137,90.34326123432076,14.96,15.03503728843734,31.601841940939973,1.2422924547036056
heavy,1068,1.0,QuantileMLP-JCSO,50,11.16017725580201,92.73399697453277,14.96,14.976851475735138,33.641195478765106,1.3232238464140051
heavy,1068,1.0,QuantileMLP-RB,30,18.88237650869794,91.1721767899754,14.96,15.035277414414061,29.765729084471584,1.1677302892216026
heavy,1068,1.0,QuantileMLP-RB,40,12.470150307633933,92.45537908975818,14.96,14.993117610878985,31.821992738723708,1.248898485727979
heavy,1068,1.0,QuantileMLP-RB,50,11.97639278764741,92.55347027284296,14.96,14.981632712106073,33.76613113481517,1.3257854055113096
heavy,1069,0.82,Diffusion-JCSO,30,24.726530188128173,90.67486735707756,14.96,15.308340773245176,34.640657767728385,1.1788169899023058
heavy,1069,0.82,Diffusion-JCSO,40,15.889253534692878,92.70920316978678,14.96,15.30273066954247,37.137036769480595,1.2642795013155026
heavy,1069,0.82,Diffusion-JCSO,50,12.304646307172563,92.93879796405061,14.96,16.72533339519849,39.565070146939064,1.347462821848925
heavy,1069,0.82,Diffusion-RB,30,22.329498275380846,91.81964776755495,14.96,15.088794372097711,34.567953256755786,1.1763645220170478
heavy,1069,0.82,Diffusion-RB,40,13.993097385732856,93.17273782678338,14.96,15.132657322249,36.95788609988238,1.2580980364072019
heavy,1069,0.82,Diffusion-RB,50,11.075282214733429,93.5999059284222,14.96,15.190812802134053,39.292875207431216,1.337981206358389
heavy,1069,0.82,GAN-JCSO,30,25.146859216398504,89.82574354671434,14.96,15.307692703427092,34.93117616821833,1.1890390632860242
heavy,1069,0.82,GAN-JCSO,40,18.473271138754182,91.73596126589224,14.96,15.537819935932317,37.46448894050791,1.2757836652787207
heavy,1069,0.82,GAN-JCSO,50,15.170356715376819,92.40017331562055,14.96,16.715580583898227,39.94528165091891,1.360828240974085
heavy,1069,0.82,GAN-RB,30,24.995010388808556,89.39962655146414,14.96,16.979554612707833,35.10363717945483,1.1950418601522763
heavy,1069,0.82,GAN-RB,40,18.52558312043076,91.02065110819872,14.96,16.950393820787266,37.63170308037929,1.2816451273783716
heavy,1069,0.82,GAN-RB,50,14.35842261575467,92.19164434606135,14.96,16.925988509327695,40.126875663892925,1.367129645255001
heavy,1069,0.82,QuantileMLP-JCSO,30,23.04041553891278,90.64379654690826,14.96,16.13731949822368,34.92620329014876,1.1888875400702599
heavy,1069,0.82,QuantileMLP-JCSO,40,15.853731323208011,92.37692516206168,14.96,16.913330707059735,37.43886301890894,1.2749614055204108
heavy,1069,0.82,QuantileMLP-JCSO,50,11.72038509238784,93.0900597654594,14.96,16.891538757873377,39.947806062084,1.3610462841769029
heavy,1069,0.82,QuantileMLP-RB,30,20.51392111109382,91.42665893333748,14.96,16.794103726563183,35.17514389835298,1.1969734248634403
heavy,1069,0.82,QuantileMLP-RB,40,13.775562625654509,92.8021472054683,14.96,16.938724053916204,37.715065289822086,1.2839575963996805
heavy,1069,0.82,QuantileMLP-RB,50,11.401675971506588,93.125,14.96,16.915412862557844,40.232227499388046,1.3702284971102883
heavy,1069,1.0,Diffusion-JCSO,30,29.56214747721304,87.73481613249625,14.96,14.96,29.288706237297085,1.2138306165874715
heavy,1069,1.0,Diffusion-JCSO,40,10.813174059807368,95.30735388288775,9.90579398126184,14.96,31.391524192200578,1.3016556022262233
heavy,1069,1.0,Diffusion-JCSO,50,7.382446167741868,95.8921102494624,9.562729656866866,14.96,33.44351096138873,1.3873447102531442
heavy,1069,1.0,Diffusion-RB,30,19.33579716104958,93.03174083163864,10.892022127419498,14.96,29.25223291924562,1.212353654971605
heavy,1069,1.0,Diffusion-RB,40,8.517268809450606,95.83681874150706,8.846713123337976,14.96,31.28557992910758,1.2973061251038964
heavy,1069,1.0,Diffusion-RB,50,6.613775178815932,96.15905620529603,8.827423326779249,14.96,33.28307803939721,1.3807173128093582
heavy,1069,1.0,GAN-JCSO,30,27.651595770808303,88.73268942581419,14.772646585241882,14.96,29.49565906382107,1.222784475457223
heavy,1069,1.0,GAN-JCSO,40,14.656990851530646,93.8908865352976,9.996770506074789,14.96,31.630859088581115,1.3119405390919527
heavy,1069,1.0,GAN-JCSO,50,10.389010478431535,95.31299677586722,9.563352227087442,14.96,33.71136979309745,1.398836686684524
heavy,1069,1.0,GAN-RB,30,43.04521281437894,78.57652862490735,14.96,14.969076216144922,29.583109317052987,1.2265768495502596
heavy,1069,1.0,GAN-RB,40,16.50464425525248,92.52874166555394,11.604338191616712,14.96,31.68663450539195,1.3144254665418291
heavy,1069,1.0,GAN-RB,50,8.822345816319288,95.4710616734723,9.58195077437611,14.96,33.768437821920436,1.4013399461553318
heavy,1069,1.0,QuantileMLP-JCSO,30,25.175783578230643,89.33628644590769,13.136445045779123,14.96,29.497707985573804,1.2228848168741466
heavy,1069,1.0,QuantileMLP-JCSO,40,10.25446787816941,95.52957454568647,9.657240979738072,14.96,31.62225918681438,1.3116145973507696
heavy,1069,1.0,QuantileMLP-JCSO,50,6.631780649327629,96.25,9.563806324369054,14.96,33.68643369562957,1.3978231767302884
heavy,1069,1.0,QuantileMLP-RB,30,26.774998805262733,88.61772349268612,14.566736940192543,14.96,29.65264437508419,1.2289730100913654
heavy,1069,1.0,QuantileMLP-RB,40,8.092905275481344,96.0462516273122,9.593749159186865,14.96,31.776672766168648,1.3176260495306704
heavy,1069,1.0,QuantileMLP-RB,50,6.545543283077759,96.25,9.577289534981608,14.96,33.85554988520997,1.4044023579449267
heavy,1070,0.82,Diffusion-JCSO,30,29.929565498668786,86.90382772580342,14.96,33.81036932118673,35.099417548707684,1.150388721619158
heavy,1070,0.82,Diffusion-JCSO,40,23.407075048234326,88.56899753483304,14.96,33.78928112253756,37.54702497121094,1.2314115973906197
heavy,1070,0.82,Diffusion-JCSO,50,19.87961211299244,89.46688438418124,14.96,33.772338012985934,39.93975991030292,1.310662815334773
heavy,1070,0.82,Diffusion-RB,30,30.502827403551347,87.40757935905297,14.96,33.847265706139645,34.24058250778439,1.1212735147437907
heavy,1070,0.82,Diffusion-RB,40,23.169143710269463,88.70381699770512,14.96,33.82318154112915,36.58590554404978,1.1987918111229
heavy,1070,0.82,Diffusion-RB,50,20.220628282467334,89.20587434350654,14.96,33.80373932634307,38.828065223120454,1.2729332626108296
heavy,1070,0.82,GAN-JCSO,30,30.94536428132467,86.36151501130624,14.96,33.81014738521706,35.37576676507454,1.1606261251624237
heavy,1070,0.82,GAN-JCSO,40,23.64341028586531,88.29941879360044,14.96,33.78887230272896,37.84310241439774,1.2424109437778195
heavy,1070,0.82,GAN-JCSO,50,19.368434065488838,89.37631318690224,14.96,33.771943221114554,40.24515237315505,1.3220560282636569
heavy,1070,0.82,GAN-RB,30,27.160317208952463,87.18894305857141,14.96,33.841858941589,35.479142206402926,1.1654511414140116
heavy,1070,0.82,GAN-RB,40,22.53107919937897,88.39241804465145,14.96,33.81839984715866,37.933756687247815,1.2469047769944883
heavy,1070,0.82,GAN-RB,50,19.327805868823326,89.23967451366953,14.96,33.7990388418074,40.33468036791971,1.3265872790684996
heavy,1070,0.82,QuantileMLP-JCSO,30,29.571588746062556,86.62852337618123,14.96,33.80977537897658,35.29628037621823,1.1570825351886513
heavy,1070,0.82,QuantileMLP-JCSO,40,23.285771479281898,88.38451237081028,14.96,33.78883533888434,37.75328185889147,1.2384450449993571
heavy,1070,0.82,QuantileMLP-JCSO,50,19.7507862125138,89.23787060594844,14.96,33.77202471989363,40.14433893267623,1.3176625124964243
heavy,1070,0.82,QuantileMLP-RB,30,33.128530637018685,86.17653844316138,14.96,33.89996165417385,34.879734473139585,1.1374460792149335
heavy,1070,0.82,QuantileMLP-RB,40,25.275695505017783,88.42381504754378,14.96,33.86711088000412,37.28632832280002,1.2166599289200846
heavy,1070,0.82,QuantileMLP-RB,50,21.958231130422732,89.118072589374,14.96,33.8438458494617,39.580922598579896,1.2922574325357035
heavy,1070,1.0,Diffusion-JCSO,30,53.16006983525461,74.42837339184186,14.96,14.96,30.081939562863663,1.1999932050353583
heavy,1070,1.0,Diffusion-JCSO,40,25.256918305135894,89.83061350760644,14.96,14.96,32.02597259841356,1.2785555577759862
heavy,1070,1.0,Diffusion-JCSO,50,11.865088180242253,95.83333333333334,9.124360797644712,14.96,33.999100931079816,1.3581733407857832
heavy,1070,1.0,Diffusion-RB,30,43.61836863921094,82.2453329145535,14.96,14.96,29.28705350814572,1.167409565116033
heavy,1070,1.0,Diffusion-RB,40,15.320664612550793,94.7542229069275,9.039715278208131,14.96,31.169034019462956,1.2433297799774006
heavy,1070,1.0,Diffusion-RB,50,12.08024493233429,95.75061768019981,9.002077599423089,14.96,33.08585011124882,1.3205935734397858
heavy,1070,1.0,GAN-JCSO,30,50.66797192463891,76.32291489477518,14.96,14.96,30.274681474639078,1.2089300148452338
heavy,1070,1.0,GAN-JCSO,40,21.318060980179013,91.47186452813797,13.39367427039285,14.96,32.24519737086293,1.288613082579743
heavy,1070,1.0,GAN-JCSO,50,12.445268591443803,95.29602158062984,9.25538937158647,14.96,34.241024915355574,1.3692267400573188
heavy,1070,1.0,GAN-RB,30,53.3243101914683,75.1628515370402,14.96,14.96,30.289350199599546,1.2111529145940387
heavy,1070,1.0,GAN-RB,40,19.2839786559197,92.12009076380888,13.142983479514047,14.96,32.26792514843536,1.2912314427631202
heavy,1070,1.0,GAN-RB,50,12.149950120390114,95.36311305224163,9.288755265531298,14.96,34.25702697164667,1.3716520410310666
heavy,1070,1.0,QuantileMLP-JCSO,30,42.979363660991844,81.96463635180707,14.96,14.96,30.176161766186382,1.2040571761518204
heavy,1070,1.0,QuantileMLP-JCSO,40,17.402658323108845,93.66096896974807,10.693254958316311,14.96,32.16802896585532,1.284490373055466
heavy,1070,1.0,QuantileMLP-JCSO,50,11.430328649751344,95.78181086197581,9.116078965214285,14.96,34.17069465631139,1.3653012534732047
heavy,1070,1.0,QuantileMLP-RB,30,23.46403489077761,93.10929494375434,11.653899687669497,14.96,29.84859245725715,1.1850331809880337
heavy,1070,1.0,QuantileMLP-RB,40,16.36082584205184,95.18370536843291,9.609382875513415,14.96,31.84471996521945,1.2651034154269492
heavy,1070,1.0,QuantileMLP-RB,50,12.881382162777896,95.87393630620369,9.205123625336071,14.96,33.770261365773486,1.3423616184822464
heavy,1071,0.82,Diffusion-JCSO,30,26.548660489559055,85.6653950625044,14.96,30.04249994755807,34.475214203540695,1.1124497781952447
heavy,1071,0.82,Diffusion-JCSO,40,22.62966084753346,86.4510492816571,14.96,30.09478400644974,36.66476428663157,1.1838730500297339
heavy,1071,0.82,Diffusion-JCSO,50,20.15919851662247,87.0626208551384,14.96,29.40590222392471,38.790514547599564,1.25333003203846
heavy,1071,0.82,Diffusion-RB,30,25.032363939355548,85.87208288676842,14.96,30.072177860736236,34.35432066190125,1.1072658659661263
heavy,1071,0.82,Diffusion-RB,40,21.511067443267397,86.51668304210807,14.96,30.022965269601105,36.54921221336896,1.1788044300230123
heavy,1071,0.82,Diffusion-RB,50,19.729486888082548,87.08333333333333,14.96,30.012447739722987,38.6384924717097,1.247005191530587
heavy,1071,0.82,GAN-JCSO,30,34.602727379510085,84.17605111634185,14.96,31.216248647265516,34.160499329620315,1.1034397626869201
heavy,1071,0.82,GAN-JCSO,40,25.270636636140566,85.625,14.96,30.573830571332643,36.30876243794542,1.1735333945134105
heavy,1071,0.82,GAN-JCSO,50,21.870232808670966,86.25158906377635,14.96,29.94363809659269,38.39804813431774,1.2418330648522056
heavy,1071,0.82,GAN-RB,30,35.414236753040825,82.44882788427635,14.96,31.153127985104213,34.34718468565692,1.112589984753299
heavy,1071,0.82,GAN-RB,40,29.376030195698448,84.58298993476718,14.96,30.0238360610396,36.63356765994168,1.1875868337741433
heavy,1071,0.82,GAN-RB,50,24.712042350343655,85.82632123323515,14.96,29.981168575289914,38.87750698387999,1.2612524494797166
heavy,1071,0.82,QuantileMLP-JCSO,30,26.96430235280809,85.73129014007503,14.96,30.05732015062615,34.35647065865284,1.1092854386125233
heavy,1071,0.82,QuantileMLP-JCSO,40,22.54311591558367,86.39367589413631,14.96,29.702105630609786,36.532017017664124,1.180277208034408
heavy,1071,0.82,QuantileMLP-JCSO,50,20.53819140052684,86.8680567731226,14.96,28.977852844561,38.613681463305326,1.248264044703493
heavy,1071,0.82,QuantileMLP-RB,30,34.28736087525154,84.35370102201443,14.96,30.276813166610037,33.75867808134524,1.0879987597009249
heavy,1071,0.82,QuantileMLP-RB,40,25.685734685105587,86.28055026682449,14.96,30.1718715323068,35.864487586519715,1.1565801353599572
heavy,1071,0.82,QuantileMLP-RB,50,21.473284899673903,86.71130167781402,14.96,30.05095864018668,37.869553449506945,1.2219814602316623
heavy,1071,1.0,Diffusion-JCSO,30,38.85674910713738,79.65027662580268,14.96,16.698478836679165,29.59329961403166,1.1622937877960933
heavy,1071,1.0,Diffusion-JCSO,40,24.496260611788376,87.57872248502366,14.96,16.66644689127122,31.459961260972097,1.236633388840679
heavy,1071,1.0,Diffusion-JCSO,50,15.268806548094968,91.8944193119578,14.96,16.632419519384634,33.28006634991624,1.3089781908918476
heavy,1071,1.0,Diffusion-RB,30,43.713938211508335,78.09103492393007,14.96,19.840713708871466,29.3451440557053,1.1511156948762735
heavy,1071,1.0,Diffusion-RB,40,18.794604294232972,90.04008486720788,14.96,17.16410645961652,31.17493154584505,1.2239472039930142
heavy,1071,1.0,Diffusion-RB,50,14.562465763416169,92.08333333333331,14.96,17.295777502515033,33.06475033988821,1.299024099181141
heavy,1071,1.0,GAN-JCSO,30,44.48222375985632,78.9349200857656,14.96,18.755082836301114,29.416746417332167,1.1566308211033032
heavy,1071,1.0,GAN-JCSO,40,28.55720999898016,85.50367452878294,14.96,18.832791951144465,31.264717231918418,1.2302781265917255
heavy,1071,1.0,GAN-JCSO,50,18.294800370586735,90.22759981470661,14.96,16.640347256404997,33.03301583874808,1.3006211443400588
heavy,1071,1.0,GAN-RB,30,59.39074183018925,71.3005284779871,14.96,16.229550737840047,29.686939377788807,1.170759203424166
heavy,1071,1.0,GAN-RB,40,35.81609502562211,83.28771436539171,14.96,16.710456944933075,31.445482629645536,1.2410799790868527
heavy,1071,1.0,GAN-RB,50,21.487780778275322,89.17400238290158,14.96,16.678666419487435,33.1792856867689,1.310239763176817
heavy,1071,1.0,QuantileMLP-JCSO,30,38.3488420357652,79.36724564878406,14.96,16.677008037344663,29.568240901696676,1.162084477873951
heavy,1071,1.0,QuantileMLP-JCSO,40,25.030703618338094,86.56829458547324,14.96,16.641565054832597,31.399508277458605,1.2350084829294483
heavy,1071,1.0,QuantileMLP-JCSO,50,16.74722161445141,91.28539126164246,14.96,16.60844113052697,33.182526035069,1.3058993537475767
heavy,1071,1.0,QuantileMLP-RB,30,33.41661707627197,86.26895066448364,14.96,20.06582734290538,28.993372453040656,1.1373637705449755
heavy,1071,1.0,QuantileMLP-RB,40,23.49640818881176,90.1043056777952,14.96,16.168686882391473,30.796364083995925,1.2090753429767382
heavy,1071,1.0,QuantileMLP-RB,50,16.351575489481473,91.55403537587652,14.96,16.181412805825026,32.58321086959504,1.2800225249068402
heavy,1072,0.82,Diffusion-JCSO,30,23.441544976212374,89.9311131456002,14.96,16.76266461123479,34.31128981346191,1.1810094117054568
heavy,1072,0.82,Diffusion-JCSO,40,17.61335189444109,91.23450325294235,14.96,16.73591985875458,36.75922491143216,1.2659444242062154
heavy,1072,0.82,Diffusion-JCSO,50,14.125946875679146,92.28013087108863,14.96,16.71401399652579,39.1505299389013,1.3489199813241624
heavy,1072,0.82,Diffusion-RB,30,18.430973538912294,90.99067107684793,14.96,17.298867330447948,34.20583836921884,1.1766424539510758
heavy,1072,0.82,Diffusion-RB,40,14.19110466600086,91.93629844466636,14.96,17.269669284556272,36.62715426763212,1.2605790397286887
heavy,1072,0.82,Diffusion-RB,50,12.370127174425642,92.38829699778317,14.96,17.245671156998185,39.00717770974665,1.3430848111743272
heavy,1072,0.82,GAN-JCSO,30,24.270818242341285,89.4882279183316,14.96,16.756874727074276,34.43185841485755,1.1844462065442092
heavy,1072,0.82,GAN-JCSO,40,18.6687432621618,90.92381209060504,14.96,16.730877453981346,36.90154784235813,1.2700799461077874
heavy,1072,0.82,GAN-JCSO,50,14.273960869976694,92.27633892333665,14.96,16.70917752782778,39.3114061203711,1.3536440704065376
heavy,1072,0.82,GAN-RB,30,21.523612251829285,90.43150767577234,14.96,17.306797624973957,34.759364602013214,1.1924466325720728
heavy,1072,0.82,GAN-RB,40,13.812094000792218,92.19720907674025,14.96,17.272917386705195,37.277048904393006,1.2794466331052963
heavy,1072,0.82,GAN-RB,50,11.793544038776018,92.853227980612,14.96,16.845961742246303,39.7399388425841,1.364544900552656
heavy,1072,0.82,QuantileMLP-JCSO,30,22.133689256402352,90.18262386094825,14.96,16.48779086864299,34.323789079957294,1.1831454497528286
heavy,1072,0.82,QuantileMLP-JCSO,40,16.821475819821025,91.31546437837807,14.96,16.449306778445482,36.741219854252755,1.2671213214648158
heavy,1072,0.82,QuantileMLP-JCSO,50,14.642780797493087,91.66666666666666,14.96,16.639047362369972,39.092073471138036,1.3488005943709969
heavy,1072,0.82,QuantileMLP-RB,30,21.025581509179588,90.24394917541593,14.96,16.987382949471684,34.46211203854283,1.1899050527904027
heavy,1072,0.82,QuantileMLP-RB,40,16.976567648356763,90.57334983638499,14.96,16.98115056383088,36.86637906787142,1.2735946805029714
heavy,1072,0.82,QuantileMLP-RB,50,15.576556856251461,91.07822174924188,14.96,17.05097818786457,39.25024699995449,1.3566006864563354
heavy,1072,1.0,Diffusion-JCSO,30,28.6449764879713,86.35265393088308,14.96,16.32160576124062,29.003482607022157,1.215586035555512
heavy,1072,1.0,Diffusion-JCSO,40,15.992290511552973,92.80421787307026,14.96,16.25675738220012,31.0196732577294,1.300845178895361
heavy,1072,1.0,Diffusion-JCSO,50,10.2375720731705,95.05150204730232,14.96,16.18806635257267,32.99954793233742,1.3845855164739698
heavy,1072,1.0,Diffusion-RB,30,16.339100108006573,92.77536142120609,14.96,16.259936135897643,28.92810280063696,1.211847347261878
heavy,1072,1.0,Diffusion-RB,40,10.549747557773436,94.74730636963108,14.96,16.229456878222678,30.923425633555656,1.296074955102931
heavy,1072,1.0,Diffusion-RB,50,8.78520512202004,95.16851282228,14.96,16.205885861328706,32.86409678011947,1.378073847506155
heavy,1072,1.0,GAN-JCSO,30,28.888733166015072,86.22387681795429,14.96,16.305466426788932,29.09699397109623,1.218795666201896
heavy,1072,1.0,GAN-JCSO,40,16.272082253455295,92.75713147689314,14.96,16.242571055682205,31.141260371646172,1.3051699274988777
heavy,1072,1.0,GAN-JCSO,50,10.28861327715639,95.0480552461205,14.96,16.173450011721894,33.13971218015565,1.3896220339577343
heavy,1072,1.0,GAN-RB,30,17.242012532116345,93.39783020030426,14.96,16.263073491675733,29.295767236501998,1.2240851541334616
heavy,1072,1.0,GAN-RB,40,10.02149936352625,95.06586121719005,14.96,16.215544931795982,31.433729149437557,1.3139823677526459
heavy,1072,1.0,GAN-RB,50,8.546113006498404,95.41518455338944,14.96,16.192157710762412,33.452611072558994,1.3989837624233987
heavy,1072,1.0,QuantileMLP-JCSO,30,32.94711136181258,85.03395796248384,14.96,15.177945858771471,29.010813666691156,1.2176468222882608
heavy,1072,1.0,QuantileMLP-JCSO,40,14.082827193218607,93.50925523933508,13.554405740286994,15.171879438828217,31.03286229747738,1.3032865830344427
heavy,1072,1.0,QuantileMLP-JCSO,50,10.748952329032676,94.58333333333331,12.975134151210204,15.167246219598693,33.0161599606702,1.3872910560215632
heavy,1072,1.0,QuantileMLP-RB,30,36.7258480506885,82.72433451392527,14.96,15.17761462353678,29.10343906371405,1.2237362043788191
heavy,1072,1.0,QuantileMLP-RB,40,15.927729996981597,92.18346546799476,14.96,15.171477489320816,31.141411030268994,1.3101663259858873
heavy,1072,1.0,QuantileMLP-RB,50,11.337321626628615,94.38112546910473,12.984445704360047,15.166958017953515,33.130472586193584,1.3945024829304238
heavy,1073,0.82,Diffusion-JCSO,30,14.536480468071689,95.2771139100057,6.213369813208509,14.96,34.85560792816195,1.2371455155848823
heavy,1073,0.82,Diffusion-JCSO,40,9.790072599866724,96.10601447181539,5.660674895208022,14.96,37.35080728547141,1.326384916714057
heavy,1073,0.82,Diffusion-JCSO,50,7.273799496675494,96.53373350110816,5.276413732243549,14.96,39.77274453946477,1.4130617213884613
heavy,1073,0.82,Diffusion-RB,30,14.416159446330411,94.74860707763048,7.343760095153396,14.96,34.99029740601738,1.2435909813131887
heavy,1073,0.82,Diffusion-RB,40,8.821872352444311,96.15659810474081,5.674979711287111,14.96,37.47184641924377,1.332437188418781
heavy,1073,0.82,Diffusion-RB,50,6.593455996721356,96.841219334153,5.206705838838337,14.96,39.92586964249253,1.4203946303875548
heavy,1073,0.82,GAN-JCSO,30,16.552997881152713,94.78626235880058,7.306737950835559,14.96,34.96173754711317,1.238641908378366
heavy,1073,0.82,GAN-JCSO,40,9.856688207916964,96.53179396844993,5.592851592864964,14.96,37.47701479829714,1.3284161567068398
heavy,1073,0.82,GAN-JCSO,50,7.178018774239752,96.875,5.184986211941207,14.96,39.916577708038666,1.415541702006056
heavy,1073,0.82,GAN-RB,30,13.328675365965974,95.32194604124125,7.893429900564647,14.96,35.14124592081928,1.242450894007281
heavy,1073,0.82,GAN-RB,40,9.704532757670101,96.48737796966554,6.0736688701550285,14.96,37.65771157285276,1.3320239197897965
heavy,1073,0.82,GAN-RB,50,6.530873401744969,97.29166666666669,5.157508329519899,14.96,40.08958170181307,1.4186156609655416
heavy,1073,0.82,QuantileMLP-JCSO,30,14.559952648344542,95.38109884967734,6.211479003282227,14.96,34.865810301498314,1.2374082070476444
heavy,1073,0.82,QuantileMLP-JCSO,40,9.425323501242536,96.13007843570628,5.665990917173422,14.96,37.35607255012029,1.3264945512386082
heavy,1073,0.82,QuantileMLP-JCSO,50,7.025912960166177,96.54691790216683,5.343790331890524,14.96,39.785718379202095,1.4134228543635965
heavy,1073,0.82,QuantileMLP-RB,30,10.410546503345424,96.21208503062273,5.731573820904237,14.96,35.034618376702774,1.2448999286387052
heavy,1073,0.82,QuantileMLP-RB,40,7.625587097556173,96.5762910392962,5.678498545085312,14.96,37.48307577232305,1.3325247241885705
heavy,1073,0.82,QuantileMLP-RB,50,6.812342498459295,96.48966208410367,5.56670782450494,14.96,39.92700425076678,1.42009227345622
heavy,1073,1.0,Diffusion-JCSO,30,15.20137952822881,94.79435846219098,6.288602754527619,12.92695343322055,29.41581009937673,1.271437447467934
heavy,1073,1.0,Diffusion-JCSO,40,7.608071363508785,97.608869065692,4.8362992209703135,8.8,31.489865854382938,1.3617675060972345
heavy,1073,1.0,Diffusion-JCSO,50,4.669679124917628,98.44344029169413,4.323439133109749,8.004194975017302,33.519775771925765,1.4502376728457533
heavy,1073,1.0,Diffusion-RB,30,10.640052324727526,96.8695264273718,5.369475811479196,8.8,29.50398407241737,1.2771145046054344
heavy,1073,1.0,Diffusion-RB,40,5.946544438354959,98.15670740943723,4.607138754469897,8.232631838372164,31.58900782405372,1.3679516434942203
heavy,1073,1.0,Diffusion-RB,50,3.9484215307347754,98.75,4.257194447375092,7.309382171300604,33.61178536318457,1.4562340144366601
heavy,1073,1.0,GAN-JCSO,30,13.571018756450375,96.52042533539715,5.73591332104694,8.811381764832813,29.4697713466685,1.271527950611014
heavy,1073,1.0,GAN-JCSO,40,6.740621979796287,98.55510446868706,4.651327520594987,7.32787305615573,31.598265257535346,1.3639810291469232
heavy,1073,1.0,GAN-JCSO,50,4.508069548298128,98.75,4.325757559546421,7.306176884977897,33.647936113015646,1.4531175947766592
heavy,1073,1.0,GAN-RB,30,8.883391780648022,98.09458377659593,5.26789379844498,8.405886219143959,29.673583069229405,1.2782447071036291
heavy,1073,1.0,GAN-RB,40,6.110137196125409,98.55307842157647,4.843487866386366,8.76078958995073,31.784476779708907,1.3694946576549112
heavy,1073,1.0,GAN-RB,50,3.8641846176261083,99.16666666666669,4.288951758997557,6.604889388176636,33.78757793392379,1.4563045858750578
heavy,1073,1.0,QuantileMLP-JCSO,30,15.497893212522843,94.48899814701403,5.987946742175839,14.430516821616083,29.4104772757251,1.2711346418842548
heavy,1073,1.0,QuantileMLP-JCSO,40,6.491040816826514,98.07189115638565,4.590848989187472,8.245154137067875,31.494562479578175,1.3618863325923283
heavy,1073,1.0,QuantileMLP-JCSO,50,4.420367059680646,98.45709986899534,4.354070359580122,7.300905920856868,33.52926667311176,1.4505479078793486
heavy,1073,1.0,QuantileMLP-RB,30,10.319248889038505,96.23444833327724,5.253612305057763,8.8,29.522844998241972,1.2776868218156725
heavy,1073,1.0,QuantileMLP-RB,40,4.875148012175565,98.23606177371924,4.4435377277061985,7.66408907898805,31.624864086418565,1.3692820767036464
heavy,1073,1.0,QuantileMLP-RB,50,4.221845163101841,98.4099107517824,4.26048606252904,6.8128949482409915,33.64966373508254,1.4576110386332684
heavy,1074,0.82,Diffusion-JCSO,30,15.907666079585777,94.54771063446226,8.569793001157766,14.96,33.867408910267685,1.2330043092314265
heavy,1074,0.82,Diffusion-JCSO,40,11.682885618203585,95.65244491168521,7.1468447443115295,14.96,36.399987395028425,1.3256011396053626
heavy,1074,0.82,Diffusion-JCSO,50,8.570044971593486,96.09713643262951,6.788990277988432,14.96,38.859281674824885,1.415551272363361
heavy,1074,0.82,Diffusion-RB,30,16.3132339973229,94.28869315626943,8.642811481431082,14.96,33.552257318241736,1.2201942209871672
heavy,1074,0.82,Diffusion-RB,40,10.917766852908828,95.87486247671974,7.193700852171746,14.96,35.96010307664149,1.308062209582932
heavy,1074,0.82,Diffusion-RB,50,7.2703580246914115,96.57315432098763,6.799107124937239,14.96,38.38029133218679,1.3964386575978849
heavy,1074,0.82,GAN-JCSO,30,17.34719620887191,94.34829560085795,8.69591117505749,14.96,34.05321394685403,1.2388949517811136
heavy,1074,0.82,GAN-JCSO,40,11.786042234719968,95.60341419405928,7.439543337551345,14.96,36.63439676296548,1.333190229812757
heavy,1074,0.82,GAN-JCSO,50,8.322409909396464,96.35598723732281,6.638976818353431,14.96,39.1513569709003,1.4251796387517288
heavy,1074,0.82,GAN-RB,30,12.439645344446319,95.13629180634867,7.197176178825385,14.96,34.20569654676802,1.2421767273711941
heavy,1074,0.82,GAN-RB,40,9.386316746302708,96.00867140581828,6.856087328515116,14.96,36.742591887649645,1.334619567782569
heavy,1074,0.82,GAN-RB,50,7.329297692929541,96.65412299124571,6.741157563701,14.96,39.224321090991346,1.4250952604604585
heavy,1074,0.82,QuantileMLP-JCSO,30,16.71977534815023,93.66300456515737,8.8,14.96,33.97004256748651,1.238249551718984
heavy,1074,0.82,QuantileMLP-JCSO,40,11.62388211873499,95.47792682861314,8.08661955046149,14.96,36.49938274221404,1.330845843199401
heavy,1074,0.82,QuantileMLP-JCSO,50,8.59512020028675,95.90597595994267,7.021797333509674,14.96,38.972150525581796,1.421419813204291
heavy,1074,0.82,QuantileMLP-RB,30,16.088337567311534,94.46043349400662,8.8,14.96,33.91486175911475,1.234897971100472
heavy,1074,0.82,QuantileMLP-RB,40,11.015012513380658,95.51692115178761,8.73770669213196,14.96,36.384010101650624,1.3250773863763874
heavy,1074,0.82,QuantileMLP-RB,50,7.426795365821236,96.39025623061048,7.393972159355611,14.96,38.70108365208306,1.409813574428706
heavy,1074,1.0,Diffusion-JCSO,30,34.191173116927416,83.40620216096781,14.96,14.96,28.27458007935208,1.254407183525408
heavy,1074,1.0,Diffusion-JCSO,40,15.40621945719391,93.44644020678327,8.451879368478917,14.96,30.39625029780904,1.3488425901942656
heavy,1074,1.0,Diffusion-JCSO,50,6.9377941663472065,96.59888479174651,5.020539037915734,14.96,32.43968618946149,1.4398784302591583
heavy,1074,1.0,Diffusion-RB,30,22.01817729291927,90.49533532444886,11.156179549293828,14.96,28.082015279360874,1.2445693340084374
heavy,1074,1.0,Diffusion-RB,40,10.685775850847737,95.4163295786179,5.987187865968024,14.96,30.137000332956575,1.335927544464903
heavy,1074,1.0,Diffusion-RB,50,5.421754121322842,97.03861419387297,4.93663183901713,14.96,32.13853397033258,1.4249898921629371
heavy,1074,1.0,GAN-JCSO,30,36.4162741798057,83.27760041379173,13.33942698151797,14.96,28.344838645068187,1.256609733129405
heavy,1074,1.0,GAN-JCSO,40,13.998753753640184,94.05109967114565,6.907561321281346,14.96,30.516081185883845,1.3531825308284027
heavy,1074,1.0,GAN-JCSO,50,7.0514546408179255,96.6078484530607,4.888942100526877,14.96,32.62010920554632,1.4468391042082343
heavy,1074,1.0,GAN-RB,30,25.00063678828783,88.54459748607088,14.29690505470915,14.96,28.45544975194889,1.2594991529040134
heavy,1074,1.0,GAN-RB,40,10.047278926090204,95.08904761226903,7.2204901464982845,14.96,30.64007080100121,1.3564397925833993
heavy,1074,1.0,GAN-RB,50,5.483461265632865,97.11036869205437,4.904165071515848,14.96,32.770645531085215,1.4510150727809832
heavy,1074,1.0,QuantileMLP-JCSO,30,34.715096210594616,82.78328335380365,14.96,14.96,28.313909631886062,1.2577596687933963
heavy,1074,1.0,QuantileMLP-JCSO,40,11.68121674926234,94.91201064023603,5.971143783961037,14.96,30.430743389377703,1.3521008321943209
heavy,1074,1.0,QuantileMLP-JCSO,50,7.066896797733289,96.33662064045333,5.530121925323241,14.96,32.50229325138619,1.444448603987908
heavy,1074,1.0,QuantileMLP-RB,30,13.057604247834892,95.21685686288367,6.958360334561521,14.96,28.242493712801075,1.253337986564765
heavy,1074,1.0,QuantileMLP-RB,40,8.580660623857293,96.10677844920106,5.733308681656174,14.96,30.359370426675014,1.3475484449859387
heavy,1074,1.0,QuantileMLP-RB,50,5.593289174042735,96.8675918154996,5.225254890312896,14.96,32.417150824024944,1.4391408438954318
heavy,1075,0.82,Diffusion-JCSO,30,20.011045868700148,93.33136085677971,8.8,14.96,35.4820256664359,1.2291104756587994
heavy,1075,0.82,Diffusion-JCSO,40,13.048773196415262,94.7586400342295,8.8,14.96,38.10426696818339,1.3204070415560532
heavy,1075,0.82,Diffusion-JCSO,50,10.81692718167843,95.42486974249411,8.72137460460357,14.96,40.65525165693903,1.4092723071802475
heavy,1075,0.82,Diffusion-RB,30,22.91109746701532,92.2929042665892,8.8,14.96,35.253936584370386,1.2215776811600967
heavy,1075,0.82,Diffusion-RB,40,13.301221008616642,94.52245217548,8.8,14.96,37.744261518056184,1.3082564488476764
heavy,1075,0.82,Diffusion-RB,50,10.156335593121,95.54683220343952,8.420488893307226,14.96,40.20049464133917,1.3938743186991986
heavy,1075,0.82,GAN-JCSO,30,25.090712879264256,90.38969797283137,8.8,14.96,35.624945948599894,1.238409299548241
heavy,1075,0.82,GAN-JCSO,40,17.215528477356145,92.81784552355049,8.8,14.96,38.24121117551012,1.3298501659106692
heavy,1075,0.82,GAN-JCSO,50,14.115692675993868,93.83226380008095,8.8,14.96,40.828532234073656,1.4204749016844826
heavy,1075,0.82,GAN-RB,30,33.50580096443157,87.53038251959225,13.710432028799122,14.96,35.500555313974935,1.2401483264104718
heavy,1075,0.82,GAN-RB,40,19.968165010939746,92.16777317883461,10.34333540881729,14.96,38.30903232066446,1.3386999452180144
heavy,1075,0.82,GAN-RB,50,13.541392343283507,94.26286271641793,9.750908276523777,14.96,40.96837588092318,1.432057102442859
heavy,1075,0.82,QuantileMLP-JCSO,30,20.4343033314279,93.00895863662346,8.8,14.96,35.55525161919673,1.2321095084112776
heavy,1075,0.82,QuantileMLP-JCSO,40,12.960290295538258,94.65794194089233,8.8,14.96,38.16833296386009,1.323101624813931
heavy,1075,0.82,QuantileMLP-JCSO,50,10.8373727798662,95.16505088805353,8.8,14.96,40.70046746611008,1.4113561468918536
heavy,1075,0.82,QuantileMLP-RB,30,15.543937053588632,94.65057742346774,8.8,14.96,35.769772459593206,1.2397362125683553
heavy,1075,0.82,QuantileMLP-RB,40,10.835678433726578,95.17322026104556,8.8,14.96,38.40079437821152,1.3314069717403065
heavy,1075,0.82,QuantileMLP-RB,50,10.322889632066198,95.20833333333331,8.8,14.96,40.9533777929244,1.4203939477693892
heavy,1075,1.0,Diffusion-JCSO,30,22.78879832685267,91.66285186121767,8.289799893542115,14.96,29.907854023458647,1.2619099690597337
heavy,1075,1.0,Diffusion-JCSO,40,9.919211723460648,96.32398197728239,5.16763458679182,11.723750063979557,32.113572398311845,1.3555523099710975
heavy,1075,1.0,Diffusion-JCSO,50,5.629037776998769,98.04005155586715,4.421041153845761,7.250752391620016,34.27642698884843,1.447367438133078
heavy,1075,1.0,Diffusion-RB,30,15.68824601514576,95.0225464205707,5.66958744379405,8.8,29.726850234448463,1.2546751817156168
heavy,1075,1.0,Diffusion-RB,40,7.991833425348915,97.06020509989263,4.846915831202976,8.8,31.8718526970408,1.3457294419649708
heavy,1075,1.0,Diffusion-RB,50,5.5182845760873835,97.97002437862297,4.353388609487356,8.8,33.982891411571,1.4353864602838018
heavy,1075,1.0,GAN-JCSO,30,18.523193008406334,93.39445716394698,8.157849571655273,8.8,30.018951306534817,1.2712578448966094
heavy,1075,1.0,GAN-JCSO,40,11.769699873210747,95.5211424588213,5.720000000000001,8.8,32.23694245443998,1.3656976657519886
heavy,1075,1.0,GAN-JCSO,50,7.768066492529353,96.94436303068305,4.9249224617949245,8.8,34.3790580383663,1.456881185503716
heavy,1075,1.0,GAN-RB,30,28.417624229881365,89.98791770841045,8.8,14.96,29.772898914855205,1.2678294903509488
heavy,1075,1.0,GAN-RB,40,13.020153751187431,95.31674165022997,6.558415919420929,14.67863560888218,32.17943596516548,1.3705509947415637
heavy,1075,1.0,GAN-RB,50,6.6814201085849545,97.36839023135217,5.4329777948930555,9.503600634756424,34.45606656639852,1.4676998865687327
heavy,1075,1.0,QuantileMLP-JCSO,30,19.431781517789876,92.85018138626731,8.476432399089012,14.312864798178023,29.99574936427199,1.266105477544151
heavy,1075,1.0,QuantileMLP-JCSO,40,9.026095551736155,96.53440154722222,5.295976745163831,8.8,32.19345509026828,1.3594311164972492
heavy,1075,1.0,QuantileMLP-JCSO,50,5.5516166918943055,97.77935332324228,4.557484404223992,8.8,34.348035964782504,1.450940424476398
heavy,1075,1.0,QuantileMLP-RB,30,17.872318878493054,92.71855930725411,7.588209530502397,14.96,30.111148298972406,1.271303646546783
heavy,1075,1.0,QuantileMLP-RB,40,5.384709179529102,97.70833333333331,4.852417793265813,8.8,32.30836870418334,1.3645838425345223
heavy,1075,1.0,QuantileMLP-RB,50,5.043445025572268,97.70833333333331,4.77688437566374,8.8,34.46249733372039,1.4560679944164892
heavy,1076,0.82,Diffusion-JCSO,30,24.216568644954748,88.27884737347702,14.96,22.99633369933264,35.98853699000517,1.1493618767310623
heavy,1076,0.82,Diffusion-JCSO,40,19.0607943160609,88.95833333333333,14.96,22.97293008683975,38.433530611391035,1.228222768407533
heavy,1076,0.82,Diffusion-JCSO,50,16.97621254203454,89.93674216122841,14.96,22.874002624121044,40.79213743050384,1.3043045916988427
heavy,1076,0.82,Diffusion-RB,30,24.761774669097342,88.00797119935181,14.96,23.039048770754746,35.57293252847296,1.135769385185784
heavy,1076,0.82,Diffusion-RB,40,20.78289567015957,88.78234637456339,14.96,23.012529192204894,37.974343366006124,1.2131930599063958
heavy,1076,0.82,Diffusion-RB,50,18.418135855642888,89.36841796662924,14.96,22.94503499248013,40.313252343229664,1.288598557500628
heavy,1076,0.82,GAN-JCSO,30,23.127131527763066,88.90992848290826,14.96,22.702084538776834,35.84202793112558,1.1453873042913831
heavy,1076,0.82,GAN-JCSO,40,18.47745439276363,89.19877280361818,14.96,22.702129129925403,38.18523098879379,1.2209581237987497
heavy,1076,0.82,GAN-JCSO,50,16.360941809523478,90.20833333333331,14.96,22.626920211413346,40.44312534530776,1.2938549492715299
heavy,1076,0.82,GAN-RB,30,24.95015863815904,87.64040820269375,14.96,23.210921392508716,36.358943520978315,1.1646961017982176
heavy,1076,0.82,GAN-RB,40,19.181959800601454,89.5354133760616,14.96,23.101971450719766,38.86957728790724,1.2459310227712284
heavy,1076,0.82,GAN-RB,50,18.00976303599724,89.6372617162227,14.96,23.01739379166072,41.29673244098057,1.3244990251286162
heavy,1076,0.82,QuantileMLP-JCSO,30,24.57589307212935,88.2742895129212,14.96,22.71453163414432,36.06277722372033,1.1530330028956197
heavy,1076,0.82,QuantileMLP-JCSO,40,19.24368875844558,89.09663932627342,14.96,22.701574359803708,38.47576617525703,1.2308827968074594
heavy,1076,0.82,QuantileMLP-JCSO,50,16.9349710786717,89.69105251216479,14.96,22.628624044853716,40.79857476799067,1.305895668276269
heavy,1076,0.82,QuantileMLP-RB,30,22.095182834999,88.78022828179503,14.96,22.517583520325093,36.2132059061201,1.157698350487398
heavy,1076,0.82,QuantileMLP-RB,40,18.62863538109438,89.28600391069654,14.96,22.523995029722737,38.63351948273446,1.2357136849694876
heavy,1076,0.82,QuantileMLP-RB,50,16.86480981970432,89.80185684696235,14.96,22.558508234418124,40.960485832116944,1.3107560648585355
heavy,1076,1.0,Diffusion-JCSO,30,46.47158479310434,77.88852776159526,14.96,15.788543727355009,30.550671784226815,1.1877927606565553
heavy,1076,1.0,Diffusion-JCSO,40,25.838151356977917,87.38559680959993,14.96,15.569460703186202,32.60287227917257,1.2684268863699324
heavy,1076,1.0,Diffusion-JCSO,50,15.285548212349562,92.76660820191873,14.96,15.522080656533097,34.61598204629049,1.3475876865250431
heavy,1076,1.0,Diffusion-RB,30,37.46231863838644,81.70987426821958,14.96,16.57470477241474,30.337335774362302,1.1793823281143723
heavy,1076,1.0,Diffusion-RB,40,19.125355564536296,90.52478666127823,14.96,15.718835634280172,32.32350915333181,1.2573268522393926
heavy,1076,1.0,Diffusion-RB,50,14.997696511770584,92.72831976737702,14.96,15.542643444767197,34.183282517913945,1.3304420779102715
heavy,1076,1.0,GAN-JCSO,30,38.91277177835745,81.55062965926446,14.96,16.162650481107644,30.5552473600014,1.1889843822099744
heavy,1076,1.0,GAN-JCSO,40,18.68938590801085,90.50657020768274,14.96,15.56231816730174,32.55602985145955,1.2675462382228608
heavy,1076,1.0,GAN-JCSO,50,13.177790187297205,93.54166666666669,14.96,15.519757430102255,34.50542859748379,1.344158604704285
heavy,1076,1.0,GAN-RB,30,40.72671991892569,81.15077521714444,14.96,15.043288915173083,30.80898100990513,1.2021994167645798
heavy,1076,1.0,GAN-RB,40,22.56524755451244,89.47390097819503,14.96,14.988149226948842,32.9701581932099,1.2872277867445066
heavy,1076,1.0,GAN-RB,50,15.214690903314857,92.8724569720074,14.96,14.96,35.03757837236074,1.368452770741176
heavy,1076,1.0,QuantileMLP-JCSO,30,45.48037398455469,78.67845394232293,14.96,15.91426692216745,30.64735257200526,1.1930086037121996
heavy,1076,1.0,QuantileMLP-JCSO,40,19.202310503384687,90.74913972551792,14.96,15.564461813157692,32.69657429481972,1.2736063017856363
heavy,1076,1.0,QuantileMLP-JCSO,50,13.586681070278951,93.1099951987959,14.96,15.523716285865321,34.701980814142296,1.352498965247129
heavy,1076,1.0,QuantileMLP-RB,30,21.976165871290775,89.86200023566694,14.96,16.95653109474947,30.763918294939298,1.1977075857113544
heavy,1076,1.0,QuantileMLP-RB,40,15.380187768849394,92.42629470634911,14.96,15.672844984401582,32.85033449296123,1.2796199070029912
heavy,1076,1.0,QuantileMLP-RB,50,13.851269363390264,93.19637597996206,14.96,15.560689902480677,34.796238437027235,1.3560708068587708
heavy,1077,0.82,Diffusion-JCSO,30,,,,,,
heavy,1077,0.82,Diffusion-JCSO,40,,,,,,
heavy,1077,0.82,Diffusion-JCSO,50,91.28114258335545,49.14830593288854,14.96,26.984912494944364,31.65106584682133,0.9801982192730063
heavy,1077,0.82,Diffusion-RB,30,,,,,,
heavy,1077,0.82,Diffusion-RB,40,99.68433527019273,12.348631803197854,20.84388697748691,58.102206899646134,26.690951501881703,0.825742786999671
heavy,1077,0.82,Diffusion-RB,50,98.63559429899273,26.49377279835094,16.735197032007786,39.796957621606474,29.00154215526114,0.897758631677238
heavy,1077,0.82,GAN-JCSO,30,23.89334549801541,88.4331467965168,14.96,24.93985135003846,36.848394240549965,1.141857871746992
heavy,1077,0.82,GAN-JCSO,40,17.958716944337862,89.30346182542728,14.96,24.78066030850425,39.19431119634459,1.215513094372979
heavy,1077,0.82,GAN-JCSO,50,15.18968383630183,90.18928522805349,14.96,24.49349186400528,41.42653751976121,1.2856116299155071
heavy,1077,0.82,GAN-RB,30,22.53747377901843,88.23004018492671,14.96,25.06203795795984,37.72335305485548,1.169384395743436
heavy,1077,0.82,GAN-RB,40,18.019807110854842,89.50041048899139,14.96,25.00868643086981,40.15877751435974,1.245669514831948
heavy,1077,0.82,GAN-RB,50,17.11748139118727,89.79166666666667,14.96,24.968918925086616,42.56265969737852,1.3210152629119518
heavy,1077,0.82,QuantileMLP-JCSO,30,24.937692620954127,88.11148561591006,14.96,24.912684589442208,36.866601287962126,1.1429284874974959
heavy,1077,0.82,QuantileMLP-JCSO,40,19.004757349772753,89.27750722460924,14.96,24.656157833600748,39.17228717432701,1.2152789164656472
heavy,1077,0.82,QuantileMLP-JCSO,50,14.970784084280737,90.22294129119295,14.96,24.473415827193865,41.345030817382266,1.283512423385434
heavy,1077,0.82,QuantileMLP-RB,30,20.25813726218714,89.16472922328877,14.96,24.985179879328708,37.00577104668753,1.147501200816589
heavy,1077,0.82,QuantileMLP-RB,40,16.722657095634208,89.86380191420649,14.96,24.95005432422277,39.263569691285994,1.2183186473477037
heavy,1077,0.82,QuantileMLP-RB,50,15.150733471069548,90.35637327823886,14.96,24.742493360084833,41.43563801632114,1.2865552347174853
heavy,1077,1.0,Diffusion-JCSO,30,,,,,,
heavy,1077,1.0,Diffusion-JCSO,40,,,,,,
heavy,1077,1.0,Diffusion-JCSO,50,91.40410711814664,40.174498338150535,14.96,28.581154544776467,27.664775963456645,1.0435256124252152
heavy,1077,1.0,Diffusion-RB,30,,,,,,
heavy,1077,1.0,Diffusion-RB,40,99.1350102080838,10.903918777008526,18.303235359174266,66.21425251114371,23.185112285942758,0.8734930364863391
heavy,1077,1.0,Diffusion-RB,50,97.6072658625289,21.503615278617374,16.009247736026484,42.532292824851794,25.35805815403151,0.9561301747148359
heavy,1077,1.0,GAN-JCSO,30,38.082034048996526,81.63705931646567,14.96,16.402686451982117,31.464297058881677,1.1865387180427482
heavy,1077,1.0,GAN-JCSO,40,19.564134649879108,89.10837213949452,14.96,16.36516651037018,33.54880417535163,1.2660734121919572
heavy,1077,1.0,GAN-JCSO,50,10.69416854261968,93.31743503161145,14.96,16.36000173661131,35.52218062747849,1.3415420730632495
heavy,1077,1.0,GAN-RB,30,24.480966896718215,88.681856768018,14.96,16.48202062340369,32.01334227053941,1.2086754743221917
heavy,1077,1.0,GAN-RB,40,16.627445165141243,91.53466635779661,14.96,16.379870421852512,34.30368957038171,1.2957900919512264
heavy,1077,1.0,GAN-RB,50,12.859495239981465,92.92937142815228,14.96,16.373176784408223,36.469752428959545,1.378206893072606
heavy,1077,1.0,QuantileMLP-JCSO,30,41.80660006931944,79.96813512848117,14.96,16.373458950827825,31.514532146706912,1.189100558113791
heavy,1077,1.0,QuantileMLP-JCSO,40,16.00369750338725,91.3379651773617,14.96,16.35468626568235,33.613970986239316,1.2692026678708894
heavy,1077,1.0,QuantileMLP-JCSO,50,10.260177452332067,93.3854964047782,14.96,16.3503995077043,35.58326252782221,1.344484791278101
heavy,1077,1.0,QuantileMLP-RB,30,17.00265807333211,91.52939170102097,14.96,16.46879434629288,31.620873924087846,1.1940165600199661
heavy,1077,1.0,QuantileMLP-RB,40,12.299808330416782,92.9515848495454,14.96,16.370467292689593,33.770264914717536,1.2758127462990634
heavy,1077,1.0,QuantileMLP-RB,50,9.968891550312648,93.75,14.96,16.360001376494928,35.72314275942146,1.3502269593801992
heavy,1078,0.82,Diffusion-JCSO,30,12.038386836251664,95.46491044388858,5.746783642809441,14.96,35.07325104056071,1.2492829772594667
heavy,1078,0.82,Diffusion-JCSO,40,7.609856866428824,96.31136196004756,5.550200139413714,14.96,37.67372909490419,1.3423409109783775
heavy,1078,0.82,Diffusion-JCSO,50,6.3550131832905485,96.66632806001711,5.154489311071852,14.96,40.207513332889725,1.433073584610842
heavy,1078,0.82,Diffusion-RB,30,12.078144647445798,95.25103773717751,6.16059728447546,14.96,34.731534461375574,1.23660047958478
heavy,1078,0.82,Diffusion-RB,40,8.884894062717725,96.19218825883526,5.64606425789708,14.96,37.23932264496295,1.3262477076111385
heavy,1078,0.82,Diffusion-RB,50,7.042263323924355,96.53462277934594,5.304453112890297,14.96,39.58517875258371,1.4102373140819344
heavy,1078,0.82,GAN-JCSO,30,12.985618751844441,95.10875987294783,7.237106566228435,14.96,35.03834298406367,1.2483974218303522
heavy,1078,0.82,GAN-JCSO,40,7.966867778245025,96.24733298596509,5.420656475941767,14.96,37.661720626799784,1.3422885954835
heavy,1078,0.82,GAN-JCSO,50,6.458333333333334,96.45833333333331,5.2782858242861845,14.96,40.2077349344898,1.4334744216366884
heavy,1078,0.82,GAN-RB,30,10.18064854355257,95.69661785048017,5.720000000000001,14.96,35.10753104072375,1.2508391450057208
heavy,1078,0.82,GAN-RB,40,6.714387384168268,96.50422265214239,5.33155034262525,14.96,37.686370428912106,1.343088483996329
heavy,1078,0.82,GAN-RB,50,5.294043159150482,96.875,5.1742223923809645,14.96,40.1834601314086,1.4324715702465338
heavy,1078,0.82,QuantileMLP-JCSO,30,13.913766455152004,94.8941630099662,6.8325986940449726,14.96,34.99268048027431,1.2477643222181525
heavy,1078,0.82,QuantileMLP-JCSO,40,8.2807176206554,96.050435952113,5.713033865199127,14.96,37.6032178861983,1.3412702598642556
heavy,1078,0.82,QuantileMLP-JCSO,50,6.93890539962968,96.34628528913578,5.447348198523439,14.96,40.128012045834915,1.4317776054409166
heavy,1078,0.82,QuantileMLP-RB,30,14.184820812054994,94.230059729315,8.790962222614636,14.96,34.94418798900172,1.2436344714767906
heavy,1078,0.82,QuantileMLP-RB,40,10.413067523701944,95.62619971432156,6.291453110955768,14.96,37.48227637206121,1.334335012743587
heavy,1078,0.82,QuantileMLP-RB,50,7.275857274785443,96.45833333333331,5.591745537354617,14.96,39.945736552197296,1.4224125284892444
heavy,1078,1.0,Diffusion-JCSO,30,11.85218837217624,95.91704348466486,5.8398907461895595,14.96,29.1851422327429,1.2667476548565266
heavy,1078,1.0,Diffusion-JCSO,40,7.3479228211484475,96.87994560873602,5.4730488977775185,14.96,31.365907332479996,1.3617850929429534
heavy,1078,1.0,Diffusion-JCSO,50,5.673761099742006,97.52216222676986,4.81840820611543,14.96,33.498633523433895,1.4547705179653663
heavy,1078,1.0,Diffusion-RB,30,9.406816890342375,96.6613638516096,5.571652806752406,14.96,29.074239033121717,1.2616189066782129
heavy,1078,1.0,Diffusion-RB,40,6.696574078527303,97.07906084592466,5.283306446954186,14.96,31.204673688255788,1.3543167520722545
heavy,1078,1.0,Diffusion-RB,50,5.799046840244101,97.38185729861786,4.95370646781234,14.96,33.17756057885925,1.440294618369412
heavy,1078,1.0,GAN-JCSO,30,28.93850591742354,87.14801599514348,12.251695109128484,14.96,29.145549519365638,1.2654208270293703
heavy,1078,1.0,GAN-JCSO,40,8.878428392444524,96.18578580377776,5.752823734399038,14.96,31.34889876415806,1.36144106747441
heavy,1078,1.0,GAN-JCSO,50,5.833333333333333,97.29166666666669,4.939690049266526,14.96,33.486873482037474,1.4546821107090024
heavy,1078,1.0,GAN-RB,30,23.03299555349124,89.37757907944673,11.696580640556451,14.96,29.182327664974228,1.267280863203133
heavy,1078,1.0,GAN-RB,40,7.743519393445899,96.3771602021847,5.641383327754947,14.96,31.386918579089414,1.3632680449585415
heavy,1078,1.0,GAN-RB,50,4.951009100288105,97.48772787316045,4.8480026450852405,14.96,33.51245357482711,1.4558628778125358
heavy,1078,1.0,QuantileMLP-JCSO,30,31.38302129287839,86.04145811822713,10.480140144551363,14.96,29.147604241892388,1.266474145741289
heavy,1078,1.0,QuantileMLP-JCSO,40,8.327521249838993,96.53620439399792,5.670976128014108,14.96,31.32952480520437,1.3616779341900527
heavy,1078,1.0,QuantileMLP-JCSO,50,6.068577771564567,97.41261481895697,5.051483253983032,14.926864954686431,33.452275926486564,1.454332535309987
heavy,1078,1.0,QuantileMLP-RB,30,12.612849529761656,95.2881935214287,7.14958249835713,14.96,29.27165128104301,1.2694932330429696
heavy,1078,1.0,QuantileMLP-RB,40,8.461787672781375,97.01175763914421,5.448373971481798,14.96,31.42852200276411,1.3632859391064622
heavy,1078,1.0,QuantileMLP-RB,50,6.172970785949298,97.5,4.905529132240865,14.96,33.46856347712528,1.4521438713120673
heavy,1079,0.82,Diffusion-JCSO,30,16.653419956093256,93.29934703947629,8.899089055719191,14.96,36.06915306309517,1.214629546258162
heavy,1079,0.82,Diffusion-JCSO,40,13.875463147728386,93.59990737045433,10.31056714375753,14.96,38.56842432088949,1.2994106782946164
heavy,1079,0.82,Diffusion-JCSO,50,11.872234757792638,94.02869952518023,8.888047846683456,14.96,41.00391606623594,1.3820095189922463
heavy,1079,0.82,Diffusion-RB,30,17.18479124207112,93.33390359816048,8.9013551265083,14.96,35.853789475570736,1.2072121044930189
heavy,1079,0.82,Diffusion-RB,40,12.579786040837114,93.97669723226134,10.55659920404044,14.96,38.277925590860264,1.2894879133928114
heavy,1079,0.82,Diffusion-RB,50,10.436902256751331,94.43769924774955,9.477133185938632,14.96,40.66936886110133,1.3705972899753143
heavy,1079,0.82,GAN-JCSO,30,20.56151508000341,91.84281146370296,8.887885572657844,14.96,35.95321153787027,1.2124420845649426
heavy,1079,0.82,GAN-JCSO,40,14.72032235110041,93.19491941222489,8.895474377803142,14.96,38.459342656634774,1.297548268669786
heavy,1079,0.82,GAN-JCSO,50,12.66957492970757,93.77325504217546,8.892380305749771,14.96,40.90455573904832,1.3806096787841513
heavy,1079,0.82,GAN-RB,30,27.422698851201627,88.86437956547081,10.86484859067545,14.96,35.905978452768686,1.213119124809156
heavy,1079,0.82,GAN-RB,40,19.640847834777286,91.41635735942111,10.840956442641295,14.96,38.44681483245893,1.2995880194264207
heavy,1079,0.82,GAN-RB,50,15.887070907733932,92.41264303075535,10.802351343397513,14.96,40.92568303629291,1.3840281806548265
heavy,1079,0.82,QuantileMLP-JCSO,30,17.38221614004237,93.42554193435464,8.898619322700256,14.96,36.07373032078004,1.2151207407701272
heavy,1079,0.82,QuantileMLP-JCSO,40,13.978307838455653,93.40182745268278,10.401908540667582,14.96,38.595780994489424,1.3007250983101875
heavy,1079,0.82,QuantileMLP-JCSO,50,11.57782930354713,94.22610080595726,8.887755353245716,14.96,41.01861843796537,1.3829049166891139
heavy,1079,0.82,QuantileMLP-RB,30,16.83778012406498,93.54580220843724,8.91632931155685,14.96,36.01078497030202,1.213084466843159
heavy,1079,0.82,QuantileMLP-RB,40,12.303494078763173,93.95833333333331,10.54082041340835,14.96,38.464183949148186,1.2964588377764936
heavy,1079,0.82,QuantileMLP-RB,50,10.967888544717026,94.2035557276415,10.415277564444246,14.96,40.823774711659176,1.376561250512519
heavy,1079,1.0,Diffusion-JCSO,30,34.23175921256298,84.09355414901424,14.96,14.96,30.399638095388728,1.2467027047470771
heavy,1079,1.0,Diffusion-JCSO,40,16.917430915902887,92.29595662996908,8.667407084167989,14.96,32.54157405623809,1.335207448236207
heavy,1079,1.0,Diffusion-JCSO,50,10.65842722188242,95.08745305572545,7.631115031834635,14.96,34.61609712249879,1.4210280744607822
heavy,1079,1.0,Diffusion-RB,30,20.61468107365132,90.94642932972057,11.76853258596073,14.96,30.348070859712145,1.2447479279764049
heavy,1079,1.0,Diffusion-RB,40,10.810784819778853,95.03848030781464,8.597074437857032,14.96,32.36718621175469,1.3280512421723247
heavy,1079,1.0,Diffusion-RB,50,8.848635908056904,95.52267691953658,6.995611969503598,14.96,34.425563347551126,1.4130516911018292
heavy,1079,1.0,GAN-JCSO,30,28.630073813602714,87.59487373793623,12.011389025732155,14.96,30.27296824264547,1.2434333917683056
heavy,1079,1.0,GAN-JCSO,40,13.759045374117747,93.80543185456578,8.800708645782658,14.96,32.46079462179288,1.3338812628054044
heavy,1079,1.0,GAN-JCSO,50,11.337688586642807,94.65572018134763,8.674986300528357,14.96,34.55198403305639,1.420437619607121
heavy,1079,1.0,GAN-RB,30,34.33755534568046,84.76078263094215,13.282683877608891,14.96,30.239832095041,1.2446604810495854
heavy,1079,1.0,GAN-RB,40,20.22445782999334,91.03692416764903,8.800406462227867,14.96,32.4295296362253,1.3351893531425354
heavy,1079,1.0,GAN-RB,50,14.050728333458064,93.4954691666043,8.8,14.96,34.49610501165892,1.4207805450500732
heavy,1079,1.0,QuantileMLP-JCSO,30,32.54583696826971,84.9965348745403,14.96,14.96,30.404180212016268,1.2472879084603485
heavy,1079,1.0,QuantileMLP-JCSO,40,16.90306854198231,92.13237391314325,8.67662003011749,14.96,32.57046504857085,1.33678423072739
heavy,1079,1.0,QuantileMLP-JCSO,50,9.902834643915346,95.28470800568782,7.553033548712293,14.96,34.638202580543144,1.4223496402102696
heavy,1079,1.0,QuantileMLP-RB,30,20.495113267159535,90.88770452382467,9.98901356100472,14.96,30.409535020286874,1.2478854588506774
heavy,1079,1.0,QuantileMLP-RB,40,10.712146407850728,94.85605340728074,8.8,14.96,32.533680669899056,1.3355498185852874
heavy,1079,1.0,QuantileMLP-RB,50,9.257922164352156,95.28638522376521,7.496190396666005,14.96,34.57548686989636,1.4199191569549519
heavy,1080,0.82,Diffusion-JCSO,30,20.137638889572596,90.5629024215297,14.96,15.87830099919059,34.91291403196242,1.1540302813712335
heavy,1080,0.82,Diffusion-JCSO,40,15.697768196209138,91.50132064214051,14.96,15.842573454267505,37.283948184618374,1.2332423146934381
heavy,1080,0.82,Diffusion-JCSO,50,13.594815344361546,91.92672821854616,14.96,15.81783732801494,39.57231782637331,1.309718894839235
heavy,1080,0.82,Diffusion-RB,30,18.455953585648764,91.18677925840635,14.96,15.07703254967165,34.82360367594798,1.1515011633711172
heavy,1080,0.82,Diffusion-RB,40,14.656522654579897,91.85670266968836,14.96,15.127902059764788,37.06019285008001,1.2261217877525077
heavy,1080,0.82,Diffusion-RB,50,12.903159726066793,92.08333333333331,14.96,15.823965291318531,39.16201999580936,1.2963136958807007
heavy,1080,0.82,GAN-JCSO,30,23.44943423310547,89.57711054613875,14.96,15.880527404735266,35.19527829543269,1.1631893076399678
heavy,1080,0.82,GAN-JCSO,40,16.349348061164616,91.35513038776708,14.96,15.82997258834147,37.60187921359353,1.2435842384223295
heavy,1080,0.82,GAN-JCSO,50,13.556425342743537,92.12988216313785,14.96,15.804525989016634,39.93377939886963,1.3215220041005677
heavy,1080,0.82,GAN-RB,30,25.122812930616494,88.28969809767594,14.96,16.052904604605033,36.20135916754585,1.1966435821047354
heavy,1080,0.82,GAN-RB,40,16.782482821277508,91.22217697390018,14.96,15.926012877242753,38.89300181650688,1.286163359626062
heavy,1080,0.82,GAN-RB,50,13.078375234034958,92.4074895248246,14.96,15.865487561978473,41.479816236138824,1.3722711810232435
heavy,1080,0.82,QuantileMLP-JCSO,30,20.18593575457192,90.79614618241894,14.96,15.834197498548399,35.325677508701446,1.168356437326854
heavy,1080,0.82,QuantileMLP-JCSO,40,14.725244304200574,91.8882844724932,14.96,15.790048379618268,37.698557531375855,1.247528243352923
heavy,1080,0.82,QuantileMLP-JCSO,50,12.855354493125088,92.26226243470833,14.96,15.766484693457038,39.96083221947113,1.3230672429888037
heavy,1080,0.82,QuantileMLP-RB,30,17.223269930450748,91.31913629496546,14.96,15.903306060262597,35.575810299744624,1.1761149563190165
heavy,1080,0.82,QuantileMLP-RB,40,13.831967944916897,92.24624294985826,14.96,15.837670376975108,37.98200793985419,1.2563776505693152
heavy,1080,0.82,QuantileMLP-RB,50,12.130198949565974,92.70833333333334,14.96,15.801693251365922,40.16491350151588,1.3293190454374468
heavy,1080,1.0,Diffusion-JCSO,30,33.02465422393496,84.36626203341402,14.96,14.96,29.52078338968432,1.1880235247128432
heavy,1080,1.0,Diffusion-JCSO,40,15.19370375212283,92.1790015934645,14.96,14.96,31.582076587211436,1.2717335559736513
heavy,1080,1.0,Diffusion-JCSO,50,10.863759554363481,93.67041348187882,14.96,14.96,33.57620186399891,1.352811281755292
heavy,1080,1.0,Diffusion-RB,30,18.711868173035615,90.85120156372658,14.96,14.96,29.421827470188052,1.1850444918410648
heavy,1080,1.0,Diffusion-RB,40,11.812316109269906,93.35840688962536,14.96,14.96,31.570425576971665,1.2720646485432556
heavy,1080,1.0,Diffusion-RB,50,10.54241527429036,93.75,14.96,14.96,33.49359138674963,1.3501403652338462
heavy,1080,1.0,GAN-JCSO,30,28.02175652501483,87.55821293343138,14.96,14.96,29.76773842507144,1.197774296592923
heavy,1080,1.0,GAN-JCSO,40,13.7303925375333,93.01361647314074,14.96,14.96,31.837384986762146,1.2818188219928432
heavy,1080,1.0,GAN-JCSO,50,10.845682003192989,93.87557758213595,14.96,14.96,33.85598408061568,1.3638673598011855
heavy,1080,1.0,GAN-RB,30,23.4759937236245,89.58972844378454,14.96,14.998311287558298,30.355450820944544,1.2226536472106448
heavy,1080,1.0,GAN-RB,40,15.616548002069763,92.6083926656318,14.96,14.96,32.763432485422534,1.3200801599439225
heavy,1080,1.0,GAN-RB,50,11.038528428359253,93.9589609809948,14.96,14.96,35.02208809159465,1.4114833915291471
heavy,1080,1.0,QuantileMLP-JCSO,30,35.62926569747637,83.22075088847694,14.96,14.96,29.898603236617326,1.2040889005168167
heavy,1080,1.0,QuantileMLP-JCSO,40,14.181683783299968,92.6101212926417,14.96,14.96,31.984440722796318,1.2888023149024697
heavy,1080,1.0,QuantileMLP-JCSO,50,10.24124024719577,93.9501066048677,14.96,14.96,33.99483347159047,1.370526957844759
heavy,1080,1.0,QuantileMLP-RB,30,18.274798784289707,91.0792306898472,14.96,14.96,30.166065091236707,1.214508619955342
heavy,1080,1.0,QuantileMLP-RB,40,11.57317298772279,93.78116455964798,14.96,14.96,32.26818708022369,1.2998272672705071
heavy,1080,1.0,QuantileMLP-RB,50,10.227828055320975,94.16666666666669,14.96,14.96,34.26158432302281,1.380771240462079
